{
    "Money Is Reality": {
        "raw": "\n    \n  [Action Bronson:]\n\nRespect the mustache, my people loves cash and puff the cut grass\nOf spite, known to let a nut fly, right in your slut mask\nRing of fire full I step inside fishing to cut glass\nTongue poll shaking pillars, you're like a steak a sizzler\nI'm like a lunch with no boo dip with the whole crew\nCause false moves get your whole face smothered like soul food\nRight by the waist I got the Pro Tool, it's simply logic\nProduce this hard dick in seconds, make your bitch massage it\nYou're like a forty dollar holler from Guadalajara\nGushing to scamma motherfucker's ain't promised tomorrow\nBadges of honor on the chest the flesh got wounds in it\nGot inmates with assholes that got balloons in it\nVersace blue jeans 98 the scent of me\nNow the scent of me be primarily the scent of tree\nFucking feedback, play me feed back\nBefore I shoot you, shorty take the charge, Steve Nash\n\n[Termanology:]\n\nDon't interrupt me I'll silly putty you for the money\nRed sauce, calamari you with the feeling's funny\nI'm dealing twenties killing forties by the oz\nMy brain is scattered like I been swallowing OCs\nBeantown to Queens, you hear the rounds and screams\nWhere they pat down your jeans, take your money and your trees\nThe diamond rocker devouring vodka shrimp and lobster\nPop you and turn you into pasta papa look in my cara\nThe flow's furious, so serious cold killers\nWho rip shit, spit sick, and stole millions\nHit em with lead and then men'll run in your grandma house\nClear it out, steal everything in it but the couch\nTerm Brady and Action Sanchez\nStacks of fair bread, clap and peel wigs\nThe type of feeling I get when I write a rhyme\nIs the violentest blood-infested killing of all time\nI'm a beast\n\n\n\n\n  ", 
        "pro": {
            "features": [
                "Action Bronson", 
                "Termanology"
            ], 
            "producers": [
                "Statik Selektah"
            ], 
            "blocks": {
                "verses": [], 
                "hooks": []
            }, 
            "order": [], 
            "artist": "1982"
        }
    }
}