{
    "A-Rod": {
        "raw": "\n    \n  [Hook: 2 Chainz]\nI be ridin' through the park like I'm A-Rod\nWalkin' through the park like I'm A-Rod\nSmokin' on that strong, that's that steroid\nThey tryna kick me out like A-Rod\nI used to run the base like A-Rod\nWhen I get me a check, I'mma buy me some extra\nWhen I get me a check, I'mma buy me a necklace\nWhen I get me a check, I'mma eat her for breakfast\nWhen I get me a check, niggas gotta respect it\n\n[Verse 1: 2 Chainz]\nI earned all my stripes like A-Rod, worth 25 mill\nThat's a whole lot of money, man somebody get killed\nQue pasa, que pasa, you know that I'm proper, I run with my partners\nWe need us a doctor, for drinkin' the vodka\nThat pi\u00f1a colada, I might shit a lobster\nI just said that shit with my eyes closed\nI can count a hundred thousand while I'm blindfolded\nSee you out, nigga, watch I get to it\nCUI, nigga, mean the chopper under influence\nNow watch how I limp to the bank, dreads hangin' under my A hat\nIf I got sucked by a teller, I would never tell you but that would be Bankhead\nA1 nigga from the south side, I need a spot light\nI need a chinchilla, before I get frostbite\nPut the white girl in the middle, call it Klondike\nTake her the to the room after dinner, and fuck her like it's prom night\n\n[Hook]\n\n[Verse 2: French Montana]\nMove around my town like A-Rod\nPlayin' with that girl like Baywatch, Tony Hawk skate off\nSteroid, on your ass like Hemorrhoids\nCash out with that pen boy, your pass out see the invoice\nWhen I get that check, I'mma call Madonna\nCall up Cameron Diaz, call up Daisy Fuentes\nDikembe on them hoes like no-no, not in my house, you can't stay\nYou can smoke and you can drink and bend it over, let me play\nGod dammit, I done came up, nigga\n35K take the plane up, nigga - 35 cars, 35 chains, nigga\nGettin' this change, never changed up, nigga\nWhen I get that check, I'ma buy you a fake ass\nWith your fake ass, we don't count money, weigh cash\nBreakin' up the rock, Dame Dash\nWhen you're talkin' 'bout work, was my day job\nPlayin' with the base like A-Rod\nPlayin' with them M's since yay high\nMix it up, drink it, stay high\n\n[Hook: 2 Chainz]\n\n\n\n\n  ", 
        "pro": {
            "features": [
                "French Montana"
            ], 
            "producers": [
                "Young Chop"
            ], 
            "blocks": {
                "verses": [
                    {
                        "header": "[Verse 1: 2 Chainz]", 
                        "text hash": "e575321e68568d07689147d35ba69820", 
                        "artist": "2 Chainz", 
                        "text": "I earned all my stripes like A-Rod, worth 25 mill\nThat's a whole lot of money, man somebody get killed\nQue pasa, que pasa, you know that I'm proper, I run with my partners\nWe need us a doctor, for drinkin' the vodka\nThat pi\u00f1a colada, I might shit a lobster\nI just said that shit with my eyes closed\nI can count a hundred thousand while I'm blindfolded\nSee you out, nigga, watch I get to it\nCUI, nigga, mean the chopper under influence\nNow watch how I limp to the bank, dreads hangin' under my A hat\nIf I got sucked by a teller, I would never tell you but that would be Bankhead\nA1 nigga from the south side, I need a spot light\nI need a chinchilla, before I get frostbite\nPut the white girl in the middle, call it Klondike\nTake her the to the room after dinner, and fuck her like it's prom night"
                    }, 
                    {
                        "header": "[Verse 2: French Montana]", 
                        "text hash": "ed0007d163ee691e4ea09ba2f275f176", 
                        "artist": "French Montana", 
                        "text": "Move around my town like A-Rod\nPlayin' with that girl like Baywatch, Tony Hawk skate off\nSteroid, on your ass like Hemorrhoids\nCash out with that pen boy, your pass out see the invoice\nWhen I get that check, I'mma call Madonna\nCall up Cameron Diaz, call up Daisy Fuentes\nDikembe on them hoes like no-no, not in my house, you can't stay\nYou can smoke and you can drink and bend it over, let me play\nGod dammit, I done came up, nigga\n35K take the plane up, nigga - 35 cars, 35 chains, nigga\nGettin' this change, never changed up, nigga\nWhen I get that check, I'ma buy you a fake ass\nWith your fake ass, we don't count money, weigh cash\nBreakin' up the rock, Dame Dash\nWhen you're talkin' 'bout work, was my day job\nPlayin' with the base like A-Rod\nPlayin' with them M's since yay high\nMix it up, drink it, stay high"
                    }
                ], 
                "hooks": [
                    {
                        "header": "[Hook: 2 Chainz]", 
                        "text hash": "253f41d562c1210ad461b141c8eeb44c", 
                        "artist": "2 Chainz", 
                        "text": "I be ridin' through the park like I'm A-Rod\nWalkin' through the park like I'm A-Rod\nSmokin' on that strong, that's that steroid\nThey tryna kick me out like A-Rod\nI used to run the base like A-Rod\nWhen I get me a check, I'mma buy me some extra\nWhen I get me a check, I'mma buy me a necklace\nWhen I get me a check, I'mma eat her for breakfast\nWhen I get me a check, niggas gotta respect it"
                    }
                ]
            }, 
            "order": [
                "[Hook: 2 Chainz]", 
                "[Verse 1: 2 Chainz]", 
                "[Hook]", 
                "[Verse 2: French Montana]", 
                "[Hook: 2 Chainz]"
            ], 
            "artist": "2 Chainz"
        }
    },
    "Kitchen": {
        "raw": "\n    \n  [Hook: 2 Chainz] (x2)\nI go hard in the mother fuckin' kitchen\nHalf thing, whole thing, nigga I'm pitchin\nHit it with the soda make a nigga start whipping\nHit you with the choppa make a nigga start flipping!\n\n[Verse 1: 2 Chainz]\nI go hard in the mother fuckin kitchen\nUsing baby bottles for the lean, wifey say I'm trippin\nPlus I got Maybelline smeared right below my zipper\nI\u2019m a kama sutra reader and a conjure drinker\nHot on the stove, smoking like reefer\nThis work ain\u2019t bout shit, that\u2019s why its cheaper\nThis ho ain\u2019t bout shit, that\u2019s why she cheaper\nAll we blow is strong, that\u2019s why you weaker!\nWait up, your status change when your weight up\nWaiting on the meal, I already put my plate up!\nNigga fall back up, I already put my rake up\nEverytime I leave the booth, they put yellow tape up\nHair weave killer, messing up her make-up\nPyrex vision and I\u2019m bout to cook a cake up\nGet a fork, add a little water\nGet on any track, and I ride it like Marauder\n\n[Hook]\n\n[Verse 2: Young Jeezy]\nIt\u2019s Jizzle 3 Watches, yeah that asshole!\nOne platinum, one white, one rose gold\nDrive a solid gold Rolls to the Rose Bowl\nRos\u00e9 in the club for my rose hoes\nMan fuck these niggas I got blow goals\nI count money all night, I need some no-doz\nHater, try one of these, you need a bank roll\nThrow the money in the trunk, bitch the bank roll\nI go hard in the mother fuckin kitchen, nigga\nGot me staring at that water like I\u2019m fishing, nigga!\nNever know about me, I pull a bass out\nDrop a 250 in and pull a half out\nHad to do it for the town and the trap niggas\nMe and 2 Chainz, its over for you rap niggas\nAnd nothin says butter like Parkay\nAnd nothin make them Jay's stutter like hard yay\n\n[Hook]\n\n[Verse 3: Pusha-T]\nStarted in the kitchen, king of the whipping\nDenzel in glory, tear drop was missing\nJust like the roof is, riding in that Chris Brown\nTwo seater deuces, peeling like I skip town\nPocket full of brick money, neck full of black gold\nBlack diamonds got the Jesus piece like Manute Bol\nThat\u2019s 2 Chainz, I'm 2 Stoves\nFor every one I cook, I make two clones\nMary Kate and Ashley, Tia and Tamera\nTwo in the Four like the Porsche Panamera\nLook in the mirror, look in the mirror\nVision clouded by the coke, ain\u2019t making it clearer\nI make it look easy, I rap it up greazy\nBandanna round the brick, I make it look look Jeezy\nBut I push a ton of it, get the name right\nWho else could fly it in and land on the same flight?...\n\n[Hook]\n\n\n\n\n  ", 
        "pro": {
            "features": [
                "Jeezy", 
                "Pusha T"
            ], 
            "producers": [
                "Lex Luger"
            ], 
            "blocks": {
                "verses": [
                    {
                        "header": "[Verse 1: 2 Chainz]", 
                        "text hash": "d9d3bfd348cc51483ea9762e2096dc50", 
                        "artist": "2 Chainz", 
                        "text": "I go hard in the mother fuckin kitchen\nUsing baby bottles for the lean, wifey say I'm trippin\nPlus I got Maybelline smeared right below my zipper\nI\u2019m a kama sutra reader and a conjure drinker\nHot on the stove, smoking like reefer\nThis work ain\u2019t bout shit, that\u2019s why its cheaper\nThis ho ain\u2019t bout shit, that\u2019s why she cheaper\nAll we blow is strong, that\u2019s why you weaker!\nWait up, your status change when your weight up\nWaiting on the meal, I already put my plate up!\nNigga fall back up, I already put my rake up\nEverytime I leave the booth, they put yellow tape up\nHair weave killer, messing up her make-up\nPyrex vision and I\u2019m bout to cook a cake up\nGet a fork, add a little water\nGet on any track, and I ride it like Marauder"
                    }, 
                    {
                        "header": "[Verse 2: Young Jeezy]", 
                        "text hash": "2a20224e2b1985f5fa4826f653469165", 
                        "artist": "Jeezy", 
                        "text": "It\u2019s Jizzle 3 Watches, yeah that asshole!\nOne platinum, one white, one rose gold\nDrive a solid gold Rolls to the Rose Bowl\nRos\u00e9 in the club for my rose hoes\nMan fuck these niggas I got blow goals\nI count money all night, I need some no-doz\nHater, try one of these, you need a bank roll\nThrow the money in the trunk, bitch the bank roll\nI go hard in the mother fuckin kitchen, nigga\nGot me staring at that water like I\u2019m fishing, nigga!\nNever know about me, I pull a bass out\nDrop a 250 in and pull a half out\nHad to do it for the town and the trap niggas\nMe and 2 Chainz, its over for you rap niggas\nAnd nothin says butter like Parkay\nAnd nothin make them Jay's stutter like hard yay"
                    }, 
                    {
                        "header": "[Verse 3: Pusha-T]", 
                        "text hash": "4d958bcb1e7b016b1fdad8bec597e8e2", 
                        "artist": "Pusha T", 
                        "text": "Started in the kitchen, king of the whipping\nDenzel in glory, tear drop was missing\nJust like the roof is, riding in that Chris Brown\nTwo seater deuces, peeling like I skip town\nPocket full of brick money, neck full of black gold\nBlack diamonds got the Jesus piece like Manute Bol\nThat\u2019s 2 Chainz, I'm 2 Stoves\nFor every one I cook, I make two clones\nMary Kate and Ashley, Tia and Tamera\nTwo in the Four like the Porsche Panamera\nLook in the mirror, look in the mirror\nVision clouded by the coke, ain\u2019t making it clearer\nI make it look easy, I rap it up greazy\nBandanna round the brick, I make it look look Jeezy\nBut I push a ton of it, get the name right\nWho else could fly it in and land on the same flight?..."
                    }
                ], 
                "hooks": [
                    {
                        "header": "[Hook: 2 Chainz]", 
                        "text hash": "f1cbda3f3e65c375c7ee3258c9423a3c", 
                        "artist": "2 Chainz", 
                        "text": " (x2)\nI go hard in the mother fuckin' kitchen\nHalf thing, whole thing, nigga I'm pitchin\nHit it with the soda make a nigga start whipping\nHit you with the choppa make a nigga start flipping!"
                    }
                ]
            }, 
            "order": [
                "[Verse 1: 2 Chainz]", 
                "[Hook]", 
                "[Verse 2: Young Jeezy]", 
                "[Hook]", 
                "[Verse 3: Pusha-T]", 
                "[Hook]"
            ], 
            "artist": "2 Chainz"
        }
    },
    "Live and Learn (It Will)": {
        "raw": "\n    \n  [Verse 1: 2 Chainz]\nSo many watches, I need a time capsule\nCombine all my thoughts, make my mind travel\nGraduated from the streets, that's beyond tassel\nIn my muscle car, maybe we should arm wrestle\nI'm raw, using all caps\nI got A on my ballcaps\nNo, I didn't do it but I thought about it\nIf I would have did it, it would have chalk around it\nYellow tape, never hesitate\n2 Chainz derived from Section 8\nMeditate, that's my stress relief\nI've been stylin' on 'em since a lease, preach\n\n[Hook: 2 Chainz] (x2)\nLive long enough, it'll happen to you\nLive long\nIt will, it will\nIt will, it will\n\n[Verse 2: 2 Chainz]\nMy pop told me men don't cry\nThen he turned around and died on me\nSo I didn't know what else to do\nBut motherfuckin' cry, homie\nOh yeah, I'm God's son\nTell Nas he got more than one\nAnd me, I got more to see, more to be\nOrder three, started with a quarter ki'\nI'm so ill I need penicill'\nRockin' ice cubes, talkin' kill at will\nAnd these days, you can't tell who is really real\nRidin' on some Emmitt Smith's, long way from Emmett Till\n\n[Hook]\n\n[Verse 3: Dolla Boy]\nStreets love a nigga, got a D-boy membership\nWe do it from the heart, I hope art aunt will remember this\nCoke on all sentences, cold but no fridge in this\nNote to all witnesses, lie or die infamous\nMy style is so infamous, my style, it needs censorship\nDealer, what's the business? Don't call, I'm busy bitch\nUnless you 'bout your business, I'm tryna get some Benjamins\nNiggas say a lot on their way to the top\nBut you know you're too hot when they kidnap your pops so\nI guess that's sayin' a lot\nBut we ain't sayin' much, we just sendin' them shots, nigga\n\n[Verse 4: Pusha T]\nDeath of a dynasty\nI'm talkin' major, not the minor league\nAnd you the last of a dyin' breed\nFollow caine like a menace to society\nThe richest nigga in the city cosignin' me\nMy shampoo days done showed me the way\nAs I pray, lord willin' but the killer's still vague\nHow can there be closure when the shooter's still in questionin'?\nYour niggas got rich but when you died them niggas owed you\nAnd everything I see is adding up to what you told me\nI'm ramblin', tryna keep it to myself, I'm scramblin'\nStill hard to hold the tears back\nNever saw what I became, can't get them years back\nDeath before dishonor\n\n[Hook]\n\n\n\n\n  ", 
        "pro": {
            "features": [
                "Dolla Boy", 
                "Pusha T"
            ], 
            "producers": [
                "V Don"
            ], 
            "blocks": {
                "verses": [
                    {
                        "header": "[Verse 1: 2 Chainz]", 
                        "text hash": "49c484e0c8ebd07c7045384f358368cf", 
                        "artist": "2 Chainz", 
                        "text": "So many watches, I need a time capsule\nCombine all my thoughts, make my mind travel\nGraduated from the streets, that's beyond tassel\nIn my muscle car, maybe we should arm wrestle\nI'm raw, using all caps\nI got A on my ballcaps\nNo, I didn't do it but I thought about it\nIf I would have did it, it would have chalk around it\nYellow tape, never hesitate\n2 Chainz derived from Section 8\nMeditate, that's my stress relief\nI've been stylin' on 'em since a lease, preach"
                    }, 
                    {
                        "header": "[Verse 2: 2 Chainz]", 
                        "text hash": "2e3ca11b897cdef2278edfab8ec41356", 
                        "artist": "2 Chainz", 
                        "text": "My pop told me men don't cry\nThen he turned around and died on me\nSo I didn't know what else to do\nBut motherfuckin' cry, homie\nOh yeah, I'm God's son\nTell Nas he got more than one\nAnd me, I got more to see, more to be\nOrder three, started with a quarter ki'\nI'm so ill I need penicill'\nRockin' ice cubes, talkin' kill at will\nAnd these days, you can't tell who is really real\nRidin' on some Emmitt Smith's, long way from Emmett Till"
                    }, 
                    {
                        "header": "[Verse 3: Dolla Boy]", 
                        "text hash": "b349062efee49da05a94dc66882b1d52", 
                        "artist": "Dolla Boy", 
                        "text": "Streets love a nigga, got a D-boy membership\nWe do it from the heart, I hope art aunt will remember this\nCoke on all sentences, cold but no fridge in this\nNote to all witnesses, lie or die infamous\nMy style is so infamous, my style, it needs censorship\nDealer, what's the business? Don't call, I'm busy bitch\nUnless you 'bout your business, I'm tryna get some Benjamins\nNiggas say a lot on their way to the top\nBut you know you're too hot when they kidnap your pops so\nI guess that's sayin' a lot\nBut we ain't sayin' much, we just sendin' them shots, nigga"
                    }, 
                    {
                        "header": "[Verse 4: Pusha T]", 
                        "text hash": "1c550bac0cb8aa38a20e2d4bf91b8d06", 
                        "artist": "Pusha T", 
                        "text": "Death of a dynasty\nI'm talkin' major, not the minor league\nAnd you the last of a dyin' breed\nFollow caine like a menace to society\nThe richest nigga in the city cosignin' me\nMy shampoo days done showed me the way\nAs I pray, lord willin' but the killer's still vague\nHow can there be closure when the shooter's still in questionin'?\nYour niggas got rich but when you died them niggas owed you\nAnd everything I see is adding up to what you told me\nI'm ramblin', tryna keep it to myself, I'm scramblin'\nStill hard to hold the tears back\nNever saw what I became, can't get them years back\nDeath before dishonor"
                    }
                ], 
                "hooks": [
                    {
                        "header": "[Hook: 2 Chainz]", 
                        "text hash": "5ca228b28c0ac389514c7501024b3054", 
                        "artist": "2 Chainz", 
                        "text": " (x2)\nLive long enough, it'll happen to you\nLive long\nIt will, it will\nIt will, it will"
                    }
                ]
            }, 
            "order": [
                "[Verse 1: 2 Chainz]", 
                "[Verse 2: 2 Chainz]", 
                "[Hook]", 
                "[Verse 3: Dolla Boy]", 
                "[Verse 4: Pusha T]", 
                "[Hook]"
            ], 
            "artist": "2 Chainz"
        }
    }
}