{
    "Chapo": {
        "raw": "\n    \n  Yeah\nWhat's the word\nYoung Brick Flair in this motherfucker\nYou know what i'm saying my nigga? (What's the word?)\n\n[Hook]\nThis just a day in the life\nLet mine hang to the right\nWe brought them things to the fight\nCold chills rang through the night\nRun up, we banging on sight\nYou keep the chains and your ice\nWe don\u2019t do shit for the fame\nNigga we came for your life\nWestside get it brackin\n\n[Verse 1: A$ton Matthews]\nGot pain up in my heart\nGot your life up on the dashboard\nLittle nigga, you asked for it\nBig ass .45, knocking shots up off the backboard\nPop a xan and flash forward\nIt\u2019s nothing to me but a little blood on my sneaks\nGet run to your knees in front of your niece\nYou don\u2019t want it with any one of my g\u2019s\nDump in a trunk, leave you slumped to your seats\nShow you my face before I leave your soul to these streets\nGot em like \u201cOh boy, oh Lord\u201d\nMini Van Dan machete waving out the front door\nWho want war, you looking at the five six deuce\nDrunk driving off the 91\nHope I don\u2019t crash and let a hostage lose\nYoung and brazy, mama pray that God\u2019ll save me\nI\u2019m the undercard but they don\u2019t underpay me\nFiends is itching, know I\u2019m just racing it\nThere\u2019s money on the corner do you got the heart to chase it\nGet off from waiting, pussy\n\n[Bridge]\nIlluminati want my mind, soul, and my body\nIlluminati want my mind, soul, and my body\n\n[Hook]\nThis just a day in the life\nLet mine hang to the right\nWe brought them things to the fight\nCold chills rang through the night\nRun up, we banging on sight\nYou keep the chains and your ice\nWe don\u2019t do shit for the fame\nNigga we came for your life\nWestside get it brackin\n\n[Verse 2: A$ton Matthews]\nLoony gangsters on the rise\nGot a pistol in my lap, got murder in my eyes\nWhat\u2019s the outcome; you\u2019ll see when you come out front\nCrowd jump, these regulators mount up\nThem bodies count up\nI found luck between a pound of the finest in Whitney Houston\u2019s white dress\nHer lipstick is a slight mess from the nose snow out the ice chest\nWrite verses cuz they write checks\nWhich way I\u2019mma roll the dice next\nWho knows if my life next\nThis the sound of Pirus and the pyrex\nBundle up them dime sacks\nShow your bitches where the pipe at\nRearrange it where her spine at, be right back\nSlip where the dotted lines at, be careful where you sign that\nKillers on the scene, leaning off the flo\nHere to fuck your bitch and letting everybody know\nSpitting like you owe me something\nNever say I\u2019m better than Pun but I\u2019m the closest one, nigga\n\n[Bridge]\nIlluminati want my mind, soul, and my body\nIlluminati want my mind, soul, and my body\n\n[Verse 3: Vince Staples]\nReal gangbanger, y\u2019all stick to hip hop\nMoving with the homies keep a .40 over six shot\nRappers love to shit talk but that\u2019s how you get Pac-ed\nThe ?, shells hot for boys trying to be G\nThis big momma's house, we hiding money in the T.V.s\nMy granny drove a caddy and my daddy was a TG\nMy momma told me \u201cbaby boy you talk too much\u201d\nBut it don\u2019t matter cuz I\u2019m always down for backing it up\nI\u2019m bout that accurate, that Actavis is not in my cup\nI\u2019m on some active shit I don\u2019t need nothing slowing me up\nAs far as rapping,shit, it ain\u2019t a nigga showing me up\nThis shit is effortless, for lack of speaking\nThinking there\u2019s some better shit to do with my time\nLike make a million before the world end\nAnd put a baby up inside a pussy nigga girlfriend\nIf you ain\u2019t a friend to me believe you is a enemy\nNo in-betweens I\u2019m leaving niggas leaking where the curb end\n\n\n\n\n  ", 
        "pro": {
            "features": [
                "Vince Staples"
            ], 
            "producers": [
                "The HNIC"
            ], 
            "blocks": {
                "verses": [
                    {
                        "header": "[Verse 1: A$ton Matthews]", 
                        "text hash": "55f91bc46c7344949164d2499a9b7a1e", 
                        "artist": "A$ton Matthews", 
                        "text": "Got pain up in my heart\nGot your life up on the dashboard\nLittle nigga, you asked for it\nBig ass .45, knocking shots up off the backboard\nPop a xan and flash forward\nIt\u2019s nothing to me but a little blood on my sneaks\nGet run to your knees in front of your niece\nYou don\u2019t want it with any one of my g\u2019s\nDump in a trunk, leave you slumped to your seats\nShow you my face before I leave your soul to these streets\nGot em like \u201cOh boy, oh Lord\u201d\nMini Van Dan machete waving out the front door\nWho want war, you looking at the five six deuce\nDrunk driving off the 91\nHope I don\u2019t crash and let a hostage lose\nYoung and brazy, mama pray that God\u2019ll save me\nI\u2019m the undercard but they don\u2019t underpay me\nFiends is itching, know I\u2019m just racing it\nThere\u2019s money on the corner do you got the heart to chase it\nGet off from waiting, pussy"
                    }, 
                    {
                        "header": "[Verse 2: A$ton Matthews]", 
                        "text hash": "c44332150a2ddba538952f191804f9a2", 
                        "artist": "A$ton Matthews", 
                        "text": "Loony gangsters on the rise\nGot a pistol in my lap, got murder in my eyes\nWhat\u2019s the outcome; you\u2019ll see when you come out front\nCrowd jump, these regulators mount up\nThem bodies count up\nI found luck between a pound of the finest in Whitney Houston\u2019s white dress\nHer lipstick is a slight mess from the nose snow out the ice chest\nWrite verses cuz they write checks\nWhich way I\u2019mma roll the dice next\nWho knows if my life next\nThis the sound of Pirus and the pyrex\nBundle up them dime sacks\nShow your bitches where the pipe at\nRearrange it where her spine at, be right back\nSlip where the dotted lines at, be careful where you sign that\nKillers on the scene, leaning off the flo\nHere to fuck your bitch and letting everybody know\nSpitting like you owe me something\nNever say I\u2019m better than Pun but I\u2019m the closest one, nigga"
                    }, 
                    {
                        "header": "[Verse 3: Vince Staples]", 
                        "text hash": "fdc4ba8a004bcb305bcf15e07863c02f", 
                        "artist": "Vince Staples", 
                        "text": "Real gangbanger, y\u2019all stick to hip hop\nMoving with the homies keep a .40 over six shot\nRappers love to shit talk but that\u2019s how you get Pac-ed\nThe ?, shells hot for boys trying to be G\nThis big momma's house, we hiding money in the T.V.s\nMy granny drove a caddy and my daddy was a TG\nMy momma told me \u201cbaby boy you talk too much\u201d\nBut it don\u2019t matter cuz I\u2019m always down for backing it up\nI\u2019m bout that accurate, that Actavis is not in my cup\nI\u2019m on some active shit I don\u2019t need nothing slowing me up\nAs far as rapping,shit, it ain\u2019t a nigga showing me up\nThis shit is effortless, for lack of speaking\nThinking there\u2019s some better shit to do with my time\nLike make a million before the world end\nAnd put a baby up inside a pussy nigga girlfriend\nIf you ain\u2019t a friend to me believe you is a enemy\nNo in-betweens I\u2019m leaving niggas leaking where the curb end\n\n\n\n\n  "
                    }
                ], 
                "hooks": [
                    {
                        "header": "[Hook]", 
                        "text hash": "a55a8abed104df03745807441ec3e2f7", 
                        "artist": "A$ton Matthews", 
                        "text": "This just a day in the life\nLet mine hang to the right\nWe brought them things to the fight\nCold chills rang through the night\nRun up, we banging on sight\nYou keep the chains and your ice\nWe don\u2019t do shit for the fame\nNigga we came for your life\nWestside get it brackin"
                    }
                ], 
                "bridge": [
                    {
                        "header": "[Bridge]", 
                        "text hash": "c9ffbc06cb71c10299a000cbdbac46ee", 
                        "artist": "A$ton Matthews", 
                        "text": "Illuminati want my mind, soul, and my body\nIlluminati want my mind, soul, and my body"
                    }
                ]
            }, 
            "order": [
                "[Hook]", 
                "[Verse 1: A$ton Matthews]", 
                "[Bridge]", 
                "[Hook]", 
                "[Verse 2: A$ton Matthews]", 
                "[Bridge]", 
                "[Verse 3: Vince Staples]"
            ], 
            "artist": "A$ton Matthews"
        }
    },
    "Plottin": {
        "raw": "\n    \n  [Vince Staples]\nAlright, Alright, Alright, Alright\nHug the hammer like a proud parent\nCause I done heard more gunshots then crowds cheering\nFollowed up by loud sirens\nMoms cryin', non-violent\nJust means you scared nigga\nIt's just the slave in him\nPuttin' in that work see we was made winners\nI started just like you but times change\nWhen you running from that time\nAnd that case sittin'\nAnd Smalls got caught cause he ain't kill him\nHe inside and they ain't so how they ain't snitchin\nYou going hard in the paint but see the plays missing\nSnakes hissing in the grass but you can't hear them\nRound here life too hard to be god fearing\nCon can't work no job, so con rob nigga\nGood guy call up cop so cop got stitchin'\nThat thang loaded\nAnd we ain't playing no games with it\nI stay on it it's Coldchain nigga\n\n[Hook]\nMama knows I ain't living right (right)\nBut my pockets ain't sitting right (right)\nSo I'm riding with the choppa on me\nCatch him slippin\nGotta get him\nCause they plottin on me\nThey plottin on me\nMoney coming friends going so I got it on me\nI'm riding with the choppa on me\nGet it crackin never lacking cause I got it on me\n\n[A$ton Matthews]\nCan't stop won't stop\nDrug traffick though the roadblocks\nPut your main bitch on nose watch\nI run the field with two twins they both Glocks\nAnd they gon knock I slang pussies and dome mops\n(Oooh) I practice what I preach huh?\nYoung savage in these streets huh?\nSet up where you sleep huh?\nAnd if you ain't in it then we settle for yo niece huh?\nGet off in that Nissan schooooo\nI'm numb to the homicides\nAin't no love for the other side we let'em fly\nYoung killers on a ride you choose a side\nYou do the snitching we do the crime\nWe do or die\nSeen it all but my place in heaven\nOr am I hell bound\nCause I cover your momma screaming with shell sounds\nGet down or get laid down\nCutthroat, spray where you hang 'round (motherfucker)\n\n[Hook]\nMama knows I ain't living right (right)\nBut my pockets ain't sitting right (right)\nSo I'm riding with the choppa on me\nCatch him slippin\nGotta get him\nCause they plottin on me\nThey plottin on me\nMoney coming friends going so I got it on me\nI'm riding with the choppa on me\nGet it crackin never lacking cause I got it on me\n\n\n\n\n  ", 
        "pro": {
            "features": [
                "Vince Staples"
            ], 
            "blocks": {
                "verses": [], 
                "hooks": [
                    {
                        "header": "[Hook]", 
                        "text hash": "6421c7b72c140e1ba4a26f61a4e613c4", 
                        "artist": "A$ton Matthews", 
                        "text": "Mama knows I ain't living right (right)\nBut my pockets ain't sitting right (right)\nSo I'm riding with the choppa on me\nCatch him slippin\nGotta get him\nCause they plottin on me\nThey plottin on me\nMoney coming friends going so I got it on me\nI'm riding with the choppa on me\nGet it crackin never lacking cause I got it on me"
                    }, 
                    {
                        "header": "[Hook]", 
                        "text hash": "bed80844bdcd39a31e3d2d4869ad006f", 
                        "artist": "A$ton Matthews", 
                        "text": "Mama knows I ain't living right (right)\nBut my pockets ain't sitting right (right)\nSo I'm riding with the choppa on me\nCatch him slippin\nGotta get him\nCause they plottin on me\nThey plottin on me\nMoney coming friends going so I got it on me\nI'm riding with the choppa on me\nGet it crackin never lacking cause I got it on me\n\n\n\n\n  "
                    }
                ], 
                "remainders": [
                    {
                        "header": "[Vince Staples]", 
                        "text hash": "ce2d19da2e0de1e55e08283162281dbf", 
                        "artist": "Vince Staples", 
                        "text": "Alright, Alright, Alright, Alright\nHug the hammer like a proud parent\nCause I done heard more gunshots then crowds cheering\nFollowed up by loud sirens\nMoms cryin', non-violent\nJust means you scared nigga\nIt's just the slave in him\nPuttin' in that work see we was made winners\nI started just like you but times change\nWhen you running from that time\nAnd that case sittin'\nAnd Smalls got caught cause he ain't kill him\nHe inside and they ain't so how they ain't snitchin\nYou going hard in the paint but see the plays missing\nSnakes hissing in the grass but you can't hear them\nRound here life too hard to be god fearing\nCon can't work no job, so con rob nigga\nGood guy call up cop so cop got stitchin'\nThat thang loaded\nAnd we ain't playing no games with it\nI stay on it it's Coldchain nigga"
                    }, 
                    {
                        "header": "[A$ton Matthews]", 
                        "text hash": "6cb08434236e4509e8260cc4ba6ece70", 
                        "artist": "A$ton Matthews", 
                        "text": "Can't stop won't stop\nDrug traffick though the roadblocks\nPut your main bitch on nose watch\nI run the field with two twins they both Glocks\nAnd they gon knock I slang pussies and dome mops\n(Oooh) I practice what I preach huh?\nYoung savage in these streets huh?\nSet up where you sleep huh?\nAnd if you ain't in it then we settle for yo niece huh?\nGet off in that Nissan schooooo\nI'm numb to the homicides\nAin't no love for the other side we let'em fly\nYoung killers on a ride you choose a side\nYou do the snitching we do the crime\nWe do or die\nSeen it all but my place in heaven\nOr am I hell bound\nCause I cover your momma screaming with shell sounds\nGet down or get laid down\nCutthroat, spray where you hang 'round (motherfucker)"
                    }
                ]
            }, 
            "order": [
                "[Vince Staples]", 
                "[Hook]", 
                "[A$ton Matthews]", 
                "[Hook]"
            ], 
            "artist": "A$ton Matthews"
        }
    },
    "TLC": {
        "raw": "\n    \n  [Intro: Action Bronson]\nSee when you have this type of hair on your head man\nThe perfect symmetry treated in some type of way[?]\nPull up on the 37 foot boat\nTan all year\nI hop out like I ain't shit\nThree fifth flannel on, summertime\nStraight up motherfucker\nYeah, you ain't shit\n\n[Verse 1: Action Bronson]\nDump Dump, Impalas jump, you get polished up\nLines get drawn in the powder\nThis shit look like new england clam chowder\nUzi singing from the tower\nStoned singing in the shower\nMy phone rings one thousand times an hour\nShit, i used to pitch a hundred miles an hour\nCandy Maldonado\nCandy Eldorado\nAsics with the purple toe\nI met a bitch today who said my name is Serpico\nI own shit, no carnote\nConvos with Carlos\nHundred thousand on the Cardinals\nAin't a motherfucking cold to bring the quill to bring the heating pad\n\n\nYou Gotta understand you're dealing with some heathen, jack...\n\n[Verse 2: A$ton Matthews]\nOur sward the virgin\nSuburban she do the dirt, do the dirt\nI served the urfan in surface\nI\u2019ll put your brain where that curb is\nNo bricks, no chips, then your friend gonna lose service\nThe word is to turn up, too turnt for them turbans, get curtains\nLights out\nBetter trap when the mice out\nCut throat when that price out, what's your life 'bout?\nAnd nobody say, forty cal by the lake\nFlat line to get the shit back, take a potty break\nBetter lock the gate for your mommy's sake\nFuck boy, pick and roll, gun and dish\nBut you know you ain\u2019t running shit, but you're good with the lab, word\nTil the Tec squirt, expect dirt\nLions, tigers, bears oh my\nWho let the zoo loose?\nThe 4 4 the .. before\nClick clack, bang bang\nWho you?\nBut weaker line it up, huh\nPop the chunk, drop 'em in the trunk\nRound around my city dark and big papa pump, motherfucker\n\n[Interlude]\nYou already know what time it is, slump\nGo get your mouth hit with a can a beer and all that y'heard\nStone cold shit,  my G\nHannn\n\n[Verse 3: Zombie Juice]\nSpittin' and rippin'\nYou niggas inferior\nI came from the game like I'm price on the mic\nBut I\u2019m nicer than Mike, Jackson or Jordan\nFlow so sick like a roman from a cross\nIt's Aston Matthews\nGot a shovel and gash you\nFace covered in ashes, flames covered in acid\nWhat a lonely bastard\nI\u2019m a lonely bastard but I know some magic\nAnd how to make some grams flip\nNigga is a loan\nHead with the 45th flight\nIn the dirt in the earth, 6 feet away\nSmoke more green, more murder\nPsychologic. death is certain\nDemocracy never stopping\nWe feelin\u2019 like 'Pac all honesty\nBlood-line's strictly poverty\nZombie niggas should honor thee\n\n[Verse 4: Meechy Darko]\nMind games are my games\nI rearrange your mind frame\nMy mind chain, flow insane, smoke chem strains\nI'm Cobain and gold fangs\nGuns go bang\nWeed so loud\nMy ears ring\nStay around wax like earbuds\nAnd I'm high dog, Air Bud (woof)\nThere goes the sound of the K\n9 in your face\nGet shot, broad day\nLatex gloves\nFuck forensics\nStraight headshots\n[?]\nThat murder game, them car chases\nWe rev up, no DMC\nThem cutthroats, der it is\nStrapped up in that GMC, holla\n\n[Outro: A$AP Bari and A$AP Yams]\nWhat's brackin, nigga?\nA$ton Matthews is brackin, nigga\nWhat's brackin\u2019 nigga, cut throat what's brackin, nigga\nA$AP what's brackin, nigga\nStone cold stuntin on one of you niggas\nYou and your bitch, nigga\nIf you think I\u2019m talking to you, yeah I\u2019m talking to you nigga\nThis a'int no diss song, nigga\nStep your brackets up, nigga\nNiggas out there drinking  Qualitest\nHi-Techin ass niggas\nYou niggas is two lies away from giving me a fucking headache\nYou motherfuckers be pouring up a one and a two liter\nThat's not a three liter, nigga\nLamborghinis fucking pouring out ashes on you niggas\nBurning cigarettes on niggas' foreheads\nWe gon' body in every state, nigga\nRespect the movement, nigga\nGet your cutthroat, nigga\nYeaah I'm standing at a 45 degree angle at all times\nStudy your lessons, bitch\nStop eating that pork, too\nY'heard\n\n\n\n\n  ", 
        "pro": {
            "features": [
                "Action Bronson", 
                "Flatbush Zombies"
            ], 
            "producers": [
                "V Don"
            ], 
            "blocks": {
                "verses": [
                    {
                        "header": "[Verse 1: Action Bronson]", 
                        "text hash": "435161b52b599d7426ff3f38a5c585e1", 
                        "artist": "Action Bronson", 
                        "text": "Dump Dump, Impalas jump, you get polished up\nLines get drawn in the powder\nThis shit look like new england clam chowder\nUzi singing from the tower\nStoned singing in the shower\nMy phone rings one thousand times an hour\nShit, i used to pitch a hundred miles an hour\nCandy Maldonado\nCandy Eldorado\nAsics with the purple toe\nI met a bitch today who said my name is Serpico\nI own shit, no carnote\nConvos with Carlos\nHundred thousand on the Cardinals\nAin't a motherfucking cold to bring the quill to bring the heating pad\n\n\nYou Gotta understand you're dealing with some heathen, jack..."
                    }, 
                    {
                        "header": "[Verse 2: A$ton Matthews]", 
                        "text hash": "aeddfd30e38240e17fdde43244f7020e", 
                        "artist": "A$ton Matthews", 
                        "text": "Our sward the virgin\nSuburban she do the dirt, do the dirt\nI served the urfan in surface\nI\u2019ll put your brain where that curb is\nNo bricks, no chips, then your friend gonna lose service\nThe word is to turn up, too turnt for them turbans, get curtains\nLights out\nBetter trap when the mice out\nCut throat when that price out, what's your life 'bout?\nAnd nobody say, forty cal by the lake\nFlat line to get the shit back, take a potty break\nBetter lock the gate for your mommy's sake\nFuck boy, pick and roll, gun and dish\nBut you know you ain\u2019t running shit, but you're good with the lab, word\nTil the Tec squirt, expect dirt\nLions, tigers, bears oh my\nWho let the zoo loose?\nThe 4 4 the .. before\nClick clack, bang bang\nWho you?\nBut weaker line it up, huh\nPop the chunk, drop 'em in the trunk\nRound around my city dark and big papa pump, motherfucker"
                    }, 
                    {
                        "header": "[Verse 3: Zombie Juice]", 
                        "text hash": "b86d60c45b066d7691cc245b1d368675", 
                        "artist": "Zombie Juice", 
                        "text": "Spittin' and rippin'\nYou niggas inferior\nI came from the game like I'm price on the mic\nBut I\u2019m nicer than Mike, Jackson or Jordan\nFlow so sick like a roman from a cross\nIt's Aston Matthews\nGot a shovel and gash you\nFace covered in ashes, flames covered in acid\nWhat a lonely bastard\nI\u2019m a lonely bastard but I know some magic\nAnd how to make some grams flip\nNigga is a loan\nHead with the 45th flight\nIn the dirt in the earth, 6 feet away\nSmoke more green, more murder\nPsychologic. death is certain\nDemocracy never stopping\nWe feelin\u2019 like 'Pac all honesty\nBlood-line's strictly poverty\nZombie niggas should honor thee"
                    }, 
                    {
                        "header": "[Verse 4: Meechy Darko]", 
                        "text hash": "98c6c426900bab69cdb070c89cc5b151", 
                        "artist": "Meechy Darko", 
                        "text": "Mind games are my games\nI rearrange your mind frame\nMy mind chain, flow insane, smoke chem strains\nI'm Cobain and gold fangs\nGuns go bang\nWeed so loud\nMy ears ring\nStay around wax like earbuds\nAnd I'm high dog, Air Bud (woof)\nThere goes the sound of the K\n9 in your face\nGet shot, broad day\nLatex gloves\nFuck forensics\nStraight headshots"
                    }
                ], 
                "hooks": [], 
                "intro": [
                    {
                        "header": "[Intro: Action Bronson]", 
                        "text hash": "21b39fc454cc613a6c5f2fee2768d5c4", 
                        "artist": "Action Bronson", 
                        "text": "See when you have this type of hair on your head man\nThe perfect symmetry treated in some type of way[?]\nPull up on the 37 foot boat\nTan all year\nI hop out like I ain't shit\nThree fifth flannel on, summertime\nStraight up motherfucker\nYeah, you ain't shit"
                    }
                ], 
                "remainders": [
                    {
                        "header": "[Interlude]", 
                        "text hash": "4c7758e187d0f9384201f748e9acb98f", 
                        "artist": "A$ton Matthews", 
                        "text": "You already know what time it is, slump\nGo get your mouth hit with a can a beer and all that y'heard\nStone cold shit,  my G\nHannn"
                    }, 
                    {
                        "header": "[Outro: A$AP Bari and A$AP Yams]", 
                        "text hash": "2b9a66cf66e1bd3120ab4b8a4d05003a", 
                        "artist": "A$AP Bari and A$AP Yams", 
                        "text": "What's brackin, nigga?\nA$ton Matthews is brackin, nigga\nWhat's brackin\u2019 nigga, cut throat what's brackin, nigga\nA$AP what's brackin, nigga\nStone cold stuntin on one of you niggas\nYou and your bitch, nigga\nIf you think I\u2019m talking to you, yeah I\u2019m talking to you nigga\nThis a'int no diss song, nigga\nStep your brackets up, nigga\nNiggas out there drinking  Qualitest\nHi-Techin ass niggas\nYou niggas is two lies away from giving me a fucking headache\nYou motherfuckers be pouring up a one and a two liter\nThat's not a three liter, nigga\nLamborghinis fucking pouring out ashes on you niggas\nBurning cigarettes on niggas' foreheads\nWe gon' body in every state, nigga\nRespect the movement, nigga\nGet your cutthroat, nigga\nYeaah I'm standing at a 45 degree angle at all times\nStudy your lessons, bitch\nStop eating that pork, too\nY'heard\n\n\n\n\n  "
                    }
                ]
            }, 
            "order": [
                "[Intro: Action Bronson]", 
                "[Verse 1: Action Bronson]", 
                "[Verse 2: A$ton Matthews]", 
                "[Interlude]", 
                "[Verse 3: Zombie Juice]", 
                "[Verse 4: Meechy Darko]", 
                "[Outro: A$AP Bari and A$AP Yams]"
            ], 
            "artist": "A$ton Matthews"
        }
    }
}