{
    "Dumb Young Nigga": {
        "raw": "\n    \n  [Verse 1] A$ton Matthews\nYeah,Uh, Got you going down Shift's Creek\n6 feet, arms length of a pip squeak\nHittin' witnesses this week\nStick yo' bench, bet yo mistresses miss me\nThis more like Rudy or N' Sync\nYou are ass, Lance Bass\nBase Heads in my basement\nShootin dice in a play pen, in some beige tims\nTrade my friends for some eggs and some bacon\nToast with some butter and Adios\nEl vita baby for you muthafuckin maricones\nQuick to flip and you know that bitch be down to smoke\nKnow you see me fucker, bitch now you don't\nShould've spoke muthafucker cuz' now you gone\nBroke ass nigga with a mouth full of gold\nWith a young dumb nigga 40 oz to the dome\nYou talk about it, but not bout it though\nI'm somebody she oughta know, im oli oxen in all the hoes\nI spread her legs and then off her clothes\n\n[Verse 2] Vince Staples\nPills to the green, licks to the lean\nWeekend to the Weeknd I got what you need\nThat Glock with the beam, send shots to your team\nLeave your whole damn block gridlock, quarantine\nReally out here trappin Nigga, You just out her rappin\nIf I lift that Lil' larkin' bet these bitches quit that barking\nIt's evident I'm harder than whoever got a problem\nAnd we got them automatics for whoever got revolvers\nImma' Chris Mullen shooter nigga headhunter hall of fame\nThink im bluffin fuck it bet them grave diggers call yo name\nThe way we make them choppers bang, you would think Nirvana came\nTo steal the show, Nah nigga we just here to steal your gold\nYoung mossberg give these bitches the business\nI shoot him in his front yard head fly to the kitchen\nDead right, if the bread right the semi there like every night\nLike give it here if not cock back head shot\n\n[Hook]\nYoung dumb nigga wit a trigger off safety\nShooting down gay teens, burnin' down Macy's\nYoung dumb nigga wit a trigger off safety\nBurnin' down Macy's, shooting down gay teens\n\n\n\n\n  ", 
        "pro": {
            "features": [
                "Vince Staples"
            ], 
            "blocks": {
                "verses": [
                    {
                        "header": "[Verse 1]", 
                        "text hash": "6cf488fa6773bc192d979de34bf34ead", 
                        "artist": "A&ton Mathews", 
                        "text": " A$ton Matthews\nYeah,Uh, Got you going down Shift's Creek\n6 feet, arms length of a pip squeak\nHittin' witnesses this week\nStick yo' bench, bet yo mistresses miss me\nThis more like Rudy or N' Sync\nYou are ass, Lance Bass\nBase Heads in my basement\nShootin dice in a play pen, in some beige tims\nTrade my friends for some eggs and some bacon\nToast with some butter and Adios\nEl vita baby for you muthafuckin maricones\nQuick to flip and you know that bitch be down to smoke\nKnow you see me fucker, bitch now you don't\nShould've spoke muthafucker cuz' now you gone\nBroke ass nigga with a mouth full of gold\nWith a young dumb nigga 40 oz to the dome\nYou talk about it, but not bout it though\nI'm somebody she oughta know, im oli oxen in all the hoes\nI spread her legs and then off her clothes"
                    }, 
                    {
                        "header": "[Verse 2]", 
                        "text hash": "738abfa8aa2859f5684195edbad18458", 
                        "artist": "A&ton Mathews", 
                        "text": " Vince Staples\nPills to the green, licks to the lean\nWeekend to the Weeknd I got what you need\nThat Glock with the beam, send shots to your team\nLeave your whole damn block gridlock, quarantine\nReally out here trappin Nigga, You just out her rappin\nIf I lift that Lil' larkin' bet these bitches quit that barking\nIt's evident I'm harder than whoever got a problem\nAnd we got them automatics for whoever got revolvers\nImma' Chris Mullen shooter nigga headhunter hall of fame\nThink im bluffin fuck it bet them grave diggers call yo name\nThe way we make them choppers bang, you would think Nirvana came\nTo steal the show, Nah nigga we just here to steal your gold\nYoung mossberg give these bitches the business\nI shoot him in his front yard head fly to the kitchen\nDead right, if the bread right the semi there like every night\nLike give it here if not cock back head shot"
                    }
                ], 
                "hooks": [
                    {
                        "header": "[Hook]", 
                        "text hash": "e5a910f2986ab86dbd59eb457d7365ce", 
                        "artist": "A&ton Mathews", 
                        "text": "Young dumb nigga wit a trigger off safety\nShooting down gay teens, burnin' down Macy's\nYoung dumb nigga wit a trigger off safety\nBurnin' down Macy's, shooting down gay teens\n\n\n\n\n  "
                    }
                ]
            }, 
            "order": [
                "[Hook]"
            ], 
            "artist": "A&ton Mathews"
        }
    }
}