{
    "Last Dayz": {
        "raw": "\n    \n  [Intro: Pharoahe Monch talking]\nIn the year 3000. Earth's upper echelon, government officials, and a genetic chosen few...have fled the planet Earth to seek refuge on Mars. The Earth in it's depleted state was left to its degenerates, criminals, and scum of its society. I was sent back in time to warn you of what is to come. My name is Pharoahe Monch. And this is my story\n\n[Verse One: Pharoahe Monch]\nI crawl on [?] optic eyes laying on my back\nCarefully avoiding spine beams of light\nThese scriptures are\nQuite unlike any story that's ever been told\nI'm superbious to pain, I withstand limitless cold\nDrop body temps avoid missiles that's heat seeking\nCommunicate without speaking\nPlus born to\nStep through time port holes to warn you\nOf what will transpire in these last days\nThe ones who are supposed to protect the sea\nOxygen levels decrease making it hard to breathe\n40 days of heat waves engrave the planet\nThere's war over this water, the sun melts to granite\nExamine a world plague with disease and famine\nLoose cannon reprimanded your leaders with no plan\n[?] unscramble the genetic codes of man through channeling\nOne god, one aim, one plan\n\n[Interlude: Pharoahe Monch talking]]\nThe year is 2001. The government has obtained the rights to charge families for the usage of clean oxygen and uncontaminated water. Human's are genetically profiled and separated in class. Due to their DNA structure and are forced into slave labor\n\n[Verse Two: Pharoahe Monch]\n3010\nNiggas are hesitant to leave they place of residence\nMilitary police keep peace, Hillary's president\nIt's evident\nThe government withholds the cure for AIDS\nNah, no revolution, citizens still afraid\nGerman type tanks protect banks of [?]\nIn fact, they done made contact with celestial\nHoming devices keep niggas from roaming\nOh Hillary, she exists through cross cellular cloning\nHalf man, half dog shit\nOff the wall shit, [?] shit with a pig head and pray to the pulpit\nTrying to obtain the secret to time travel\nAssassinate key figures in time and unravel\nUnited Federation of Psychotic Oppression\nThrough meditation I avoid psychotic depression\nFor adolescents throughout time, peep the lesson\nOne God, one aim, one plan, the obsession\n\n[Hook] {x2}\nWalk without walking\nSeek without looking\nObtain nourishment for the mind without cooking\nTalk without speaking\nReach without reaching\nEducate the deaf and the blind without preaching\n\n\n\n\n  ", 
        "pro": {
            "features": [
                "Pharoahe Monch"
            ], 
            "producers": [
                "Adam F"
            ], 
            "blocks": {
                "verses": [
                    {
                        "header": "[Verse One: Pharoahe Monch]", 
                        "text hash": "00b1b6178b4fa1f7f7e9a85fb3cb805c", 
                        "artist": "Pharoahe Monch", 
                        "text": "I crawl on [?] optic eyes laying on my back\nCarefully avoiding spine beams of light\nThese scriptures are\nQuite unlike any story that's ever been told\nI'm superbious to pain, I withstand limitless cold\nDrop body temps avoid missiles that's heat seeking\nCommunicate without speaking\nPlus born to\nStep through time port holes to warn you\nOf what will transpire in these last days\nThe ones who are supposed to protect the sea\nOxygen levels decrease making it hard to breathe\n40 days of heat waves engrave the planet\nThere's war over this water, the sun melts to granite\nExamine a world plague with disease and famine\nLoose cannon reprimanded your leaders with no plan"
                    }, 
                    {
                        "header": "[Verse Two: Pharoahe Monch]", 
                        "text hash": "be75ff7bd4dbd50e29897fd56626a940", 
                        "artist": "Pharoahe Monch", 
                        "text": "3010\nNiggas are hesitant to leave they place of residence\nMilitary police keep peace, Hillary's president\nIt's evident\nThe government withholds the cure for AIDS\nNah, no revolution, citizens still afraid\nGerman type tanks protect banks of [?]\nIn fact, they done made contact with celestial\nHoming devices keep niggas from roaming\nOh Hillary, she exists through cross cellular cloning\nHalf man, half dog shit\nOff the wall shit, [?] shit with a pig head and pray to the pulpit\nTrying to obtain the secret to time travel\nAssassinate key figures in time and unravel\nUnited Federation of Psychotic Oppression\nThrough meditation I avoid psychotic depression\nFor adolescents throughout time, peep the lesson\nOne God, one aim, one plan, the obsession"
                    }
                ], 
                "hooks": [
                    {
                        "header": "[Hook]", 
                        "text hash": "3a3f34614e888370d9ad789b6acc7f8d", 
                        "artist": "Adam F", 
                        "text": " {x2}\nWalk without walking\nSeek without looking\nObtain nourishment for the mind without cooking\nTalk without speaking\nReach without reaching\nEducate the deaf and the blind without preaching\n\n\n\n\n  "
                    }
                ], 
                "intro": [
                    {
                        "header": "[Intro: Pharoahe Monch talking]", 
                        "text hash": "a5793e1a099c602d9defbf2ad597274f", 
                        "artist": "Pharoahe Monch", 
                        "text": "In the year 3000. Earth's upper echelon, government officials, and a genetic chosen few...have fled the planet Earth to seek refuge on Mars. The Earth in it's depleted state was left to its degenerates, criminals, and scum of its society. I was sent back in time to warn you of what is to come. My name is Pharoahe Monch. And this is my story"
                    }
                ], 
                "remainders": [
                    {
                        "header": "[Interlude: Pharoahe Monch talking]]", 
                        "text hash": "de9e2116cf1fc0cf1d18071382417fe0", 
                        "artist": "Pharoahe Monch", 
                        "text": "The year is 2001. The government has obtained the rights to charge families for the usage of clean oxygen and uncontaminated water. Human's are genetically profiled and separated in class. Due to their DNA structure and are forced into slave labor"
                    }
                ]
            }, 
            "order": [
                "[Intro: Pharoahe Monch talking]", 
                "[Verse One: Pharoahe Monch]", 
                "[Interlude: Pharoahe Monch talking]]", 
                "[Verse Two: Pharoahe Monch]"
            ], 
            "artist": "Adam F"
        }
    }
}