{
    "Everyday (Remix)": {
        "raw": "\n    \n  [Angie Stone]\nUh, uh, uh\nWhat? Check it out\nAngie Stone on the remix with who?\nNeptune, uh\n\nI've had my bouts with love\nI've been going through things you never heard of\nBreakin' up and gettin' back together\nFaced with all kinds of stormy weather\nThere was a time thought I'd lose my mind\nMy friends and family warned me\nTime after time after time\n\n[Chorus: Angie Stone]\nTell me how you gonna get something\nWhen all you gave up, was nothing\nEvery day, every day, every day baby\nYou twisted my heart\nTell me why is it that I'm buggin'Now that I've got everything\nEvery day, every way you gonna pay\n\nNow baby it took a few\nFor me to get over you\nI didn't think I could make it\nBut my faith in God said I could check it\nBack in the day I wasn't good enough for you\nI would do anything to win you over\nYou took advantage of my attention\nOh, did I forget to mention\nEvery day you did the same thing\nAnd every hour you'd switch up on me\nEvery minute I'd be forgiving\nEvery second we'd be reliving\nEvery day you did the same thing\nAnd every hour you'd switch up on me\nEvery minute I'd be forgiving\nAnd every second we'd be reliving\n\n[Chorus]\n\n[Pusha T]\nYo, yo, uh\nHow you only recall the rough times?\nWe ain't laugh late nights watching Loveline\nI ain't rubbed your back, you ain't rubbed mine\nI ain't kissed on yours, you ain't kissed mine\nI guess you the only one hurt\nLike I don't miss by the hand up your skirt\nWith my chrome in your purse\nThere's a lot chicks out here loving to flirt\nYou got my name in the streets\nThey just lovin' the dirt\nWhat? I ain't keep 88 in the lining\nCouldn't divide 'em only if I slide 'em, straight grinding\nMoon shining getting cake till down\nAmnesia huh? I ain't take you on\nShopping sprees to D.C. order from Rodeo\nSpilt the credit card number only if I say so\nPacking that pack and packing that mack\nYou know what this is why you actin' like that?\n\n[Chorus]\n\nWell, it was your attitude much too shrewd\nCaused you to lose, now who's the fool?\nIt was your attitude much too shrewd\nCaused you to lose, now who's the fool?\nCause all I had is love for you\nAnd there ain't nothing more to do\nCause I had a crazy, crazy, crazy love baby, babe, baby, baby yeah\nSee when you come home early\nDon't come with that freaking respect\nCause I ain't got no time for packing up your, ooh\n\nUh, keep it hot, ooh, ooh ah, ooh\n\n[Chorus]\n\n\n\n\n  ", 
        "pro": {
            "features": [
                "Pusha T"
            ], 
            "blocks": {
                "verses": [
                    {
                        "header": "[Angie Stone]", 
                        "text hash": "81f857edf4d1e69c5f8023f0ad2e7c09", 
                        "artist": "Angie Stone", 
                        "text": "Uh, uh, uh\nWhat? Check it out\nAngie Stone on the remix with who?\nNeptune, uh\n\nI've had my bouts with love\nI've been going through things you never heard of\nBreakin' up and gettin' back together\nFaced with all kinds of stormy weather\nThere was a time thought I'd lose my mind\nMy friends and family warned me\nTime after time after time"
                    }
                ], 
                "hooks": [
                    {
                        "header": "[Chorus: Angie Stone]", 
                        "text hash": "3cd680f97100c79931eb0a3cb4a48ae2", 
                        "artist": "Angie Stone", 
                        "text": "Tell me how you gonna get something\nWhen all you gave up, was nothing\nEvery day, every day, every day baby\nYou twisted my heart\nTell me why is it that I'm buggin'Now that I've got everything\nEvery day, every way you gonna pay\n\nNow baby it took a few\nFor me to get over you\nI didn't think I could make it\nBut my faith in God said I could check it\nBack in the day I wasn't good enough for you\nI would do anything to win you over\nYou took advantage of my attention\nOh, did I forget to mention\nEvery day you did the same thing\nAnd every hour you'd switch up on me\nEvery minute I'd be forgiving\nEvery second we'd be reliving\nEvery day you did the same thing\nAnd every hour you'd switch up on me\nEvery minute I'd be forgiving\nAnd every second we'd be reliving"
                    }
                ], 
                "remainders": [
                    {
                        "header": "[Pusha T]", 
                        "text hash": "8dd219da26a7b5062c1c2f6ad574e53c", 
                        "artist": "Pusha T", 
                        "text": "Yo, yo, uh\nHow you only recall the rough times?\nWe ain't laugh late nights watching Loveline\nI ain't rubbed your back, you ain't rubbed mine\nI ain't kissed on yours, you ain't kissed mine\nI guess you the only one hurt\nLike I don't miss by the hand up your skirt\nWith my chrome in your purse\nThere's a lot chicks out here loving to flirt\nYou got my name in the streets\nThey just lovin' the dirt\nWhat? I ain't keep 88 in the lining\nCouldn't divide 'em only if I slide 'em, straight grinding\nMoon shining getting cake till down\nAmnesia huh? I ain't take you on\nShopping sprees to D.C. order from Rodeo\nSpilt the credit card number only if I say so\nPacking that pack and packing that mack\nYou know what this is why you actin' like that?"
                    }
                ]
            }, 
            "order": [
                "[Angie Stone]", 
                "[Chorus: Angie Stone]", 
                "[Chorus]", 
                "[Pusha T]", 
                "[Chorus]", 
                "[Chorus]"
            ], 
            "artist": "Angie Stone"
        }
    }
}