{
    "Long Pinky": {
        "raw": "\n    \n  [Intro: Action Bronson]\nUh\nIt's me...it's me\nLet me see it\nGimme that, gimme that\nLet me see it, let me have it\n\n[Verse 1:Action Bronson]\nI wanna fuck tonight, best believe I'mma get mine, get mine\nIn the truck, all white\nMy bitches doing Jamaican dances\nUh, the life\nYou ain't getting no second chances\nThat's why I got some bitches turning tricks in Tampa\n\n[Verse 1: Riff Raff]\nOk, ok, we in Tampa\nThinkin' Pensacola\nI done hit your block in the rainbow Range Rover ('sace)\n2k12 hangover, hard to find sober\nThey figured I work for Ruffles the way I keep a chip on my shoulder (chip)\nMoving like molasses, fuck them E-classes\nI'm thinkin' Bentley station wagon goes Inspector Gadget\nWatch me work my lumber, might be \"Hacksaw\" Jim Duggan\nThe way my name buzzin' makes you wanna divorce your husband\nNotice on the frame, notice how I squat in the rain\nOk, pain - guess it's temporary\nI done bought the mall way back in February\nRaggin' on the flames, Taiwan candy nunchucks\nI done got so famous I had to disguise my voice\nWhen I ordered chimichangas from Julio's Taco Truck (truck)\nI do it like this, ice on my wrist\nI'm in the mirror tellin' my grill\n\"Ay, you shoulda just shined like this\" (shined like this)\nPoint to Aquafina bottle, crystal deposits\nThe way I got a hollow minded model\nBack of Ninja Kawasaki, details\nI'm pushing V12s in the candy seashell\n\n[Verse 2: Action Bronson]\nAyo I'm green Beemer driving\nSuede jacket wearing\nYou gotta pay for my appearance, it will never be on clearance\nClarence Weatherspoon, my boo could boof like ten balloons\nI got the five now I'm 'bout to cop the seven soon (quick)\nI never knew all the things that havin' cheddar do\nNew rings, live jackets out the petting zoo\nLuke Petitgout my shit medical\nStraight surgery\nNegative paternity\nShe run behind the curtain crying while I backflip\nThat kid ain't mine, motherfucker, man I'm back, back\nYes I am the winner, I'm that sick\nCome get that ass kicked (yes)\nWe spending plastic (yes)\nUh, we got the wood wheel turning right\nSmoke blowing through the night cause I'm burning right\nI know I'm always on that next shit\nLook at my mind, you'll see some shit that's not suggested\n\n\n\n\n  ", 
        "pro": {
            "features": [
                "Action Bronson", 
                "RiFF RAFF"
            ], 
            "producers": [
                "Beautiful Lou"
            ], 
            "blocks": {
                "verses": [
                    {
                        "header": "[Verse 1:Action Bronson]", 
                        "text hash": "184f957fee9e3d0bea5e6dbd4a939918", 
                        "artist": "Action Bronson", 
                        "text": "I wanna fuck tonight, best believe I'mma get mine, get mine\nIn the truck, all white\nMy bitches doing Jamaican dances\nUh, the life\nYou ain't getting no second chances\nThat's why I got some bitches turning tricks in Tampa"
                    }, 
                    {
                        "header": "[Verse 1: Riff Raff]", 
                        "text hash": "875fd37675fe14e3fa1e3cd6f52f37fe", 
                        "artist": "RiFF RAFF", 
                        "text": "Ok, ok, we in Tampa\nThinkin' Pensacola\nI done hit your block in the rainbow Range Rover ('sace)\n2k12 hangover, hard to find sober\nThey figured I work for Ruffles the way I keep a chip on my shoulder (chip)\nMoving like molasses, fuck them E-classes\nI'm thinkin' Bentley station wagon goes Inspector Gadget\nWatch me work my lumber, might be \"Hacksaw\" Jim Duggan\nThe way my name buzzin' makes you wanna divorce your husband\nNotice on the frame, notice how I squat in the rain\nOk, pain - guess it's temporary\nI done bought the mall way back in February\nRaggin' on the flames, Taiwan candy nunchucks\nI done got so famous I had to disguise my voice\nWhen I ordered chimichangas from Julio's Taco Truck (truck)\nI do it like this, ice on my wrist\nI'm in the mirror tellin' my grill\n\"Ay, you shoulda just shined like this\" (shined like this)\nPoint to Aquafina bottle, crystal deposits\nThe way I got a hollow minded model\nBack of Ninja Kawasaki, details\nI'm pushing V12s in the candy seashell"
                    }, 
                    {
                        "header": "[Verse 2: Action Bronson]", 
                        "text hash": "a6ed411541212914df4ed10d64ea441a", 
                        "artist": "Action Bronson", 
                        "text": "Ayo I'm green Beemer driving\nSuede jacket wearing\nYou gotta pay for my appearance, it will never be on clearance\nClarence Weatherspoon, my boo could boof like ten balloons\nI got the five now I'm 'bout to cop the seven soon (quick)\nI never knew all the things that havin' cheddar do\nNew rings, live jackets out the petting zoo\nLuke Petitgout my shit medical\nStraight surgery\nNegative paternity\nShe run behind the curtain crying while I backflip\nThat kid ain't mine, motherfucker, man I'm back, back\nYes I am the winner, I'm that sick\nCome get that ass kicked (yes)\nWe spending plastic (yes)\nUh, we got the wood wheel turning right\nSmoke blowing through the night cause I'm burning right\nI know I'm always on that next shit\nLook at my mind, you'll see some shit that's not suggested\n\n\n\n\n  "
                    }
                ], 
                "hooks": [], 
                "intro": [
                    {
                        "header": "[Intro: Action Bronson]", 
                        "text hash": "2f9cfa9ac0ef5da799778a29bfac4338", 
                        "artist": "Action Bronson", 
                        "text": "Uh\nIt's me...it's me\nLet me see it\nGimme that, gimme that\nLet me see it, let me have it"
                    }
                ]
            }, 
            "order": [
                "[Intro: Action Bronson]", 
                "[Verse 1:Action Bronson]", 
                "[Verse 1: Riff Raff]", 
                "[Verse 2: Action Bronson]"
            ], 
            "artist": "Beautiful Lou"
        }
    }
}