{
    "Bang Ta Dis (Remix)": {
        "raw": "\n    \n  [Intro: Benzino]\nUn, un\nCan't hang wit dis\nYo, can't hang wit dis\nCan't hang wit dis, bitch-ass niggas\n\n[Chorus: Benzino]\nStop what your doin and slang ta dis\nPull your guns out and bang ta dis\nWe don't give a fuck if you hate and shit\nYou bitch niggas still can't hang with dis\n\n[Hook 4x: Benzino]\nBlood, slugs, murder, jail\nPussy, drugs, power, bail\n\n[Prodigy]\nNigga, I throw you in the shark cage - straight Mobb nigga\nAnd nigga P ain't playin no games, fuck with 'em\nI have you niggas runnin around with shails\nI have you niggas buyin guns, for real\nPattin on 'em, might pop up and lay things down\nYou absolutely right, niggas get laid out\nNiggas is out they head going at me\nNigga you ready to die, I'm ready to squeeze\nFuck it, I ain't backing down or backing up\nI got that bomb shit - you get blowin up\nWhen my razor touch ya head, neck and face\nAnd I'ma give you that shot, rest in peace\n\n[Chorus]\n\n[Hook]\n\n[Benzino]\nI spend my whole life tryin to get paid for this\nI watched Rock get slayed for this\nI kept it gangsta - niggas.. don't.. want.. it\nBetta yet, motherfuckers can't take it\nStrike back so there whole squad suffer\nAttack niggas til they can't get enough of...\nI got RSO blood in my vein\nMade Men take it there, for see no pain\nI run with niggas that see no pain\nAnd cock them things, dip quick in the Range\nUnsolved murderers, cold case niggas\nUndescribable, when we squeeze those triggers\nInvisible like night glove\nShine like a nickel four-fifth, bitch slang to this, c'mon\n\n[Hook]\n\n[Bars & Hooks]\nYeah, it's real ill when a classic album drop\nBut it's real fucked up when a classic album flop\nAnd your sweet dreams turn into nightmares - your plans get crushed\nIt seems like the grands been flushed\nBut since it's all for diniero, you can't give up\nWe gotta keep hope alive and, keep strivin\nKeep scribin, and don't give up til we Diamond\nIf any nigga get in our way squeeze iron\n\n[Bars & Hooks]\nYeah, we gang bang him, we shoot him til we dyin\nAct like a nigga said \"Bars\", and empty out fry him\nShoot that nigga, cut that nigga til we dyin\nCause he wanted to lay down, and we couldn't deny him\nSo nigga, get up out or way, we don't play\nAin't no nigga, ain't no bitch, ain't nobody I won't spray\nYou niggas is ass, my niggas is Made, y'all mens is two throat, my niggas is too big\nWho want it?  Come bring it, let's bang, motherfucker\n\n[Chorus]\n\n[Hook]\n\n[Benzino]\nBoston, New York, bang ta dis\nPhiladelph-e-a just slang ta dis\nNorth and South Carolina bang ta dis\nChi-town, L.A., just slang ta dis\nConneticut, Providence, bang ta dis\nD.C., Detroit, just slang ta dis\nCleveland, Oakland, sland ta dis\nATL, Texas, bang ta dis\nNew Orleans, Tennessee, just band ta dis\nMIA, Jersey, hang ta dis\nBaltimore, Pittsburgh, just slang ta dis\n\n\n\n\n  ", 
        "pro": {
            "features": [
                "Bars", 
                "Hooks", 
                "Prodigy"
            ], 
            "blocks": {
                "verses": [
                    {
                        "header": "[Prodigy]", 
                        "text hash": "36e6a0464461db16000f9542a6b4391b", 
                        "artist": "Prodigy", 
                        "text": "Nigga, I throw you in the shark cage - straight Mobb nigga\nAnd nigga P ain't playin no games, fuck with 'em\nI have you niggas runnin around with shails\nI have you niggas buyin guns, for real\nPattin on 'em, might pop up and lay things down\nYou absolutely right, niggas get laid out\nNiggas is out they head going at me\nNigga you ready to die, I'm ready to squeeze\nFuck it, I ain't backing down or backing up\nI got that bomb shit - you get blowin up\nWhen my razor touch ya head, neck and face\nAnd I'ma give you that shot, rest in peace"
                    }, 
                    {
                        "header": "[Benzino]", 
                        "text hash": "abba5a589935d63b83cc33de7315b1c2", 
                        "artist": "Benzino", 
                        "text": "I spend my whole life tryin to get paid for this\nI watched Rock get slayed for this\nI kept it gangsta - niggas.. don't.. want.. it\nBetta yet, motherfuckers can't take it\nStrike back so there whole squad suffer\nAttack niggas til they can't get enough of...\nI got RSO blood in my vein\nMade Men take it there, for see no pain\nI run with niggas that see no pain\nAnd cock them things, dip quick in the Range\nUnsolved murderers, cold case niggas\nUndescribable, when we squeeze those triggers\nInvisible like night glove\nShine like a nickel four-fifth, bitch slang to this, c'mon"
                    }, 
                    {
                        "header": "[Benzino]", 
                        "text hash": "83a135e9f17dcb764cde217402088c4a", 
                        "artist": "Benzino", 
                        "text": "Boston, New York, bang ta dis\nPhiladelph-e-a just slang ta dis\nNorth and South Carolina bang ta dis\nChi-town, L.A., just slang ta dis\nConneticut, Providence, bang ta dis\nD.C., Detroit, just slang ta dis\nCleveland, Oakland, sland ta dis\nATL, Texas, bang ta dis\nNew Orleans, Tennessee, just band ta dis\nMIA, Jersey, hang ta dis\nBaltimore, Pittsburgh, just slang ta dis\n\n\n\n\n  "
                    }
                ], 
                "hooks": [
                    {
                        "header": "[Chorus: Benzino]", 
                        "text hash": "7626fa17a9acde2b7727887937cb02d4", 
                        "artist": "Benzino", 
                        "text": "Stop what your doin and slang ta dis\nPull your guns out and bang ta dis\nWe don't give a fuck if you hate and shit\nYou bitch niggas still can't hang with dis"
                    }, 
                    {
                        "header": "[Hook 4x: Benzino]", 
                        "text hash": "bce4319c97255853984210ee97405825", 
                        "artist": "Benzino", 
                        "text": "Blood, slugs, murder, jail\nPussy, drugs, power, bail"
                    }, 
                    {
                        "header": "[Bars & Hooks]", 
                        "text hash": "b157092fc5d9b5bc5c5713bee82e78ed", 
                        "artist": "Hooks", 
                        "text": "Yeah, it's real ill when a classic album drop\nBut it's real fucked up when a classic album flop\nAnd your sweet dreams turn into nightmares - your plans get crushed\nIt seems like the grands been flushed\nBut since it's all for diniero, you can't give up\nWe gotta keep hope alive and, keep strivin\nKeep scribin, and don't give up til we Diamond\nIf any nigga get in our way squeeze iron"
                    }, 
                    {
                        "header": "[Bars & Hooks]", 
                        "text hash": "d6069c4ed66354d324dbfac92c1d344d", 
                        "artist": "Hooks", 
                        "text": "Yeah, we gang bang him, we shoot him til we dyin\nAct like a nigga said \"Bars\", and empty out fry him\nShoot that nigga, cut that nigga til we dyin\nCause he wanted to lay down, and we couldn't deny him\nSo nigga, get up out or way, we don't play\nAin't no nigga, ain't no bitch, ain't nobody I won't spray\nYou niggas is ass, my niggas is Made, y'all mens is two throat, my niggas is too big\nWho want it?  Come bring it, let's bang, motherfucker"
                    }
                ], 
                "intro": [
                    {
                        "header": "[Intro: Benzino]", 
                        "text hash": "9a731b2cdde6459b37bd0d38a0c11e72", 
                        "artist": "Benzino", 
                        "text": "Un, un\nCan't hang wit dis\nYo, can't hang wit dis\nCan't hang wit dis, bitch-ass niggas"
                    }
                ]
            }, 
            "order": [
                "[Intro: Benzino]", 
                "[Chorus: Benzino]", 
                "[Hook 4x: Benzino]", 
                "[Prodigy]", 
                "[Chorus]", 
                "[Hook]", 
                "[Benzino]", 
                "[Hook]", 
                "[Bars & Hooks]", 
                "[Bars & Hooks]", 
                "[Chorus]", 
                "[Hook]", 
                "[Benzino]"
            ], 
            "artist": "Benzino"
        }
    },
    "No Parts of Us": {
        "raw": "\n    \n  [Prodigy talking]\nAiyyo, you know what I'm saying, yeah\nFuck you bitch-ass niggas you know what I'm saying\nStraight like that from the bottom of my heart\nMan this is silly\nI ain't got nothing but slugs for you bitch-ass niggas, know what I mean?\nFuck all y'all niggas, straight like that\nWhat up\n\n[Hook 2x: Bobby Brown](Benzino)\nDon't start with me (Benzino, B. Brown, Hangmen 3)\nYou don't want to see that side of me\nI don't really care how hard ya be\nI just know you don't want a war with me\nSo don't fuck with me\n\n[Prodigy]\nAiyyo, it's war this night and over run up on ya few\nBoss niggas dump bullets and get rid of that crew\nYou gotta bang niggas out\nFuck that shit is serious\nGive it to `em niggas, kid show them how real it is\nThese punk motherfuckers get their head pushed, leds bust\nGuns on their friends and they feds dunn yeah dunn\nVenalate niggas hear `em out\nWear niggas out\nGet them before they get you\nOpen up your eyes, true\nLook alive, dunn its not a game\nIts not thing for you to get body\nThats why we don't play\nSo where the bags for the fuck back\nBefore I squeeze more shots and murder more bastards\n\n[Hook 2x: Bobby Brown]\nDon't start with me\nYou don't want to see that side of me\nI don't really care how hard ya be\nI just know you don't want a war with me\nSo don't fuck with me\n\n[Benzino]\nYo, swing that, mince that, double bogie, hit that\nBig gat, tiger money, holdin one, get that\nForty-cal go and get your burns, spit that\nBring beef where your motherfucking cribs at\nShove knives in your chest where your ribs at\nGet money with my Hangmen, split that\nCome thick when we show those guns\nDoing 1-6-0 on the Autobahn\nRide all night drink cris til dawn\nTonight we don't care, right from wrong\nAnybody wanna kick the same old song\nBitch-ass niggas won't last too long, motherfucker\n\n[Hook 2x: Bobby Brown]\nDon't start with me\nYou don't want to see that side of me\nI don't really care how hard ya be\nI just know you don't want a war with me\nSo don't fuck with me\n\n[Bobby Brown]\nMeet you overnight\nRest now thats tomorrow\nMy projects thorough\nTribes with Made Men, now you know\nNo matter what happened in the barium rocks\nStill remain with my pistol in my palm cocked\nGod damn, country, all shit is sick\nCause shit ain't but a bag full of fucking tricks\nAddition and money in my pocket\nSo I'm a dip into my bag and grab my motherfucking clip\nThen I'm a break out the door cause I'm mad like fuck\nAnd I'm pissed off and like get your ass and stick you up\nNo hold barred and its time to get paid over\nI'm broke, ain't nuttin funny I need money\n\n[Bobby Brown & Benzino] (Bobby Brown)\nFuckers want to try and change the game (I did that)\nTry throw dirt on my name (You got that)\nStorm them for their fortune and fame (You want that)\nTwenty karats on my neck, wrist and brain (I flaunt that)\n\n[Hook 6x: Bobby Brown]\nDon't start with me\nYou don't want to see that side of me\nI don't really care how hard ya be\nI just know you don't want a war with me\nSo don't fuck with me\n\n\n\n\n  ", 
        "pro": {
            "features": [
                "Bobby Brown", 
                "Prodigy"
            ], 
            "blocks": {
                "verses": [
                    {
                        "header": "[Prodigy talking]", 
                        "text hash": "2cae156fb0aa57a79cb48107864872cb", 
                        "artist": "Prodigy", 
                        "text": "Aiyyo, you know what I'm saying, yeah\nFuck you bitch-ass niggas you know what I'm saying\nStraight like that from the bottom of my heart\nMan this is silly\nI ain't got nothing but slugs for you bitch-ass niggas, know what I mean?\nFuck all y'all niggas, straight like that\nWhat up"
                    }, 
                    {
                        "header": "[Prodigy]", 
                        "text hash": "70da43a9deb419f9c785ac4f658c2f15", 
                        "artist": "Prodigy", 
                        "text": "Aiyyo, it's war this night and over run up on ya few\nBoss niggas dump bullets and get rid of that crew\nYou gotta bang niggas out\nFuck that shit is serious\nGive it to `em niggas, kid show them how real it is\nThese punk motherfuckers get their head pushed, leds bust\nGuns on their friends and they feds dunn yeah dunn\nVenalate niggas hear `em out\nWear niggas out\nGet them before they get you\nOpen up your eyes, true\nLook alive, dunn its not a game\nIts not thing for you to get body\nThats why we don't play\nSo where the bags for the fuck back\nBefore I squeeze more shots and murder more bastards"
                    }, 
                    {
                        "header": "[Benzino]", 
                        "text hash": "afaf7cbff711d33c06800ef50b12ed0e", 
                        "artist": "Benzino", 
                        "text": "Yo, swing that, mince that, double bogie, hit that\nBig gat, tiger money, holdin one, get that\nForty-cal go and get your burns, spit that\nBring beef where your motherfucking cribs at\nShove knives in your chest where your ribs at\nGet money with my Hangmen, split that\nCome thick when we show those guns\nDoing 1-6-0 on the Autobahn\nRide all night drink cris til dawn\nTonight we don't care, right from wrong\nAnybody wanna kick the same old song\nBitch-ass niggas won't last too long, motherfucker"
                    }, 
                    {
                        "header": "[Bobby Brown]", 
                        "text hash": "b6972f972d84db7a908c9cf0c8e54118", 
                        "artist": "Bobby Brown", 
                        "text": "Meet you overnight\nRest now thats tomorrow\nMy projects thorough\nTribes with Made Men, now you know\nNo matter what happened in the barium rocks\nStill remain with my pistol in my palm cocked\nGod damn, country, all shit is sick\nCause shit ain't but a bag full of fucking tricks\nAddition and money in my pocket\nSo I'm a dip into my bag and grab my motherfucking clip\nThen I'm a break out the door cause I'm mad like fuck\nAnd I'm pissed off and like get your ass and stick you up\nNo hold barred and its time to get paid over\nI'm broke, ain't nuttin funny I need money"
                    }, 
                    {
                        "header": "[Bobby Brown & Benzino]", 
                        "text hash": "82dbc0006dee59a89509cb6c55f60072", 
                        "artist": "Bobby Brown", 
                        "text": " (Bobby Brown)\nFuckers want to try and change the game (I did that)\nTry throw dirt on my name (You got that)\nStorm them for their fortune and fame (You want that)\nTwenty karats on my neck, wrist and brain (I flaunt that)"
                    }
                ], 
                "hooks": [
                    {
                        "header": "[Hook 2x: Bobby Brown]", 
                        "text hash": "8ec6746f6300d33ea06cc18a0199ac82", 
                        "artist": "Bobby Brown", 
                        "text": "(Benzino)\nDon't start with me (Benzino, B. Brown, Hangmen 3)\nYou don't want to see that side of me\nI don't really care how hard ya be\nI just know you don't want a war with me\nSo don't fuck with me"
                    }, 
                    {
                        "header": "[Hook 2x: Bobby Brown]", 
                        "text hash": "7e02553ae727cb14027870c6b5e3e330", 
                        "artist": "Bobby Brown", 
                        "text": "Don't start with me\nYou don't want to see that side of me\nI don't really care how hard ya be\nI just know you don't want a war with me\nSo don't fuck with me"
                    }, 
                    {
                        "header": "[Hook 6x: Bobby Brown]", 
                        "text hash": "6309d73c738302890ed11310324a07c3", 
                        "artist": "Bobby Brown", 
                        "text": "Don't start with me\nYou don't want to see that side of me\nI don't really care how hard ya be\nI just know you don't want a war with me\nSo don't fuck with me\n\n\n\n\n  "
                    }
                ]
            }, 
            "order": [
                "[Prodigy talking]", 
                "[Prodigy]", 
                "[Hook 2x: Bobby Brown]", 
                "[Benzino]", 
                "[Hook 2x: Bobby Brown]", 
                "[Bobby Brown]", 
                "[Hook 6x: Bobby Brown]"
            ], 
            "artist": "Benzino"
        }
    }
}