{
    "BET 2014 Cypher": {
        "raw": "\n    \n  [Verse 1: Vic Mensa]\nR.I.P. to Mike Brown\nNever met Affleck, but I do it for the town\nIn the Chi where they find bodies in the lost and found\nI've been blowing up in London, still smelling like a pound\nWhile Ferguson was looting in the street\nObama was on the treadmill moving in repeat\nI'm 21, I ain't had a cosign yet\nLike Lamar Odom, they already know I had crack\nShout to Khloe, not Axel Foley\nCall the police, your the lames on TV with braids like Lil' Romeo\nNo limit when I go in, it's a war zone\nMy troops home, they *brrt* \"where you at?\" like a boost phone\nY'all mobile, I'm global, we been different\nHad a number #1 in the UK, that's a big difference\nNot to mention, as a minor I was major\nI ain't never get a job, I got my own business\nSAVEMONEY\n\n[Verse 2: Snow Tha Product]\nGood credit, need no cosign\nSnow Tha Product got the balls to come in the game\nAnd I won't get no push from no guy\nWhen I need the dough, split no pies\nI'm not a cookie cutter bitch, but no shade\nBut if Snow spit it, Snow write\nOh, by the way you rappers namedrop El Chapo\nMigos, Narkos, coppos, cop o's from papos\n[?] Griselda Blanco\nBut I'm not gonna get my shot though?\nCuando a la culture para latina, tu you cacho\nPero mina que esta I'm raised on Pun and the best of 'em\nYou know I don't like Visas, give an Amex to a Mexican\nAnd ooh, I'm 'bout to represent, ask BET\nIt's STP, hit your SAP button ASAP\nSi porque mira nomas, mira que litica la chica [?}\nCorazon de oro, pero con plata [?]\nSi pero aqui no mas la que mata, bars, Sabado Gigante\nCause I'll be damned, if the only Latin rep is Joseline Hernandez\n\n[Verse 3: Los]\nYo, I keep these rappers running like roaches when Raid come in\nLos is the dopest, please don't provoke him to spray something\nI hopped up out the bed as fresh as a Glade plugin\nCause I charged a high fee like the dance in the Bay, cousin\nJust exit\nTrying to describe me in one word is like if you spell dog, but you dyslexic\nThey should've kept my cage locked\nWhere I'm from if he say he tryna shoot that fade he get his fade shot\nHey, Pac, remember shit was poppin'?\nYou on my list, it was a wrap, I was Christmas shoppin'\nI kept a full body cast for a bitch to hop in\nThen I full bodied Cass while Swizz was watching\nI'm way better whether you may agree\nMayweather pedigree, you make cheddar bet it on me\nI get the best of the best dealt with\nSo when my magazine hit I ain't talking XXL shit\nSo the whip matt black, the top bent back\nGot a chick misguided like a [?] flip\n\"Hello?\" Man, hold that phone\nMy little homie raw, man, he got both Techs on\nHe told me to tell you it's a no flex zone\nSo you ain't making no chuck, nor is he getting his Bo Flex on\nHe unload that chrome, and send them if you talkie\nI give him detail, and he'll pin it on a donkey\nKing\n\n[Verse 4: Treach]\nI put the word out like word out, word is bond, word up\nWord is bird, wordie words that I heard\nI got a herd of verbs that'll slap [?] after yours\nAnything after the fact is an act of war\nBad man and a wicked shotta\nWet you up like an otter, operate like Shabba\nHundred thousands way to hump, choose a telly\nI'm rude and black like Ox from Belly\nGot shellys to shock your shooters\nBet a bottom dollar I can make thunder clap and make a rottweiler holla\nYeah, rob the rich and eat with the hood, bang\nCause Jersey's back, back top of the food chain\nKG was on the scenery\nHe said \"eat the cypher, turn the BET to an eatery\"\nAnd here's a true statement\nHalf of the hip in hip hop needs a hip replacement\n\n[Verse 5: David Banner]\nMy dream is to be a part of team Elohim\nTo transcend ten of walks of human beings\nMeditate and convo with the all eye seeing\nTo maybe just hear\nQuiet my soul so he shares or It can lighten my load\nMy soul [?] commode\nDefecate [?]\nI'm susceptible to the pressure but then I think about Shakir Stewart\nI need help from the almighty\nTo ask why don't we discuss the trials of Chris Lightly\nFrom Ku Klux the Klan who tied Emmett Till to a fan\nThe same that shot Tray, Zimmerman's hand\nThey got my stomach to a knot\nI'm bent over prayin' to God like it's a lot, it's a lot\nAnkles tied to some chain\nI wanna say yes, but it's no like Tulane\nI mean N.O\nNot too many blacks make it to the show; Jay Leno\nWent broke in a Bentley, now I'm rich whipping a pinto\nI'm stunting like deep dish rims on Hertz rentals\nWhen I was broke I was proud to sell dope to ya old folks house\nNigga, I meant it how it sounds\nWhere were the white rappers when they mowed Mike Brown down?\nNowhere to be found\n\n\n\n\n  ", 
        "pro": {
            "features": [
                "David Banner", 
                "Los", 
                "Snow Tha Product", 
                "Treach", 
                "Vic Mensa"
            ], 
            "blocks": {
                "verses": [
                    {
                        "header": "[Verse 1: Vic Mensa]", 
                        "text hash": "27f64916308f814a67c2b7815a12ce7b", 
                        "artist": "Vic Mensa", 
                        "text": "R.I.P. to Mike Brown\nNever met Affleck, but I do it for the town\nIn the Chi where they find bodies in the lost and found\nI've been blowing up in London, still smelling like a pound\nWhile Ferguson was looting in the street\nObama was on the treadmill moving in repeat\nI'm 21, I ain't had a cosign yet\nLike Lamar Odom, they already know I had crack\nShout to Khloe, not Axel Foley\nCall the police, your the lames on TV with braids like Lil' Romeo\nNo limit when I go in, it's a war zone\nMy troops home, they *brrt* \"where you at?\" like a boost phone\nY'all mobile, I'm global, we been different\nHad a number #1 in the UK, that's a big difference\nNot to mention, as a minor I was major\nI ain't never get a job, I got my own business\nSAVEMONEY"
                    }, 
                    {
                        "header": "[Verse 2: Snow Tha Product]", 
                        "text hash": "0f03e8a6b0844e89c6932556e69bbf9a", 
                        "artist": "Snow Tha Product", 
                        "text": "Good credit, need no cosign\nSnow Tha Product got the balls to come in the game\nAnd I won't get no push from no guy\nWhen I need the dough, split no pies\nI'm not a cookie cutter bitch, but no shade\nBut if Snow spit it, Snow write\nOh, by the way you rappers namedrop El Chapo\nMigos, Narkos, coppos, cop o's from papos"
                    }, 
                    {
                        "header": "[Verse 3: Los]", 
                        "text hash": "70633c2bdc7d103ab1ef166f57dfc238", 
                        "artist": "Los", 
                        "text": "Yo, I keep these rappers running like roaches when Raid come in\nLos is the dopest, please don't provoke him to spray something\nI hopped up out the bed as fresh as a Glade plugin\nCause I charged a high fee like the dance in the Bay, cousin\nJust exit\nTrying to describe me in one word is like if you spell dog, but you dyslexic\nThey should've kept my cage locked\nWhere I'm from if he say he tryna shoot that fade he get his fade shot\nHey, Pac, remember shit was poppin'?\nYou on my list, it was a wrap, I was Christmas shoppin'\nI kept a full body cast for a bitch to hop in\nThen I full bodied Cass while Swizz was watching\nI'm way better whether you may agree\nMayweather pedigree, you make cheddar bet it on me\nI get the best of the best dealt with\nSo when my magazine hit I ain't talking XXL shit\nSo the whip matt black, the top bent back\nGot a chick misguided like a [?] flip\n\"Hello?\" Man, hold that phone\nMy little homie raw, man, he got both Techs on\nHe told me to tell you it's a no flex zone\nSo you ain't making no chuck, nor is he getting his Bo Flex on\nHe unload that chrome, and send them if you talkie\nI give him detail, and he'll pin it on a donkey\nKing"
                    }, 
                    {
                        "header": "[Verse 4: Treach]", 
                        "text hash": "5367b0ae40a11d2d7af6ae65007f56ae", 
                        "artist": "Treach", 
                        "text": "I put the word out like word out, word is bond, word up\nWord is bird, wordie words that I heard\nI got a herd of verbs that'll slap [?] after yours\nAnything after the fact is an act of war\nBad man and a wicked shotta\nWet you up like an otter, operate like Shabba\nHundred thousands way to hump, choose a telly\nI'm rude and black like Ox from Belly\nGot shellys to shock your shooters\nBet a bottom dollar I can make thunder clap and make a rottweiler holla\nYeah, rob the rich and eat with the hood, bang\nCause Jersey's back, back top of the food chain\nKG was on the scenery\nHe said \"eat the cypher, turn the BET to an eatery\"\nAnd here's a true statement\nHalf of the hip in hip hop needs a hip replacement"
                    }, 
                    {
                        "header": "[Verse 5: David Banner]", 
                        "text hash": "70e4fa43865de958ff56bb89ed4fbb2f", 
                        "artist": "David Banner", 
                        "text": "My dream is to be a part of team Elohim\nTo transcend ten of walks of human beings\nMeditate and convo with the all eye seeing\nTo maybe just hear\nQuiet my soul so he shares or It can lighten my load\nMy soul [?] commode\nDefecate [?]\nI'm susceptible to the pressure but then I think about Shakir Stewart\nI need help from the almighty\nTo ask why don't we discuss the trials of Chris Lightly\nFrom Ku Klux the Klan who tied Emmett Till to a fan\nThe same that shot Tray, Zimmerman's hand\nThey got my stomach to a knot\nI'm bent over prayin' to God like it's a lot, it's a lot\nAnkles tied to some chain\nI wanna say yes, but it's no like Tulane\nI mean N.O\nNot too many blacks make it to the show; Jay Leno\nWent broke in a Bentley, now I'm rich whipping a pinto\nI'm stunting like deep dish rims on Hertz rentals\nWhen I was broke I was proud to sell dope to ya old folks house\nNigga, I meant it how it sounds\nWhere were the white rappers when they mowed Mike Brown down?\nNowhere to be found\n\n\n\n\n  "
                    }
                ], 
                "hooks": []
            }, 
            "order": [
                "[Verse 1: Vic Mensa]", 
                "[Verse 2: Snow Tha Product]", 
                "[Verse 3: Los]", 
                "[Verse 4: Treach]", 
                "[Verse 5: David Banner]"
            ], 
            "artist": "BET Hip Hop Awards"
        }
    }
}