{
    "Sexy Lil' Thug (Remix)": {
        "raw": "\n    \n  [Intro 1: 50 Cent]\n(*Get Rich Or Die Tryin' intro*)\nHahaha\nBreak it down\nGo, go, go, go, go, go\n\n[Intro 2: Beyonce]\n-------------------------------------------------------------\n(* 50 Cent intro in background *)\nGo shawty, it's yo' birthday\nWe gon party like it's yo' birthday\nWe gon sip Bacardi like it's yo' birthday\nAnd you know we don't give a fuck it's not yo' birthday!\n-------------------------------------------------------------\nGo shorty, it's Beyonce\nWe gon' party like, it's ya birthday\nWe gettin' naughty like, it's ya birthday\nSo put ya drink up in the air if you feel sexy!\n\n[Verse 1: Beyonce]\nI'm the chick with the hot ish, Manolo Blahnik\nJimmy Choo kicks, killin' it, who you with?\nMe and my girls at the party with the diamond Zinati's\nI'm that classy mami with the Marilyn Monroe body (hahaha)\nI'm that fly chick 5'6\", Marc Jacob mini\nGhetto fabolous, glamourous, its effortless\nMake up light, we with my pastel Luis\nDesigner scarf, work of art, rockin' vintage Gucci\n\n[Hook 2x: Beyonce]\nYou can find me in da club, sippin' on some bub\nDaddy I got what you need you's a sexy little thug\nDon't wanna be your girl I ain't lookin for no love\nSo come give me a hug, you a sexy little thug\n-------------------------------------------------------------\n(* 50 Cent in the background on 2nd repeat*)\nYou can find me in da club, bottle full'a bub\nMama got what you need, if you need to feel a buzz\nI'm into havin' sex, I ain't into makin' love\nSo come gimme a hug, if you into gettin' rubbed (hahaha)\n-------------------------------------------------------------\n\n[Hook: Beyonce]\n-------------------------------------------------------------\n(* 50 Cent in the background *)\nGo, go, go, go, go, go, go shawty, go, go\nGo, go, go, go, go, go, go, go shawty\n-------------------------------------------------------------\nMy nails, my hair, my diamond rings\nShining with all my fancy things\nMy crib, my car, my clothes, my jewels\nWhy you mad, cause I came up and I ain't changed\n\n[Verse 2: Beyonce]\nI'm that girl wearing Chanel pearls\nChandeliers in my ears from Bailey Banks & Biddle\nYa feelin' my style, ya feelin' my flow\nHair sheek, smells sweet, like flow to flow\nI'm the lady sippin' Bailey's while I strut like a model\nIf the ladies wanna hate me, I just send them a bottle\nI know I got it, but don't flaunt it even though brothas want it\nDancin' dirty while I'm flirtin', cause he checkin' up on me\n\n[Hook 2x: Beyonce]\nYou can find me in da club, sippin' on some bub\nDaddy I got what you need, you a sexy little thug\nDon't wanna be your girl I ain't lookin for no love\nSo come give me a hug, you a sexy little thug\n\n[Hook: Beyonce]\n-------------------------------------------------------------\n(* 50 Cent in the background *)\nGo, go, go, go, go, go, go, go, go\nGo, go, go, go, go, go, go, go\n-------------------------------------------------------------\nMy nails, my hair, my diamond rings\nShining with all my fancy things\nMy crib, my car, my clothes, my jewels\nWhy you mad, cause I came up and I ain't changed\n\n[Verse 3: 50 Cent]\n-------------------------------------------------------------\n(* Beyonce in the background *)\nOhhh, ohhh, ohhh, ohhh!\nOhhh, ohhh, ohhh, ohhh!\nOhhh, ohhh, ohhh, ohhh!\nOhhh, ohhh, ohhh, ohhh!\nOhhh, ohhh, ohhh, ohhh!\nOhhh, ohhh, ohhh, ohhh!\n-------------------------------------------------------------\nAnd you should love it, way more than you hate it\nOh, you mad, I thought you should be happy I made it\nI'm that cat by the bar toastin' to the good life\nMove out the hood now you tryin' to pull me back, right?\nWhen my junk get to pumpin' in da club it's on\nI wink my eye at ya chick, if she smile, she gone\nIf the roof on fire, man, just let it burn\nIf you talkin' about money, homie I ain't concerned\nI'mma tell you what Banks told me, cuz go head, switch the style up\nAnd if they hate, then let 'em hate, and watch the money pile up\nOr we go upside they head with a bottle of bub\nC'mon, ain't know where we be..\n\n[Hook 2x: Beyonce]\nYou can find me in da club, sippin' on some bub\nDaddy I got what you need, you a sexy little thug\nDon't wanna be your girl I ain't lookin for no love\nSo come give me a hug, you a sexy little thug\n\n[Outro: 50 Cent]\nHahaha\nDon't try to act like you don't know where we been either\nWe in da club all the time, it's about to pop off\nHahaha\n\n\n\n\n  ", 
        "pro": {
            "features": [
                "50 Cent"
            ], 
            "blocks": {
                "verses": [
                    {
                        "header": "[Verse 1: Beyonce]", 
                        "text hash": "cbeca3696863c753df813b914761fc09", 
                        "artist": "Beyonce", 
                        "text": "I'm the chick with the hot ish, Manolo Blahnik\nJimmy Choo kicks, killin' it, who you with?\nMe and my girls at the party with the diamond Zinati's\nI'm that classy mami with the Marilyn Monroe body (hahaha)\nI'm that fly chick 5'6\", Marc Jacob mini\nGhetto fabolous, glamourous, its effortless\nMake up light, we with my pastel Luis\nDesigner scarf, work of art, rockin' vintage Gucci"
                    }, 
                    {
                        "header": "[Verse 2: Beyonce]", 
                        "text hash": "c5a073f10f8c290085ce57d9d2c47783", 
                        "artist": "Beyonce", 
                        "text": "I'm that girl wearing Chanel pearls\nChandeliers in my ears from Bailey Banks & Biddle\nYa feelin' my style, ya feelin' my flow\nHair sheek, smells sweet, like flow to flow\nI'm the lady sippin' Bailey's while I strut like a model\nIf the ladies wanna hate me, I just send them a bottle\nI know I got it, but don't flaunt it even though brothas want it\nDancin' dirty while I'm flirtin', cause he checkin' up on me"
                    }, 
                    {
                        "header": "[Verse 3: 50 Cent]", 
                        "text hash": "0d853ec20068f492b325372d40b4ecff", 
                        "artist": "50 Cent", 
                        "text": "-------------------------------------------------------------\n(* Beyonce in the background *)\nOhhh, ohhh, ohhh, ohhh!\nOhhh, ohhh, ohhh, ohhh!\nOhhh, ohhh, ohhh, ohhh!\nOhhh, ohhh, ohhh, ohhh!\nOhhh, ohhh, ohhh, ohhh!\nOhhh, ohhh, ohhh, ohhh!\n-------------------------------------------------------------\nAnd you should love it, way more than you hate it\nOh, you mad, I thought you should be happy I made it\nI'm that cat by the bar toastin' to the good life\nMove out the hood now you tryin' to pull me back, right?\nWhen my junk get to pumpin' in da club it's on\nI wink my eye at ya chick, if she smile, she gone\nIf the roof on fire, man, just let it burn\nIf you talkin' about money, homie I ain't concerned\nI'mma tell you what Banks told me, cuz go head, switch the style up\nAnd if they hate, then let 'em hate, and watch the money pile up\nOr we go upside they head with a bottle of bub\nC'mon, ain't know where we be.."
                    }, 
                    {
                        "header": "[Outro: 50 Cent]", 
                        "text hash": "64c2e9671ed55efd6a5e2f2f9bd5fe6d", 
                        "artist": "50 Cent", 
                        "text": "Hahaha\nDon't try to act like you don't know where we been either\nWe in da club all the time, it's about to pop off\nHahaha\n\n\n\n\n  "
                    }
                ], 
                "hooks": [
                    {
                        "header": "[Hook 2x: Beyonce]", 
                        "text hash": "44fa0d1a9e958576dce2ae3d74522aef", 
                        "artist": "Beyonce", 
                        "text": "You can find me in da club, sippin' on some bub\nDaddy I got what you need you's a sexy little thug\nDon't wanna be your girl I ain't lookin for no love\nSo come give me a hug, you a sexy little thug\n-------------------------------------------------------------\n(* 50 Cent in the background on 2nd repeat*)\nYou can find me in da club, bottle full'a bub\nMama got what you need, if you need to feel a buzz\nI'm into havin' sex, I ain't into makin' love\nSo come gimme a hug, if you into gettin' rubbed (hahaha)\n-------------------------------------------------------------"
                    }, 
                    {
                        "header": "[Hook: Beyonce]", 
                        "text hash": "34972cab4f8a5d37071be8b78e9166ca", 
                        "artist": "Beyonce", 
                        "text": "-------------------------------------------------------------\n(* 50 Cent in the background *)\nGo, go, go, go, go, go, go shawty, go, go\nGo, go, go, go, go, go, go, go shawty\n-------------------------------------------------------------\nMy nails, my hair, my diamond rings\nShining with all my fancy things\nMy crib, my car, my clothes, my jewels\nWhy you mad, cause I came up and I ain't changed"
                    }, 
                    {
                        "header": "[Hook 2x: Beyonce]", 
                        "text hash": "4ab2c63b7b189f50b60ee9f96e03e44e", 
                        "artist": "Beyonce", 
                        "text": "You can find me in da club, sippin' on some bub\nDaddy I got what you need, you a sexy little thug\nDon't wanna be your girl I ain't lookin for no love\nSo come give me a hug, you a sexy little thug"
                    }, 
                    {
                        "header": "[Hook: Beyonce]", 
                        "text hash": "60917ed315560ac683a59ad73cf682e4", 
                        "artist": "Beyonce", 
                        "text": "-------------------------------------------------------------\n(* 50 Cent in the background *)\nGo, go, go, go, go, go, go, go, go\nGo, go, go, go, go, go, go, go\n-------------------------------------------------------------\nMy nails, my hair, my diamond rings\nShining with all my fancy things\nMy crib, my car, my clothes, my jewels\nWhy you mad, cause I came up and I ain't changed"
                    }
                ], 
                "intro": [
                    {
                        "header": "[Intro 1: 50 Cent]", 
                        "text hash": "2b535a9f4473166134e6741cedba2ba6", 
                        "artist": "50 Cent", 
                        "text": "(*Get Rich Or Die Tryin' intro*)\nHahaha\nBreak it down\nGo, go, go, go, go, go"
                    }, 
                    {
                        "header": "[Intro 2: Beyonce]", 
                        "text hash": "71562440291c04aebed32aeac2e08746", 
                        "artist": "Beyonce", 
                        "text": "-------------------------------------------------------------\n(* 50 Cent intro in background *)\nGo shawty, it's yo' birthday\nWe gon party like it's yo' birthday\nWe gon sip Bacardi like it's yo' birthday\nAnd you know we don't give a fuck it's not yo' birthday!\n-------------------------------------------------------------\nGo shorty, it's Beyonce\nWe gon' party like, it's ya birthday\nWe gettin' naughty like, it's ya birthday\nSo put ya drink up in the air if you feel sexy!"
                    }
                ]
            }, 
            "order": [
                "[Intro 1: 50 Cent]", 
                "[Intro 2: Beyonce]", 
                "[Verse 1: Beyonce]", 
                "[Hook 2x: Beyonce]", 
                "[Hook: Beyonce]", 
                "[Verse 2: Beyonce]", 
                "[Hook 2x: Beyonce]", 
                "[Hook: Beyonce]", 
                "[Verse 3: 50 Cent]", 
                "[Hook 2x: Beyonce]", 
                "[Outro: 50 Cent]"
            ], 
            "artist": "Beyonc\u00e9"
        }
    }
}