{
    "Recognize and Realize": {
        "raw": "\n    \n  Intro:\nExtrordinary. Extrordinary. Yo (alright)\n\nBig Noyd:\nThe trife life of living famous bustin' shots live it's dangerous\nIn midnight we do it right in clear blue light\nThe trife life rough wearin' handcuffs like bracelets\n25 to life we faced it\nGot on the run and got wasted\nMad agony havin' me more vexed\nGot me pullin' out techs on opposite sex (uh)\nThe cream got me fiend (fiend) for masterville scheme (scheme)\nLike doin' drivebys in stretched limozeens\nI got tons of guns (uh) my niggas on the run pack the nickel plated ones\nGet the cheddar however dun cause niggas got dreams\nPainted king the drug sling got they brain drained\nJust to sling cocaine continusly seriously\nMy brain blunted the lye done it\nWe makin' hundreds that's all we wanted\nTo see my ill mean team seein' cream\nThe Infamous comin' outta Queens\nYo check it check it\n\nProdigy:\nYo it's the Pee me and the N.O.Y.D\nWe put the chedda togetha so we can double the o.z.s\nIt grows like some family trees and beanstalks\nSome hustlers naturally born with street smarts\nYo Karate it's you and Gotti y'all lift the weight\nMe and Noyd'll Gem Star it down on a plate\nThe Mobb niggas living wild inside of New York state\nThe five gates, if a nigga is shook let him shake\nWhile the coke back\nChef trip cook a boulder over the shoulder\nWith the wonders with they hands in pot holders\nSoloist get rolled over\nRappin' Noyd takin' over you crossed over\nThen you bucked in October\nNovember, December came out the hospital keyed up\nParalysed from your feet up now slow ya speed up (uh)\n\nHook:\nBig Noyd:\nSo recognize and realize I'm not the nigga lied\nOn the side of me Prodigy on the strength of who he be\n\nProdigy:\nSo recognize and realize I'm not the nigga lied\nB.I.G. N.O.Y.D. he rip it constantly\n\nBig Noyd:\nI stay cool and causous with extra sources my nine Taurus hit bosses\nLuitenents who's ever in it\nOnce the main man drop I got it locked to take it all why not?\nDon't let that nigga Noyd get the drop I'm comin' steady heavy\nReady to murder pullin' triggers (triggers)\nSoon to be famous dangerous type of nigga\nI'm type crucifix definatly true to this\nThe natural born hustler Noyd finessin' it\nUse to hustlin' tustlin' bustin' niggas wide open\nNo Jokin' like Rakim you must be smokin' (uh)\nTo fuck around with this you try to compare you didn't hear?\nThat nigga Noyd is extrodinar nigga what?\n\nProdigy:\nPioneer is extra ordinary rap flow\nSneek peek my Mobb style we clapped at your rap show\nWe formulate judged debatin' like some polititons\nAnd come together like some coalition in position (wooo)\nMy team'll huddle your scheme was too suttle\nOur crews cross paths your whole swarm face get bubble\nLookin' for trouble afraid so you found a couple\nMe and rappin' Noyd blastin' off like NASA space shuttle (uh)\nProdigy my powers refined now they erupt in time\nFor climax you small cats what is you touchin'?\nWe complex your man got slapped just off of reflex\nLearn from his mistake so avoid from being next\nHoliday thugs occassionally act like thugs\nBattery backs with Alkaline and Duracell mugs\nA-yo Noyd these niggas must be on powerful drugs (crazy son)\n(word up) Don't fuck kid word up\n\nHook (x2)\n\nOutro:\n(Word up) No doubt nine pound, we get down (the rappin' Noyd) Prodigy on\nThe side of me (the rappin' Noyd) uh uh (the rappin' Noyd) Prodigy (the\nRappin' Noyd) on the side of me. Prodigy, on the side of me. Yo we out\n\n\n\n\n  ", 
        "pro": {
            "features": [
                "Prodigy"
            ], 
            "producers": [
                "Havoc"
            ], 
            "blocks": {
                "verses": [], 
                "hooks": [
                    {
                        "header": "(uh) my niggas on the run pack the nickel plated ones\nGet the cheddar however dun cause niggas got dreams\nPainted king the drug sling got they brain drained\nJust to sling cocaine continusly seriously\nMy brain blunted the lye done it\nWe makin' hundreds that's all we wanted\nTo see my ill mean team seein' cream\nThe Infamous comin' outta Queens\nYo check it check it\n\nProdigy:\nYo it's the Pee me and the N.O.Y.D\nWe put the chedda togetha so we can double the o.z.s\nIt grows like some family trees and beanstalks\nSome hustlers naturally born with street smarts\nYo Karate it's you and Gotti y'all lift the weight\nMe and Noyd'll Gem Star it down on a plate\nThe Mobb niggas living wild inside of New York state\nThe five gates, if a nigga is shook let him shake\nWhile the coke back\nChef trip cook a boulder over the shoulder\nWith the wonders with they hands in pot holders\nSoloist get rolled over\nRappin' Noyd takin' over you crossed over\nThen you bucked in October\nNovember, December came out the hospital keyed up\nParalysed from your feet up now slow ya speed up (uh)\n\nHook:\nBig Noyd:\nSo recognize and realize I'm not the nigga lied\nOn the side of me Prodigy on the strength of who he be\n\nProdigy:\nSo recognize and realize I'm not the nigga lied\nB.I.G. N.O.Y.D. he rip it constantly\n\nBig Noyd:\nI stay cool and causous with extra sources my nine Taurus hit bosses\nLuitenents who's ever in it\nOnce the main man drop I got it locked to take it all why not?\nDon't let that nigga Noyd get the drop I'm comin' steady heavy\nReady to murder pullin' triggers (triggers)", 
                        "text hash": "5c7bd6bdaefd9fb46860dd2dd26c51fb", 
                        "artist": "Prodigy", 
                        "text": "Soon to be famous dangerous type of nigga\nI'm type crucifix definatly true to this\nThe natural born hustler Noyd finessin' it\nUse to hustlin' tustlin' bustin' niggas wide open\nNo Jokin' like Rakim you must be smokin' "
                    }, 
                    {
                        "header": "Hook (x2)\n\nOutro:\n(Word up) No doubt nine pound, we get down (the rappin' Noyd)", 
                        "text hash": "7a4d557e5d9f1f7c760c19042cdc68e6", 
                        "artist": "(Word up) No doubt nine pound, we get down (the rappin' Noyd)", 
                        "text": " Prodigy on\nThe side of me "
                    }
                ], 
                "intro": [
                    {
                        "header": "    \n  Intro:\nExtrordinary. Extrordinary. Yo (alright)", 
                        "text hash": "a9001158f86654e6b07e7d32b4c82a53", 
                        "artist": "Extrordinary. Extrordinary. Yo (alright)", 
                        "text": "Big Noyd:\nThe trife life of living famous bustin' shots live it's dangerous\nIn midnight we do it right in clear blue light\nThe trife life rough wearin' handcuffs like bracelets\n25 to life we faced it\nGot on the run and got wasted\nMad agony havin' me more vexed\nGot me pullin' out techs on opposite sex "
                    }
                ], 
                "remainders": [
                    {
                        "header": "(uh)\nThe cream got me fiend (fiend) for masterville scheme (scheme)", 
                        "text hash": "35babb813fc277f81446e47c36087baa", 
                        "artist": "Big Noyd", 
                        "text": "Like doin' drivebys in stretched limozeens\nI got tons of guns "
                    }, 
                    {
                        "header": "(uh)\nTo fuck around with this you try to compare you didn't hear?\nThat nigga Noyd is extrodinar nigga what?\n\nProdigy:\nPioneer is extra ordinary rap flow\nSneek peek my Mobb style we clapped at your rap show\nWe formulate judged debatin' like some polititons\nAnd come together like some coalition in position (wooo)", 
                        "text hash": "1b857988f6607d9b45cf72d84cb642f0", 
                        "artist": "Prodigy", 
                        "text": "My team'll huddle your scheme was too suttle\nOur crews cross paths your whole swarm face get bubble\nLookin' for trouble afraid so you found a couple\nMe and rappin' Noyd blastin' off like NASA space shuttle "
                    }, 
                    {
                        "header": "(word up)", 
                        "text hash": "5b24dd03f065c6f859febed57ff528d7", 
                        "artist": "Big Noyd", 
                        "text": " Don't fuck kid word up"
                    }, 
                    {
                        "header": "(the rappin' Noyd) uh uh (the rappin' Noyd)", 
                        "text hash": "c4cdfd9a36f1fcc8dcf99dee06a2bb19", 
                        "artist": "Big Noyd", 
                        "text": " Prodigy "
                    }
                ]
            }, 
            "order": [
                "(alright)", 
                "(fiend) for masterville scheme (scheme)", 
                "(triggers)", 
                "(wooo)", 
                "(crazy son)"
            ], 
            "artist": "Big Noyd"
        }
    },
    "The Grimey Way": {
        "raw": "\n    \n  [Intro:  Big Noyd]\nOne time\n(There's really, nothing realer than this, realer than this)\nOne time\n(This is it right here Dun)\nOne time, before I go Dun this is it right here\nRight here, this is it right here Dun\nOne time, right here one time\nAyyo, you know how it goes, ayyo, ayyo, ayyo\n\n[Verse One:  Big Noyd]\nI produce threats, texts\nThe underworld sweat when I rep for my set\nI pull out techs and let wet\nIce drip froze on my neck\nExplode with my two-G whips correct, out of respect\nM O double B top shit, the logic\nY'all niggas know y'all can't fuck with\nFrom past incidents, shoot outs and fist battles\nScuffle through state lines, you can't stop mine\nIt's a crime to the dumb, deaf, and blind\nWay before your time, outta line niggas walk straight when I approach mine\nI - rep mine, infamous bloodline\nNiggas get your guns its thug time\nCame from no frills to skips\nNights to gat clips, a cold cold world to this icy hot shit\nScars, bars, tapping niggas shit\nI'm cuttin' 'em, buckin' 'em and fuckin' they bitch\nThey like \"who that nigga?\", a smooth cat nigga\nWalk around with two gats too, nigga\nStraight like that, nigga, smack that nigga\nIf I don't know him then blast that nigga\n(Ayyo)\n\n[Chorus:  Prodigy]\nThe only way to live is the grimey way\nThe only way to get ahead is the gun way\nWe don't play\nI can't let em' stop and shock me\nThey tried, I pulled out and popped 3 (reverb)\nThe only way to live is the grimey way\nThe only way to get ahead is the gun way\nWe don't play\nI can't let em' stop and shock me\nThey tried, I pulled out and popped 3 (reverb)\n\n[Noyd talking in mid-Chorus]\nThis one right here Dun\nAyyo, Ayyo\n\n[Verse Two:  Big Noyd]\nThis goin' out to my dearest, realest\nColdest, most closest holdin' me down\nChrome, double digit cali-Bow!\nNever apart with it\nCock and spark with it\nGet down on my knees and cross my heart with it\n'Cuz it's real, when I use it to protect my life\nShit was real when he shot a nigga over his wife\nTo beat the breaks, guns, drugs\nWaste clown tried to get me pound\nI threw it down in his face\nI get down in any town\nGet down in any ghetto, anytime spit rounds\nThe fuck ya'll niggas think yo\nFor the dough we can spit, My style flow sick\nWit' 16 bars I'm gettin' you gone qiuck\nYou don't want none of this\nShit I'm hot as a bitch\nCheck this shit I got 'em shook now they riding my dick\nDon't forget I rock for those lovin' it, those thuggin' it\nHoes in they clothes and the less unfortunate\n(Ayyo)\n\n[Chorus]\n\n[Verse Three:  Big Noyd]\nAyyo Ayyo\nAyyo y'all niggas can't stop me, watch me then\nCatch me flying in my Benz loving it\nThe Trey double zero thuggin' it, I was born to floss shit\nBut never could afford it\nBut now I got ones and guns to re-insure it\nReach for my spine, pull out a fucking nine Taurus\nThe goal to the riches\nWhat I'm on it, all I need was the ones, and my Duns\nThe motherfucking beats\nI making choruses where my name be\nNoyd, N for nasty\nOh, you obsolete, why, I got demons\nThat's what that D be\nCheck me when you see me in the streets\nBelieve I got toast, cause we close like uno dos\nAnd floss and of course of QB nigga rep\nSee you ain't hear me yet, QB nigga\nFuck being affiliate with, I'm official\nDie with the initials on my chest\nBe damned if I don't rep the hood to the death\n\n[Chorus] - 2X\n\n\n\n\n  ", 
        "pro": {
            "features": [
                "Prodigy"
            ], 
            "blocks": {
                "verses": [
                    {
                        "header": "[Verse One:  Big Noyd]", 
                        "text hash": "7c46fa9a32941f2ffe360c4b6da47c06", 
                        "artist": "Big Noyd", 
                        "text": "I produce threats, texts\nThe underworld sweat when I rep for my set\nI pull out techs and let wet\nIce drip froze on my neck\nExplode with my two-G whips correct, out of respect\nM O double B top shit, the logic\nY'all niggas know y'all can't fuck with\nFrom past incidents, shoot outs and fist battles\nScuffle through state lines, you can't stop mine\nIt's a crime to the dumb, deaf, and blind\nWay before your time, outta line niggas walk straight when I approach mine\nI - rep mine, infamous bloodline\nNiggas get your guns its thug time\nCame from no frills to skips\nNights to gat clips, a cold cold world to this icy hot shit\nScars, bars, tapping niggas shit\nI'm cuttin' 'em, buckin' 'em and fuckin' they bitch\nThey like \"who that nigga?\", a smooth cat nigga\nWalk around with two gats too, nigga\nStraight like that, nigga, smack that nigga\nIf I don't know him then blast that nigga\n(Ayyo)"
                    }, 
                    {
                        "header": "[Verse Two:  Big Noyd]", 
                        "text hash": "80e7d63abc816252259f5f235974eab5", 
                        "artist": "Big Noyd", 
                        "text": "This goin' out to my dearest, realest\nColdest, most closest holdin' me down\nChrome, double digit cali-Bow!\nNever apart with it\nCock and spark with it\nGet down on my knees and cross my heart with it\n'Cuz it's real, when I use it to protect my life\nShit was real when he shot a nigga over his wife\nTo beat the breaks, guns, drugs\nWaste clown tried to get me pound\nI threw it down in his face\nI get down in any town\nGet down in any ghetto, anytime spit rounds\nThe fuck ya'll niggas think yo\nFor the dough we can spit, My style flow sick\nWit' 16 bars I'm gettin' you gone qiuck\nYou don't want none of this\nShit I'm hot as a bitch\nCheck this shit I got 'em shook now they riding my dick\nDon't forget I rock for those lovin' it, those thuggin' it\nHoes in they clothes and the less unfortunate\n(Ayyo)"
                    }, 
                    {
                        "header": "[Verse Three:  Big Noyd]", 
                        "text hash": "9b76a5b7282fc4927f7215674493f549", 
                        "artist": "Big Noyd", 
                        "text": "Ayyo Ayyo\nAyyo y'all niggas can't stop me, watch me then\nCatch me flying in my Benz loving it\nThe Trey double zero thuggin' it, I was born to floss shit\nBut never could afford it\nBut now I got ones and guns to re-insure it\nReach for my spine, pull out a fucking nine Taurus\nThe goal to the riches\nWhat I'm on it, all I need was the ones, and my Duns\nThe motherfucking beats\nI making choruses where my name be\nNoyd, N for nasty\nOh, you obsolete, why, I got demons\nThat's what that D be\nCheck me when you see me in the streets\nBelieve I got toast, cause we close like uno dos\nAnd floss and of course of QB nigga rep\nSee you ain't hear me yet, QB nigga\nFuck being affiliate with, I'm official\nDie with the initials on my chest\nBe damned if I don't rep the hood to the death"
                    }
                ], 
                "hooks": [
                    {
                        "header": "[Chorus:  Prodigy]", 
                        "text hash": "9ad1f78b4b45c8acf580e20934c299a4", 
                        "artist": "Prodigy", 
                        "text": "The only way to live is the grimey way\nThe only way to get ahead is the gun way\nWe don't play\nI can't let em' stop and shock me\nThey tried, I pulled out and popped 3 (reverb)\nThe only way to live is the grimey way\nThe only way to get ahead is the gun way\nWe don't play\nI can't let em' stop and shock me\nThey tried, I pulled out and popped 3 (reverb)"
                    }, 
                    {
                        "header": "[Noyd talking in mid-Chorus]", 
                        "text hash": "2f43f370f4f664d2daa6118764a649ef", 
                        "artist": "Big Noyd", 
                        "text": "This one right here Dun\nAyyo, Ayyo"
                    }, 
                    {
                        "header": "[Chorus]", 
                        "text hash": "84a16996a728e2c7b8c5b9bdd9aeadaa", 
                        "artist": "Big Noyd", 
                        "text": " - 2X\n\n\n\n\n  "
                    }
                ], 
                "intro": [
                    {
                        "header": "[Intro:  Big Noyd]", 
                        "text hash": "43159224d48cf4e230c1db170b00fab7", 
                        "artist": "Big Noyd", 
                        "text": "One time\n(There's really, nothing realer than this, realer than this)\nOne time\n(This is it right here Dun)\nOne time, before I go Dun this is it right here\nRight here, this is it right here Dun\nOne time, right here one time\nAyyo, you know how it goes, ayyo, ayyo, ayyo"
                    }
                ]
            }, 
            "order": [
                "[Intro:  Big Noyd]", 
                "[Verse One:  Big Noyd]", 
                "[Chorus:  Prodigy]", 
                "[Noyd talking in mid-Chorus]", 
                "[Verse Two:  Big Noyd]", 
                "[Chorus]", 
                "[Verse Three:  Big Noyd]"
            ], 
            "artist": "Big Noyd"
        }
    },
    "Usual Suspect": {
        "raw": "\n    \n  [Big Noyd]\nYea, yea, yea, I didn forget about the Queensbridge mothafuckas\nRoll the Mobb Deep in this mothafucka, yea, yea\nMario drop the beat...yea, uh Rappin' Noyd\n'Bout ta destroy any man, woman, man, boy\nI don't give a FUCK, word is born...\n\n[Hook*Big Noyd*]\n(check it out) Rough Neck, you soldeir suspect\nYou hear me boy, Recognize, Rappin' Noyd\nNow Destroy, nothing changed, blew you out the frame\nWas a small thing, I kept you shook\nCause you know my gat bang\n\nA usual suspect, a soldeir suspect\nYou hear me void, Recognize, Rappin' Noyd\nNow Destroy, nothing changed, I blew you out the frame\nWas a small thing, I kept you shook\nCuz you know my gat big\n\n[Big Noyd]\nMr. Untouchable, the unlovable, crimi-nul\nReppin' Queensborough, the rapper's back on another level\nMatter fact black, check the gat stats\nI keep access ta the max\nFor those who don't know, how ta act\nGet laid on they back, and its a fact\nYou bustin' me - Im bustin' back\nSo kid dance ta the track or analyze the rap\nBefore you get trashed-smacked-clapped and thats that\nIm strictly hardcore, even more than before\nWhen I was shooting up doors in Baltimore, try'na score\nNappy born hustla, the Hennessey guzala\nI been a-black-a-mothafucka\nDon't make me buck ya, the .9 pound I struck ya\n'9-6 you ask about this convict\nNiggas can't harm this, regardless\nNiggas claiming heartless, Easy for me ta tear\n'Par bitch, you don't want ta start this, Im lethal\nDon't make me jump up on the B.Q.E. and come n' see you\nYou best have your mothafuckin' people\nCuz when Im rollin' in the viga, strapped wit' my nigga\nWhen I see you, Im leavin' lead in ya liva\n\n[Hook*Big Noyd*]\nTo the Rough Neck, a soldeir suspect\nYou hear me void, Recognize, Rappin' Noyd\nNow Destroy, nothing changed, I blew you out the frame\nWas a small thing, I kept you shook\nCuz you know my gat big\n\nA usual suspect, a soldeir suspect\nYou hear me void, Recognize, Rappin' Noyd\nNow Destroy, nothing changed, I blew you out the frame\nWas a small thing, I kept you shook\nCuz you know my gat big\n\n[Big Noyd]\nNow one love ta the thugs on top\nPushin' rocks on the strip going out, bustin' slugs\nPumpin' rocks, do ya thing GOD\nWhoevers not involved get rid of 'em, finish 'em\nIm playing too close, snacks cut throat\nG-nota wrotes, use intellifent folks ta build blunts\nControl the .9, steady, ready - blow\nLet 'em know, dont be mad at me\nCuz you ain't as mad as me, you gradually grow hard\nAnd tear shit apart, shit I spark from the start, and regulate\nTakin' your body weight, I leave you critical\nThe .9's pitiful - blowing brains out\nEven aid they won't el' ver lift the stain out\nI blowing backs out, niggas ass out\nSo watch, what you doing\nIn them eyes you be screwing me wit'\nFuck around, lay around, make me empty my clip\nSay the non-sense, I got my click on the Do or Die, trip\nOnce I cock it, then I got this, now watch me lock it...\n...No Doubt Kid, now we out\n\n[Hook*Big Noyd*]\nTo the Rough Neck, you soldeir suspect\nYou hear me void, Recognize, Rappin' Noyd\nNow Destroy, nothing changed, blew you out the frame\nWas a small thing, I kept you shook\nCuz you know my gat big\n\nA usual suspect, a soldeir suspect\nYou hear me void, Recognize, Rappin' Noyd\nNow Destroy, nothing changed, I blew you out the frame\nWas a small thing, I kept you shook\nCuz you know my gat big\n\n[Big Noyd]\nDon't, take, it, personal\nIf it ain't about you, it dont apply - let it fly\nBut you guy, I gatta tear you up, from your asshole to your gut\nAnd if your click wanna flip, they gettin' bucked\nCuz my stealing, scab handeling is outstanding\nI be the thug bustin' slugs while yo tec jammin'!\nOne in the head, I can't stand it, but I gatta handle it though\nLeave you wet though, sweep the .44\nMake you take those and swallow those\nMy click a bunch of wild desperados\nStuck off the hydro, Hennessey rock hard\nWe got this shit lock all\nMy click strike back hard, an thats my word\nFuck around and have that ass in the sky\nWit' the birds, thats my word\nYou carry a gat, you think you that nigga please\nYou dont wanna feel none of these, hollow tips\nThat mack about ta spit, aw shit\nNoyd about ta get up on that buc-wild shit, the Infamous Mobb\n\n[Prodigy]\nThe most Infamous - Scarface - leave ya ass faceless\nGrip 'em, R.I.P. - but you still right here, wit' me\nG.O.D. part 3, Gotti on the mission\nH.A. - V.O.C., the clear vision\nC.Y. N.I.T.T. - Y. I dont know, But ta do time\nAn tell Killer Bee - Gambino\nYo if we dont sell a million, we gonna stick chemical banks\nStraight up and down - this is how P. think\nKicko - long time no see, no doubt wit' outta doubt\nMoney long'll, knock 'em all the way out\nRappin' Noyd, jump the negroh out for premises\nIller G, my eye-witness, eyes, hes got the dead on, lies\nA gradual lives a survive, we got diamonds - flooded up plenty\nPush GOD, civilized GOD - turn of the century shit\nWe can't take it, bless me wit' a high note, baby\nGOD brothers, Mike Check - crush something kid\n\n[Hook*Big Noyd*]\nTo the Rough Neck, a soldeir suspect\nYou hear me void, Recognize, Rappin' Noyd\nNow Destroy, nothing changed, I blew you out the frame\nWas a small thing, I kept you shook\nCuz you know my gat big\n\nA usual suspect, a soldeir suspect\nYou hear me void, Recognize, Rappin' Noyd\nNow Destroy, nothing changed, I blew you out the frame\nWas a small thing, I kept you shook\nCuz you know my gat big\n\nTo the Rough Neck, you soldeir suspect\nYou hear me void, Recognize, Rappin' Noyd\nNow Destroy, nothing changed, I blew you out the frame\nWas a small thing, I kept you shook\nCuz you know my gat big\n\n\n\n\n  ", 
        "pro": {
            "features": [
                "Prodigy"
            ], 
            "producers": [
                "Havoc"
            ], 
            "blocks": {
                "verses": [
                    {
                        "header": "[Big Noyd]", 
                        "text hash": "d4aa326aa96f9c84d60921823f5987d8", 
                        "artist": "Big Noyd", 
                        "text": "Yea, yea, yea, I didn forget about the Queensbridge mothafuckas\nRoll the Mobb Deep in this mothafucka, yea, yea\nMario drop the beat...yea, uh Rappin' Noyd\n'Bout ta destroy any man, woman, man, boy\nI don't give a FUCK, word is born..."
                    }, 
                    {
                        "header": "[Big Noyd]", 
                        "text hash": "bc4640310afa5f2388147997ed2ee759", 
                        "artist": "Big Noyd", 
                        "text": "Mr. Untouchable, the unlovable, crimi-nul\nReppin' Queensborough, the rapper's back on another level\nMatter fact black, check the gat stats\nI keep access ta the max\nFor those who don't know, how ta act\nGet laid on they back, and its a fact\nYou bustin' me - Im bustin' back\nSo kid dance ta the track or analyze the rap\nBefore you get trashed-smacked-clapped and thats that\nIm strictly hardcore, even more than before\nWhen I was shooting up doors in Baltimore, try'na score\nNappy born hustla, the Hennessey guzala\nI been a-black-a-mothafucka\nDon't make me buck ya, the .9 pound I struck ya\n'9-6 you ask about this convict\nNiggas can't harm this, regardless\nNiggas claiming heartless, Easy for me ta tear\n'Par bitch, you don't want ta start this, Im lethal\nDon't make me jump up on the B.Q.E. and come n' see you\nYou best have your mothafuckin' people\nCuz when Im rollin' in the viga, strapped wit' my nigga\nWhen I see you, Im leavin' lead in ya liva"
                    }, 
                    {
                        "header": "[Big Noyd]", 
                        "text hash": "f99f5de7554aff9600763c603db907b9", 
                        "artist": "Big Noyd", 
                        "text": "Now one love ta the thugs on top\nPushin' rocks on the strip going out, bustin' slugs\nPumpin' rocks, do ya thing GOD\nWhoevers not involved get rid of 'em, finish 'em\nIm playing too close, snacks cut throat\nG-nota wrotes, use intellifent folks ta build blunts\nControl the .9, steady, ready - blow\nLet 'em know, dont be mad at me\nCuz you ain't as mad as me, you gradually grow hard\nAnd tear shit apart, shit I spark from the start, and regulate\nTakin' your body weight, I leave you critical\nThe .9's pitiful - blowing brains out\nEven aid they won't el' ver lift the stain out\nI blowing backs out, niggas ass out\nSo watch, what you doing\nIn them eyes you be screwing me wit'\nFuck around, lay around, make me empty my clip\nSay the non-sense, I got my click on the Do or Die, trip\nOnce I cock it, then I got this, now watch me lock it...\n...No Doubt Kid, now we out"
                    }, 
                    {
                        "header": "[Big Noyd]", 
                        "text hash": "064ad50fa0df3a331b1fcbf3ee6bdffb", 
                        "artist": "Big Noyd", 
                        "text": "Don't, take, it, personal\nIf it ain't about you, it dont apply - let it fly\nBut you guy, I gatta tear you up, from your asshole to your gut\nAnd if your click wanna flip, they gettin' bucked\nCuz my stealing, scab handeling is outstanding\nI be the thug bustin' slugs while yo tec jammin'!\nOne in the head, I can't stand it, but I gatta handle it though\nLeave you wet though, sweep the .44\nMake you take those and swallow those\nMy click a bunch of wild desperados\nStuck off the hydro, Hennessey rock hard\nWe got this shit lock all\nMy click strike back hard, an thats my word\nFuck around and have that ass in the sky\nWit' the birds, thats my word\nYou carry a gat, you think you that nigga please\nYou dont wanna feel none of these, hollow tips\nThat mack about ta spit, aw shit\nNoyd about ta get up on that buc-wild shit, the Infamous Mobb"
                    }
                ], 
                "hooks": [
                    {
                        "header": "[Hook*Big Noyd*]", 
                        "text hash": "1e3ffaf2d9c26071f8d5eb82355e2e13", 
                        "artist": "Big Noyd", 
                        "text": "(check it out) Rough Neck, you soldeir suspect\nYou hear me boy, Recognize, Rappin' Noyd\nNow Destroy, nothing changed, blew you out the frame\nWas a small thing, I kept you shook\nCause you know my gat bang\n\nA usual suspect, a soldeir suspect\nYou hear me void, Recognize, Rappin' Noyd\nNow Destroy, nothing changed, I blew you out the frame\nWas a small thing, I kept you shook\nCuz you know my gat big"
                    }, 
                    {
                        "header": "[Hook*Big Noyd*]", 
                        "text hash": "9e4941ff34dc425fd2892bcbeddd19f7", 
                        "artist": "Big Noyd", 
                        "text": "To the Rough Neck, a soldeir suspect\nYou hear me void, Recognize, Rappin' Noyd\nNow Destroy, nothing changed, I blew you out the frame\nWas a small thing, I kept you shook\nCuz you know my gat big\n\nA usual suspect, a soldeir suspect\nYou hear me void, Recognize, Rappin' Noyd\nNow Destroy, nothing changed, I blew you out the frame\nWas a small thing, I kept you shook\nCuz you know my gat big"
                    }, 
                    {
                        "header": "[Hook*Big Noyd*]", 
                        "text hash": "f35ed7457c63bdd8fddadab408bb0e1b", 
                        "artist": "Big Noyd", 
                        "text": "To the Rough Neck, you soldeir suspect\nYou hear me void, Recognize, Rappin' Noyd\nNow Destroy, nothing changed, blew you out the frame\nWas a small thing, I kept you shook\nCuz you know my gat big\n\nA usual suspect, a soldeir suspect\nYou hear me void, Recognize, Rappin' Noyd\nNow Destroy, nothing changed, I blew you out the frame\nWas a small thing, I kept you shook\nCuz you know my gat big"
                    }, 
                    {
                        "header": "[Hook*Big Noyd*]", 
                        "text hash": "a9005aa5710ed5e26280eca6ba291b6d", 
                        "artist": "Big Noyd", 
                        "text": "To the Rough Neck, a soldeir suspect\nYou hear me void, Recognize, Rappin' Noyd\nNow Destroy, nothing changed, I blew you out the frame\nWas a small thing, I kept you shook\nCuz you know my gat big\n\nA usual suspect, a soldeir suspect\nYou hear me void, Recognize, Rappin' Noyd\nNow Destroy, nothing changed, I blew you out the frame\nWas a small thing, I kept you shook\nCuz you know my gat big\n\nTo the Rough Neck, you soldeir suspect\nYou hear me void, Recognize, Rappin' Noyd\nNow Destroy, nothing changed, I blew you out the frame\nWas a small thing, I kept you shook\nCuz you know my gat big\n\n\n\n\n  "
                    }
                ], 
                "remainders": [
                    {
                        "header": "[Prodigy]", 
                        "text hash": "d25ab7f35e327ca987cf0bb8d7e7bbea", 
                        "artist": "Prodigy", 
                        "text": "The most Infamous - Scarface - leave ya ass faceless\nGrip 'em, R.I.P. - but you still right here, wit' me\nG.O.D. part 3, Gotti on the mission\nH.A. - V.O.C., the clear vision\nC.Y. N.I.T.T. - Y. I dont know, But ta do time\nAn tell Killer Bee - Gambino\nYo if we dont sell a million, we gonna stick chemical banks\nStraight up and down - this is how P. think\nKicko - long time no see, no doubt wit' outta doubt\nMoney long'll, knock 'em all the way out\nRappin' Noyd, jump the negroh out for premises\nIller G, my eye-witness, eyes, hes got the dead on, lies\nA gradual lives a survive, we got diamonds - flooded up plenty\nPush GOD, civilized GOD - turn of the century shit\nWe can't take it, bless me wit' a high note, baby\nGOD brothers, Mike Check - crush something kid"
                    }
                ]
            }, 
            "order": [
                "[Big Noyd]", 
                "[Hook*Big Noyd*]", 
                "[Big Noyd]", 
                "[Hook*Big Noyd*]", 
                "[Big Noyd]", 
                "[Hook*Big Noyd*]", 
                "[Big Noyd]", 
                "[Prodigy]", 
                "[Hook*Big Noyd*]"
            ], 
            "artist": "Big Noyd"
        }
    },
    "Infamous Mobb": {
        "raw": "\n    \n  Intro:\nWe gonna dim the lights\n\nHook:\nThe Infamous Mobb\nBig Noyd on his job\n\nYo son you know what the deal is yeah, spark the lye. Do my thing kid. Yo\nBig Noyd in the house for the motherfuckin' 380\n\nProdigy:\nRappin' Noyd takin' the world over\nUniversal the Mobb soldiers we explode like super nova\nAnd implode your whole sculpture\nWe make quota and cook up some big boulder\nWe gettin' older time flies we gettin' older\nYou play the sofa while we excel over the sky rocket\nYou flee we gonna drop it\nNow reminise over that time you felt some hot shit\nWe cash profit or for cracks we rock chop it and shot pop it\nDesperate attempts to try to stop it\nAnd you be callin' it quits or rappin' Noyd kick that locked up shit\n\nBig Noyd:\nI peep wild bucks comin' to jail switch they sex up\nIt's fucked up niggas get banked up others hang up\nThe thugs in population be reppin' steppin' for the phone piece\nYou ass you get splashed in the dome piece\nCan't hold your own either\nPack up or get jacked up that's why I strap up with my back up\nAgainst the wall when it's time to brawl\nI'm throwin' blows at devils like Prodigy\nLivin' underneath the roof with 50 thieves\nAnd the ? is bound to get cha\nLatin Kings wearin' greens runnin' teef from the island of the Sing Sing\nRepresentin' Queens to the fullest I hold my own watchin' my dome\nWhile I jones for they home they call me a klepto\nCause I be leavin' niggas wet though\nDead and stinkin' constantly fully blown leakin'\nI'm black half Puerto Rican hypothetically speakin'\nMaricones gettin' blown sleepin'\nI stay strappin' never yappin' that it can't happen\nBut when you bring it come prepared never scarred captain\nDon't never sain knuckle down spit our bangers do our thing\nTill one of us be bleedin' then be headed to the bing\nI'm not bionic I'm just a convict puffin' chronic\nProtectin' my way nigga dig it's irronic\nEnought to make you bust make you wanna cuss\nNigga what the fuck you ain't tough shit ain't sweet shit is serious\nYou must be delerious you kidding me talking bout you gettin' me and\nRippin' me\nRather grab a mo and rip it slow like a penetentary\nNigga please I been in and out the joint since '93 what\nSo what the fuck you think you tellin' me nigga what what what\n\nHook\n\n\n\n\n  ", 
        "pro": {
            "features": [
                "Prodigy"
            ], 
            "producers": [
                "Havoc"
            ], 
            "blocks": {
                "verses": [], 
                "hooks": []
            }, 
            "order": [], 
            "artist": "Big Noyd"
        }
    },
    "Recognize and Realize II": {
        "raw": "\n    \n  Havoc:\nYo its the real, son you know how it go\nAss out like a child get blown you on the streets though\nRegulatin s.o's, eternal banger leave your jug vain hangin\nYou want beef, it ain't bangin\nFoul memories, you was bent but you remember its the infamous\nNever took our shoes off when we handle\nStash gash gortex\nSwimmin hennee leave the floor wet\nStormed out, man down make leakin on the compound\nTo all you fake crooks, stay shook, frontin with those thug looks\nGet yo mug cooked and plus your thug took\nYou overlook the fact that shit was real\nNow I got to take that ass to school for real\nMy click did pussy niggas down with the quick\nMy peeps guzzilin while your crew was takin sips\nSet the vault lampin comin through comin through\nQ B in this muthafucker what you wanna do\n\nBig Noyd:\nThe trife life of living famous bustin' shots live it's dangerous\nIn midnight we do it right in broad light\nThe trife life rough wearin' handcuffs like bracelets 25 to life we faced it\nGot on the run and got wasted\nMad agony havin me more vexed\nGot me pullin' out techs on opposite sex\nThe cream got me fiend for masterville scheme\nLike doin' drivebys in stretched limozeens\nI got tons of guns my niggas on the run pack the nickel plated ones\nGet the cheddar however dun cause niggas got dreams\nPainted king the drug sling got they brain drained\nJust to sling cocaine continusly seriously\nMy brain blunted the lye done it\nWe makin' hundreds that's all we wanted\nTo see my ill mean team seein cream\nThe Infamous comin outta Queens\nYo check it check it\n\nProdigy:\nYo it's the Pee me and the N.O.Y.D\nWe put the chedda togetha so we can double the o.z\nIt grows like some family trees and beanstalks\nSome hustlers naturally born with street smarts\nYo Karate it's you and Gotti y'all lift the weight\nMe and Noyd attempt staring down at the plate\nThe Mobb niggas living wild inside of New York state\nThe five gates is a nigga is shook let him shake\nWhile the coke back\nChef trip cook a boulder over the shoulder\nWith the wonders with they hands in pot holders\nSoloist get rolled over\nRappin' Noyd takin' over you crossed over\nThen you bucked in October\nNovember, December came out the hospital keyed up\nParalysed from your feet up now slow ya speed up\n\nHook:\nGot my click ready ready to murda mad shit, mad shit\nYou pop mad shit whats the verdict\nHumbly stumble on infamous just be runnin on your weak click\nGet mad bent, lay back we peeps ya\nCookin material, what gat we scratch serial\nYou leary though, we 'liver you to your funeral\nAssumin that you got the heart to bust back, im in the cut with not one\nBut two gats\n\nProdigy:\nYo its the P realisticly speakin, get left leakin\nReality bites, I strike back, we even\nYou still breathin make sure his heart stop beatin\nYou bleed on top the concrete, found indecent\nBlank out when I see you, send shots at your cerebral\nGo at your throat like a pit bul\nStop and feed you to the vultures, like reek scotchers\nYour left limb is from start to finish\nYour whole squad get hit hard\nI run with a foul type nigs is war scarred\nResembalin Vietnam, infaltries that bomb\nYour head nigga, headquaters we take over\nMy snake niggas crew strike like that of a cobra\nConstrict like boas, wrap tight around your soldiers\nEnclosed in, trapped within the clutches of madmen\n\nBig Noyd:\nYo whats the verdict about that small cat you coulda murdered\nLong back when you used to keep the gat in the engine\nNow rememberin, sayin dont flip, when the mac spits, somebody\nBound to get hit and snitch\nYou know the shit's been gone for a minute, come on\nYou still in it, runnin with the team gettin that cream\nDo your thing, I respect that, you know that\nThe guards in charge, whenever you involved, I know the mobb's\nOn they job\nWhen you creep, I know you go deep, no sleep and more heat\nPeal that cap, he nothin sweet it somethin though\nYou got me serious, now im furious whats next, a cat get clapped and\nOffer reflex the thug in the blood for pops, dukes, even my mom too\nHeld me in the arm felt my doose goose, she said no need to be afraid to\nBleed, Baby please hold the heat with ease, and dont pull it, just squeeze\nEver since I elevated, got my mind situated in due time\nGot to get mine, shine they mind, check this chrome nine, Im gettin busy\nLookin spiffy, Im gettin em and hittin em paranoid shittin me\n\nHook:\nGot my click ready ready to murda mad shit, mad shit\nYou pop mad shit whats the verdict\nHumbly stumble on infamous just be runnin on your weak click\nGet mad bent, lay back we peeps ya\nCookin material, what gat we scratch serial\nYou leary though, we 'liver you to your funeral\nAssumin that you got the heart to bust back\nIm in the cut with not one, but two gats\n\n\n\n\n  ", 
        "pro": {
            "features": [
                "Prodigy"
            ], 
            "producers": [
                "Havoc"
            ], 
            "blocks": {
                "verses": [], 
                "hooks": []
            }, 
            "order": [], 
            "artist": "Big Noyd"
        }
    },
    "The Grimy Way": {
        "raw": "\n    \n  One time..\n(There's really, nuttin, realer than this, realer than this)\nOne time\n(This is it right here Dunn)\nOne time, before I go Dunn this is it right here\nRight here, this is it right here Dunn\nOne time, right here one time\nAiyyo, you know how it goes, aiyyo\n\n[Big Noyd]\nAiyyo, aiyyo, I produce threats, tecs\nThe underworld sweat when I rep for my set\nI pull out tecs and let wet, ice drip\nFroze on my neck, explode when my 2G whip correct\nOut of respect, M-O-double-B top shit\nBut logic, y'all niggas know y'all can't fuck wit\nFrom past incidents, shootouts, and fist battles\nScuffles through state lines, you can't stop mine\nIt's a crime to the dumb deaf and blind\nWay before your time out of line niggas walk straight\nWhen I approach my I, rep my Infamous bloodline\nNiggas get your guns it's thug time\nCame from no frills to skips, nights that gat clips\nA cold cold world to this icy hot shit\n(Nigga) Scars, bars, tappin niggas shit\nI'm cuttin 'em, buckin 'em, and fuckin they bitch\nYou like, \"Who that nigga?\" A smooth cat nigga\nWalk around with two gats too nigga\nStraight like that nigga, smack that nigga\nIf I don't know him then blast that nigga\n\n[Hook repeat 2X: Prodigy]\n(Aiyyo) The only way to live is the grimy way\nThe only way to get ahead is the gun way\nWe don't play, I can't let 'em stop me and shock me\nThey try it I pulled out and pop three\n\n[Big Noyd]\nThis one right here Dunn, aiyyo aiyyo\nThis goin out to my dearest, realest\nColdest most closest holdin me down\nChrome double digit cali-BLAOW, never apart with it\nCock and spark with it\nGet down on my knees and cross my heart with it\nCause it's real, when I use it to protect my life\nShit was real when he shot a nigga over his wife\nThem be the breaks, guns, drugs, (??)\nClown tried to give me pound I threw it down in his face\nI get down - in any town, get down in any ghetto\nAny time spit rounds, what the fuck y'all niggas thinkin?\nYo for the dough we can spit, my style flow sick\nFor them sixteen bars, I get in you God quick\nYou don't want none of this, shit I'm hot as a pit\nCheck the shit I got 'em shook now they ride on my dick\nDon't forget I rock for those lovin it, those thuggin it\nHoles in they clothes and the less unfortunate\n\n[Hook]\n\n[Big Noyd]\nAiyyo, aiyyo\nAiyyo y'all niggas can't stop me, watch me then\nCatch me flyin in my Benz, lovin it\nThe trey-double-zero, thuggin it, I was born to floss shit\nBut never could afford it\nBut now I got ones and guns to re-insure it\nReach for my spine, pull out a fuckin nine Tourist'\nThe road to the riches, what I'm on it\nAll I need was the ones, and my Dunns\nThe motherfuckin beats, I'm makin choruses where my name be\nNoyd, N for Nasty\nO, you obsolete, Y? I got Demons\nThat's what that D be, check me when you see me in the streets\nBelieve I got toast cause we close like uno dos\nAnd floss and of course Q.B. nigga rep\nSee you ain't hear me yet, Q.B. nigga\nFuck bein affiliate with, I'm official\nDie with the initials on my chest\nBe damned if I don't rep the hood to the death\n\n[Hook] - 2X\n\n\n\n\n  ", 
        "pro": {
            "features": [
                "Prodigy"
            ], 
            "producers": [
                "The Alchemist"
            ], 
            "blocks": {
                "verses": [
                    {
                        "header": "[Big Noyd]", 
                        "text hash": "39c2d75646b9fb3cd5922cdeff33d8be", 
                        "artist": "Big Noyd", 
                        "text": "Aiyyo, aiyyo, I produce threats, tecs\nThe underworld sweat when I rep for my set\nI pull out tecs and let wet, ice drip\nFroze on my neck, explode when my 2G whip correct\nOut of respect, M-O-double-B top shit\nBut logic, y'all niggas know y'all can't fuck wit\nFrom past incidents, shootouts, and fist battles\nScuffles through state lines, you can't stop mine\nIt's a crime to the dumb deaf and blind\nWay before your time out of line niggas walk straight\nWhen I approach my I, rep my Infamous bloodline\nNiggas get your guns it's thug time\nCame from no frills to skips, nights that gat clips\nA cold cold world to this icy hot shit\n(Nigga) Scars, bars, tappin niggas shit\nI'm cuttin 'em, buckin 'em, and fuckin they bitch\nYou like, \"Who that nigga?\" A smooth cat nigga\nWalk around with two gats too nigga\nStraight like that nigga, smack that nigga\nIf I don't know him then blast that nigga"
                    }, 
                    {
                        "header": "[Big Noyd]", 
                        "text hash": "6d68c2c3c85d35a9522a6a581a534d30", 
                        "artist": "Big Noyd", 
                        "text": "This one right here Dunn, aiyyo aiyyo\nThis goin out to my dearest, realest\nColdest most closest holdin me down\nChrome double digit cali-BLAOW, never apart with it\nCock and spark with it\nGet down on my knees and cross my heart with it\nCause it's real, when I use it to protect my life\nShit was real when he shot a nigga over his wife\nThem be the breaks, guns, drugs, (??)\nClown tried to give me pound I threw it down in his face\nI get down - in any town, get down in any ghetto\nAny time spit rounds, what the fuck y'all niggas thinkin?\nYo for the dough we can spit, my style flow sick\nFor them sixteen bars, I get in you God quick\nYou don't want none of this, shit I'm hot as a pit\nCheck the shit I got 'em shook now they ride on my dick\nDon't forget I rock for those lovin it, those thuggin it\nHoles in they clothes and the less unfortunate"
                    }, 
                    {
                        "header": "[Big Noyd]", 
                        "text hash": "9ab043071ee9d7146217906ef7fa793f", 
                        "artist": "Big Noyd", 
                        "text": "Aiyyo, aiyyo\nAiyyo y'all niggas can't stop me, watch me then\nCatch me flyin in my Benz, lovin it\nThe trey-double-zero, thuggin it, I was born to floss shit\nBut never could afford it\nBut now I got ones and guns to re-insure it\nReach for my spine, pull out a fuckin nine Tourist'\nThe road to the riches, what I'm on it\nAll I need was the ones, and my Dunns\nThe motherfuckin beats, I'm makin choruses where my name be\nNoyd, N for Nasty\nO, you obsolete, Y? I got Demons\nThat's what that D be, check me when you see me in the streets\nBelieve I got toast cause we close like uno dos\nAnd floss and of course Q.B. nigga rep\nSee you ain't hear me yet, Q.B. nigga\nFuck bein affiliate with, I'm official\nDie with the initials on my chest\nBe damned if I don't rep the hood to the death"
                    }
                ], 
                "hooks": [
                    {
                        "header": "[Hook repeat 2X: Prodigy]", 
                        "text hash": "217a23c341ee7e7cb3f2ef0c4fdeb585", 
                        "artist": "Prodigy", 
                        "text": "(Aiyyo) The only way to live is the grimy way\nThe only way to get ahead is the gun way\nWe don't play, I can't let 'em stop me and shock me\nThey try it I pulled out and pop three"
                    }, 
                    {
                        "header": "[Hook]", 
                        "text hash": "84a16996a728e2c7b8c5b9bdd9aeadaa", 
                        "artist": "Big Noyd", 
                        "text": " - 2X\n\n\n\n\n  "
                    }
                ]
            }, 
            "order": [
                "[Big Noyd]", 
                "[Hook repeat 2X: Prodigy]", 
                "[Big Noyd]", 
                "[Hook]", 
                "[Big Noyd]"
            ], 
            "artist": "Big Noyd"
        }
    }
}