{
    "The Matrix": {
        "raw": "\n    \n  [Black Milk]\nFor every pair of lines I spit\nI leave you paralyzed and bent so clear a path\nIf you not parallel to my paragraphs\nApparently if they say I'm better than you\nThere's no reason for me to put myself on the pedestal\nMovin' forward ahead of you\nLike you ridin' a bike\nAnd you can't move till' the pedals do\nNobody teams compare\nBold niggas fallin' so fast\nThey need to pull the strings on a parachute\nSo stop the comparisons and get buried up under American soil\nWe can start with the letter U, S\nFood for thought, thought for fools\nWhere niggas will take a life for the jewels and a pair of shoes\nThe hood is out for dollar signs\nWe trade the heaven skies for a slice of the devil's pie\nTry to make it my downfall but see all I know is the tour\nAudiences applause for the working cause\nAll the best now is spittin' the truth, Why?\nYou's a let down like convertible roofs, I\nSee the mic and murder the booth, nah\nKillin' shit precise like a snipe that's on top of the roof, ha\n\n[Hook: scratched]\n\"You, you, you love my style cause I'm not what ya used to\"\n\"Caught in the matrix\" - Jay-Z\n\"It's out of hand, how the man gotcha\" - Special Ed\n\"You're in my Dangerfield like Rodney\" - Das EFX\n\n[Pharaohe Monch]\nFour finger ring rap, sling slang, Pharaohe the flows good\nYou couldn't hang if you was Ving Rhames in Rosewood\nCouldn't string together some shows\nIf hoes would sing together a song for you\nAnd then you came when the doughs good\nI'm Billy Joel, I really soul\nMight dust off some red vinyl that's really old\nOr chop drums\nOn a roll while I'm shotgun\nWith a wireless MPC 4000 I got one\nI bomb crew, I'm hot\nI'm cool with Top Gun, but not\nThat fond to Tom Cruise, I got\nA pool to lyrical warn shots that you shouldn't respond to\nLike pant legs around the ankles of hipsters\nI'm tight\nPaintin' a more visual picture than Pixar\nGet more, skull than Skelator or rip fuel\nWhile y'all bite like parasites and pitbulls\n\n[Hook]\n\n[Sean Price]\nIt goes punch, shoot, stab, kill\nSmoke this, sniff that, nigga pass the pills\nNiggas rap about daffodils\nTree hugger\nThat's when the gat clap ya grill\nP mug ya\nMy defense is offense\nOffense is nonsense\nDrunk with a kufi on\nPraying to Allah bent\nClark Kent with the glasses off\nPower fuckin' Lois Lane cause her ass is soft\nCrip tonight/kryptonite, but I'm a blood today\nLatin King tomorrow keep it caliente\nI send Spanish niggas to visit your label\nRep for mi gente and take your digital cable\nThe God hard body\nY'all ain't physically able\nTo test me\nI'm Jet Li\nThis whipping is fatal\nBlast skets\nY'all niggas is past sex\nActing like a boss get lost, what up Hex?\n\n[Hook]\n\n\n\n\n  ", 
        "pro": {
            "features": [
                "DJ Premier", 
                "Pharoahe Monch", 
                "Sean Price"
            ], 
            "producers": [
                "Black Milk"
            ], 
            "blocks": {
                "verses": [
                    {
                        "header": "[Black Milk]", 
                        "text hash": "2f56afe6373d48ac38bededcfe3e56ec", 
                        "artist": "Black Milk", 
                        "text": "For every pair of lines I spit\nI leave you paralyzed and bent so clear a path\nIf you not parallel to my paragraphs\nApparently if they say I'm better than you\nThere's no reason for me to put myself on the pedestal\nMovin' forward ahead of you\nLike you ridin' a bike\nAnd you can't move till' the pedals do\nNobody teams compare\nBold niggas fallin' so fast\nThey need to pull the strings on a parachute\nSo stop the comparisons and get buried up under American soil\nWe can start with the letter U, S\nFood for thought, thought for fools\nWhere niggas will take a life for the jewels and a pair of shoes\nThe hood is out for dollar signs\nWe trade the heaven skies for a slice of the devil's pie\nTry to make it my downfall but see all I know is the tour\nAudiences applause for the working cause\nAll the best now is spittin' the truth, Why?\nYou's a let down like convertible roofs, I\nSee the mic and murder the booth, nah\nKillin' shit precise like a snipe that's on top of the roof, ha"
                    }
                ], 
                "hooks": [
                    {
                        "header": "[Hook: scratched]", 
                        "text hash": "ca53a49bd3ae233127441cf385a53867", 
                        "artist": "scratched", 
                        "text": "\"You, you, you love my style cause I'm not what ya used to\"\n\"Caught in the matrix\" - Jay-Z\n\"It's out of hand, how the man gotcha\" - Special Ed\n\"You're in my Dangerfield like Rodney\" - Das EFX"
                    }
                ], 
                "remainders": [
                    {
                        "header": "[Pharaohe Monch]", 
                        "text hash": "d6db9ee012a02f9a311ae9b5c5f35d47", 
                        "artist": "Black Milk", 
                        "text": "Four finger ring rap, sling slang, Pharaohe the flows good\nYou couldn't hang if you was Ving Rhames in Rosewood\nCouldn't string together some shows\nIf hoes would sing together a song for you\nAnd then you came when the doughs good\nI'm Billy Joel, I really soul\nMight dust off some red vinyl that's really old\nOr chop drums\nOn a roll while I'm shotgun\nWith a wireless MPC 4000 I got one\nI bomb crew, I'm hot\nI'm cool with Top Gun, but not\nThat fond to Tom Cruise, I got\nA pool to lyrical warn shots that you shouldn't respond to\nLike pant legs around the ankles of hipsters\nI'm tight\nPaintin' a more visual picture than Pixar\nGet more, skull than Skelator or rip fuel\nWhile y'all bite like parasites and pitbulls"
                    }, 
                    {
                        "header": "[Sean Price]", 
                        "text hash": "788d43d8aa765277a9fe3417c22d3ccb", 
                        "artist": "Sean Price", 
                        "text": "It goes punch, shoot, stab, kill\nSmoke this, sniff that, nigga pass the pills\nNiggas rap about daffodils\nTree hugger\nThat's when the gat clap ya grill\nP mug ya\nMy defense is offense\nOffense is nonsense\nDrunk with a kufi on\nPraying to Allah bent\nClark Kent with the glasses off\nPower fuckin' Lois Lane cause her ass is soft\nCrip tonight/kryptonite, but I'm a blood today\nLatin King tomorrow keep it caliente\nI send Spanish niggas to visit your label\nRep for mi gente and take your digital cable\nThe God hard body\nY'all ain't physically able\nTo test me\nI'm Jet Li\nThis whipping is fatal\nBlast skets\nY'all niggas is past sex\nActing like a boss get lost, what up Hex?"
                    }
                ]
            }, 
            "order": [
                "[Black Milk]", 
                "[Hook: scratched]", 
                "[Pharaohe Monch]", 
                "[Hook]", 
                "[Sean Price]", 
                "[Hook]"
            ], 
            "artist": "Black Milk"
        }
    }
}