{
    "One Four Love (Pt. 1)": {
        "raw": "\n    \n  [Talib Kweli]\nYo you sent out the signal right?\nAnd this is what happened\nThe voice of Hip Hop got heard\nNever compromised, this is how we put it down, c'mon\n\n[Kool G Rap]\nThroughout my thug life I've seen the most trife\nLike (?)  fight over the role of dice\nFlash your whole life when killers on a heist\nSo con tight, get poltergeist over the bowl of Christ\nWho pulled the slice from cats aiming gats at shoulder height\nTold you right, G be the one that come and hold the mic\nAnd aim it at the whole vice squad that's out patrolling nights\nRollin' like every prototype *nigga* was Dolomite\nOne man be cold as ice, inside his gun hand he holds for life\n\n[Rah Digga]\nThis for the ones with holes in they grave\nWaitin' for they peace when the law misbehave\nI say we fall deep, watch 'em walk the beat\nLike you can't cross streets, make them all retreat\n(Now) Judges and the jury be a little to acquainted\nEnding up defendants when we 'sposed to be the plaintiffs\nLaugh now cause soon the thrill stops\nWhen heads get it on and start to kill cops\n\n[Sporty Theivz]\nI'm sober, they pull me over\nWhat I do yo? (what we do yo?)\nPo-po go I'm driven' to slow (cool yo)\nEyes tourin' them, explorin' them (damn)\nFour of them, that's why I'm ignoring' them (uh-oh)\nThink quick, brain like King Skip\nBefore they bring this to some Rodney King shit\nForget them fools, now make no sudden moves\nThey reachin' for they tools (let's move)\nYou buggin' dude\nKirk you ran the stop, word them pigs frontin'\nYo tell like you tell 'em cousin, we ain't did nothin\nAll they see is three blacks in a jeep with seats back\nLookin' for G-packs, how the blood dog can eat that\nThey thirstin' for a reason to blast, you can't peep that\nGats and a badge to match you can beat, that so bounce 'em\n\n[Mos Def]\nMy people unite and let's all get down\nWe gotta have what? love peace and understandin'\nOne god, One love, One light\nOne aim, One voice, One fight\nMy people unite, hop up and do it right\nWe gotta have what? love peace and understandin'\nOne god, One love, One light\nOne aim, One voice, One fight\nMy people unite, hop up and do it right\nDo it right ya'll, keep it tight ya'll, do it right ya'll, just do it\n\n[Shabaam Sahdeeq]\nBlood on my mans, destroying the fam'\nMore soldiers die, another mother cries\nAnthony Baez, Eleanor Bumpurs, Diallo\nLet it keep happenin' and there's more to follow\nIt's even deeper than that, penal shot in the back\nForever we fight and cus but the world still adjust\nSo many bullets just to stop one man\nIs that the plan? to leave us all dead in the street\n\n[Common]\nI'm an opponent of violence\nToo many of my guys have become moments of silence\nLaw takes lives and can only do violence\nAnd with night sticks, I write quick\nHoping that\n\n[Talib Kweli and Common]\nI might hit somebody in the heart\n\n[Talib Kweli]\nLike an arrow with her eyes on a sparrow\nYo I feel my people pain all in my bone marrow\n\n[Common]\nI'm tellin' Pharoahe to let my folks go\nMarcs is  singin' to law like they background vocals\n\n[Talib Kweli]\nLocal, state, federal cops are being payed properly\nTo protect the property\nHow can I just stand by and watch a man die for nothin' and not react\nThe way we spit on this track is how we bustin' back\n\n[Common]\nYo I pimp slap 5-0\nGet behind them and make the marks drive slow\n\n[Talib Kweli]\nYo, you wanna know how to improve on the quality of life?\nTry respectin' it, step in my zone and manifest a check in it\n\n[Pharoahe Monch]\nCops they transport me from Long island to Medina\nWith they fucked up demeanor\nDreamin' of stickin' it to me like Abner Louima\nPharoahe, slash El-Hajj Malik Shabazz in the flesh\nWith plans of retaliations for you coward ass\nGod please allow me to preach for 'em\nA voiceless man through a spirit I speak for him\nStep to city hall if a dove flew for Diallo\nWith a vision of cops inside the Public Enemy logo\n\n[Posdnous]\nAll that scheming and plotting\nThe young absorb like cotton does\nEspecially in my city where the boys steady rockin' in\nYou would thought 5-0 would cut it all short\nBut they play the biggest part in the art of living wrong\nIn our land, cops guns clap more then hands\nAs if we don't deserve what they hear to preserve\nWe just tryin' to do it right in these worlds that we rappin' in\nWhile they trying to fill us with more lead than Zeppelin\n\n[Everyone Lead by Mos Def]\nMy people unite and let's all get down\nWe gotta have what? love peace and understandin\nOne god, One love, One light\nOne aim, One voice, One fight\nMy people unite, hop up and do it right\nWe gotta have what? love peace and understandin\nOne god, One love, One light\nOne aim, One voice, One fight\nMy people unite, hop up and do it right\nMy people unite and let's all get down\nWe gotta have what? love peace and understandin\nOne god, One love, One light\nOne aim, One voice, One fight\nMy people unite, hop up and do it right\nWe gotta have what? love peace and understandin\nOne god, One love, One light\nOne aim, One voice, One fight\nMy people unite, hop up and do it right\nMy people unite and let's all get down\nWe gotta have what? love peace and understandin\nOne god, One love, One light\nOne aim, One voice, One fight\nMy people unite, hop up and do it right\nWe gotta have what? love peace and understandin\nOne god, One love, One light\nOne aim, One voice, One fight\n\n\n\n\n  ", 
        "pro": {
            "features": [
                "Common", 
                "Kool G. Rap", 
                "Pharoahe Monch", 
                "Posdnous", 
                "Rah Digga", 
                "Shabaam Sahdeeq", 
                "Sporty Theivz"
            ], 
            "producers": [
                "Organized Noize"
            ], 
            "blocks": {
                "verses": [], 
                "hooks": [], 
                "remainders": [
                    {
                        "header": "[Talib Kweli]", 
                        "text hash": "cf6bd5de88170133dd65a7228984bfc4", 
                        "artist": "Black Star", 
                        "text": "Yo you sent out the signal right?\nAnd this is what happened\nThe voice of Hip Hop got heard\nNever compromised, this is how we put it down, c'mon"
                    }, 
                    {
                        "header": "[Kool G Rap]", 
                        "text hash": "3a496d4448605e5d6fd307c0a7f99f25", 
                        "artist": "Kool G. Rap", 
                        "text": "Throughout my thug life I've seen the most trife\nLike (?)  fight over the role of dice\nFlash your whole life when killers on a heist\nSo con tight, get poltergeist over the bowl of Christ\nWho pulled the slice from cats aiming gats at shoulder height\nTold you right, G be the one that come and hold the mic\nAnd aim it at the whole vice squad that's out patrolling nights\nRollin' like every prototype *nigga* was Dolomite\nOne man be cold as ice, inside his gun hand he holds for life"
                    }, 
                    {
                        "header": "[Rah Digga]", 
                        "text hash": "81d1f2ef39c23139b4064b9eff41e39c", 
                        "artist": "Rah Digga", 
                        "text": "This for the ones with holes in they grave\nWaitin' for they peace when the law misbehave\nI say we fall deep, watch 'em walk the beat\nLike you can't cross streets, make them all retreat\n(Now) Judges and the jury be a little to acquainted\nEnding up defendants when we 'sposed to be the plaintiffs\nLaugh now cause soon the thrill stops\nWhen heads get it on and start to kill cops"
                    }, 
                    {
                        "header": "[Sporty Theivz]", 
                        "text hash": "55faeaea760f52de212ff68a8723abb3", 
                        "artist": "Sporty Theivz", 
                        "text": "I'm sober, they pull me over\nWhat I do yo? (what we do yo?)\nPo-po go I'm driven' to slow (cool yo)\nEyes tourin' them, explorin' them (damn)\nFour of them, that's why I'm ignoring' them (uh-oh)\nThink quick, brain like King Skip\nBefore they bring this to some Rodney King shit\nForget them fools, now make no sudden moves\nThey reachin' for they tools (let's move)\nYou buggin' dude\nKirk you ran the stop, word them pigs frontin'\nYo tell like you tell 'em cousin, we ain't did nothin\nAll they see is three blacks in a jeep with seats back\nLookin' for G-packs, how the blood dog can eat that\nThey thirstin' for a reason to blast, you can't peep that\nGats and a badge to match you can beat, that so bounce 'em"
                    }, 
                    {
                        "header": "[Mos Def]", 
                        "text hash": "becfa86a23097ba8d14422fef3f33ddd", 
                        "artist": "Black Star", 
                        "text": "My people unite and let's all get down\nWe gotta have what? love peace and understandin'\nOne god, One love, One light\nOne aim, One voice, One fight\nMy people unite, hop up and do it right\nWe gotta have what? love peace and understandin'\nOne god, One love, One light\nOne aim, One voice, One fight\nMy people unite, hop up and do it right\nDo it right ya'll, keep it tight ya'll, do it right ya'll, just do it"
                    }, 
                    {
                        "header": "[Shabaam Sahdeeq]", 
                        "text hash": "fd6ca9634fdd8fc5578ce9a83b139473", 
                        "artist": "Shabaam Sahdeeq", 
                        "text": "Blood on my mans, destroying the fam'\nMore soldiers die, another mother cries\nAnthony Baez, Eleanor Bumpurs, Diallo\nLet it keep happenin' and there's more to follow\nIt's even deeper than that, penal shot in the back\nForever we fight and cus but the world still adjust\nSo many bullets just to stop one man\nIs that the plan? to leave us all dead in the street"
                    }, 
                    {
                        "header": "[Common]", 
                        "text hash": "37ff63945f6739e20940ff59062beb39", 
                        "artist": "Common", 
                        "text": "I'm an opponent of violence\nToo many of my guys have become moments of silence\nLaw takes lives and can only do violence\nAnd with night sticks, I write quick\nHoping that"
                    }, 
                    {
                        "header": "[Talib Kweli and Common]", 
                        "text hash": "b66e310d47f1cd40c519892696e128d7", 
                        "artist": "Common", 
                        "text": "I might hit somebody in the heart"
                    }, 
                    {
                        "header": "[Talib Kweli]", 
                        "text hash": "0645573f64cb4c0026a16a9bf7520601", 
                        "artist": "Black Star", 
                        "text": "Like an arrow with her eyes on a sparrow\nYo I feel my people pain all in my bone marrow"
                    }, 
                    {
                        "header": "[Common]", 
                        "text hash": "6f9d1dc0bb451aaf8b3428cac412f653", 
                        "artist": "Common", 
                        "text": "I'm tellin' Pharoahe to let my folks go\nMarcs is  singin' to law like they background vocals"
                    }, 
                    {
                        "header": "[Talib Kweli]", 
                        "text hash": "d64a8eee7e80768a5fde46f9e78ff399", 
                        "artist": "Black Star", 
                        "text": "Local, state, federal cops are being payed properly\nTo protect the property\nHow can I just stand by and watch a man die for nothin' and not react\nThe way we spit on this track is how we bustin' back"
                    }, 
                    {
                        "header": "[Common]", 
                        "text hash": "d6ce1d6a9f4781d38fdc6d01a67f8df2", 
                        "artist": "Common", 
                        "text": "Yo I pimp slap 5-0\nGet behind them and make the marks drive slow"
                    }, 
                    {
                        "header": "[Talib Kweli]", 
                        "text hash": "668657019582e52880fae15146880db6", 
                        "artist": "Black Star", 
                        "text": "Yo, you wanna know how to improve on the quality of life?\nTry respectin' it, step in my zone and manifest a check in it"
                    }, 
                    {
                        "header": "[Pharoahe Monch]", 
                        "text hash": "358250f2678a3ea275e859ae3e81d225", 
                        "artist": "Pharoahe Monch", 
                        "text": "Cops they transport me from Long island to Medina\nWith they fucked up demeanor\nDreamin' of stickin' it to me like Abner Louima\nPharoahe, slash El-Hajj Malik Shabazz in the flesh\nWith plans of retaliations for you coward ass\nGod please allow me to preach for 'em\nA voiceless man through a spirit I speak for him\nStep to city hall if a dove flew for Diallo\nWith a vision of cops inside the Public Enemy logo"
                    }, 
                    {
                        "header": "[Posdnous]", 
                        "text hash": "ce55f77cfd101a805bad2293f88eed3f", 
                        "artist": "Posdnous", 
                        "text": "All that scheming and plotting\nThe young absorb like cotton does\nEspecially in my city where the boys steady rockin' in\nYou would thought 5-0 would cut it all short\nBut they play the biggest part in the art of living wrong\nIn our land, cops guns clap more then hands\nAs if we don't deserve what they hear to preserve\nWe just tryin' to do it right in these worlds that we rappin' in\nWhile they trying to fill us with more lead than Zeppelin"
                    }, 
                    {
                        "header": "[Everyone Lead by Mos Def]", 
                        "text hash": "cf9eb5df10308b95598fbbc28ef7c75b", 
                        "artist": "Black Star", 
                        "text": "My people unite and let's all get down\nWe gotta have what? love peace and understandin\nOne god, One love, One light\nOne aim, One voice, One fight\nMy people unite, hop up and do it right\nWe gotta have what? love peace and understandin\nOne god, One love, One light\nOne aim, One voice, One fight\nMy people unite, hop up and do it right\nMy people unite and let's all get down\nWe gotta have what? love peace and understandin\nOne god, One love, One light\nOne aim, One voice, One fight\nMy people unite, hop up and do it right\nWe gotta have what? love peace and understandin\nOne god, One love, One light\nOne aim, One voice, One fight\nMy people unite, hop up and do it right\nMy people unite and let's all get down\nWe gotta have what? love peace and understandin\nOne god, One love, One light\nOne aim, One voice, One fight\nMy people unite, hop up and do it right\nWe gotta have what? love peace and understandin\nOne god, One love, One light\nOne aim, One voice, One fight\n\n\n\n\n  "
                    }
                ]
            }, 
            "order": [
                "[Talib Kweli]", 
                "[Kool G Rap]", 
                "[Rah Digga]", 
                "[Sporty Theivz]", 
                "[Mos Def]", 
                "[Shabaam Sahdeeq]", 
                "[Common]", 
                "[Talib Kweli and Common]", 
                "[Talib Kweli]", 
                "[Common]", 
                "[Talib Kweli]", 
                "[Common]", 
                "[Talib Kweli]", 
                "[Pharoahe Monch]", 
                "[Posdnous]", 
                "[Everyone Lead by Mos Def]"
            ], 
            "artist": "Black Star"
        }
    }
}