{
    "Bring it All to Me (Remix)": {
        "raw": "\n    \n  [Natina] (Shamari)\nYo, whoo this is hot, uh-huh\nSee what I believe\n(What ya believe Natina?)\nYeah, I believe that Bring It All To Me\nNeeds a remix, uh-huh yeah (whoo!) like this\nKick it 'Mari, uh\n\n[Shamari]\nI've been trying to figure you out for the longest time (uh-huh)\nEverybody claims they don't know you're name (1-9 yeah)\nYou appear to be someone I've danced with before\nAnd now I shall unmask to reveal your game (yeah, yeah, yeah)\nAnd I want you to come (come on)\n\n1 - [Brandi]\nYour man fading in and out\nAnd your man ain't doin' it right\nAll you gotta do is say\nBaby bring it all to me\n\n2 - [Blaque]\nAnd I want you to come\nDance with me, come and dance with me\nRomance with me (my baby oh yeah)\nDon't be shy\nIt's a natural high baby\nAnd I want you to come\nDance with me, come and dance with me\nRomance with me (my baby oh yeah)\nDon't be shy\nIt's a natural high baby\nAnd bring it all to me\n\n[Shamari](Natina)\nThe shadows blocking my place move over right now (towards me)\nDon't give me away cause I still wanna know his name, please\n(Yo, yo, yeah)\nI don't care how long it takes just to know him again (uh-huh)\nI just wanna dance the night away\nAnd I want you to come (come on, dance)\n\n3 - [Brandi]\nYou can't tell me that this joint ain't hot\nI know how to make your body rock\nAll you gotta do is say\nBaby bring it all to me\n\nRepeat 2\n\n[Shamari](Natina)\nFeel me as I am to you\nI just wanna know your name\n(Let's make it hot, come on, come on, come on, let's make it hot)\nWhy do I feel like a fool?\n(Everybody in the club make it hot)\nI might as well not complain\n(Yo, yo, yo, yo, 50!)\n\n[50 Cent](Natina)\nShorty if you really want it\nThen you can get it the way you move\nMaking me wanna hit it, I admit\nGot what you said stuck in my head\nAnd I can't forget it\nWaking up hearing\n(Don't stop get it, get it)\nHere go my number girl you can call me (bring!!!)\nIn the middle of the night if you want me\nListing the paper ain't no wishing baby\nI'mma let you ball with me\nJust as long as you bring it all to me, come on\n\n[Natina]\nYo, ay yo 1999 stole the spot\nBlowin' it up, making it hot\nThis is how it's going down\n\n[50 Cent] *first line runs with Natina's last line*\nThis is how it's going down\nSee us on the yacht or in the drop\nMoney we making a lot\nI bet they wanna know what's next\n\n[Natina](50 Cent)\nYo what's the deal?\nRecording the track\n50 and Blaque\n(Baby you know about that)\nYo while we making y'all dance\nSay baby bring it all to me, come on\n\nRepeat 2\n\nRepeat 2 w/ Natina ad-libs\n\n[Natina]\nLA I want ya to dance with me\nAtlanta I want ya to dance with me\nNew York I want ya to dance with me\nWorld wide I want ya to dance with me\nLA I want ya to dance with me\nAtlanta I want ya to dance with me\nNew York I want ya to dance with me\nWorld wide baby bring it all to me\n\nRepeat 1 & 3\n\n[Natina]\nUh-huh, yeah\n\n\n\n\n  ", 
        "pro": {
            "features": [
                "50 Cent"
            ], 
            "blocks": {
                "verses": [
                    {
                        "header": "[Natina]", 
                        "text hash": "7ed3ea89c66ba860d1a6d362b12733c3", 
                        "artist": "Blaque", 
                        "text": " (Shamari)\nYo, whoo this is hot, uh-huh\nSee what I believe\n(What ya believe Natina?)\nYeah, I believe that Bring It All To Me\nNeeds a remix, uh-huh yeah (whoo!) like this\nKick it 'Mari, uh"
                    }, 
                    {
                        "header": "[Shamari]", 
                        "text hash": "dd22a9a7036d5358f0022dd864dfd6a7", 
                        "artist": "Blaque", 
                        "text": "I've been trying to figure you out for the longest time (uh-huh)\nEverybody claims they don't know you're name (1-9 yeah)\nYou appear to be someone I've danced with before\nAnd now I shall unmask to reveal your game (yeah, yeah, yeah)\nAnd I want you to come (come on)\n\n1 - [Brandi]\nYour man fading in and out\nAnd your man ain't doin' it right\nAll you gotta do is say\nBaby bring it all to me\n\n2 - [Blaque]\nAnd I want you to come\nDance with me, come and dance with me\nRomance with me (my baby oh yeah)\nDon't be shy\nIt's a natural high baby\nAnd I want you to come\nDance with me, come and dance with me\nRomance with me (my baby oh yeah)\nDon't be shy\nIt's a natural high baby\nAnd bring it all to me"
                    }, 
                    {
                        "header": "[Shamari]", 
                        "text hash": "576d30ea3d01d4b869bb0ba853f5d532", 
                        "artist": "Blaque", 
                        "text": "(Natina)\nThe shadows blocking my place move over right now (towards me)\nDon't give me away cause I still wanna know his name, please\n(Yo, yo, yeah)\nI don't care how long it takes just to know him again (uh-huh)\nI just wanna dance the night away\nAnd I want you to come (come on, dance)\n\n3 - [Brandi]\nYou can't tell me that this joint ain't hot\nI know how to make your body rock\nAll you gotta do is say\nBaby bring it all to me\n\nRepeat 2"
                    }, 
                    {
                        "header": "[Shamari]", 
                        "text hash": "ba733efa2f952897cbb9d9a7b60f9f98", 
                        "artist": "Blaque", 
                        "text": "(Natina)\nFeel me as I am to you\nI just wanna know your name\n(Let's make it hot, come on, come on, come on, let's make it hot)\nWhy do I feel like a fool?\n(Everybody in the club make it hot)\nI might as well not complain\n(Yo, yo, yo, yo, 50!)"
                    }, 
                    {
                        "header": "[50 Cent]", 
                        "text hash": "39c030405e6d17890582abc8fa2bf517", 
                        "artist": "50 Cent", 
                        "text": "(Natina)\nShorty if you really want it\nThen you can get it the way you move\nMaking me wanna hit it, I admit\nGot what you said stuck in my head\nAnd I can't forget it\nWaking up hearing\n(Don't stop get it, get it)\nHere go my number girl you can call me (bring!!!)\nIn the middle of the night if you want me\nListing the paper ain't no wishing baby\nI'mma let you ball with me\nJust as long as you bring it all to me, come on"
                    }, 
                    {
                        "header": "[Natina]", 
                        "text hash": "d425bfac8d11b980a011f04b9dc52cfe", 
                        "artist": "Blaque", 
                        "text": "Yo, ay yo 1999 stole the spot\nBlowin' it up, making it hot\nThis is how it's going down"
                    }, 
                    {
                        "header": "[50 Cent]", 
                        "text hash": "ee8c223f632e3d382af8780b8f996218", 
                        "artist": "50 Cent", 
                        "text": " *first line runs with Natina's last line*\nThis is how it's going down\nSee us on the yacht or in the drop\nMoney we making a lot\nI bet they wanna know what's next"
                    }, 
                    {
                        "header": "[Natina]", 
                        "text hash": "bf84ed2977cd3dd0199007eb135f3780", 
                        "artist": "Blaque", 
                        "text": "(50 Cent)\nYo what's the deal?\nRecording the track\n50 and Blaque\n(Baby you know about that)\nYo while we making y'all dance\nSay baby bring it all to me, come on\n\nRepeat 2\n\nRepeat 2 w/ Natina ad-libs"
                    }, 
                    {
                        "header": "[Natina]", 
                        "text hash": "98f38996cb172cc6197f349f0256fec3", 
                        "artist": "Blaque", 
                        "text": "LA I want ya to dance with me\nAtlanta I want ya to dance with me\nNew York I want ya to dance with me\nWorld wide I want ya to dance with me\nLA I want ya to dance with me\nAtlanta I want ya to dance with me\nNew York I want ya to dance with me\nWorld wide baby bring it all to me\n\nRepeat 1 & 3"
                    }, 
                    {
                        "header": "[Natina]", 
                        "text hash": "5598543c3e8b76453951f921ef8f287b", 
                        "artist": "Blaque", 
                        "text": "Uh-huh, yeah\n\n\n\n\n  "
                    }
                ], 
                "hooks": []
            }, 
            "order": [
                "[Shamari]", 
                "[Brandi]", 
                "[Blaque]", 
                "[Brandi]", 
                "[Natina]", 
                "[Natina]", 
                "[Natina]"
            ], 
            "artist": "Blaque"
        }
    }
}