{
    "Give Me A Reason": {
        "raw": "\n    \n  [Verse 1: Boldy James]\nThey say its never rains in Southern California\nBut when you from a state where it's always snowin'\nYou tend to not believe the things that people tell you\nShit that I done seen please believe they gon' fail you\nIn your time of dire needs street dreams they gon' sell you\nTake you to a place where can't nobody gon' help you\nOr run to your rescue\nI give respect where it's due\nYou, you only gonna do what I let you\nNigga don't let me catch you\nWith this Drew Bledsoe\nAnd I look at you\nReaching for a gun you can't get to\nBeat you to the stash\nIt don't matter what he grab when I flash\nYou can have drum on your pistol\nOr a pack of machines stuffed full of SCUD missiles\nWith extended machines niggas gon' get they issue\nBy any means, shit, we more than official\nPut you out of your misery\nHave a morgue and it\n\n[Hook: Boldy James]\nWho do you believe in? (Me or them?)\nCause looks can be deceiving (So think again)\nAnd I done been deceived\nSo it's a lot of things that don't sit right with me\nSo be easy (cool my dude)\nWho do you believe in? (Me or them?)\nCause looks can be deceiving (When you me)\nAnd by the looks of things this shit ain't what it seems nigga\nJust give me a reason\n\n[Verse 2: Vince Staples]\nBullets holes in Momma whip\n7 chrome in my Momma couch\nWatchin' the way I'm walking before they run in my Momma House\nBaby bro with the problems, I promise he'll never talk it out\nGrammar school I draw on the lines, was born to chalk them out\n5-0's from the G-Unit in the raid van, but I seen through it\nGot a deuce 5 and the skate highs, that was 10th grade back in 09'\nGot a .45 soon as Nitty died, on the North side banging 65\nI don't give passes, back-back and shit-bag I'm shit drastic\nPiss-poor so I skip classes, still got on them Jays though\nNo problem nigga, I pop a nigga to get the shit that he paid for\nBrown bandana sittin' on my face, I'm a Yannc ho\nGot a black bitch from Bompton down to spank hoes\nNever hit the court room, stayin' with that Drake flow\nTrying to get that Drake dough, livin' where he started at\nEight ain't got no hammer just blam 'em ain't gotta cock it back\nBoy\n\n[Hook]\n\n[Verse 3: Boldy James]\nAfter the first time it's pretty much a piece of cake\nSo if you ain't 'bout this life you probably can't relate to it\nIf you were silver spoon fed back in '88\nI had to eat with my hands out of paper plates\nMade my great escape\nSatan's greatest trick was convincing the world that he didn't exist\nSo meet the man out the myth, the devil in the flesh\nHell block, drugs zone seven six Detroit Michigan\nWe the new Bangladesh, the source and the fear\nI need a new weigh connect (trey six)\nTo give em to me for the two way\nBut of course that depends on if you make it back\n? have you ever perhaps been in a trap so hot you couldn't relax?\nSweatin' bullets, hunnit shots in a TEC\nGotta crook in my neck and it ain't no lookin' back\n\n[Hook]\n\n\n\n\n  ", 
        "pro": {
            "features": [
                "Vince Staples"
            ], 
            "producers": [
                "The Alchemist"
            ], 
            "blocks": {
                "verses": [
                    {
                        "header": "[Verse 1: Boldy James]", 
                        "text hash": "fc297c4884e82b7ae51edae3f93eca5c", 
                        "artist": "Boldy James", 
                        "text": "They say its never rains in Southern California\nBut when you from a state where it's always snowin'\nYou tend to not believe the things that people tell you\nShit that I done seen please believe they gon' fail you\nIn your time of dire needs street dreams they gon' sell you\nTake you to a place where can't nobody gon' help you\nOr run to your rescue\nI give respect where it's due\nYou, you only gonna do what I let you\nNigga don't let me catch you\nWith this Drew Bledsoe\nAnd I look at you\nReaching for a gun you can't get to\nBeat you to the stash\nIt don't matter what he grab when I flash\nYou can have drum on your pistol\nOr a pack of machines stuffed full of SCUD missiles\nWith extended machines niggas gon' get they issue\nBy any means, shit, we more than official\nPut you out of your misery\nHave a morgue and it"
                    }, 
                    {
                        "header": "[Verse 2: Vince Staples]", 
                        "text hash": "9a54fd78be97fe131002ad716292d82b", 
                        "artist": "Vince Staples", 
                        "text": "Bullets holes in Momma whip\n7 chrome in my Momma couch\nWatchin' the way I'm walking before they run in my Momma House\nBaby bro with the problems, I promise he'll never talk it out\nGrammar school I draw on the lines, was born to chalk them out\n5-0's from the G-Unit in the raid van, but I seen through it\nGot a deuce 5 and the skate highs, that was 10th grade back in 09'\nGot a .45 soon as Nitty died, on the North side banging 65\nI don't give passes, back-back and shit-bag I'm shit drastic\nPiss-poor so I skip classes, still got on them Jays though\nNo problem nigga, I pop a nigga to get the shit that he paid for\nBrown bandana sittin' on my face, I'm a Yannc ho\nGot a black bitch from Bompton down to spank hoes\nNever hit the court room, stayin' with that Drake flow\nTrying to get that Drake dough, livin' where he started at\nEight ain't got no hammer just blam 'em ain't gotta cock it back\nBoy"
                    }, 
                    {
                        "header": "[Verse 3: Boldy James]", 
                        "text hash": "ffe4a60e35ebd413c63a60d5b3767f5c", 
                        "artist": "Boldy James", 
                        "text": "After the first time it's pretty much a piece of cake\nSo if you ain't 'bout this life you probably can't relate to it\nIf you were silver spoon fed back in '88\nI had to eat with my hands out of paper plates\nMade my great escape\nSatan's greatest trick was convincing the world that he didn't exist\nSo meet the man out the myth, the devil in the flesh\nHell block, drugs zone seven six Detroit Michigan\nWe the new Bangladesh, the source and the fear\nI need a new weigh connect (trey six)\nTo give em to me for the two way\nBut of course that depends on if you make it back\n? have you ever perhaps been in a trap so hot you couldn't relax?\nSweatin' bullets, hunnit shots in a TEC\nGotta crook in my neck and it ain't no lookin' back"
                    }
                ], 
                "hooks": [
                    {
                        "header": "[Hook: Boldy James]", 
                        "text hash": "a03375a7c0c85af67c8611aff4c17951", 
                        "artist": "Boldy James", 
                        "text": "Who do you believe in? (Me or them?)\nCause looks can be deceiving (So think again)\nAnd I done been deceived\nSo it's a lot of things that don't sit right with me\nSo be easy (cool my dude)\nWho do you believe in? (Me or them?)\nCause looks can be deceiving (When you me)\nAnd by the looks of things this shit ain't what it seems nigga\nJust give me a reason"
                    }
                ]
            }, 
            "order": [
                "[Verse 1: Boldy James]", 
                "[Hook: Boldy James]", 
                "[Verse 2: Vince Staples]", 
                "[Hook]", 
                "[Verse 3: Boldy James]", 
                "[Hook]"
            ], 
            "artist": "Boldy James"
        }
    },
    "Traction": {
        "raw": "\n    \n  [Action Bronson]\nWe rollin' back to back\nDifferent color Cadillacin'\nPray the Lord, they don't put me in the paddy wagon\nIf they do it be a long trip\nBoss shit, Boldy hold the four fifth\nPull it, leave his body where the Pistons play\nRock a mask like Richard Hamilton\nAnd hit the J\nBut in Queens they call me Mookie\nBoobie put the tookie where she poopy\nIf you see me then salute me, bitch!\n\n[Boldy James]\nCuzzy quick to burn up the turnpike\nAnd skrrt on them dirtbikes\nA lot of outta towners got murdered the first night\nFor try'na serve on the work site\nTen bricks and a bitch\nCame jumped on the first bike\nI'm talkin' perched white\nThird base/3rd Bass, searchlight/Serchlite\nGot caught with another gun on my third strike\nI'm from Detroit so I call cot and run dice\nAnd I was crowned King Concreature from birth right\nBlocks\n\n[Action Bronson]\nWe take em over with little resistance\nVivid descriptions of urban living conditions\nFiend balet, back block recitals\n\n[Boldy James]\nPark the phantom on the block\nGhetto American Idol\nOn a whim and a prayer\nI swear on a stack of bibles\nFor this shit right here\nMy dear handed me the title\nTo the Rivier, lit the glass pipe with the lighter\n\n[Action Bronson]\nPop, pop, pop, pop, pop, pop, pop\nI'm suited up in black attire, bitch\n\n[Hook]\nTime for some [2x]\nTime for some action\nPre-cocked, one in the hole\nBlastin'\nThem nines, double action\nIt's time for some action\nStreet life, lights camera action\nGrind till you shine\nOn your brights from your hazards\nFlash 'em, lights camera action\nTime for some [2x]\nTime for some action\nWe got it all under control, traction\n\n[Action Bronson]\nFuck around throw some fox on my bitch\nBut still cop a sandwich from my ahks up the block\nNo socks, in some concept Balances\nSplit pea soup coupe dipped, no challengers\nThis is grown man rap, you in the kiddie pool\nYou still pissin' in that little urinal\nWe burn the tree with a tinge of purple\nFlip work like a ninja turtle\nYou ain't fuckin' wit' my inner circle\nDreams of five girls laid up on the white bed\nMy off white dick stretched across some dyke's head\n5'8\", the city on my back\nI'm jumpin' out the gym\nAnd dunkin' it on Shaq\n\n[Boldy James]\nPlug with the connect\nI hit him up on consignment\nIf you spineless then squirm with the rest\nYou can run and play hide and seek\nUntil I pop up with that ninety\nNow that's what I call the return of the mac\n\n[Hook]\n\n\n\n\n  ", 
        "pro": {
            "features": [
                "Action Bronson"
            ], 
            "producers": [
                "The Alchemist"
            ], 
            "blocks": {
                "verses": [
                    {
                        "header": "[Boldy James]", 
                        "text hash": "714715b0fd3d33554ac5935a4f42ad01", 
                        "artist": "Boldy James", 
                        "text": "Cuzzy quick to burn up the turnpike\nAnd skrrt on them dirtbikes\nA lot of outta towners got murdered the first night\nFor try'na serve on the work site\nTen bricks and a bitch\nCame jumped on the first bike\nI'm talkin' perched white\nThird base/3rd Bass, searchlight/Serchlite\nGot caught with another gun on my third strike\nI'm from Detroit so I call cot and run dice\nAnd I was crowned King Concreature from birth right\nBlocks"
                    }, 
                    {
                        "header": "[Boldy James]", 
                        "text hash": "847cea05d45cfe154b847f57bbfcb8d9", 
                        "artist": "Boldy James", 
                        "text": "Park the phantom on the block\nGhetto American Idol\nOn a whim and a prayer\nI swear on a stack of bibles\nFor this shit right here\nMy dear handed me the title\nTo the Rivier, lit the glass pipe with the lighter"
                    }, 
                    {
                        "header": "[Boldy James]", 
                        "text hash": "2873aa0de22211e33e143e778e11986c", 
                        "artist": "Boldy James", 
                        "text": "Plug with the connect\nI hit him up on consignment\nIf you spineless then squirm with the rest\nYou can run and play hide and seek\nUntil I pop up with that ninety\nNow that's what I call the return of the mac"
                    }
                ], 
                "hooks": [
                    {
                        "header": "[Hook]", 
                        "text hash": "d8a73f437a6ec8fd17dc58c3200dddc2", 
                        "artist": "Boldy James", 
                        "text": "Time for some [2x]\nTime for some action\nPre-cocked, one in the hole\nBlastin'\nThem nines, double action\nIt's time for some action\nStreet life, lights camera action\nGrind till you shine\nOn your brights from your hazards\nFlash 'em, lights camera action\nTime for some [2x]\nTime for some action\nWe got it all under control, traction"
                    }
                ], 
                "remainders": [
                    {
                        "header": "[Action Bronson]", 
                        "text hash": "47715c9d9c0f65a54122cd1f86bfe7fe", 
                        "artist": "Action Bronson", 
                        "text": "We rollin' back to back\nDifferent color Cadillacin'\nPray the Lord, they don't put me in the paddy wagon\nIf they do it be a long trip\nBoss shit, Boldy hold the four fifth\nPull it, leave his body where the Pistons play\nRock a mask like Richard Hamilton\nAnd hit the J\nBut in Queens they call me Mookie\nBoobie put the tookie where she poopy\nIf you see me then salute me, bitch!"
                    }, 
                    {
                        "header": "[Action Bronson]", 
                        "text hash": "8152a131caa4da631afb304d182ea561", 
                        "artist": "Action Bronson", 
                        "text": "We take em over with little resistance\nVivid descriptions of urban living conditions\nFiend balet, back block recitals"
                    }, 
                    {
                        "header": "[Action Bronson]", 
                        "text hash": "76119b83ebfd843f7d06401dbc3900c3", 
                        "artist": "Action Bronson", 
                        "text": "Pop, pop, pop, pop, pop, pop, pop\nI'm suited up in black attire, bitch"
                    }, 
                    {
                        "header": "[Action Bronson]", 
                        "text hash": "2e1b3c16c7b210815a564b61a963f151", 
                        "artist": "Action Bronson", 
                        "text": "Fuck around throw some fox on my bitch\nBut still cop a sandwich from my ahks up the block\nNo socks, in some concept Balances\nSplit pea soup coupe dipped, no challengers\nThis is grown man rap, you in the kiddie pool\nYou still pissin' in that little urinal\nWe burn the tree with a tinge of purple\nFlip work like a ninja turtle\nYou ain't fuckin' wit' my inner circle\nDreams of five girls laid up on the white bed\nMy off white dick stretched across some dyke's head\n5'8\", the city on my back\nI'm jumpin' out the gym\nAnd dunkin' it on Shaq"
                    }
                ]
            }, 
            "order": [
                "[Action Bronson]", 
                "[Boldy James]", 
                "[Action Bronson]", 
                "[Boldy James]", 
                "[Action Bronson]", 
                "[Hook]", 
                "[Action Bronson]", 
                "[Boldy James]", 
                "[Hook]"
            ], 
            "artist": "Boldy James"
        }
    }
}