{
    "Conglomerate": {
        "raw": "\n    \n  [Introduction]\nMost people would consider this illegal\n\n[Hook]\nSince we are the best and you'd agree with me right, no need to debate\nThe way we run shit, see we're kind of like the government\nSo just respect my conglomerate, just respect my conglomerate\nJust respect my conglomerate, just respect my conglomerate\nJust respect my conglomerate\n\n[Verse One: Busta Rhymes]\nIt's Busta Rhymes and I'm back with the crack and the thugs and the drugs\nA nigger's black, oh, the best to do it, we only deal with the facts, bitch\nBlazing that I'm so amazing on the tracks, bitch, bounce of them\nAnd I jump and I skip and I hop and I flip over niggers' like gymnastics, hey\nWatch the way and I'm giving the streets acid, bastards\nNiggers' know I'm the king of the classics, drastic measures\nI'm spreading like a rash bitch, class is in session\nUou're about to get your ass kicked, emperor of every round table of the house\nAnd when I speak, niggers' respect me as leader of the councilman\nGod rap, God persona, God scrilla, God body in the flesh, call me Godzilla\nNow you know, you see we be the most prominent, dominant niggers'\nRespect my conglomerate\n\n[Hook]\nSince we are the best and you'd agree with me right, no need to debate\nThe way we run shit, see we're kind of like the government\nSo just respect my conglomerate, just respect my conglomerate\nJust respect my conglomerate, just respect my conglomerate\nJust respect my conglomerate\n\n[Verse Two: Lil' Wayne]\nYoung Money's in charge, yes, it\u00b4s Lil' Wayne but the moneys enlarged\nPriorities, Young Money and God\nNow they want to know how I be getting money on Mars\nBecause I'd be getting paid like out of this world, hip hop is a bitch\nAnd I\u00b4m proud of this girl, when the sharks come, see how the fish curl\nThis is my game, you gon' need a referral, I know more about tree than squirrel\nMe no talk much but the heat so verbal, brand New Marc Jacobs\nPink coat's thermal, gun's outside of the gear external, I\u00b4m so fly\nYa\u00b4ll still at the terminal, I\u00b4ll put you in the dirt\nJust because I see the worm in you, Dirty South, bitch, admire\nAnd acknowledge it and respect my conglomerate\n\n[Hook]\nSince we are the best and you'd agree with me right, no need to debate\nThe way we run shit, see we're kind of like the government\nSo just respect my conglomerate, just respect my conglomerate\nJust respect my conglomerate, just respect my conglomerate\nJust respect my conglomerate\n\n[Verse Three: Young Jeezy]\nI tell them, 'Hold up, swoll' up, you ain't see us rollin up'\nSee them broads froze up, soon door's open up, hey, ladies\nYou're liking what you see, American gangster, my strap's European\nCame wit a scope, got a Navy feel so I can ambush niggas like the Navy Seals\nMy defensive line lookin like some linebackers, most six cars\nThe other half's car jackers, ballers' with them things, yeah\nWe call them contractors and if you're in boys right\nThen they might contract you, forty cal's looking sweet\nOn them honeycomb seats, just like Cassie, my Sean John's freak\nGet you what you want, just not that deep, yet, thirteen will split\nGot them A Rod seats, two for the Madonna, the A Rod freak\nYou know I've brought the whole so we're A Rod deep\n\n[Hook]\nSince we are the best and you'd agree with me right, no need to debate\nThe way we run shit, see we're kind of like the government\nSo just respect my conglomerate, just respect my conglomerate\nJust respect my conglomerate, just respect my conglomerate\nJust respect my conglomerate\n\n[Verse Four: Jadakiss]\nWorkers, bosses, Ferrari's, Porches, dope fiends' nauseous, crack spot losses\nRace track horses, big meetings at the round table to discuss what the cost is\nMoney changes you, devils, angels, we're the ones who say what you can\nAnd what you can't do, respect, power, kush, sour, haze, airy, pills, powder\nGangsters', varmints, ice garments, don shit, real niggers' who I get it on with\nWhen I'm around, my colleagues ain't comfortable\nThey've all got a sick with my verses for a month or two\nWrong nigger to have a problem with, the blade first\nThen the bullet gon' follow it, if you're lucky, I might hollow it\nD Block, just respect my conglomerate\n\n[Hook]\nSince we are the best and you'd agree with me right, no need to debate\nThe way we run shit, see we're kind of like the government\nSo just respect my conglomerate, just respect my conglomerate\nJust respect my conglomerate, just respect my conglomerate\nJust respect my conglomerate\n\n\n\n\n  ", 
        "pro": {
            "features": [
                "Jadakiss", 
                "Jeezy"
            ], 
            "blocks": {
                "verses": [
                    {
                        "header": "[Verse One: Busta Rhymes]", 
                        "text hash": "ded286f7101f252fae0828839f1eeff8", 
                        "artist": "Busta Rhymes", 
                        "text": "It's Busta Rhymes and I'm back with the crack and the thugs and the drugs\nA nigger's black, oh, the best to do it, we only deal with the facts, bitch\nBlazing that I'm so amazing on the tracks, bitch, bounce of them\nAnd I jump and I skip and I hop and I flip over niggers' like gymnastics, hey\nWatch the way and I'm giving the streets acid, bastards\nNiggers' know I'm the king of the classics, drastic measures\nI'm spreading like a rash bitch, class is in session\nUou're about to get your ass kicked, emperor of every round table of the house\nAnd when I speak, niggers' respect me as leader of the councilman\nGod rap, God persona, God scrilla, God body in the flesh, call me Godzilla\nNow you know, you see we be the most prominent, dominant niggers'\nRespect my conglomerate"
                    }, 
                    {
                        "header": "[Verse Two: Lil' Wayne]", 
                        "text hash": "2b469a1ae16a439f255978fcc7840b09", 
                        "artist": "Lil' Wayne", 
                        "text": "Young Money's in charge, yes, it\u00b4s Lil' Wayne but the moneys enlarged\nPriorities, Young Money and God\nNow they want to know how I be getting money on Mars\nBecause I'd be getting paid like out of this world, hip hop is a bitch\nAnd I\u00b4m proud of this girl, when the sharks come, see how the fish curl\nThis is my game, you gon' need a referral, I know more about tree than squirrel\nMe no talk much but the heat so verbal, brand New Marc Jacobs\nPink coat's thermal, gun's outside of the gear external, I\u00b4m so fly\nYa\u00b4ll still at the terminal, I\u00b4ll put you in the dirt\nJust because I see the worm in you, Dirty South, bitch, admire\nAnd acknowledge it and respect my conglomerate"
                    }, 
                    {
                        "header": "[Verse Three: Young Jeezy]", 
                        "text hash": "f41ab41a4d5229e4d8538b985345c9de", 
                        "artist": "Jeezy", 
                        "text": "I tell them, 'Hold up, swoll' up, you ain't see us rollin up'\nSee them broads froze up, soon door's open up, hey, ladies\nYou're liking what you see, American gangster, my strap's European\nCame wit a scope, got a Navy feel so I can ambush niggas like the Navy Seals\nMy defensive line lookin like some linebackers, most six cars\nThe other half's car jackers, ballers' with them things, yeah\nWe call them contractors and if you're in boys right\nThen they might contract you, forty cal's looking sweet\nOn them honeycomb seats, just like Cassie, my Sean John's freak\nGet you what you want, just not that deep, yet, thirteen will split\nGot them A Rod seats, two for the Madonna, the A Rod freak\nYou know I've brought the whole so we're A Rod deep"
                    }, 
                    {
                        "header": "[Verse Four: Jadakiss]", 
                        "text hash": "bd9e84c8176b98c9eb68b951a422e56a", 
                        "artist": "Jadakiss", 
                        "text": "Workers, bosses, Ferrari's, Porches, dope fiends' nauseous, crack spot losses\nRace track horses, big meetings at the round table to discuss what the cost is\nMoney changes you, devils, angels, we're the ones who say what you can\nAnd what you can't do, respect, power, kush, sour, haze, airy, pills, powder\nGangsters', varmints, ice garments, don shit, real niggers' who I get it on with\nWhen I'm around, my colleagues ain't comfortable\nThey've all got a sick with my verses for a month or two\nWrong nigger to have a problem with, the blade first\nThen the bullet gon' follow it, if you're lucky, I might hollow it\nD Block, just respect my conglomerate"
                    }
                ], 
                "hooks": [
                    {
                        "header": "[Hook]", 
                        "text hash": "c25a87835322340a5ac29b614a666b75", 
                        "artist": "Busta Rhymes", 
                        "text": "Since we are the best and you'd agree with me right, no need to debate\nThe way we run shit, see we're kind of like the government\nSo just respect my conglomerate, just respect my conglomerate\nJust respect my conglomerate, just respect my conglomerate\nJust respect my conglomerate"
                    }, 
                    {
                        "header": "[Hook]", 
                        "text hash": "1a92252835464e7585686387b1c4b426", 
                        "artist": "Busta Rhymes", 
                        "text": "Since we are the best and you'd agree with me right, no need to debate\nThe way we run shit, see we're kind of like the government\nSo just respect my conglomerate, just respect my conglomerate\nJust respect my conglomerate, just respect my conglomerate\nJust respect my conglomerate\n\n\n\n\n  "
                    }
                ], 
                "intro": [
                    {
                        "header": "[Introduction]", 
                        "text hash": "c4c620ba28aa96eda942178f2fe571ea", 
                        "artist": "Busta Rhymes", 
                        "text": "Most people would consider this illegal"
                    }
                ]
            }, 
            "order": [
                "[Introduction]", 
                "[Hook]", 
                "[Verse One: Busta Rhymes]", 
                "[Hook]", 
                "[Verse Two: Lil' Wayne]", 
                "[Hook]", 
                "[Verse Three: Young Jeezy]", 
                "[Hook]", 
                "[Verse Four: Jadakiss]", 
                "[Hook]"
            ], 
            "artist": "Busta Rhymes"
        }
    },
    "Violators": {
        "raw": "\n    \n  * just to be clear, L Boogie does +not+ in this case refer to Lauryn Hill\n\n[Swizz Beatz]\nLet's get it started, get it started\nLet's keep it started, keep it started\nYeah, yeah, Violater the album\nGo, go, go!!\n\n[L Boogie]\nThis is for my mob and my thug niggas\nRuff ryder bug niggas, Def Jam website violate the club niggas\nScreaming what, what niggas, yall a bunch of but niggas\nAlways want figures but never play the cut niggas\nTalk mad shit but never put up niggas\nIs it cause I bust wit stuff that just shut up niggas\nFlow like dro, I pull then clip it or mix it wit some moet then sip it\nThen turn around and flip it, shit on your whole album wit a snippet\nRun up on your lawyer for your contract then rip it\nShame on your label, for trying to let you eat at my seat\nWhen they know I call my name at this table\nI'm gon always be here, and yall always gonna fear\nThe bronx making them recoreds cause we always prepared\nGot sons you don't know about, ones you don't know about\nBuns by the tons, mad guns and we going out\nWhat!!\n\n[Swizz Beatz]\nIt ain't over, It ain't over, ain't over\n\n[Sonja Blade]\nI'm the one wit the chrome and the clothes\nDrop flows from the dome , wit the ice got the price of a home and a lobe\nSONJA BLAD-E, just so you know baby (yeah)\nHold eighty roll through you and your old lady\nHow rich this dough made me, gold az matching the navie\nShit you won't find at old navy, two hundred zero ad\nStill live shit, spit to divide cliques on some wise guy shit\nSame chick from the ?, pretty eyes lips, thighs hips everything five and six\nHeight five six, jeans five six, benz green five and six keep me five or sixed\nWe know dice hit want cream fold, for two green five six seelo and the ego (yeah)\nSo how you flipping grams yo (uh uh)\nI'm touching keys like pianos to getting dough like Tony Soprano\n\n[Noreaga]\nYo my niggas is on the same level I'm on\nYou ask me why I'm Melvin Flynt I'm doing a porn\nAy yo yall niggas is faker then a three dollar bill\nAnd I don't shoot to bust yo I shoot to kill\nWhat's going on yo, the jumpoff and jump off flow\nYo I'm in five O, O, O, yo pass that ho\nAfter you get done wit it, yo let me hit it\nBitches know how I come, I bring the cock wit it\nAll of the thug piece you know I gotta rock wit it\nI ear plane the ho like I cockpitted\nYo I love my niggas, don't love no chicks\nI like to light the blunts then order my licks\nFoundation motherfucker like the bottom of bricks\nI'm from Iraq nigga wit domican hits\nPeurto Rican motherfuckers yo yall fake they fits\nViolator motherfucker\n\n[Mysonne]\nYo, yo\nI told these niggas from the gitty up\nYall give me sixteen yo I'll tear this whole city up\nAnd niggas don't believe then tell em put fifty up\nAll bets is down, all my thugs do dirt, all our tecs spit rounds\nMy ? playas disrespected clowns\nBringing guns, weed and coke to connected towns\nSee I pop niggas like corn, and real killers do killings wit the lights on\nI knock em out, cause I don't like to fight long\nRemember me lefty gun up in my right palm\nIt's Mysonne, see Mysonne is the one that knock on your door\nYou open up, you see a whore wit the Glock to your jaw\nSee Mysonne is the one that hit the blocks wit the raw\nFor his money, Mysonne air the block wit the four\nYall cowards don't want war, yall can't stand pain\nCop you some gators, drink champane\nCause when it comes to the street shit, I let the heat lift\nMurder scene police lines nigga white sheet shit\nYall roll wit niggas, I'm the one they roll wit\nYall go get niggas, I'm the one they go get\nYall niggas don't want nothing to do wit me\nCause I spit guns and rhymes like their's two of me\nMotherfucker\n\n[Prodigy]\nNiggas can't be serious, we wear guns like clothes\nBut only show em when it's time to blow em in bulk\nWe been through way worse then war, razor fights and more\nLeft niggas wit leaks, holes and wide jaw\nBe the quiet storm, appear how you wanna scale bar\nCheck out your weight, see if it's worth to war\nWe did the street life yall niggas just got involved\nMy appetite for guns is similar to carnivores\nDislike me you head on, fight me you dead wrong\nCause now a days you only get wet wit my dead on\nDon't let this song push you, the fourth hit you\nHave you keyed up gasping for breath on the floor cripple\nInfamous we take it to the extremes my words\nEspecially when a nigga mistake me for herb\nGet buried over words, I'm loose wit the dessy bird\nI can show ready or tell, yall niggas heard\n\n[Busta Rhymes]\nNow gitty up now, it's lighting horse back saddleing\nRob beaches like we rowing a boat and we paddleing\nDown a stream of water, wet any nigga challeging\nBlow one all in your knee cap leave you staggering\nScrambling cause theirs a whole lot of shit we be handling\nMy hands all in the money, Fuck it we dibble and dabbling\nGot you imageing how this could really all be happeing\nMy landscape of live niggas stretch from here to Maryland\nBLAW put one in a nigga who be rambling\nAnd blow a hundred thou if yall niggas is really gambling\nGritty niggas feel the snap pop leaving it crackling\nYou know the bouncer keep all of my live niggas wild wit him\nTraveling to see niggas from Howard through Grambling\nHa round up my niggas to form a large gathering\nYo rattling niggas who walk badlimp\nBeat you in the same place till the blues start blacking\nC-E-O niggas stay genaral managing\nFLIPMODE throwing those heavy bundles we carrying\nYo analyze my many live niggas cramming it\nWe throw a three pointer, while yall niggas throwing javelins\nSweating your whole shit, feel your clothes dampeing\nDancing in a line of four wheel drives we lamping\nThe ? arms length up in the draw paneling\nOr unraveling the truth on how niggas remain champions\nHA, HA, HA\n\n[Busta Rhymes]\nFlipmode, Violator, We always silence shit\nFuck is wrong wit yall\nCut that shit off now\nCut it off nigga\nCut it off nigga\n\n\n\n\n  ", 
        "pro": {
            "features": [
                "L Boogie", 
                "Mysonne", 
                "N.O.R.E.", 
                "Prodigy", 
                "Sonja Blade"
            ], 
            "producers": [
                "Swizz Beatz"
            ], 
            "blocks": {
                "verses": [
                    {
                        "header": "[Busta Rhymes]", 
                        "text hash": "646391fbd6856f72c08d9f5894cca981", 
                        "artist": "Busta Rhymes", 
                        "text": "Now gitty up now, it's lighting horse back saddleing\nRob beaches like we rowing a boat and we paddleing\nDown a stream of water, wet any nigga challeging\nBlow one all in your knee cap leave you staggering\nScrambling cause theirs a whole lot of shit we be handling\nMy hands all in the money, Fuck it we dibble and dabbling\nGot you imageing how this could really all be happeing\nMy landscape of live niggas stretch from here to Maryland\nBLAW put one in a nigga who be rambling\nAnd blow a hundred thou if yall niggas is really gambling\nGritty niggas feel the snap pop leaving it crackling\nYou know the bouncer keep all of my live niggas wild wit him\nTraveling to see niggas from Howard through Grambling\nHa round up my niggas to form a large gathering\nYo rattling niggas who walk badlimp\nBeat you in the same place till the blues start blacking\nC-E-O niggas stay genaral managing\nFLIPMODE throwing those heavy bundles we carrying\nYo analyze my many live niggas cramming it\nWe throw a three pointer, while yall niggas throwing javelins\nSweating your whole shit, feel your clothes dampeing\nDancing in a line of four wheel drives we lamping\nThe ? arms length up in the draw paneling\nOr unraveling the truth on how niggas remain champions\nHA, HA, HA"
                    }, 
                    {
                        "header": "[Busta Rhymes]", 
                        "text hash": "7f7c808016d26f91534aba28080f14d4", 
                        "artist": "Busta Rhymes", 
                        "text": "Flipmode, Violator, We always silence shit\nFuck is wrong wit yall\nCut that shit off now\nCut it off nigga\nCut it off nigga\n\n\n\n\n  "
                    }
                ], 
                "hooks": [], 
                "remainders": [
                    {
                        "header": "[Swizz Beatz]", 
                        "text hash": "c51216f21304221311fa5fa4b7b84b43", 
                        "artist": "Busta Rhymes", 
                        "text": "Let's get it started, get it started\nLet's keep it started, keep it started\nYeah, yeah, Violater the album\nGo, go, go!!"
                    }, 
                    {
                        "header": "[L Boogie]", 
                        "text hash": "d1a346240af115df38a059a623b2f9e3", 
                        "artist": "L Boogie", 
                        "text": "This is for my mob and my thug niggas\nRuff ryder bug niggas, Def Jam website violate the club niggas\nScreaming what, what niggas, yall a bunch of but niggas\nAlways want figures but never play the cut niggas\nTalk mad shit but never put up niggas\nIs it cause I bust wit stuff that just shut up niggas\nFlow like dro, I pull then clip it or mix it wit some moet then sip it\nThen turn around and flip it, shit on your whole album wit a snippet\nRun up on your lawyer for your contract then rip it\nShame on your label, for trying to let you eat at my seat\nWhen they know I call my name at this table\nI'm gon always be here, and yall always gonna fear\nThe bronx making them recoreds cause we always prepared\nGot sons you don't know about, ones you don't know about\nBuns by the tons, mad guns and we going out\nWhat!!"
                    }, 
                    {
                        "header": "[Swizz Beatz]", 
                        "text hash": "fb2941b9ec069260c8a8db25c3911796", 
                        "artist": "Busta Rhymes", 
                        "text": "It ain't over, It ain't over, ain't over"
                    }, 
                    {
                        "header": "[Sonja Blade]", 
                        "text hash": "e96044c38f4e80c77ac8d0a3211b1c47", 
                        "artist": "Sonja Blade", 
                        "text": "I'm the one wit the chrome and the clothes\nDrop flows from the dome , wit the ice got the price of a home and a lobe\nSONJA BLAD-E, just so you know baby (yeah)\nHold eighty roll through you and your old lady\nHow rich this dough made me, gold az matching the navie\nShit you won't find at old navy, two hundred zero ad\nStill live shit, spit to divide cliques on some wise guy shit\nSame chick from the ?, pretty eyes lips, thighs hips everything five and six\nHeight five six, jeans five six, benz green five and six keep me five or sixed\nWe know dice hit want cream fold, for two green five six seelo and the ego (yeah)\nSo how you flipping grams yo (uh uh)\nI'm touching keys like pianos to getting dough like Tony Soprano"
                    }, 
                    {
                        "header": "[Noreaga]", 
                        "text hash": "1bef1d131a785af60a2d9dccdb94812e", 
                        "artist": "N.O.R.E.", 
                        "text": "Yo my niggas is on the same level I'm on\nYou ask me why I'm Melvin Flynt I'm doing a porn\nAy yo yall niggas is faker then a three dollar bill\nAnd I don't shoot to bust yo I shoot to kill\nWhat's going on yo, the jumpoff and jump off flow\nYo I'm in five O, O, O, yo pass that ho\nAfter you get done wit it, yo let me hit it\nBitches know how I come, I bring the cock wit it\nAll of the thug piece you know I gotta rock wit it\nI ear plane the ho like I cockpitted\nYo I love my niggas, don't love no chicks\nI like to light the blunts then order my licks\nFoundation motherfucker like the bottom of bricks\nI'm from Iraq nigga wit domican hits\nPeurto Rican motherfuckers yo yall fake they fits\nViolator motherfucker"
                    }, 
                    {
                        "header": "[Mysonne]", 
                        "text hash": "40ed0edf0b634c43e49e6367109db356", 
                        "artist": "Mysonne", 
                        "text": "Yo, yo\nI told these niggas from the gitty up\nYall give me sixteen yo I'll tear this whole city up\nAnd niggas don't believe then tell em put fifty up\nAll bets is down, all my thugs do dirt, all our tecs spit rounds\nMy ? playas disrespected clowns\nBringing guns, weed and coke to connected towns\nSee I pop niggas like corn, and real killers do killings wit the lights on\nI knock em out, cause I don't like to fight long\nRemember me lefty gun up in my right palm\nIt's Mysonne, see Mysonne is the one that knock on your door\nYou open up, you see a whore wit the Glock to your jaw\nSee Mysonne is the one that hit the blocks wit the raw\nFor his money, Mysonne air the block wit the four\nYall cowards don't want war, yall can't stand pain\nCop you some gators, drink champane\nCause when it comes to the street shit, I let the heat lift\nMurder scene police lines nigga white sheet shit\nYall roll wit niggas, I'm the one they roll wit\nYall go get niggas, I'm the one they go get\nYall niggas don't want nothing to do wit me\nCause I spit guns and rhymes like their's two of me\nMotherfucker"
                    }, 
                    {
                        "header": "[Prodigy]", 
                        "text hash": "f51080e65d0e937e6c73429b8cb6ac41", 
                        "artist": "Prodigy", 
                        "text": "Niggas can't be serious, we wear guns like clothes\nBut only show em when it's time to blow em in bulk\nWe been through way worse then war, razor fights and more\nLeft niggas wit leaks, holes and wide jaw\nBe the quiet storm, appear how you wanna scale bar\nCheck out your weight, see if it's worth to war\nWe did the street life yall niggas just got involved\nMy appetite for guns is similar to carnivores\nDislike me you head on, fight me you dead wrong\nCause now a days you only get wet wit my dead on\nDon't let this song push you, the fourth hit you\nHave you keyed up gasping for breath on the floor cripple\nInfamous we take it to the extremes my words\nEspecially when a nigga mistake me for herb\nGet buried over words, I'm loose wit the dessy bird\nI can show ready or tell, yall niggas heard"
                    }
                ]
            }, 
            "order": [
                "[Swizz Beatz]", 
                "[L Boogie]", 
                "[Swizz Beatz]", 
                "[Sonja Blade]", 
                "[Noreaga]", 
                "[Mysonne]", 
                "[Prodigy]", 
                "[Busta Rhymes]", 
                "[Busta Rhymes]"
            ], 
            "artist": "Busta Rhymes"
        }
    }
}