{
    "Horsemen": {
        "raw": "\n    \n  [Pharoahe Monch]\nYo yo\nThe sheer fuckin assemblin of these fo' niggas rekindling war\nSeek the Horsemen, we walk the planet Earth on all four's\nCause your empire to Fall like the season before winter\nDon't get beside yourself like clone twins in the placenta\nAssassinate the mayor through time-travel\nThe assignment: to reduce all molecules and pass through solid confinement\nThe only way you could flooowww *slows down* iiisss iiifff\nI liquidize your rhyme\nConsequently blowin by me crystalizin your mind\nThe government assigned sentinels for Horsemen elimination\nClaimin we were mutants of artificial insemination\nLost my limbs to bomb shrapnel\nBut through cell regeneration the blood accelerates at twice the speed\nPeep the vindication indeed\nThink tank full when you blink, think synchronicity\nRob three banks at the same time through Multiplicity shine\nPLEASE!!! These four niggas combine alone\nBringin a nation of MC's to their knees wit ease\nSiege a soldier and hold men for ransom\nStop procreation, chop they cocks off so they can't come\nBlock off a forty mile radius, bomb your fan base\nSeeds are abnormally born and scorn wit a man's face\nIndeed watch the moon bleed, we lead by example\nLoop my life in time, stretch it in a nine like a sample\n\n[Canibus] (Horsemen)\nWe rock quadrupeds (Horsemen, enforce men)\nChop off your fuckin head (We the Horsemen, enforce men)\nLeave you all dead then we eat your car-cus\n(The Horsemen) I'm a Horseman (enforce men)\nI'm a Horseman (The Horsemen)\nI'm a Horseman (The forcemen)\nWE THE HORSEMEN!\n\n\n\n\n  ", 
        "pro": {
            "features": [
                "Pharoahe Monch"
            ], 
            "blocks": {
                "verses": [
                    {
                        "header": "[Pharoahe Monch]", 
                        "text hash": "4ea8e9dda62f22effc3b21d1d0cd2b84", 
                        "artist": "Pharoahe Monch", 
                        "text": "Yo yo\nThe sheer fuckin assemblin of these fo' niggas rekindling war\nSeek the Horsemen, we walk the planet Earth on all four's\nCause your empire to Fall like the season before winter\nDon't get beside yourself like clone twins in the placenta\nAssassinate the mayor through time-travel\nThe assignment: to reduce all molecules and pass through solid confinement\nThe only way you could flooowww *slows down* iiisss iiifff\nI liquidize your rhyme\nConsequently blowin by me crystalizin your mind\nThe government assigned sentinels for Horsemen elimination\nClaimin we were mutants of artificial insemination\nLost my limbs to bomb shrapnel\nBut through cell regeneration the blood accelerates at twice the speed\nPeep the vindication indeed\nThink tank full when you blink, think synchronicity\nRob three banks at the same time through Multiplicity shine\nPLEASE!!! These four niggas combine alone\nBringin a nation of MC's to their knees wit ease\nSiege a soldier and hold men for ransom\nStop procreation, chop they cocks off so they can't come\nBlock off a forty mile radius, bomb your fan base\nSeeds are abnormally born and scorn wit a man's face\nIndeed watch the moon bleed, we lead by example\nLoop my life in time, stretch it in a nine like a sample"
                    }, 
                    {
                        "header": "[Canibus]", 
                        "text hash": "485c09547f5bcc38b1d8900121d94ae0", 
                        "artist": "Canibus", 
                        "text": " (Horsemen)\nWe rock quadrupeds (Horsemen, enforce men)\nChop off your fuckin head (We the Horsemen, enforce men)\nLeave you all dead then we eat your car-cus\n(The Horsemen) I'm a Horseman (enforce men)\nI'm a Horseman (The Horsemen)\nI'm a Horseman (The forcemen)\nWE THE HORSEMEN!\n\n\n\n\n  "
                    }
                ], 
                "hooks": []
            }, 
            "order": [
                "[Pharoahe Monch]"
            ], 
            "artist": "Canibus"
        }
    }
}