{
    "Drugs Only": {
        "raw": "\n    \n  [Hook: Chill Will]\nNigga better not run up on me\nRun up on me, run up on me\nRun up on me, run up on me\nRun up on me, run up on me\nOr he gonna be a dead homie\nDead homie, dead homie\nDead homie, dead homie\nDead homie, dead homie\nThis spot is for drugs only\n\n[Verse 1: Quavo]\nPulling up in a big wheelie\nCooking dope, just me and Chilly\nStuffing the bricks in the Bentley\nI wrap it and send it to Philly\nThis a drug only area you trippin'\nPhew, the pack gone missing [?]\nGggraow, gggraow, the bullet gon' hit him\nYoung nigga young nigga we realer\nI hang we with gorillas\nMy niggas dope dealers\nYou short with the guala?\nCall Skippa the Flippa\n\n\n[Verse 2: Takeoff]\nThe coca that cola, I'm smoking a blunt\nLike that purple come from Minnesota\nThe plug hit my Motorola\nHe talking bout shipping it over\nCan't fold you gotta roll over\nThat's what them OG D told me\nMe and Chill Will, popping the seal\nDiamonds on chill, Forgi my wheel\nFlipping the brick trying to get me a M\nTrap spot, no Jay Z, J got that hard knock\nCameras on my [?] block\n\n[Hook]\nThis spot is for drugs only\nDrugs only, drugs only\nDrugs only, drugs only\nDrugs only, drugs only\nGot a whole lot of money on me\nMoney on me, money on me\nMoney on me, money on me\nMoney on me, money on me\nNigga better not run up on me\nRun up on me, run up on me\nRun up on me, run up on me\nRun up on me, run up on me\nOr he gonna be a dead homie\nDead homie, dead homie\nDead homie, dead homie\nDead homie, dead homie\nThis spot is for drugs only\n\n[Verse 3: Chill Will]\nI tell you right now\nI don't really play bout that\nYou done went and made me mad\nI tell you right now\nA nigga can't tell me nothing\nYou ain't never sold me nothing\nCount the money I'm sweatin' (Woo!)\n10 squares I'm blessed\nYour girl on my dick cause there's ice around my neck\nThis song is for thugs only, this house is for drugs only\nThis kitchen, no refrigerator\nJust a stove in it with a pot on it\nAll this big money on me, now I gotta keep a gun on me\nNiggas trying to run a trick play then they gonna have to bury homie\nShort barrel, Gary Coleman, 81 bullets, Terrell Owens\nI'm VIP, members only\nPulling these hoes like [?]\n911, operator\nNew Jaguar, space invader\nLet a nigga run, gonna get done up, trying to fuck up my come up\n\n[Hook]\n\n[Verse 4: Yung Fresh]\nThis spot is for drugs only, this spot is for plugs only\n357 [?] slug on me, VVS shining like bulbs on me\nHit your ass in your mug homie\nFuck around you have a dead homie\nChill Will and street money\nRunning through a hundred on an easy Sunday\nYou pour [?] not Giovanni\nServe it in real glass, this bitch bunkin'\nGot real juugs coming from the contra\nNigga how you want it, hard or soft\nRe-up and flip it 'fo I take a loss\nSuper clear clarity, hear it in his cloths\nGot cameras everyone in this spot\nGot gambino dope in this pot\nFlatscreens everywhere on the wall\nGot choppers on the floor, fuck the law\nAll I got is my word and my balls\nSuper-charged motor with the [?]\nThis spot is for drugs only\nThis spot for making drug money\nThis spot this bitch bunkin'\nThank the lord for rubber bands, keep 'em coming\n\n[Hook]\n\n\n\n\n  ", 
        "pro": {
            "features": [
                "Migos", 
                "Yung Fresh"
            ], 
            "blocks": {
                "verses": [
                    {
                        "header": "[Verse 1: Quavo]", 
                        "text hash": "3d6195e1080d125dd5e1b3db8509ea5a", 
                        "artist": "Quavo", 
                        "text": "Pulling up in a big wheelie\nCooking dope, just me and Chilly\nStuffing the bricks in the Bentley\nI wrap it and send it to Philly\nThis a drug only area you trippin'\nPhew, the pack gone missing [?]\nGggraow, gggraow, the bullet gon' hit him\nYoung nigga young nigga we realer\nI hang we with gorillas\nMy niggas dope dealers\nYou short with the guala?\nCall Skippa the Flippa"
                    }, 
                    {
                        "header": "[Verse 2: Takeoff]", 
                        "text hash": "c6159e5a2a46f1cff235442a40696b32", 
                        "artist": "Takeoff", 
                        "text": "The coca that cola, I'm smoking a blunt\nLike that purple come from Minnesota\nThe plug hit my Motorola\nHe talking bout shipping it over\nCan't fold you gotta roll over\nThat's what them OG D told me\nMe and Chill Will, popping the seal\nDiamonds on chill, Forgi my wheel\nFlipping the brick trying to get me a M\nTrap spot, no Jay Z, J got that hard knock\nCameras on my [?] block"
                    }, 
                    {
                        "header": "[Verse 3: Chill Will]", 
                        "text hash": "13cb320d4c167af41e33706b5c10ae73", 
                        "artist": "Chill Will", 
                        "text": "I tell you right now\nI don't really play bout that\nYou done went and made me mad\nI tell you right now\nA nigga can't tell me nothing\nYou ain't never sold me nothing\nCount the money I'm sweatin' (Woo!)\n10 squares I'm blessed\nYour girl on my dick cause there's ice around my neck\nThis song is for thugs only, this house is for drugs only\nThis kitchen, no refrigerator\nJust a stove in it with a pot on it\nAll this big money on me, now I gotta keep a gun on me\nNiggas trying to run a trick play then they gonna have to bury homie\nShort barrel, Gary Coleman, 81 bullets, Terrell Owens\nI'm VIP, members only\nPulling these hoes like [?]\n911, operator\nNew Jaguar, space invader\nLet a nigga run, gonna get done up, trying to fuck up my come up"
                    }, 
                    {
                        "header": "[Verse 4: Yung Fresh]", 
                        "text hash": "ad737c6c64330dbd12afd98081d9be8a", 
                        "artist": "Yung Fresh", 
                        "text": "This spot is for drugs only, this spot is for plugs only\n357 [?] slug on me, VVS shining like bulbs on me\nHit your ass in your mug homie\nFuck around you have a dead homie\nChill Will and street money\nRunning through a hundred on an easy Sunday\nYou pour [?] not Giovanni\nServe it in real glass, this bitch bunkin'\nGot real juugs coming from the contra\nNigga how you want it, hard or soft\nRe-up and flip it 'fo I take a loss\nSuper clear clarity, hear it in his cloths\nGot cameras everyone in this spot\nGot gambino dope in this pot\nFlatscreens everywhere on the wall\nGot choppers on the floor, fuck the law\nAll I got is my word and my balls\nSuper-charged motor with the [?]\nThis spot is for drugs only\nThis spot for making drug money\nThis spot this bitch bunkin'\nThank the lord for rubber bands, keep 'em coming"
                    }
                ], 
                "hooks": [
                    {
                        "header": "[Hook: Chill Will]", 
                        "text hash": "c99485d3bf057668cc2c7388ce7517bd", 
                        "artist": "Chill Will", 
                        "text": "Nigga better not run up on me\nRun up on me, run up on me\nRun up on me, run up on me\nRun up on me, run up on me\nOr he gonna be a dead homie\nDead homie, dead homie\nDead homie, dead homie\nDead homie, dead homie\nThis spot is for drugs only"
                    }, 
                    {
                        "header": "[Hook]", 
                        "text hash": "8e0d2a5926c9a970f56e70a309dbe323", 
                        "artist": "Chill Will", 
                        "text": "This spot is for drugs only\nDrugs only, drugs only\nDrugs only, drugs only\nDrugs only, drugs only\nGot a whole lot of money on me\nMoney on me, money on me\nMoney on me, money on me\nMoney on me, money on me\nNigga better not run up on me\nRun up on me, run up on me\nRun up on me, run up on me\nRun up on me, run up on me\nOr he gonna be a dead homie\nDead homie, dead homie\nDead homie, dead homie\nDead homie, dead homie\nThis spot is for drugs only"
                    }
                ]
            }, 
            "order": [
                "[Hook: Chill Will]", 
                "[Verse 1: Quavo]", 
                "[Verse 2: Takeoff]", 
                "[Hook]", 
                "[Verse 3: Chill Will]", 
                "[Hook]", 
                "[Verse 4: Yung Fresh]", 
                "[Hook]"
            ], 
            "artist": "Chill Will"
        }
    },
    "Crazy": {
        "raw": "\n    \n  [Hook \u2013 Chill Will]\nShirt match the belt match the shoes, that\u2019s crazy\nDumping kush ashes on the floor, I\u2019m lazy\nSipping on the lean, got me looking kind of crazy\nNigga talking down but it really don\u2019t faze me\nImma hit her quick before she start acting crazy\nRims on the tires got my car driving crazy\nIce around my neck got your girl looking crazy\nChilling with some chicks screaming fuck you, pay me\n\n[Verse 1 \u2013 Chill Will]\nHalf a million dollars worth of twenties, that\u2019s crazy\n20 squares on the back seat, I\u2019m crazy\nRiding down 20, never see the speed limit nigga\nNo this ain\u2019t a gimmick, quarter million for my image nigga\nPausing for the fans on my way, that\u2019s crazy\nDesigner frames hanging off my face, I\u2019m shady\nShawty got an ass on her and it\u2019s crazy\nBut she say she got an old man and he crazy\nI\u2019m moving the white girl, I\u2019m driving Mrs. Daisy\nNigga play with me, he gon be pushing on daisies\nI\u2019m tryna fuck today, girl I\u2019m kinda impatient\nBut if she say she love me Imma drive that bitch crazy\n\n[Hook]\n\n[Verse 2 \u2013 Takeoff]\nShades, they matching the shirt\nThe shirt, it\u2019s matching my shoes\nLet\u2019s get out my jewels!\nWater my diamonds and take em [?]\nRobbing my dinner, religion is true\nVersace, Medusa, your Sace is fool\nI got the hook up like I\u2019m black and blue\nSick with the wrist, like I got the flu\nRed bottom my shoe, but I ain\u2019t [?]\nCalling them chill, we taking them trips\nTo Beverly Hills to pick up them M\u2019s\nFuck your main bitch and I put her on film\nDiamond bricks, clientele at the gym\nSelling that white got me M&Ms\nOG gas bag in the MCM\nKitchen been [?], get F&N\nBad ass bitch, she come from Berlin\nWas crazy, I came a long way from [?] ladies\nVersace, Versace, we made it\nMama she told me that we gon be hated and we gon be famous\nAnd that we the greatest\nThe shades is matching the belt, the belt is matching the shoes\nThey tell me it\u2019s crazy, I know that they hate it\nI pull up, I\u2019m faded, [?] the bando from whipping them babies\n(That\u2019s Crazy)\n\n[Hook]\n\n[Verse 2 \u2013 Quavo]\nYoung rich nigga, so you know my pocket crazy\nMan Chill with me, we go crazy with them babies\nI look in my pocket, I\u2019m seeing them Benjamin Franklins\nI\u2019m taking your bitch, smash, smash, smash\nWhile you out there buying her anklets\nRiding with 6 niggas, 6 pistols, get your issue\nBlowing on green like a whistle, put the scope on these fuck niggas\nWhich way did he go, trap in the rain sleet or snow, the feds ain\u2019t ever gon know\nI got the dope, crazy we mixing with soap, crazy we mixing with soap\nI keep the white like the pope, your bitch she cooking the coke\nThey wrap it and pack it, I pack it and ship it\nMy dope is so crazy, my dope is exquisite\nI\u2019m teaching you lessons so listen\nYour bitch ought to stay in the kitchen\nBeat the pots and the pans and the dishes\nI\u2019m a chemist (That\u2019s crazy)\n\n[Hook]\n\n\n\n\n  ", 
        "pro": {
            "features": [
                "Migos"
            ], 
            "blocks": {
                "verses": [
                    {
                        "header": "[Verse 1 \u2013 Chill Will]", 
                        "text hash": "3a77bed424cbff76d8e22624291663f5", 
                        "artist": "Chill Will", 
                        "text": "Half a million dollars worth of twenties, that\u2019s crazy\n20 squares on the back seat, I\u2019m crazy\nRiding down 20, never see the speed limit nigga\nNo this ain\u2019t a gimmick, quarter million for my image nigga\nPausing for the fans on my way, that\u2019s crazy\nDesigner frames hanging off my face, I\u2019m shady\nShawty got an ass on her and it\u2019s crazy\nBut she say she got an old man and he crazy\nI\u2019m moving the white girl, I\u2019m driving Mrs. Daisy\nNigga play with me, he gon be pushing on daisies\nI\u2019m tryna fuck today, girl I\u2019m kinda impatient\nBut if she say she love me Imma drive that bitch crazy"
                    }, 
                    {
                        "header": "[Verse 2 \u2013 Takeoff]", 
                        "text hash": "1c789a4e4457436ae63cf90aeed5a1e9", 
                        "artist": "Chill Will", 
                        "text": "Shades, they matching the shirt\nThe shirt, it\u2019s matching my shoes\nLet\u2019s get out my jewels!\nWater my diamonds and take em [?]\nRobbing my dinner, religion is true\nVersace, Medusa, your Sace is fool\nI got the hook up like I\u2019m black and blue\nSick with the wrist, like I got the flu\nRed bottom my shoe, but I ain\u2019t [?]\nCalling them chill, we taking them trips\nTo Beverly Hills to pick up them M\u2019s\nFuck your main bitch and I put her on film\nDiamond bricks, clientele at the gym\nSelling that white got me M&Ms\nOG gas bag in the MCM\nKitchen been [?], get F&N\nBad ass bitch, she come from Berlin\nWas crazy, I came a long way from [?] ladies\nVersace, Versace, we made it\nMama she told me that we gon be hated and we gon be famous\nAnd that we the greatest\nThe shades is matching the belt, the belt is matching the shoes\nThey tell me it\u2019s crazy, I know that they hate it\nI pull up, I\u2019m faded, [?] the bando from whipping them babies\n(That\u2019s Crazy)"
                    }, 
                    {
                        "header": "[Verse 2 \u2013 Quavo]", 
                        "text hash": "72d48d97144525fe94de70d1b888bd5e", 
                        "artist": "Chill Will", 
                        "text": "Young rich nigga, so you know my pocket crazy\nMan Chill with me, we go crazy with them babies\nI look in my pocket, I\u2019m seeing them Benjamin Franklins\nI\u2019m taking your bitch, smash, smash, smash\nWhile you out there buying her anklets\nRiding with 6 niggas, 6 pistols, get your issue\nBlowing on green like a whistle, put the scope on these fuck niggas\nWhich way did he go, trap in the rain sleet or snow, the feds ain\u2019t ever gon know\nI got the dope, crazy we mixing with soap, crazy we mixing with soap\nI keep the white like the pope, your bitch she cooking the coke\nThey wrap it and pack it, I pack it and ship it\nMy dope is so crazy, my dope is exquisite\nI\u2019m teaching you lessons so listen\nYour bitch ought to stay in the kitchen\nBeat the pots and the pans and the dishes\nI\u2019m a chemist (That\u2019s crazy)"
                    }
                ], 
                "hooks": [
                    {
                        "header": "[Hook \u2013 Chill Will]", 
                        "text hash": "d62a14abfaaa9c822443afa680c1bb75", 
                        "artist": "Chill Will", 
                        "text": "Shirt match the belt match the shoes, that\u2019s crazy\nDumping kush ashes on the floor, I\u2019m lazy\nSipping on the lean, got me looking kind of crazy\nNigga talking down but it really don\u2019t faze me\nImma hit her quick before she start acting crazy\nRims on the tires got my car driving crazy\nIce around my neck got your girl looking crazy\nChilling with some chicks screaming fuck you, pay me"
                    }
                ]
            }, 
            "order": [
                "[Hook \u2013 Chill Will]", 
                "[Verse 1 \u2013 Chill Will]", 
                "[Hook]", 
                "[Verse 2 \u2013 Takeoff]", 
                "[Hook]", 
                "[Verse 2 \u2013 Quavo]", 
                "[Hook]"
            ], 
            "artist": "Chill Will"
        }
    }
}