{
    "I Bet": {
        "raw": "\n    \n  Full lyrics coming soon![Chris Brown]\n...No sympathy for you niggas\n\n[50 Cent]\nI bet you bitches be ready when I say I'm finna leave\nWe only fuck with the finest, Ferrari, ho send the keys\nYou be that nigga she call on when she need someone to love\nI be that nigga, we just turn up, we just spoiled havin' fun...\n\n\n\n\n  ", 
        "pro": {
            "features": [
                "50 Cent", 
                "Chris Brown", 
                "Tyga"
            ], 
            "blocks": {
                "verses": [], 
                "hooks": [], 
                "remainders": [
                    {
                        "header": "[Chris Brown]", 
                        "text hash": "b5c80e12bfcd2779054e9974283831e3", 
                        "artist": "Chris Brown", 
                        "text": "...No sympathy for you niggas"
                    }, 
                    {
                        "header": "[50 Cent]", 
                        "text hash": "93a318525a6b93ae3af17150cf64488d", 
                        "artist": "50 Cent", 
                        "text": "I bet you bitches be ready when I say I'm finna leave\nWe only fuck with the finest, Ferrari, ho send the keys\nYou be that nigga she call on when she need someone to love\nI be that nigga, we just turn up, we just spoiled havin' fun...\n\n\n\n\n  "
                    }
                ]
            }, 
            "order": [
                "[Chris Brown]", 
                "[50 Cent]"
            ], 
            "artist": "Chris Brown & Tyga"
        }
    }
}