{
    "Gametime": {
        "raw": "\n    \n  [Intro: Action Bronson]\nLamb chops\nGarlic\n(What else?)\nHerbs\n(What else?)\n\n[Verse 1: Action Bronson]\nFlip this linguistic pimp shit\nLeft hand right side see stick shift\nA-I-R inscription on the Pippen's\nBaggy pants dance like Michael Bivins\nLiving good, the floor and the ceiling wood\nBath is marble, toilet seat is French\nHeated for the middle of the night\nCause daddy gotta wake up early morning for a flight\nSee me with the gold frame intelligent thug\nNo prescription smoking weed is my addiction\nDoctor said you need it for your condition\nNo more heavy lifting\nI guess I need someone to help me take a piss then\nSuck my dick and my balls at the same time\nMe, Cakey and Pinky -- game time\nPop the black airs so I got the hangtime\nAged fine, like a Montrachet wine\n86 the Mets won the ring\nMy father rocked the leather with the holster for the thing\n\n[Verse 2: Chuck Inglish]\nPut the iron to the Tommy, meeting with some clients\nWorking on the title pressing up a hundred thousand\nRecording out in Maui, whatchu know about it?\nPress the vinyl in Jamaica getting paper blowing vapor\nSew a stitch, showing niggas how it's s'possed to be tailored\nMotor City rolling with me in an elegant way, nigga\nNow understand what I say\nGrip a wood steering wheels like a young Pimp C\nSteady chopping up blades, Cardier wire frames\nHi top force ones and a clean ball fade\nSwitching whips, hopping outta something all-terrain\nFour by fours grip the road more in the rain\nTook the Eddie Bauer off and put it up in my name\nSpell it: C-H-U-C-K\nI-N-G-L-I-S-H\nCome shop with me dog we'll be here all day, workin\n\n\n\n\n  ", 
        "pro": {
            "features": [
                "Action Bronson"
            ], 
            "blocks": {
                "verses": [
                    {
                        "header": "[Verse 1: Action Bronson]", 
                        "text hash": "26e66e7c69bf21d39e3893ca24bdcf0b", 
                        "artist": "Action Bronson", 
                        "text": "Flip this linguistic pimp shit\nLeft hand right side see stick shift\nA-I-R inscription on the Pippen's\nBaggy pants dance like Michael Bivins\nLiving good, the floor and the ceiling wood\nBath is marble, toilet seat is French\nHeated for the middle of the night\nCause daddy gotta wake up early morning for a flight\nSee me with the gold frame intelligent thug\nNo prescription smoking weed is my addiction\nDoctor said you need it for your condition\nNo more heavy lifting\nI guess I need someone to help me take a piss then\nSuck my dick and my balls at the same time\nMe, Cakey and Pinky -- game time\nPop the black airs so I got the hangtime\nAged fine, like a Montrachet wine\n86 the Mets won the ring\nMy father rocked the leather with the holster for the thing"
                    }, 
                    {
                        "header": "[Verse 2: Chuck Inglish]", 
                        "text hash": "abec9f77625a368b0956e86f79394e7a", 
                        "artist": "Chuck Inglish", 
                        "text": "Put the iron to the Tommy, meeting with some clients\nWorking on the title pressing up a hundred thousand\nRecording out in Maui, whatchu know about it?\nPress the vinyl in Jamaica getting paper blowing vapor\nSew a stitch, showing niggas how it's s'possed to be tailored\nMotor City rolling with me in an elegant way, nigga\nNow understand what I say\nGrip a wood steering wheels like a young Pimp C\nSteady chopping up blades, Cardier wire frames\nHi top force ones and a clean ball fade\nSwitching whips, hopping outta something all-terrain\nFour by fours grip the road more in the rain\nTook the Eddie Bauer off and put it up in my name\nSpell it: C-H-U-C-K\nI-N-G-L-I-S-H\nCome shop with me dog we'll be here all day, workin\n\n\n\n\n  "
                    }
                ], 
                "hooks": [], 
                "intro": [
                    {
                        "header": "[Intro: Action Bronson]", 
                        "text hash": "fbaaa416390606ce8f23a82769d709d2", 
                        "artist": "Action Bronson", 
                        "text": "Lamb chops\nGarlic\n(What else?)\nHerbs\n(What else?)"
                    }
                ]
            }, 
            "order": [
                "[Intro: Action Bronson]", 
                "[Verse 1: Action Bronson]", 
                "[Verse 2: Chuck Inglish]"
            ], 
            "artist": "Chuck Inglish"
        }
    }
}