{
    "Can't Leave 'Em Alone": {
        "raw": "\n    \n  [Intro: 50 Cent]\nI'm focused man\nYou should know this man\n\n[Verse 1: 50 Cent]\nYes, one dose of me will have you addicted\nTo know me is to love me; I handle my business\nAny city any town - touch down; I do my thing\nI'm a hustler baby I provide by any means\nI'm a great conversationist, you should know what I'm about\nWhen you look at me baby you should see a way out\nOut the hood, out the drama, out the Bentley that's on\nOut the headache an stress you done been through before\n\n[Verse 2: Ciara]\nIt's only been three months an I already got it bad\nSo hood that I keep on coming back\nMy girlfriend's telling me I don't know how to act\nBut I'm telling them baby bye fall back\nHe's so good an he knows how to love me\nBut so hood an he's so heavy in the streets\nHe's my dude and you better get used to things\nAnd I don't care what you say about me\nThey say\n\n[Pre-Hook: Ciara]\nThat he does it with the best, runs it in the west\nTatted on his chest (uh huh)\nI like it (so what), I like it\nAnd they say (that he's gonna hurt me)\nJust wait and see (but they don't know me)\nCause I am what he wants his girl and I love it\n\n[Hook: Ciara]\nI can't leave 'em alone\nI tried that good boy game\nBut the dope boy's turning me on\nIt's just that he know what I want\nSo bad, I love that, I can't leave 'em alone\nI can't leave 'em alone\nI tried that game\nBut the dope boy's turning me on\nIt's just that he know what I want\nSo bad, I love that, I can't leave 'em alone\n\n[Verse 2: Ciara]\nSo when I had a good guy he didn't do that much for me\nTried to be hard but that he could never be\nAlways tell me that no one could compare to me\nBut couldn't handle it when other guy was staring at me\nNow the top lays back so everyone could look at me\nFrom the A to hill up in Beverly\nHe's so fly that he knows how to carry me\nFirst class when they talk we don't hear what they say\n\n[Pre-Hook: Ciara]\n\n[Hook: Ciara]\n\n[Verse 3: 50 Cent]\nThe more I get, the more my ambition; tell me there's more\nI'll move an eighth for that girl; I'll move a half for that boy\nThen I flip that (double up) kick back (cuddle up)\nYour friends try to confuse but you know what\nMy intentions are good, I can't help it I'm hood\nI wouldn't change if I could, you shouldn't tell me I should\nBaby you should take me as I am\nAn be happy you're my girl cause I'm happy I'm your man\n\n[Bridge: Ciara]\nIf he gets caught, it just takes one call\nI'll come running, boy I promise I will be there for you\nAll my heart it belongs to you\nI can't lose you, boy I just can't leave you alone\n\n[Hook x2: Ciara]\n\n\n\n\n  ", 
        "pro": {
            "features": [
                "50 Cent"
            ], 
            "producers": [
                "Ciara", 
                "Darkchild", 
                "LaShawn Daniels"
            ], 
            "blocks": {
                "verses": [
                    {
                        "header": "[Verse 1: 50 Cent]", 
                        "text hash": "a2cc17e246a89a4b84ba0bd4757326fb", 
                        "artist": "50 Cent", 
                        "text": "Yes, one dose of me will have you addicted\nTo know me is to love me; I handle my business\nAny city any town - touch down; I do my thing\nI'm a hustler baby I provide by any means\nI'm a great conversationist, you should know what I'm about\nWhen you look at me baby you should see a way out\nOut the hood, out the drama, out the Bentley that's on\nOut the headache an stress you done been through before"
                    }, 
                    {
                        "header": "[Verse 2: Ciara]", 
                        "text hash": "eba3ef6444c5127aae81ec5cdb6cea37", 
                        "artist": "Ciara", 
                        "text": "It's only been three months an I already got it bad\nSo hood that I keep on coming back\nMy girlfriend's telling me I don't know how to act\nBut I'm telling them baby bye fall back\nHe's so good an he knows how to love me\nBut so hood an he's so heavy in the streets\nHe's my dude and you better get used to things\nAnd I don't care what you say about me\nThey say"
                    }, 
                    {
                        "header": "[Verse 2: Ciara]", 
                        "text hash": "22db84e86249da4f728f75bb9880b7e5", 
                        "artist": "Ciara", 
                        "text": "So when I had a good guy he didn't do that much for me\nTried to be hard but that he could never be\nAlways tell me that no one could compare to me\nBut couldn't handle it when other guy was staring at me\nNow the top lays back so everyone could look at me\nFrom the A to hill up in Beverly\nHe's so fly that he knows how to carry me\nFirst class when they talk we don't hear what they say"
                    }, 
                    {
                        "header": "[Verse 3: 50 Cent]", 
                        "text hash": "4de3dcb820257f3767449b97ab842f14", 
                        "artist": "50 Cent", 
                        "text": "The more I get, the more my ambition; tell me there's more\nI'll move an eighth for that girl; I'll move a half for that boy\nThen I flip that (double up) kick back (cuddle up)\nYour friends try to confuse but you know what\nMy intentions are good, I can't help it I'm hood\nI wouldn't change if I could, you shouldn't tell me I should\nBaby you should take me as I am\nAn be happy you're my girl cause I'm happy I'm your man"
                    }
                ], 
                "hooks": [
                    {
                        "header": "[Pre-Hook: Ciara]", 
                        "text hash": "c720586496568515cd2e5744d79922cc", 
                        "artist": "Ciara", 
                        "text": "That he does it with the best, runs it in the west\nTatted on his chest (uh huh)\nI like it (so what), I like it\nAnd they say (that he's gonna hurt me)\nJust wait and see (but they don't know me)\nCause I am what he wants his girl and I love it"
                    }, 
                    {
                        "header": "[Hook: Ciara]", 
                        "text hash": "7fc27af69f7c3773e82c8455e8bff3d5", 
                        "artist": "Ciara", 
                        "text": "I can't leave 'em alone\nI tried that good boy game\nBut the dope boy's turning me on\nIt's just that he know what I want\nSo bad, I love that, I can't leave 'em alone\nI can't leave 'em alone\nI tried that game\nBut the dope boy's turning me on\nIt's just that he know what I want\nSo bad, I love that, I can't leave 'em alone"
                    }
                ], 
                "intro": [
                    {
                        "header": "[Intro: 50 Cent]", 
                        "text hash": "7453d24d66a4294f606d80585f0d4928", 
                        "artist": "50 Cent", 
                        "text": "I'm focused man\nYou should know this man"
                    }
                ], 
                "bridge": [
                    {
                        "header": "[Bridge: Ciara]", 
                        "text hash": "5bcfd8692aa46adf978f6c34d27cf914", 
                        "artist": "Ciara", 
                        "text": "If he gets caught, it just takes one call\nI'll come running, boy I promise I will be there for you\nAll my heart it belongs to you\nI can't lose you, boy I just can't leave you alone"
                    }
                ]
            }, 
            "order": [
                "[Intro: 50 Cent]", 
                "[Verse 1: 50 Cent]", 
                "[Verse 2: Ciara]", 
                "[Pre-Hook: Ciara]", 
                "[Hook: Ciara]", 
                "[Verse 2: Ciara]", 
                "[Pre-Hook: Ciara]", 
                "[Hook: Ciara]", 
                "[Verse 3: 50 Cent]", 
                "[Bridge: Ciara]", 
                "[Hook x2: Ciara]"
            ], 
            "artist": "Ciara"
        }
    }
}