{
    "Let U Live": {
        "raw": "\n    \n  [Intro: Consequence]\nYo, it\u2019s the Cons\u2019, fool\n\n[Verse 1: Consequence]\nMy heart\u2019s a (?) and my dick\u2019s a black panther\nWho might get kicked out if they find out about Samantha\nBut when I read the answers in these magazine pages\nI feel like a (?) \u2019bout to start ragin\u2019\n\u2019Cause when they take shots like my track\u2019s on blazing\nIt\u2019s more drainin\u2019 than a vampire\u2019s bite\nSo I might need a mirror or my hand on the mic\nTo make \u2019em disappear as I walk toward the light\nI\u2019ve done something right, I keep comin\u2019 with the crack\nSo they could swab around your mouth, you\u2019re still no match\n\u2019Cause when I heard the raps you recorded at the spot\nIt made your family look bad like Kourtney and Scott\nSupport me or not, I still got cake\nAnd only props that you faggots should get is Prop\n8\n\u2019Cause ever since I inked up like Wiz Khalifa\nThey whispered to their\nGirlfriend that he\u2019s a keeper\nSo to get a feature from the cameo killa\u2019\nWho comes from a family that\nBrought the world Dilla\nYou need the kind of brown bags they give the dope\nDealers\nOtherwise I\u2019ll pass like I\u2019m Ben from the Steelers\n\n[Sample] x2\nI should just let you live, right? Negative\nI swear it\u2019s dough\nOr die\nDough or die\n\n[Verse 2: Pharoahe Monch]\nMy heart is We Are the World, my penis is P.E\nBut my balls are Avatar, you could see them in 3d\nSpit so cold they call me Mr. Freeze\nThey get shine without private jet trips to Belize\nMy nigga, please believe\nI know thieves from Queens that squeeze for less than 3 gs\nBut never P, I\u2019m\nA lyrical soldier\nMy brain actually produces gingko\nBiloba\nPop lock, Tdot, Nova Scotia\nI breakdance to France, my moves will French toast ya\nDid graffiti in Japan\nThey made an animated poster\nNow how many emcees truly uphold the culture\nLike you know what I haven\u2019t heard in a while?\nAll the ladies in the house\nSay \u201cOw\u201d\n(Ow) For real fuck the fellas\nThey want free downloads, cds and acapellas\nAnd all I ever hear is I can rap, motherfucker\nThat I could really rhyme, make tracks, motherfucker\nYou got a lot of balls, fall back, motherfucker\nYou need to play sports or sell crack, motherfucker\n\n[Sample] x2\n\n\n\n\n  ", 
        "pro": {
            "features": [
                "Pharoahe Monch"
            ], 
            "blocks": {
                "verses": [
                    {
                        "header": "[Verse 1: Consequence]", 
                        "text hash": "af14482f205b93a09633aaab2d0ce91a", 
                        "artist": "Consequence", 
                        "text": "My heart\u2019s a (?) and my dick\u2019s a black panther\nWho might get kicked out if they find out about Samantha\nBut when I read the answers in these magazine pages\nI feel like a (?) \u2019bout to start ragin\u2019\n\u2019Cause when they take shots like my track\u2019s on blazing\nIt\u2019s more drainin\u2019 than a vampire\u2019s bite\nSo I might need a mirror or my hand on the mic\nTo make \u2019em disappear as I walk toward the light\nI\u2019ve done something right, I keep comin\u2019 with the crack\nSo they could swab around your mouth, you\u2019re still no match\n\u2019Cause when I heard the raps you recorded at the spot\nIt made your family look bad like Kourtney and Scott\nSupport me or not, I still got cake\nAnd only props that you faggots should get is Prop\n8\n\u2019Cause ever since I inked up like Wiz Khalifa\nThey whispered to their\nGirlfriend that he\u2019s a keeper\nSo to get a feature from the cameo killa\u2019\nWho comes from a family that\nBrought the world Dilla\nYou need the kind of brown bags they give the dope\nDealers\nOtherwise I\u2019ll pass like I\u2019m Ben from the Steelers"
                    }, 
                    {
                        "header": "[Sample]", 
                        "text hash": "2aa358e62bb7888ab5bfe369f224fe50", 
                        "artist": "Consequence", 
                        "text": " x2\nI should just let you live, right? Negative\nI swear it\u2019s dough\nOr die\nDough or die"
                    }, 
                    {
                        "header": "[Verse 2: Pharoahe Monch]", 
                        "text hash": "3e3ab8ff24d460a2a848fa1fefe3490d", 
                        "artist": "Pharoahe Monch", 
                        "text": "My heart is We Are the World, my penis is P.E\nBut my balls are Avatar, you could see them in 3d\nSpit so cold they call me Mr. Freeze\nThey get shine without private jet trips to Belize\nMy nigga, please believe\nI know thieves from Queens that squeeze for less than 3 gs\nBut never P, I\u2019m\nA lyrical soldier\nMy brain actually produces gingko\nBiloba\nPop lock, Tdot, Nova Scotia\nI breakdance to France, my moves will French toast ya\nDid graffiti in Japan\nThey made an animated poster\nNow how many emcees truly uphold the culture\nLike you know what I haven\u2019t heard in a while?\nAll the ladies in the house\nSay \u201cOw\u201d\n(Ow) For real fuck the fellas\nThey want free downloads, cds and acapellas\nAnd all I ever hear is I can rap, motherfucker\nThat I could really rhyme, make tracks, motherfucker\nYou got a lot of balls, fall back, motherfucker\nYou need to play sports or sell crack, motherfucker"
                    }, 
                    {
                        "header": "[Sample]", 
                        "text hash": "501d62ec37b9a6974b6df8438dcdcac2", 
                        "artist": "Consequence", 
                        "text": " x2\n\n\n\n\n  "
                    }
                ], 
                "hooks": [], 
                "intro": [
                    {
                        "header": "[Intro: Consequence]", 
                        "text hash": "8502708edf5f5aad8b9d8da3e3888d30", 
                        "artist": "Consequence", 
                        "text": "Yo, it\u2019s the Cons\u2019, fool"
                    }
                ]
            }, 
            "order": [
                "[Intro: Consequence]", 
                "[Verse 1: Consequence]", 
                "[Verse 2: Pharoahe Monch]"
            ], 
            "artist": "Consequence"
        }
    }
}