{
    "Hot": {
        "raw": "\n    \n  What is the Question?\n\n[Verse 1: Celph Titled]\nNow when I see the man in the mirror\nI see an animal clearer\nThe teeth look sharp, and and ain\u2019t a man that\u2019s much realer\nI do somersaults and flips with nunchucks like a ninja turtle\nI\u2019m very bold, I\u2019ll sell crack on an infomercial\nI tell you what, if I don\u2019t get the props I deserve\nImma leave you bleeding by the curb, and that\u2019s my momma\u2019s word\nBank account, commas absurd\nCause I sell specialty rap music, and sell out concerts\nMy favorite spot in the sporting goods, is the hunting section\nThey got slingshots and crossbows, and other types of weapons\nCamouflage vests, and fully stocked with the lead\nNext aisle over I can go fishing instead\nAnd to the fake ones, your salaries low\nFlow cornier than VH1 romance reality shows\nY\u2019all know, I used the body wash to clean my shotty off\nCause its been catching back splatter from hacking through body parts\n\n[Verse 2: Deacon the Villain]\nA southern rebel that\u2019ll leave your vital levels flat\nYou won\u2019t be hot until you die and give the devil dap\nYou about as stupid as that pot that called the kettle black\nI be conscious rapping but now even Gepetto\u2019s strapped\nHere to take the ghetto back, hush the whack stanzas\nTaking it back to when rapping was talk \u2018tween Black panthers\nI\u2019m Huey, Newton or Freeman, all of the above\nYou ain\u2019t even Huey Lewis, ain\u2019t got no power or love\nAnd what\u2019s sadder, you won\u2019t touch rungs on Jake\u2019s ladder\nUniversally unworthy of time, space, or matter\nYou hot as in anger, not as in magma\nDeac is Death Valley, You are A-laska\nI mastered the range, you mastered the lame\nAnd the day that you\u2019re the flame, I\u2019m the rain\nStrange\n\n[Verse 3: Natti]\nBig booty Twitter vixen, this is something tight [hot]\nEven make your main chick say she quite [hot]\nSome dumb reason say her prison be [hot]\nFell her gaze blazing at you \u2013 laser beam [hot]\nFace is the bomb: body\u2019s detonator [hot]\nWe talkin\u2019 black folk filled elevator [hot]\nThink its cool now? Fool later see us [hot]\nEvery time you leave think you out being [hot]\nStick to her, forgettin\u2019 she\u2019s gonna tell you hell is [hot]\nAnd she hope you go in summer when its even more [hot]\nEyes even glowing terminator red [hot]\nShit would be a past red dot beam [hot]\nShoulder so cold make an igloo seem [hot]\nPushing all the buttons make the topic seem [hot]\nThis gold made cup make us sip so [hot]\n\n[Verse 4: Apathy]\nAll these girls man they just want to sweat some starve\nBut I don\u2019t get gassed up like an electric car\nAnd I don\u2019t need a ski mask to rob these bitches of they innocence\nAbout to slip gloves, and seduce seven Russian immigrants\nSingle moms is so DTF\nI hit it, quit it, then report the bitch to DCF\nI\u2019m so Bobby Brown, not the new edition days\nNever stop my ignorant ways\nNot as long as pimpin\u2019 pays Ap's [hot]\n\n[Outro: Natti]\nIn the strip club, all the dancers look [hot]\nDamn all the money stickin to \u2018em, cause she [hot]\nBack sweat make em look [hot]\n*Laugh*\n\n\n\n\n  ", 
        "pro": {
            "features": [
                "Apathy", 
                "Celph Titled"
            ], 
            "producers": [
                "Kno"
            ], 
            "blocks": {
                "verses": [
                    {
                        "header": "[Verse 1: Celph Titled]", 
                        "text hash": "83e7374a74e4441c5e782f04d9e465a2", 
                        "artist": "Celph Titled", 
                        "text": "Now when I see the man in the mirror\nI see an animal clearer\nThe teeth look sharp, and and ain\u2019t a man that\u2019s much realer\nI do somersaults and flips with nunchucks like a ninja turtle\nI\u2019m very bold, I\u2019ll sell crack on an infomercial\nI tell you what, if I don\u2019t get the props I deserve\nImma leave you bleeding by the curb, and that\u2019s my momma\u2019s word\nBank account, commas absurd\nCause I sell specialty rap music, and sell out concerts\nMy favorite spot in the sporting goods, is the hunting section\nThey got slingshots and crossbows, and other types of weapons\nCamouflage vests, and fully stocked with the lead\nNext aisle over I can go fishing instead\nAnd to the fake ones, your salaries low\nFlow cornier than VH1 romance reality shows\nY\u2019all know, I used the body wash to clean my shotty off\nCause its been catching back splatter from hacking through body parts"
                    }, 
                    {
                        "header": "[Verse 2: Deacon the Villain]", 
                        "text hash": "9a32730151e5a83c1793e02332a75409", 
                        "artist": "Deacon the Villain", 
                        "text": "A southern rebel that\u2019ll leave your vital levels flat\nYou won\u2019t be hot until you die and give the devil dap\nYou about as stupid as that pot that called the kettle black\nI be conscious rapping but now even Gepetto\u2019s strapped\nHere to take the ghetto back, hush the whack stanzas\nTaking it back to when rapping was talk \u2018tween Black panthers\nI\u2019m Huey, Newton or Freeman, all of the above\nYou ain\u2019t even Huey Lewis, ain\u2019t got no power or love\nAnd what\u2019s sadder, you won\u2019t touch rungs on Jake\u2019s ladder\nUniversally unworthy of time, space, or matter\nYou hot as in anger, not as in magma\nDeac is Death Valley, You are A-laska\nI mastered the range, you mastered the lame\nAnd the day that you\u2019re the flame, I\u2019m the rain\nStrange"
                    }, 
                    {
                        "header": "[Verse 3: Natti]", 
                        "text hash": "9a8a25f43888cd0ab538aed27805213b", 
                        "artist": "Natti", 
                        "text": "Big booty Twitter vixen, this is something tight [hot]\nEven make your main chick say she quite [hot]\nSome dumb reason say her prison be [hot]\nFell her gaze blazing at you \u2013 laser beam [hot]\nFace is the bomb: body\u2019s detonator [hot]\nWe talkin\u2019 black folk filled elevator [hot]\nThink its cool now? Fool later see us [hot]\nEvery time you leave think you out being [hot]\nStick to her, forgettin\u2019 she\u2019s gonna tell you hell is [hot]\nAnd she hope you go in summer when its even more [hot]\nEyes even glowing terminator red [hot]\nShit would be a past red dot beam [hot]\nShoulder so cold make an igloo seem [hot]\nPushing all the buttons make the topic seem [hot]\nThis gold made cup make us sip so [hot]"
                    }, 
                    {
                        "header": "[Verse 4: Apathy]", 
                        "text hash": "2d563b7232e8b65548a800430afdd43a", 
                        "artist": "Apathy", 
                        "text": "All these girls man they just want to sweat some starve\nBut I don\u2019t get gassed up like an electric car\nAnd I don\u2019t need a ski mask to rob these bitches of they innocence\nAbout to slip gloves, and seduce seven Russian immigrants\nSingle moms is so DTF\nI hit it, quit it, then report the bitch to DCF\nI\u2019m so Bobby Brown, not the new edition days\nNever stop my ignorant ways\nNot as long as pimpin\u2019 pays Ap's [hot]"
                    }, 
                    {
                        "header": "[Outro: Natti]", 
                        "text hash": "604bf4ae0ab8124b50452a7816820085", 
                        "artist": "Natti", 
                        "text": "In the strip club, all the dancers look [hot]\nDamn all the money stickin to \u2018em, cause she [hot]\nBack sweat make em look [hot]\n*Laugh*\n\n\n\n\n  "
                    }
                ], 
                "hooks": []
            }, 
            "order": [
                "[Verse 1: Celph Titled]", 
                "[Verse 2: Deacon the Villain]", 
                "[Verse 3: Natti]", 
                "[Verse 4: Apathy]", 
                "[Outro: Natti]"
            ], 
            "artist": "Cunninlynguists"
        }
    }
}