{
    "10 Bricks": {
        "raw": "\n    \n  [Verse 1: French Montana]\n\nHomie, I just lost my only paper, back to square one\nFeel like misery is my only neighbor\nThey say God protect us\nI don't know why I feel safer with a burner\nGetting high got me locked up in the prison\nSmelling like last night\nWhy people sell their soul for the fast life?\nNobody loves it\nAnd they tell us go fight for the flag, but don't fight for them colors\nWatch some television, have you baptized and your brain washed\nWhat to wear, where to live, what to do when a friend is a friend with a motive\nThem broke plans'll have a nigga down, feeling hopeless\nHoping I can make mils before I lay on my back\nOn the block where a million niggas flipping packs\nGrabbing my leg\nFeel like crabs in the bucket, can't get ahead\n\n[Hook: Big KRIT]\n\nCause either niggas waiting on ya\nOr they hating on ya\nTell 'em I ain't falling off never\nThat chopper say that they don't want it\nI put some money on it\nI'm a be coldest motherfucker ever\n\nCause either you a made man\nOr your game plan\nTrying to make that kind of money that don't exchange hands\nYou the pimp type, or you ho'n out\nMotherfuckers know exactly what I'm talking about\n\n[Verse 2: Curren$y]\n\nToo much going on to think about\nOld school Camero like the new ones never dropped\nBitch waving while I'm swinging but I can't stop\nLike that green\nBitch, we always got the green light, what you mean?\nI go where I please\nHo like, \"don't leave\" but baby, I'm in the breeze\nMoney don't grow on them, but I for sure smoke on them\nCadillac with the Ritz with the true spokes on them\nSlabs, whatever you want, we have\nSlinging like the rock fired by David and Goliath\nWord rhyming Heisman\nJoe Namath with my fur coat, sidelining\nI bought Rolex watches for all of my offensive linemen\nBecause it's time to make it happen\nAudio dope boy magic\nBurning through the plastic, touchdown passes\nFlicking fleas off like ashes\n\n[Hook: Big KRIT]\n\n[Verse 3: Smoke DZA]\n\nRiiiiight\nNiggas acting funny on the daily, spare me\nI be indifferent to most shit, sincerely\nNot a fuck given in my body, sorry\nTry to hit me with that old school game, Atari\nLeave them like Lawry's, nigga, saucy as shit\nYou know the type, bad bite\nBut when they see you, straight hop on your dick\nI'm like \"are these niggas stupid or nah?\"\nRhetorical questions as I puff on my 'gar\nAin't heard from my homie in weeks, he in the hole\nWhen I get that unavailable call I already know\nAnd as soon as a nigga press 5\nHe hit me with a \"riiiiight\"\nI be hyped, daddy, keeping spirits alive\nSaid he heard me on the radio the whole building was live\nHe like \"Nigga, I won't see daylight soon\nBut as long as you shining bro, I'll be cool.\"\n\n[Hook: Big KRIT]\n\n\n\n\n  ", 
        "pro": {
            "features": [
                "Big KRIT", 
                "French Montana"
            ], 
            "producers": [
                "Harry Fraud"
            ], 
            "blocks": {
                "verses": [], 
                "hooks": []
            }, 
            "order": [], 
            "artist": "Curren$y & Smoke DZA"
        }
    }
}