{
    "Multisyllabus": {
        "raw": "\n    \n  [Intro: Danegurous]\n\nYeah... Uh\nDanegurous, Apathy, Diabolic and C-Lance\nUnderworld, Motherfucker\nReal lyricists up in this bitch\nSP, Crime Family\nLet's go\n\n[Verse 1: Apathy]\n\nI make paper off Hip Hop, I used to pickpocket for profit\nWas at Pit Stop,but now I picks stocks and rock it\nGive the godz their offering, I ain't got a lot of options\nIn jail hustling toxin's or bare knuckle boxing\nA bear size cracker that paralyze the wacker\nI terrorize rappers, compare our rhymes after\nBig difference, big distance, leave them with some ribs missing\nRun up on their kids christening\nWizard of Wig Splitting\nAbra Kadabra, turn cadavers into anti-matter\nStab you and ravel your abdomen blood plasma splatters\nStraight bullet shatters plasma screens\nLoading up the magazine\nIt's not a nightmare, it's a savage dream\nI got bags full of green, you make average cream\nYou a passive queen\nI'm a massive mean radioactive green\nHulk that will smash your spleen\nSpit a paragraph and take a bath in gasoline\n\n[Hook: Scratches]\nMultisyllabus\n(Welcome to the next level)\n(Make a non believer see a miracle)\n(The question is, can you top that homie?\nYou can probably pull something close but stop that homie)\n(Fasten your seat belts for take off and landing\nThe game been over, because the lead is too commanding)\n(You can bring your best but you can't master this flow)\n(We rise above it and they love it *Moaning*)\n\n[Verse 2: Danegurous]\n\nRipping it up when the beat has begun\nDanegurous, Ap and Diabolic\nRipping it up with the weed in my lung\nBlaze a bag of fire chronic\nVile-vomit-bile living it up cause we are the ones\nSticking em up with the heater and run\nPicking it up and I leave in a rush\nHush... As a kid I didn't listen much\nSolicited illicit drugs\nSo listen I'm sick as fuck\nExplicit, I pissed on sluts\nSadistic, I'll slit ya jug\nConsistent, you a sitting duck\nI'm gifted with a twisted tongue\nNever interrupt when gripping on a pistol pump\nSipping on a fifth of rum, splitting the biggest thickest dutch\nWith the finest strands filling up my diaphragm\nFiddle on violin killin' a man, I'm Meyer Lan/sky\nStampede for the fans to see\nInsanity, violent fantasies for your fam to grieve\nYou ain't a fan of me\nYou are now, demanding me\nI plan to be branded elite panic and leave\nCheck the spanish speech\nI'm peligroso plenty loco\nSemi .44 get ready machete for any local\nMany so so so i put em in fetal position\nThe evilest is him get beaten like Gs in the prison\nYou people are tripping like believing that Jesus is Christian\nCease a critic shadow people wrecking beats per minute\nD's predictions that you'll speak but you full shit\nMy mutli's legitimate\nStudy the multisyllabus, Bitch\n\n[Hook: Scratches]\n\n[Verse 3: Diabolic]\n\nI used to love her, until some dudes abused and fucked her\nNow I speak a broken language\nI learned from Smooth Da Hustla\nThrowing uppercuts to suckers guts, ooze and rupture\nFighting like I'm Iron Mike, but never lose it to a buster\nI'm just too unorthodox for the conformist flocks\nBecause I inspire Blacks, Whites, and Puerto Rocs that slaughter cops\nWe need to change\nLet freedom reign like water drops\nAnd tear down defenses they use to keep the borders locked\nSqueeze a warning shot, Homie. We on a daily grind\nAnd you rarely find the feeling you get when you hear me rhyme\nClearly, I'm the cat who came back to raise the bar\nWhen you come with cheap bubblegum shit like packs of trading cards\nSmack a famous star backwards, jack his favorite car\nMaking Muslim pray to God while the Catholics praise Allah\nTake apart of something different\nGive it what's been missing\nSipping rum, getting drunk\nAnd pissing on every sucker living\n\n[Hook: Scratches]\n\n\n\n\n  ", 
        "pro": {
            "features": [
                "Apathy", 
                "Diabolic"
            ], 
            "producers": [
                "C - Lance"
            ], 
            "blocks": {
                "verses": [], 
                "hooks": [
                    {
                        "header": "[Hook: Scratches]", 
                        "text hash": "c7b0668a0d2767f98687b4d14d04a0b0", 
                        "artist": "Scratches", 
                        "text": "Multisyllabus\n(Welcome to the next level)\n(Make a non believer see a miracle)\n(The question is, can you top that homie?\nYou can probably pull something close but stop that homie)\n(Fasten your seat belts for take off and landing\nThe game been over, because the lead is too commanding)\n(You can bring your best but you can't master this flow)\n(We rise above it and they love it *Moaning*)"
                    }
                ]
            }, 
            "order": [
                "[Intro: Danegurous]", 
                "[Verse 1: Apathy]", 
                "[Hook: Scratches]", 
                "[Verse 2: Danegurous]", 
                "[Hook: Scratches]", 
                "[Verse 3: Diabolic]", 
                "[Hook: Scratches]"
            ], 
            "artist": "Danegurous"
        }
    }
}