{
    "Drinking, smoking": {
        "raw": "\n    \n  [Produced By J.U.S.T.I.C.E League]\n\nSaid I can't let go of you\nSaid I don't know what to do\n\n(50 Cent):\nI met Satan any day near from time to time\nFucked around, called them both friends of mine\nI'm a bad judge of character, I told her I love her\nNot much later she was my baby's mother\nI was feeling that girl, man she was my bitch\nStarted out as sugar and she turned to the shit\nFor my account what she wanted is what she can get\nMan we came from nothing, how could I forget\nWhen the drop of candle was finished she could have the last sip\nWhen I had two dollars I gave her one I ain`t trip\nShe has a daughter before me fuck who made her I raised her\nGuess that counts for nothing now everybody wanting\nSomething from a nigga thought the money would make it all gravy\nInstead it made the closes people to me go crazy\nNow niggas smoking and drinking a 6-pack\nBut I don`t want the bitch back(uh)\n\n(Dave Young)Verse 1\nNormally I`m just waiting for you to call me\nNormally I ain`t tripping up bout nothing\nNormally I`m steady doing my thing\nBut now my hustle seems so hard for me\nNormally I can just shake it off\nBut right now that's not easy at all\nI`m trying to just ease the pain take it day to day\nTrying to get it away\n\n(Hook)\nSo I got a blunt in my right hand\nThen I got this drink in my left hand\nAnd I`m just drinking smoking drinking smoking\nTrying to get her out my head\nAnd it hurts me more when I see\nThat you're happier with out me\nSo I`m drinking smoking drinking smoking\nTrying to get her out my head\n(Said I`m trying to get her out my head)\n\n(Verse 2)\nNormally I`m calm and collective\nBut right now I`m just young and restless\nAnd I ain`t talking bout the show\nI`m taking bout the love that I can`t let go\nNormally I don`t feel like this\nNormally I`m just going to the next\nBut this is so different don`t know how to deal with this\n\n(Hook)\n\n(Verse 3)\nMan I don`t know what to do with my self\nCuz when ever I try to get out I can`t help\nMissing you thinking of you\nAll them little things that we used to do\nAnd I can`t let go of all them memories\nSo I drank I smoke to help me\nClear my mind ease my mind\nThats my reason why\n\n(Hook)x2\n\nSaid I can't let go of you\nSaid I don't know what to do(uh uh)\n\nSaid I can't let go of you\nSaid I don't know what to do(uh uh uh uh)\n\nSaid I can't let go of you\nSaid I don't know what to do(uh uh)\n\nSaid I can't let go of you(uh)\nSaid I can't let go of you\n\n\n\n\n  ", 
        "pro": {
            "features": [
                "50 Cent"
            ], 
            "producers": [
                "J.U.S.T.I.C.E. League"
            ], 
            "blocks": {
                "verses": [
                    {
                        "header": "(uh)\n\n(Dave Young)", 
                        "text hash": "772f3196e8c938e8efeb2ae0be212911", 
                        "artist": "Dave Young", 
                        "text": "Verse 1\nNormally I`m just waiting for you to call me\nNormally I ain`t tripping up bout nothing\nNormally I`m steady doing my thing\nBut now my hustle seems so hard for me\nNormally I can just shake it off\nBut right now that's not easy at all\nI`m trying to just ease the pain take it day to day\nTrying to get it away"
                    }, 
                    {
                        "header": "(Verse 2)", 
                        "text hash": "547bd08bbad6c4b5ce50ae02d0d62ace", 
                        "artist": "Dave Young", 
                        "text": "Normally I`m calm and collective\nBut right now I`m just young and restless\nAnd I ain`t talking bout the show\nI`m taking bout the love that I can`t let go\nNormally I don`t feel like this\nNormally I`m just going to the next\nBut this is so different don`t know how to deal with this"
                    }, 
                    {
                        "header": "(Verse 3)", 
                        "text hash": "9fece7b222db2b3707d582803ca9869b", 
                        "artist": "Dave Young", 
                        "text": "Man I don`t know what to do with my self\nCuz when ever I try to get out I can`t help\nMissing you thinking of you\nAll them little things that we used to do\nAnd I can`t let go of all them memories\nSo I drank I smoke to help me\nClear my mind ease my mind\nThats my reason why"
                    }
                ], 
                "hooks": [
                    {
                        "header": "(Hook)", 
                        "text hash": "ec2807b2c100db2a6fa434e08751e7e3", 
                        "artist": "Dave Young", 
                        "text": "So I got a blunt in my right hand\nThen I got this drink in my left hand\nAnd I`m just drinking smoking drinking smoking\nTrying to get her out my head\nAnd it hurts me more when I see\nThat you're happier with out me\nSo I`m drinking smoking drinking smoking\nTrying to get her out my head\n"
                    }
                ], 
                "remainders": [
                    {
                        "header": "    \n  [Produced By J.U.S.T.I.C.E League]\n\nSaid I can't let go of you\nSaid I don't know what to do\n\n(50 Cent)", 
                        "text hash": "30ef97fef7bec8340b11a7accb77925c", 
                        "artist": "50 Cent", 
                        "text": "I met Satan any day near from time to time\nFucked around, called them both friends of mine\nI'm a bad judge of character, I told her I love her\nNot much later she was my baby's mother\nI was feeling that girl, man she was my bitch\nStarted out as sugar and she turned to the shit\nFor my account what she wanted is what she can get\nMan we came from nothing, how could I forget\nWhen the drop of candle was finished she could have the last sip\nWhen I had two dollars I gave her one I ain`t trip\nShe has a daughter before me fuck who made her I raised her\nGuess that counts for nothing now everybody wanting\nSomething from a nigga thought the money would make it all gravy\nInstead it made the closes people to me go crazy\nNow niggas smoking and drinking a 6-pack\nBut I don`t want the bitch back"
                    }, 
                    {
                        "header": "Said I can't let go of you\nSaid I don't know what to do(uh uh)", 
                        "text hash": "35207e0779770217d00f7c8afe59f023", 
                        "artist": "Dave Young", 
                        "text": "Said I can't let go of you\nSaid I don't know what to do"
                    }, 
                    {
                        "header": "(uh uh)", 
                        "text hash": "e5e6d80024ac0ad98fe29c13857c45b5", 
                        "artist": "Dave Young", 
                        "text": "Said I can't let go of you"
                    }
                ]
            }, 
            "order": [
                "(Hook)", 
                "(Said I`m trying to get her out my head)", 
                "(Verse 2)", 
                "(Hook)", 
                "(Verse 3)", 
                "(uh uh)", 
                "(uh uh uh uh)", 
                "(uh uh)"
            ], 
            "artist": "Dave Young"
        }
    }
}