{
    "Assassination": {
        "raw": "\n    \n  Our people are poor, and you know damn well nobody wants to be poor\nThis play is gonna show how the pigs react when the people start\nTo take community, control over what belongs to them\nAnd liberate it back (echoes)\n\nSometimes I just don't care\n\n[Verse 1]\nMurderation, modern hand gun education\nPrice of your life is goin up it ain't inflation\nIncrimination, they got my picture at the station\nElimination, state to state we eaten by this nation\nThem belly full, my trigger finger got pull\nTo cut the bull shots'll warm your flesh like wool\nThese tools for survival make fools out of rivals\nFuck the Bible, get on your knees and praise my rifle\nYour life is done there ain't another place to run\nEat your own gun, scared because my people never known fun\n\n[Verse 2]\nCops drive down the streets and blow my friends away\nI try to smoke enough la to take my sins away\nThis E&J be freein us in it's own special way son\nWe live for the day, the only way dunn\nThe violence in me, reflect the violence that surround me\nI choose that wildly Mr. Charlie keep his eye on me\nTo figure my head, but them ass kissin niggas is dead\nWe learn the chokeholds with fisherman's thread\nI read The Art of Sun-Tzu in a couple of fuckin days\nUsed to practice Kung-Fu with this nigga that's like, double my age\nAnd you can put this on the government's grave\nSomebody payin for the way we have to suffer and slave\nAssassination, word up\n\nI hope they get the assassins, I hope that something is done to them\nProblem is they're killing them, it reminds me of something like what\nHappened to Lincoln\n\nYou ain't even safe wit a full clip\nI swear on the president's grave\nI'm sick of livin in this bullshit\nWe down to take it to the full length\nMeet us up on Capitol Hill, and we can get up in some real shit\n(repeat)\n\nAssassination, *gunshot* yeah\n\n\n\n\n  ", 
        "pro": {
            "producers": [
                "Dead Prez", 
                "Lord Jamar"
            ], 
            "blocks": {
                "verses": [
                    {
                        "header": "[Verse 1]", 
                        "text hash": "4ca8e8de845e57e59ef81d2cc3568b14", 
                        "artist": "Dead Prez", 
                        "text": "Murderation, modern hand gun education\nPrice of your life is goin up it ain't inflation\nIncrimination, they got my picture at the station\nElimination, state to state we eaten by this nation\nThem belly full, my trigger finger got pull\nTo cut the bull shots'll warm your flesh like wool\nThese tools for survival make fools out of rivals\nFuck the Bible, get on your knees and praise my rifle\nYour life is done there ain't another place to run\nEat your own gun, scared because my people never known fun"
                    }, 
                    {
                        "header": "[Verse 2]", 
                        "text hash": "a77c31aa4ff158e5b06947c44fe4dd97", 
                        "artist": "Dead Prez", 
                        "text": "Cops drive down the streets and blow my friends away\nI try to smoke enough la to take my sins away\nThis E&J be freein us in it's own special way son\nWe live for the day, the only way dunn\nThe violence in me, reflect the violence that surround me\nI choose that wildly Mr. Charlie keep his eye on me\nTo figure my head, but them ass kissin niggas is dead\nWe learn the chokeholds with fisherman's thread\nI read The Art of Sun-Tzu in a couple of fuckin days\nUsed to practice Kung-Fu with this nigga that's like, double my age\nAnd you can put this on the government's grave\nSomebody payin for the way we have to suffer and slave\nAssassination, word up\n\nI hope they get the assassins, I hope that something is done to them\nProblem is they're killing them, it reminds me of something like what\nHappened to Lincoln\n\nYou ain't even safe wit a full clip\nI swear on the president's grave\nI'm sick of livin in this bullshit\nWe down to take it to the full length\nMeet us up on Capitol Hill, and we can get up in some real shit\n(repeat)\n\nAssassination, *gunshot* yeah\n\n\n\n\n  "
                    }
                ], 
                "hooks": []
            }, 
            "order": [
                "[Verse 1]", 
                "[Verse 2]"
            ], 
            "artist": "Dead Prez"
        }
    },
    "Happiness": {
        "raw": "\n    \n  [Verse 1]\nYo, it's a beautiful day, and everybody's feelin' wonderful\nThe ladies is out, lookin' fly, dressed comfortable\nI love to wake up, and feel the breeze through my window\nSlip on a fatigues, grab a dutch and roll some indo\nIt be days like these, that make life so much easier\nFish thawin' out, Guinness Stout in the freezer\nWalk the block at my leisure (my leisure)\nSummertime is like a anesthesia\nSo many pretty things to please ya\nThe greenery\nBeautiful birds, natural scenery\nOr even just a infinite sky\nWe be forever puffin' lah\nOn the block, or tellin' jokes in the ride (ha ha ha)\nWhen the weather be hot, everybody be outside (whut)\nHavin' fun (aight?), eatin' fresh fruits and vegetables\nAnd good food put me in the mood for a festival\nSome say the summer make a woman more sexual (sup, boo)\nIt's instinct -- that's why my game be right on schedule\nI put the great Mother Nature on a pedestal\nShe always fly, but today, she's exceptional\nIf I had a chance to make a wish\nEvery day would be just like this, full of Happiness\n\n[Hook]\nI feel great\nEven though we got mad things to deal with\nHappiness is all in the mind\nLet's unwind, and find a reason to smile\nI'm just glad to be livin'\nFeelin' fine\nLeavin' my bad times behind\nFeels great\nAnd no, we can't escape from the realness\nHappiness is all in the mind\nLet's unwind, and find a reason to smile\nI'm just glad to be alive\nFeelin' fine\nLivin' life one day at a time\nFeelin' great\n\n[Interlude]\nYeah, knaw'msayin'?\nI just wanna give a shout out\nTo everybody who got a birthday today\nHappiness (Happiness)\n\n[Verse 2]\nHave you ever heard the children play?\nSometime, I feel the same way, roll up a j, and get away\nPut some food on the grill\nAnd just chill\nMaybe build with my elders (uh)\nNever know the things they could tell ya\nLearnin' why the caged bird sings (why it do that?)\n'Cuz it's the vital things you know that separate the men from the Kings\nThe flowers that bloom and the Sun (uh)\nAnd everybody singin' the tune, 'cuz it's time to have fun\nWe out, rollerbladin' (uh, uh), a day where no one coulda stayed inside\nWash the car, now it's time to take a ride\nMe and my crew hangin' out, all night to sunrise\nCelebration of life, 'cuz every day is a surprise\nThink of the rich countryside on the land of Jamaica\nMountains, springs and green acres\nOr any other place in the world your mind takes you\nIt's the good times in life that everybody can relate to (uh)\nAnd you can leave your troubles behind\nAnd have a wonderful time\nLay back and just ease your mind (whut)\nYou can leave your troubles behind\nAnd have a wonderful time\nLay back and just ease your mind\n\n[Hook]\n\n\n\n\n  ", 
        "pro": {
            "producers": [
                "Dead Prez", 
                "Lord Jamar"
            ], 
            "blocks": {
                "verses": [
                    {
                        "header": "[Verse 1]", 
                        "text hash": "76c87f77a25b79829d351a536b170865", 
                        "artist": "Dead Prez", 
                        "text": "Yo, it's a beautiful day, and everybody's feelin' wonderful\nThe ladies is out, lookin' fly, dressed comfortable\nI love to wake up, and feel the breeze through my window\nSlip on a fatigues, grab a dutch and roll some indo\nIt be days like these, that make life so much easier\nFish thawin' out, Guinness Stout in the freezer\nWalk the block at my leisure (my leisure)\nSummertime is like a anesthesia\nSo many pretty things to please ya\nThe greenery\nBeautiful birds, natural scenery\nOr even just a infinite sky\nWe be forever puffin' lah\nOn the block, or tellin' jokes in the ride (ha ha ha)\nWhen the weather be hot, everybody be outside (whut)\nHavin' fun (aight?), eatin' fresh fruits and vegetables\nAnd good food put me in the mood for a festival\nSome say the summer make a woman more sexual (sup, boo)\nIt's instinct -- that's why my game be right on schedule\nI put the great Mother Nature on a pedestal\nShe always fly, but today, she's exceptional\nIf I had a chance to make a wish\nEvery day would be just like this, full of Happiness"
                    }, 
                    {
                        "header": "[Verse 2]", 
                        "text hash": "c30cd6c1f9b52a62d721055add9a6117", 
                        "artist": "Dead Prez", 
                        "text": "Have you ever heard the children play?\nSometime, I feel the same way, roll up a j, and get away\nPut some food on the grill\nAnd just chill\nMaybe build with my elders (uh)\nNever know the things they could tell ya\nLearnin' why the caged bird sings (why it do that?)\n'Cuz it's the vital things you know that separate the men from the Kings\nThe flowers that bloom and the Sun (uh)\nAnd everybody singin' the tune, 'cuz it's time to have fun\nWe out, rollerbladin' (uh, uh), a day where no one coulda stayed inside\nWash the car, now it's time to take a ride\nMe and my crew hangin' out, all night to sunrise\nCelebration of life, 'cuz every day is a surprise\nThink of the rich countryside on the land of Jamaica\nMountains, springs and green acres\nOr any other place in the world your mind takes you\nIt's the good times in life that everybody can relate to (uh)\nAnd you can leave your troubles behind\nAnd have a wonderful time\nLay back and just ease your mind (whut)\nYou can leave your troubles behind\nAnd have a wonderful time\nLay back and just ease your mind"
                    }
                ], 
                "hooks": [
                    {
                        "header": "[Hook]", 
                        "text hash": "007ad14d4d7a6afbe8dc2191ce80f6c2", 
                        "artist": "Dead Prez", 
                        "text": "I feel great\nEven though we got mad things to deal with\nHappiness is all in the mind\nLet's unwind, and find a reason to smile\nI'm just glad to be livin'\nFeelin' fine\nLeavin' my bad times behind\nFeels great\nAnd no, we can't escape from the realness\nHappiness is all in the mind\nLet's unwind, and find a reason to smile\nI'm just glad to be alive\nFeelin' fine\nLivin' life one day at a time\nFeelin' great"
                    }
                ], 
                "remainders": [
                    {
                        "header": "[Interlude]", 
                        "text hash": "3196c840b660a31921a47c43627cc154", 
                        "artist": "Dead Prez", 
                        "text": "Yeah, knaw'msayin'?\nI just wanna give a shout out\nTo everybody who got a birthday today\nHappiness (Happiness)"
                    }
                ]
            }, 
            "order": [
                "[Verse 1]", 
                "[Hook]", 
                "[Interlude]", 
                "[Verse 2]", 
                "[Hook]"
            ], 
            "artist": "Dead Prez"
        }
    },
    "Psychology": {
        "raw": "\n    \n  Intro:\n\"I was born, in a dump\nMy mama died and my father got drunk\nThey left me, to die or grow\nIn the middle of Tobacco Road\nI grew up in a rusty shack\nAll I owned was hangin on my back\nAnd Lord knows, how I learnt\nThis place called Tobacco Road\nTobacco Road, you're dirty and you're filthy\nTobacco Road, gonna get me some dynamite and a crane\nI'm gonna blow it up, Lord knows gonna start all over again\"\n\n\"My mind is the place where I make my plans\nThe world is the place where I take my stand\nThe beauty of life is mine today\nThey cannot take my mind away\"\n\n[M1]\nFuck what you heard, I'm from Africa\nThis ain't no act it's mathematical\nPast the black radical\nI choose the M1 because it's practical\nNothin was changed, we ain't protected\nNo names, it's all factual\nThey push the wrong buttons, count down to detonate\nBrooklyn blown away and the world will have to speculate\nThis is what we learn in the streets, fuck a degree\nBelieve in none of what you hear and half of what you see\n\n[Stic]\nIt's like watching your own father smoke crack\nI have nightmares on shit like that\nNo way in hell I'll ever get like that\nI seen a lot of shit in twenty-two years\nIt's like a tour of duty\nMy life is booby-trapped, it's hard to see the beauty\nWhen your heart is turning ice cold\nCold like your hands exposed to blistering winds\nMy mother keep her eyes closed, she say she prayin\nI listen close to what she sayin\nWhen she speak of Jesus I ignore it\nBut when it's practical I'm all for it\nYou got to think like a soldier\nI'm training myself to snatch pistols out of holsters\nDiscipline keep the mind focused\nThis whole world is a corn field son\nLook out for flying locusts\n\nChorus (x2)\n\nDon't let 'em get in your head, they try to probe you\nFigure your thoughts so they can try and control you\nAnd through you, control your whole crew\nIt's psychology boy, now what the fuck that make you wanna do?\n\n[M1]\nYou can't walk the streets with no state of mind\nBlind to the ways of mankind\nAnd if you know the time, give me a sign\nTell me where we draw the line, I got your back if you got mine\nMy enemy's enemy is my man, one dreadlock is stronger than one strand\nWhile the crackers got the upper hand my comrades stands\nOn lands stolen\nEvery tooth a golden opportunity, who holding my community\nHostage? 10% ransom\nCosting us time we lost and some\nThis is how the plan runs, thinking with a fugitive brain\nWhat we do to live is insane\nHold in the weed, healing my membranes, just like crack\nYou know it all boils down to the dollars-and-cents of it\nNiggas commence to get rents to sentenced to serve terms\nJumping the fence, the black germ is loose\nWhen will they learn?\nPsychology\n\n[Stic]\nWe piss on walls and smoke reefa in the halls\nNo respect for their laws\nI cut your face with a kitchen knife\nIn gladiator times, man against machinery\nThe tree bark fatigues help me blend in with the scenery boy\nLife is a series of serious choices\nTheories is formed from experience, never mysterious forces\nVarious courses of life can lead to failure\nToo much of anything is a trap\nMy mind snap\nGuerilla warfare for two grand\nThey say karate means 'empty hands'\nSo then it's perfect for the poor man...\nThey say karate means 'empty hands'\nSo then it's perfect for the poor man\n\nChorus (x2)\n\nBridge\n\n[M1]\nWhen you think of us think of pyramids and pistols\nAnd glimmering gold teeth that shine like crystals\nThe mind is like a jewel son\nOnly a fool wouldn't grasp it\nWisdom is a tool, you get blasted\nX2\n\n\"Free your mind, and the rest will follow\nSeize the time, no one is promised tomorrow\"\n\nRepeat until fade\n\n\n\n\n  ", 
        "pro": {
            "producers": [
                "Dead Prez", 
                "Lord Jamar"
            ], 
            "blocks": {
                "verses": [], 
                "hooks": [], 
                "remainders": [
                    {
                        "header": "[Stic]", 
                        "text hash": "4bf257f0db1dacb495dab5696f6663e6", 
                        "artist": "Dead Prez", 
                        "text": "It's like watching your own father smoke crack\nI have nightmares on shit like that\nNo way in hell I'll ever get like that\nI seen a lot of shit in twenty-two years\nIt's like a tour of duty\nMy life is booby-trapped, it's hard to see the beauty\nWhen your heart is turning ice cold\nCold like your hands exposed to blistering winds\nMy mother keep her eyes closed, she say she prayin\nI listen close to what she sayin\nWhen she speak of Jesus I ignore it\nBut when it's practical I'm all for it\nYou got to think like a soldier\nI'm training myself to snatch pistols out of holsters\nDiscipline keep the mind focused\nThis whole world is a corn field son\nLook out for flying locusts\n\nChorus (x2)\n\nDon't let 'em get in your head, they try to probe you\nFigure your thoughts so they can try and control you\nAnd through you, control your whole crew\nIt's psychology boy, now what the fuck that make you wanna do?"
                    }, 
                    {
                        "header": "[Stic]", 
                        "text hash": "a3adcb362f71ef1c56df2be9e0a62a44", 
                        "artist": "Dead Prez", 
                        "text": "We piss on walls and smoke reefa in the halls\nNo respect for their laws\nI cut your face with a kitchen knife\nIn gladiator times, man against machinery\nThe tree bark fatigues help me blend in with the scenery boy\nLife is a series of serious choices\nTheories is formed from experience, never mysterious forces\nVarious courses of life can lead to failure\nToo much of anything is a trap\nMy mind snap\nGuerilla warfare for two grand\nThey say karate means 'empty hands'\nSo then it's perfect for the poor man...\nThey say karate means 'empty hands'\nSo then it's perfect for the poor man\n\nChorus (x2)\n\nBridge"
                    }
                ]
            }, 
            "order": [
                "[Stic]", 
                "[Stic]"
            ], 
            "artist": "Dead Prez"
        }
    },
    "Propaganda": {
        "raw": "\n    \n  [Intro]\n\"Let me now turn, to our program for the future.\"\n\n(News Snippets)\n\"The economy right now, is extremely supportive of the president and his policies.\"\n\"FBI scientists have found chemical traces, consistent with a bomb or a missile, on a piece of wreckage.\"\n\"police using clubs and tear gas against demonstrators.\"\n\"they called me a mother -(bleeped out)-ing so-and-so... and a white\nFascist...like they said, 'you're getting some of your own medicine'...\"\n\n[Hook]\nTelling lies, to our vision\nTelling lies, to our children\nTelling lies, to our babies\nOnly truth, can take us...\n\n[Verse 1]\nYou can't fool all the people all of the time\nBut if you fool the right ones, then the rest will fall behind\nTell me who's got control of your mind? your world view?\nIs it the news or the movie you're taking your girl to?\nKnow what I'm saying cause Uncle Sam got a plan\nIf you examine what they telling us then you will understand\nWhat they planting in the seeds of the next generation\nFeeding our children miseducation\nNo one knows if there's UFOs or any life on Mars\nOr what they do when they up in the stars\nBecause I don't believe a word of what the president said\nHe filling our head with lies got us hypnotized\nWhen he be speaking in code words about crime and poverty\nDrugs, welfare, prisons, guns and robbery\nIt really means us, there's no excuse for the slander\nBut what's good for the goose, is still good for the gander\nSee...\n\n[Hook 1]\nI don't believe Bob Marley died from cancer\n31 years ago I would've been a Panther\nThey killed Huey cause they knew he had the answer\nThe views that you see in the news is propaganda\n\n[Hook 2]\n\nVerse 2:\nI don't want no computer chip in my arm\nI don't wanna die by a nuclear bomb\nI say we all rush the pentagon\nPull out guns and grab the intercom\nMy first words will be I believe\nMan made god, outta ignorance and fear\nIf God made man, then why the hell would he put us here?\nI thought he's supposed to be the all loving\nThe same God who let Hitler put the Jews in the oven\nWe don't fall for the regular shit, they try to feed us\nAll this half-ass leadership, flipping position\nThey turn politician and shut the hell up and follow tradition\nFor your TV screen, is telling lies to your vision\nEvery channel got some brainwashed cop shit to watch\nRunning up in niggas cribs claiming that they heard shots\nIt's a plot, but busta can you tell me who's greedier?\nBig corporations, the pigs or the media?\nSign of the times, terrorism on the rise\nCommercial airplanes, falling out the sky like flies\nMake me wonder what secrets went down with Ron Brown\nWho burnt churches to the ground with no evidence found?\nIt's not coincidence, it's been too many studied incidents\nIt could've been the Klan who put that bomb at the olympics\nBut it probably was the FBI, deep at the call\nCause if they make us all panic then they can start martial law\n\n[Hook 1]\n\n[Bridge]\nPolice is telling lies fooling millions\nWhat are they teaching our kids in these school buildings?\nTelevised, enterprised in all the killing\nControlling our lives, this ain't living\nNo this ain't living\n\n[Interlude x2]\nFBI, CIA\nATF, KKK\nIRS, TNT\nCBS, NBC\n\n[Hook 2]\n\n[Outro: Huey P. Newton]\n\"Uh, we view each other with a great love and a great understanding. And that we try to expand this to the general Black population, and also, people-- oppressed people all over the world. And, I think that we differ from some other groups simply because we understand the system better than most groups understand the system. And with this realization, we attempt to form a strong political base based in the community with the only strength that we have and that's the strength of a potentially destructive force if we don't get freedom.\"\n\n\n\n\n  ", 
        "pro": {
            "producers": [
                "Dead Prez", 
                "Lord Jamar"
            ], 
            "blocks": {
                "verses": [
                    {
                        "header": "[Verse 1]", 
                        "text hash": "6d654c0f26bf5c4d32473b47188ccd53", 
                        "artist": "Dead Prez", 
                        "text": "You can't fool all the people all of the time\nBut if you fool the right ones, then the rest will fall behind\nTell me who's got control of your mind? your world view?\nIs it the news or the movie you're taking your girl to?\nKnow what I'm saying cause Uncle Sam got a plan\nIf you examine what they telling us then you will understand\nWhat they planting in the seeds of the next generation\nFeeding our children miseducation\nNo one knows if there's UFOs or any life on Mars\nOr what they do when they up in the stars\nBecause I don't believe a word of what the president said\nHe filling our head with lies got us hypnotized\nWhen he be speaking in code words about crime and poverty\nDrugs, welfare, prisons, guns and robbery\nIt really means us, there's no excuse for the slander\nBut what's good for the goose, is still good for the gander\nSee..."
                    }
                ], 
                "hooks": [
                    {
                        "header": "[Hook]", 
                        "text hash": "af6dddd8729b23ed4c32e95c9fdd38a7", 
                        "artist": "Dead Prez", 
                        "text": "Telling lies, to our vision\nTelling lies, to our children\nTelling lies, to our babies\nOnly truth, can take us..."
                    }, 
                    {
                        "header": "[Hook 1]", 
                        "text hash": "f6b59031d137375227b58d7d106e6a51", 
                        "artist": "Dead Prez", 
                        "text": "I don't believe Bob Marley died from cancer\n31 years ago I would've been a Panther\nThey killed Huey cause they knew he had the answer\nThe views that you see in the news is propaganda"
                    }
                ], 
                "intro": [
                    {
                        "header": "[Intro]", 
                        "text hash": "7150c5055b0d557a9ed59d85b9f0a556", 
                        "artist": "Dead Prez", 
                        "text": "\"Let me now turn, to our program for the future.\"\n\n(News Snippets)\n\"The economy right now, is extremely supportive of the president and his policies.\"\n\"FBI scientists have found chemical traces, consistent with a bomb or a missile, on a piece of wreckage.\"\n\"police using clubs and tear gas against demonstrators.\"\n\"they called me a mother -(bleeped out)-ing so-and-so... and a white\nFascist...like they said, 'you're getting some of your own medicine'...\""
                    }
                ], 
                "remainders": [
                    {
                        "header": "[Interlude x2]", 
                        "text hash": "143697d4b831ecc88111a9f146919c72", 
                        "artist": "Dead Prez", 
                        "text": "FBI, CIA\nATF, KKK\nIRS, TNT\nCBS, NBC"
                    }, 
                    {
                        "header": "[Outro: Huey P. Newton]", 
                        "text hash": "4fef870c3a74bbd791211f68351562d5", 
                        "artist": "Huey P. Newton", 
                        "text": "\"Uh, we view each other with a great love and a great understanding. And that we try to expand this to the general Black population, and also, people-- oppressed people all over the world. And, I think that we differ from some other groups simply because we understand the system better than most groups understand the system. And with this realization, we attempt to form a strong political base based in the community with the only strength that we have and that's the strength of a potentially destructive force if we don't get freedom.\"\n\n\n\n\n  "
                    }
                ], 
                "bridge": [
                    {
                        "header": "[Bridge]", 
                        "text hash": "7accf54685243fa9870d956d90348734", 
                        "artist": "Dead Prez", 
                        "text": "Police is telling lies fooling millions\nWhat are they teaching our kids in these school buildings?\nTelevised, enterprised in all the killing\nControlling our lives, this ain't living\nNo this ain't living"
                    }
                ]
            }, 
            "order": [
                "[Intro]", 
                "[Hook]", 
                "[Verse 1]", 
                "[Hook 1]", 
                "[Hook 2]", 
                "[Hook 1]", 
                "[Bridge]", 
                "[Interlude x2]", 
                "[Hook 2]", 
                "[Outro: Huey P. Newton]"
            ], 
            "artist": "Dead Prez"
        }
    },
    "The Pistol": {
        "raw": "\n    \n  [Hook]\n\nWe ain't trying to hear shit but what? (Cash money)\nThe whole world operating off of (Cash money)\nTo all my niggas with a whole lot of (Cash money)\nWatch yo' back money\n\n[Verse 1]\n\nYou couldn't never understand how my mind tick\nI'm on some old school crime shit\nWhen niggas sold two's to keep the dimes lit\nAin't no rules when these iron shots are stoned dun\n\nThis heat burn through your flesh, straight to the bones\nI reach for the buddha cess and zone\nI probably have a future of stress, stay depressed and be alone\nBut as far as the present time its on\n\nI represent mine til I return to the essence and I'm dead and gone\nPut me on the corner, watch me catch a quick case of cream fever\nIf you be popping shit my niggas won't believe ya\nProbably punch you in the face and take ya wallet when we see ya\n\nBut son it gets deeper\nI'm running with a click that's being hunted by the grim reaper\nTo all my peoples in the man keeper\nLet your situation be a teacher\nAin't nothing like a education\n\nWhen I was locked down I learned about patience and dedication\nAnd not to say shit, unless you need a motherfucking face lift\nAnd as a youth I was a outcast\nRunning around with pellet guns playing war but now it's all about cash\n\n[Hook (version 2)]\n\nI'm caught up, caught up in a mix of shit\nAnd I ain't trying to hear shit son my crew got cash to get\nBlast you with the pistol\nIf I have to, in my mind its all about cash in the fistful\nI'm caught up in a mix of shit\nAnd I ain't trying to hear shit son my crew got cash to get\nSplash you with the pistol\nIf I have to, in my mind its all about cash in the fistful\n\n[Verse 2]\n\nUp late night and upset, and fed up\nNiggas coming up, wet, I'm dead up\nFuck trying to your head up\nAnd when it go down, word bond we gotta get up\nToo many locked down upstate, son its a set up\n\nMy life has sped up, many years I'm straight up\nPlenty beers for who ain't here and those who ate up\nTest and get sprayed up in the club\nWe couldn't run it so we take the blade up in the booth\nSince we couldn't shoot\n\nWe heat it up, losing the shirt, showing the bare chest\nI'm blessed, puffin the skunk make me care less\nThe best that you can do is duck my fucking crew\nIf the slugs don't get you, lord J'll jig you\n\nActin artificial you'll get burnt by the pistol\nBefore its done, even my guns'll turn to missiles\nDon't have to blow the whistle on you\nCause everybody knows you gotta watch yo self around borderline pyschos\n\nWho know my people gotta hold a mint\nOr they ain't worth a cent\nHow can you represent, if you can't pay the rent\nAnd leave a dent in my life time, I'm caught up in trife crime\nIn fights you never know what you might find\n\nWe stand firm meanwhile cause niggas that seem wild\nBe bucking blanks, if they were men they wouldn't fuck with pranks\nI leave them niggas alone and stay home\nUntil it cool down as they remember how my tool sound\n\n[Hook]\n\nWe ain't trying to hear shit but what? (Cash money)\nWe whole world operating off of (Cash money)\nTo all my niggas with a whole lot of (Cash money)\nWatch yo' back money (yeah yeah)\n\n[Interlude]\n\nYeah, we up on what we dealing with\nWe ain't no criminals\nWe got the right to have gats\nAs long as the army, navy, air force, marines got gats\nWe gon' hold heat, knamsayin?\nCause our army gotta represent for us\nWord up\nAiyyo, Maintain (Yeah)\nSet that shit son\n\n[Verse 3: Maintain]\n\nForever keeping my shit cocked for drama\nStainless steel, shit is for real\nThe way these rats is known to squeal, making sour deals\nThugs up in the mix to these drugs, caught up in the humble\nBricks and paper by the bundle how the Bronx rumble\n\n??? devils get deaded, never regret it, only known to set it\nStill in existence obviously you jetted\nSpeak the desert, I see the pyramid and eagle\nBack of the dollar bill, ill deceitful, we consider lethal\n\nGod falling, niggas be pouring, guzzling alcoholics\nTwo drinks, too many's like whitey infiltrating your fortress\nShit is on, we 'bout to form, best prepare for the storm\nYa'll funny niggas quick to ring the alarm\n\nBomb fell, now a nation is gel\nWe had to dwell for four hundred or more\nThe Lord had the righteous living poor\nResurrecting the true and living back the power\nDevils getting devoured, niggas heard the god holla\n\n\n\n\n  ", 
        "pro": {
            "producers": [
                "Dead Prez", 
                "Lord Jamar"
            ], 
            "blocks": {
                "verses": [], 
                "hooks": [
                    {
                        "header": "    \n  [Hook]\n\nWe ain't trying to hear shit but what? (Cash money)", 
                        "text hash": "ea26fcd82191ba842492204a54342e8a", 
                        "artist": "Dead Prez", 
                        "text": "The whole world operating off of "
                    }, 
                    {
                        "header": "I'm caught up, caught up in a mix of shit\nAnd I ain't trying to hear shit son my crew got cash to get\nBlast you with the pistol\nIf I have to, in my mind its all about cash in the fistful\nI'm caught up in a mix of shit\nAnd I ain't trying to hear shit son my crew got cash to get\nSplash you with the pistol\nIf I have to, in my mind its all about cash in the fistful\n\n[Verse 2]\n\nUp late night and upset, and fed up\nNiggas coming up, wet, I'm dead up\nFuck trying to your head up\nAnd when it go down, word bond we gotta get up\nToo many locked down upstate, son its a set up\n\nMy life has sped up, many years I'm straight up\nPlenty beers for who ain't here and those who ate up\nTest and get sprayed up in the club\nWe couldn't run it so we take the blade up in the booth\nSince we couldn't shoot\n\nWe heat it up, losing the shirt, showing the bare chest\nI'm blessed, puffin the skunk make me care less\nThe best that you can do is duck my fucking crew\nIf the slugs don't get you, lord J'll jig you\n\nActin artificial you'll get burnt by the pistol\nBefore its done, even my guns'll turn to missiles\nDon't have to blow the whistle on you\nCause everybody knows you gotta watch yo self around borderline pyschos\n\nWho know my people gotta hold a mint\nOr they ain't worth a cent\nHow can you represent, if you can't pay the rent\nAnd leave a dent in my life time, I'm caught up in trife crime\nIn fights you never know what you might find\n\nWe stand firm meanwhile cause niggas that seem wild\nBe bucking blanks, if they were men they wouldn't fuck with pranks\nI leave them niggas alone and stay home\nUntil it cool down as they remember how my tool sound\n\n[Hook]\n\nWe ain't trying to hear shit but what? (Cash money)", 
                        "text hash": "c2e058e2bfccef81782e39dc8727e17b", 
                        "artist": "Dead Prez", 
                        "text": "We whole world operating off of "
                    }
                ], 
                "remainders": [
                    {
                        "header": "(Cash money)", 
                        "text hash": "270655a7c8d03950a88b6c7cbb0534ac", 
                        "artist": "Dead Prez", 
                        "text": "To all my niggas with a whole lot of "
                    }, 
                    {
                        "header": "(Cash money)", 
                        "text hash": "61799b8d0f22c8f408e477d4d5b468ce", 
                        "artist": "Dead Prez", 
                        "text": "Watch yo' back money"
                    }, 
                    {
                        "header": "(Cash money)", 
                        "text hash": "a3147d447c512983cd3fdb00a2595e25", 
                        "artist": "Dead Prez", 
                        "text": "Watch yo' back money "
                    }, 
                    {
                        "header": "(yeah yeah)", 
                        "text hash": "b7adf122d9a60f4d6171b90546e43679", 
                        "artist": "Dead Prez", 
                        "text": "[Interlude]"
                    }, 
                    {
                        "header": "Yeah, we up on what we dealing with\nWe ain't no criminals\nWe got the right to have gats\nAs long as the army, navy, air force, marines got gats\nWe gon' hold heat, knamsayin?\nCause our army gotta represent for us\nWord up\nAiyyo, Maintain (Yeah)", 
                        "text hash": "6e7a16e2406aa04f8caca63eb06266da", 
                        "artist": "Dead Prez", 
                        "text": "Set that shit son"
                    }
                ]
            }, 
            "order": [
                "(Cash money)", 
                "(Cash money)", 
                "(Cash money)", 
                "(Cash money)", 
                "(Cash money)", 
                "(Cash money)", 
                "(yeah yeah)", 
                "(Yeah)"
            ], 
            "artist": "Dead Prez"
        }
    }
}