{
    "What Goes Around": {
        "raw": "\n    \n  [50 Cent]\nG-Unit haha\n\n[Lloyd Banks]\nI dont know where you from but out here we ride\nSo if you scared of conflict don't come outside\nOr learn how to ride, Get your hands on a gun\nCause ain't no one gonna repspect you as a man if you run, dial 9-1-1\nI'm hear talkin' to the street now\nThat's only gonna lead to bulletwounds and beatdown's, retreat clown\nYou still strugglin down to your last rock\nG-Unit is gorillas and Blackchild's the mascot\nYou thought you wouldn't hear my voice\nI'm in the hood cause I'm hood\nYou in the hood cause you ain't got no choice\nYour top seller gettin' sticked for his shine\nEither I'm blind, or Ashanti's sideburns is thicker than mine\nI'm youngest in charge with my dick in a dime\nGrippin' the nine, sippin' that lime\nBecardi in a party, you sorry\nI'm blowin' wet green right out the safari\nThat'll put you in a left lean higher than a marley\nAnd as far as Charlie, a studio hour is a waste\nShe look like she took a bag of flour in the face\nYou want street credibility instead of I'mma sting you\nC'mon Ja you put a fuckin crackhead on your single\n\n[Hook: 50 Cent]\nWhat goes up must come down, what goes around comes back around\nI suggest you run when you see the pound\nOr get laid the fuck out on the ground\nWhat goes up must come down, what goes around comes back around\nI suggest you run when you see the pound\nOr get laid the fuck out on the ground\n\n[Lloyd Banks]\nMy cousin bringin' back them blueberry bags, I've been waiting all day\nOn them shelltops that got Jam Master Jay on them\nI got a jeanius and kneehighs that swallows me whole\nTongue's longer than the ones on your Fila's\nShe's buys anything I desire, prolly cause I'm on fire\nThe 2003 McGwire, until I retire\nMy neighborhood breed ballers that slam dunk\nCross overed to crack now they can't even jump\nI leave with any panties I want, the industries new face\nI'm in a bitch mouth every morning like toothpaste\nPlace your bet, Envy pull out a few crates\nI got enough 16's to battle 2 states\nI'm in a spaceship, neck full of grey shit\nBigetes in the braclet, expect nothing basic\nRespect and embrace it, your sketch in the basement\nI'll have them try to find where the rest of your face is\n\n[Hook]\n\n[Lloyd Banks]\nThe hoes know I'm lazy as hell, tat's why I get the bitch to twist\nDogg, I stay around trees like Christmas gifts\nYea, you laughing and dancing 'til they stick you\nAnd have you holdin' your chest like I'm singing the National Anthem\nHave your worried bout the reprecussions after the tantrum\nI'll be alone in a mansion, and it's snowing in the Hamptons\nRegardless of what these fools say, I'mma be around longer than 'Cool J\nArmed with a new K\nSo dumb in a new way, If I don't fuck Monday, I'm gone hit it Tuesday\nMy charm get it usually\nYou put a lot of years into rap, these lil' starvin' chumps\nStart your career from the back of a milk carton\nYour gased up from whatever he must of told ya\nBut everything in Army fatigues ain't a soldier\nIn my upbring we wore the same socks\nAnd buckets in the living room to catch the rain drops\n\n[Hook]\n\n[50 Cent]\nDial 9-1-1, Yeah!, young Lloyd Banks, GGgg, GGgg, GGgg, G-Unittttt, haha\nI dare you to say something, haha, I dare you to say something back nigga...\n\n\n\n\n  ", 
        "pro": {
            "features": [
                "50 Cent", 
                "Lloyd Banks"
            ], 
            "blocks": {
                "verses": [], 
                "hooks": [
                    {
                        "header": "[Hook: 50 Cent]", 
                        "text hash": "8620c7436e74edf85abfcea0be378150", 
                        "artist": "50 Cent", 
                        "text": "What goes up must come down, what goes around comes back around\nI suggest you run when you see the pound\nOr get laid the fuck out on the ground\nWhat goes up must come down, what goes around comes back around\nI suggest you run when you see the pound\nOr get laid the fuck out on the ground"
                    }
                ], 
                "remainders": [
                    {
                        "header": "[50 Cent]", 
                        "text hash": "0e1714ffd6eff70d83c5f528712e348b", 
                        "artist": "50 Cent", 
                        "text": "G-Unit haha"
                    }, 
                    {
                        "header": "[Lloyd Banks]", 
                        "text hash": "69c85ce804c5cab8aa4fbc7eaf82c9f6", 
                        "artist": "Lloyd Banks", 
                        "text": "I dont know where you from but out here we ride\nSo if you scared of conflict don't come outside\nOr learn how to ride, Get your hands on a gun\nCause ain't no one gonna repspect you as a man if you run, dial 9-1-1\nI'm hear talkin' to the street now\nThat's only gonna lead to bulletwounds and beatdown's, retreat clown\nYou still strugglin down to your last rock\nG-Unit is gorillas and Blackchild's the mascot\nYou thought you wouldn't hear my voice\nI'm in the hood cause I'm hood\nYou in the hood cause you ain't got no choice\nYour top seller gettin' sticked for his shine\nEither I'm blind, or Ashanti's sideburns is thicker than mine\nI'm youngest in charge with my dick in a dime\nGrippin' the nine, sippin' that lime\nBecardi in a party, you sorry\nI'm blowin' wet green right out the safari\nThat'll put you in a left lean higher than a marley\nAnd as far as Charlie, a studio hour is a waste\nShe look like she took a bag of flour in the face\nYou want street credibility instead of I'mma sting you\nC'mon Ja you put a fuckin crackhead on your single"
                    }, 
                    {
                        "header": "[Lloyd Banks]", 
                        "text hash": "59017f19418a8869ded3158bf6d52e1a", 
                        "artist": "Lloyd Banks", 
                        "text": "My cousin bringin' back them blueberry bags, I've been waiting all day\nOn them shelltops that got Jam Master Jay on them\nI got a jeanius and kneehighs that swallows me whole\nTongue's longer than the ones on your Fila's\nShe's buys anything I desire, prolly cause I'm on fire\nThe 2003 McGwire, until I retire\nMy neighborhood breed ballers that slam dunk\nCross overed to crack now they can't even jump\nI leave with any panties I want, the industries new face\nI'm in a bitch mouth every morning like toothpaste\nPlace your bet, Envy pull out a few crates\nI got enough 16's to battle 2 states\nI'm in a spaceship, neck full of grey shit\nBigetes in the braclet, expect nothing basic\nRespect and embrace it, your sketch in the basement\nI'll have them try to find where the rest of your face is"
                    }, 
                    {
                        "header": "[Lloyd Banks]", 
                        "text hash": "1d979b22fe4ca34a388167bd79a18d7b", 
                        "artist": "Lloyd Banks", 
                        "text": "The hoes know I'm lazy as hell, tat's why I get the bitch to twist\nDogg, I stay around trees like Christmas gifts\nYea, you laughing and dancing 'til they stick you\nAnd have you holdin' your chest like I'm singing the National Anthem\nHave your worried bout the reprecussions after the tantrum\nI'll be alone in a mansion, and it's snowing in the Hamptons\nRegardless of what these fools say, I'mma be around longer than 'Cool J\nArmed with a new K\nSo dumb in a new way, If I don't fuck Monday, I'm gone hit it Tuesday\nMy charm get it usually\nYou put a lot of years into rap, these lil' starvin' chumps\nStart your career from the back of a milk carton\nYour gased up from whatever he must of told ya\nBut everything in Army fatigues ain't a soldier\nIn my upbring we wore the same socks\nAnd buckets in the living room to catch the rain drops"
                    }, 
                    {
                        "header": "[50 Cent]", 
                        "text hash": "af7796628a938e9aa46118d2b0d1a1b5", 
                        "artist": "50 Cent", 
                        "text": "Dial 9-1-1, Yeah!, young Lloyd Banks, GGgg, GGgg, GGgg, G-Unittttt, haha\nI dare you to say something, haha, I dare you to say something back nigga...\n\n\n\n\n  "
                    }
                ]
            }, 
            "order": [
                "[50 Cent]", 
                "[Lloyd Banks]", 
                "[Hook: 50 Cent]", 
                "[Lloyd Banks]", 
                "[Hook]", 
                "[Lloyd Banks]", 
                "[Hook]", 
                "[50 Cent]"
            ], 
            "artist": "DJ Envy"
        }
    }
}