{
    "Trap House": {
        "raw": "\n    \n  [Intro: Ca$h Out]\nI'm talking trap shit\nFrom now on, if you ain't been in that booth\nI don't wanna do a song with you\nTrap shit, aye\n\n[Hook: Ca$h Out]\nI roll up my weed, I'm smokin' that pound\nI'm up in the boat, I think it's a drought\nThe car should pull out, the rest should pull out\nWhat else can I say? I love the trap house\nI love the trap house (x4)\nThe car should pull out, the rest should pull out\nWhat else can I say? I love the trap house\n\n[Verse 1: Ca$h Out]\nI'm up in the boat, I'm whippin' a fo'\nI'm whippin' a nine, the Rollie my time, no wastin' my time\nI'm doing my time if I do the crime, these niggas gon' tell\nI said these niggas gon' tell, they ain't got no bail, these niggas is hell\nI love it, I love it like August Alsina, I'm whippin' a Beamer\nThese niggas, they plottin', these niggas, they schemin', [?]\nMade everybody say \"Woo!\"\nI'm up in the boat with Gambino, they say \"Woo!\"\nHer pussy got a little tang so I say \"Wu!\"\nHeh, heh, heh, don't crack me up\nMoney, you know I stacked it up\nSix months then I packed it up, trap rules\nCarry so much weight, shit, I gotta make the news\nI love the trap house\n\n[Hook]\n\n[Verse 2: Quavo]\nWhat can I say? I love the bando, you don't need to be talking\nWhat can I say? The bando got a nigga Giuseppe-walking\nPapi know that I'mma shoot\nIf you try to take a deuce, lean or boot\nShe a bad bitch but I make her cook, now she mad at me\nShe jingalin' them pockets out a papi\nIt ain't a trap house, you ain't got a shooter at the door\nHell nah, it ain't no trap house, you ain't got a fork and a bowl\n\n[Verse 3: Takeoff]\nI can't get enough of the egg beater\nGot my hand in the bowl whippin' jungle fever\nWalk in my trap house, I'm selling that Justin Bieber\nTrap nigga, using my strap for a heater\nMy diamonds on cold, they callin' me Freezer\nYou pussy nigga, they call you Vegeta\nA hundred thousand for a feature\nFifty thousand for a picture\nBack then was I was a lil' nigga\nGettin' in trouble, had to see the preacher\nMama told me read the scripture\n\"Put God first and you'll be a rich nigga\"\nWhippin' and whippin' and whippin' and whippin' that pot\n(Whippin' it, whippin' it, whippin' it) Till my arms fall off\nLot of ratchets, pacer active, money machine how I'm coppin' it\n\n[Hook]\n\n[Verse 4: Offset]\nI love the trap house, got a brick on my couch\nGot a K on my couch, got yo' bitch in my house\nI built the empire, started with a ounce\nStretching the nine cause every ground counts\nTrap out the bando, just like I'm Rambo\nIt's just surveillance when I change the channel\nTrappin' and cappin' bought me a new Phantom\nI paid my dues, I dropped outta school\nThey say I'm a fool, I'm whippin' the deuce\nI never fold cause I don't have a clue\nTouch down on a pussy like dog food\nDistributing work with intentions\nI'm the teacher, yo' bitch in detention\nFifty bricks all outta quantity\nControllin' the flour, good quality\n(Woop woop) There go 12!\nGo in the house, we can't go to jail!\nNo T.I., I'm on a paper trail\nEnchilada for sale like Taco Bell\nIndian, trap with the cartel\nCook in the kitchen, Offset a chef\nMy fork swim in water like Michael Phelps\nI made a million in the trap with no help!\n\n[Hook]\n\n\n\n\n  ", 
        "pro": {
            "features": [
                "Ca$h Out", 
                "Migos"
            ], 
            "producers": [
                "DJ Montay"
            ], 
            "blocks": {
                "verses": [
                    {
                        "header": "[Verse 1: Ca$h Out]", 
                        "text hash": "8bfcf5f5d59577d26682560524759dba", 
                        "artist": "Ca$h Out", 
                        "text": "I'm up in the boat, I'm whippin' a fo'\nI'm whippin' a nine, the Rollie my time, no wastin' my time\nI'm doing my time if I do the crime, these niggas gon' tell\nI said these niggas gon' tell, they ain't got no bail, these niggas is hell\nI love it, I love it like August Alsina, I'm whippin' a Beamer\nThese niggas, they plottin', these niggas, they schemin', [?]\nMade everybody say \"Woo!\"\nI'm up in the boat with Gambino, they say \"Woo!\"\nHer pussy got a little tang so I say \"Wu!\"\nHeh, heh, heh, don't crack me up\nMoney, you know I stacked it up\nSix months then I packed it up, trap rules\nCarry so much weight, shit, I gotta make the news\nI love the trap house"
                    }, 
                    {
                        "header": "[Verse 2: Quavo]", 
                        "text hash": "a98cca8393e7ed5f3c91d1fa4efe7e00", 
                        "artist": "Quavo", 
                        "text": "What can I say? I love the bando, you don't need to be talking\nWhat can I say? The bando got a nigga Giuseppe-walking\nPapi know that I'mma shoot\nIf you try to take a deuce, lean or boot\nShe a bad bitch but I make her cook, now she mad at me\nShe jingalin' them pockets out a papi\nIt ain't a trap house, you ain't got a shooter at the door\nHell nah, it ain't no trap house, you ain't got a fork and a bowl"
                    }, 
                    {
                        "header": "[Verse 3: Takeoff]", 
                        "text hash": "4f04baa17c68a6efaebd43523333ae92", 
                        "artist": "Takeoff", 
                        "text": "I can't get enough of the egg beater\nGot my hand in the bowl whippin' jungle fever\nWalk in my trap house, I'm selling that Justin Bieber\nTrap nigga, using my strap for a heater\nMy diamonds on cold, they callin' me Freezer\nYou pussy nigga, they call you Vegeta\nA hundred thousand for a feature\nFifty thousand for a picture\nBack then was I was a lil' nigga\nGettin' in trouble, had to see the preacher\nMama told me read the scripture\n\"Put God first and you'll be a rich nigga\"\nWhippin' and whippin' and whippin' and whippin' that pot\n(Whippin' it, whippin' it, whippin' it) Till my arms fall off\nLot of ratchets, pacer active, money machine how I'm coppin' it"
                    }, 
                    {
                        "header": "[Verse 4: Offset]", 
                        "text hash": "350ba2fd92259b4963a4392db6250318", 
                        "artist": "Offset", 
                        "text": "I love the trap house, got a brick on my couch\nGot a K on my couch, got yo' bitch in my house\nI built the empire, started with a ounce\nStretching the nine cause every ground counts\nTrap out the bando, just like I'm Rambo\nIt's just surveillance when I change the channel\nTrappin' and cappin' bought me a new Phantom\nI paid my dues, I dropped outta school\nThey say I'm a fool, I'm whippin' the deuce\nI never fold cause I don't have a clue\nTouch down on a pussy like dog food\nDistributing work with intentions\nI'm the teacher, yo' bitch in detention\nFifty bricks all outta quantity\nControllin' the flour, good quality\n(Woop woop) There go 12!\nGo in the house, we can't go to jail!\nNo T.I., I'm on a paper trail\nEnchilada for sale like Taco Bell\nIndian, trap with the cartel\nCook in the kitchen, Offset a chef\nMy fork swim in water like Michael Phelps\nI made a million in the trap with no help!"
                    }
                ], 
                "hooks": [
                    {
                        "header": "[Hook: Ca$h Out]", 
                        "text hash": "d5ef63585ad5b24b2691df44e8a13cf3", 
                        "artist": "Ca$h Out", 
                        "text": "I roll up my weed, I'm smokin' that pound\nI'm up in the boat, I think it's a drought\nThe car should pull out, the rest should pull out\nWhat else can I say? I love the trap house\nI love the trap house (x4)\nThe car should pull out, the rest should pull out\nWhat else can I say? I love the trap house"
                    }
                ], 
                "intro": [
                    {
                        "header": "[Intro: Ca$h Out]", 
                        "text hash": "27feec91c3126813e48a87f503551fc6", 
                        "artist": "Ca$h Out", 
                        "text": "I'm talking trap shit\nFrom now on, if you ain't been in that booth\nI don't wanna do a song with you\nTrap shit, aye"
                    }
                ]
            }, 
            "order": [
                "[Intro: Ca$h Out]", 
                "[Hook: Ca$h Out]", 
                "[Verse 1: Ca$h Out]", 
                "[Hook]", 
                "[Verse 2: Quavo]", 
                "[Verse 3: Takeoff]", 
                "[Hook]", 
                "[Verse 4: Offset]", 
                "[Hook]"
            ], 
            "artist": "DJ Holiday"
        }
    }
}