{
    "You Want Beef With Me?": {
        "raw": "\n    \n  {\"Whoa\" by Black Rob beat}\n\nWhoa! 50 Cent...\nG-Unit! Yeah!\n\nYou want beef wit me take a number and get in line\nYou want pairs with me I pop ya top off with the nine\nYou mad at me? Shit cause you can't shine\nYou ain't gettin yours? That's fucked up cause I'm gettin mine\n\nI got an M1 in my hand and fin' ta start killin shit\nI'm not the nation's new Malcom X but I'm militant\nBut I'm suppose to be scared, cause you got a big chest\nMy four-fifth'll lift you and your motherfucking bench press\nWhile you screamin' war sceneless I'm tryin ta splash\nSwing my knife too I'll break off in yo' ass\nNiggas get hugged up in a huddle, I know how to clear em out\nFour-fifth four shots, that'll fuckin air em out\nIn the hood niggas love me cause I keept it real\nG-Unit niggas they gon' always make bail\nWhether it's two G's or twenty G's\nWhether they knocked with two pieces and two ki's\nBitch please, get on your knees\nYou can lick these, balls\nI'm not the nigga that you striptease, for\nYou got a problem I ain't the nigga, to call\nCause I'm more like a pimp than a trick BITCH!\n\nYou want beef wit me take a number and get in line\nYou want pairs with me I pop ya top off with the nine\nYou mad at me? Shit cause you can't shine\nYou ain't gettin yours? That's fucked up cause I'm gettin mine\n\nYou want beef wit me take a number and get in line\nYou want pairs with me I pop ya top off with the nine\nYou mad at me Shit, cause you can't shine\nYou ain't gettin yours? That's fucked up cause I'm gettin mine\n\n\n\n\n  ", 
        "pro": {
            "features": [
                "50 Cent"
            ], 
            "blocks": {
                "verses": [], 
                "hooks": []
            }, 
            "order": [], 
            "artist": "DJ Whoo Kid"
        }
    },
    "New York New York": {
        "raw": "\n    \n  Brooklyn, New York\nQueens, New York\nThe Bronx, New York\nNew York, New York\nStaten Island, New York\nLong Island, New York\nYonkers, New York\nYeah, get it right niggas, we live and die this shit\n\nAll I got is my niggas, my family dunn\nAll I live for is them, I die too dunn\nFor my doggies my loyalty is crazy\nMy heart'll turn cold, cause they would do the same for me\nAll I know is this Mobb shit\nMe and my comrades runnin' through the states sound bombing\nEvery ghetto, every hood, every project, every slum\nWhat what, any two, any one\nYou don't like me, step up front or hold your tongue\nCause I don't play those games I'll burn ya\nYour wife wanna stare nigga, so we fucked her\nShe love it when I spit on her, when I fuck her\nAin't not'in sweet, ain't no'tin change wit' P\nExcept now I got more places to lay my hat\nI break my back for my clique\nGo 'head and try that shit\nYou'll be a hurt nigga the day you try that shit\n\nBrooklyn, New York\nQueens, New York\nThe Bronx, New York\nNew York, New York\nStaten Island, New York\nLong Island, New York\nYonkers, New York\nYeah, get it right niggas, we live and die this shit\n\n\n\n\n  ", 
        "pro": {
            "features": [
                "Prodigy"
            ], 
            "blocks": {
                "verses": [], 
                "hooks": []
            }, 
            "order": [], 
            "artist": "DJ Whoo Kid"
        }
    },
    "Live & Die Freestyle": {
        "raw": "\n    \n  I can't smoke weed cause my PO make me piss in a cup\nNigga go 'head disrespect me I'll fuck you up\nI ain't talkin bout a fist fight I'll cut ya up\nIf you don't stitches in your grill mo'fucker then chill\nAs a young buck niggas always knew I bust\nSee me go to school on a smaller bus\nI'm a straight A kid I'm getting all this paper\nJust said scribble lines and see where it take ya\nHad violent tendencies so they thought I was dumb\nWhile the so called smart kids was poppin gum\nI'm thinkin bout poppin a gun to get the lump sum\nGrandpa my role model used to suck on a bottle\nA pint of Crown Royal make ya insides boil\n??? like being gay cause his back go out\nHe's the one who taught me what be being blacks about\nI peeped the roaches on the wall they fall\nAnd crawl on my friends\nWe risk sittin up em pen's {*gunshot*}\nIn the hood we hit the number but never the lotto\nLife in the fast lane, one wheel, hit the the throttle\nLet's go, let's flow nigga\nWar, what is it good for, absolutely nothing\nBut niggas keep frontin'\nFuck it nigga live like a soldier die like a solider\nWar, what is it good for, absolutely nothing\nBut niggas keep frontin'\nFuck it nigga live like a soldier and die like a solider\nWar...\n\n\n\n\n  ", 
        "pro": {
            "features": [
                "50 Cent"
            ], 
            "blocks": {
                "verses": [], 
                "hooks": []
            }, 
            "order": [], 
            "artist": "DJ Whoo Kid"
        }
    },
    "We Run These Streets": {
        "raw": "\n    \n  (\"G'd Up\" by Tha Eastsidaz beat)\n\n[50 Cent]\nI stay gangsta'd up, niggas ain't got shit on me\nAnd I stay wit my gat in case I gotta pop somebody\nG-Unit clique, you're blind if you can't see\nThat, we run the streets, nigga you better ask somebody\n\n[Tony Yayo]\nI got a rifle with a scope in the trunk of the Viper\nSo I shoot off the roof like the D.C. sniper\nI just bought a Bezzle, and a brand new piece\nAnd a level two vest and a brand new piece\nY'all hip hop niggas don't want no beef\nY'all get shot and rat to the hip hop police\nNigga two guns up, I run up in ya label\nWhy your guns in the house like a couch potato\n\n[50 Cent]\nI stay gangsta'd up, niggas ain't got shit on me\nAnd I stay wit my gat in case I gotta pop somebody\nG-Unit clique, you're blind if you can't see\nThat, we run the streets, nigga you better ask somebody\n\n[Lloyd Banks]\nThese hoes want me stop, but this is the worst part\nI was born with this game like birth marks\nI don't trip, but I'ma get a little watch from my modelin' chick\nCause she spent a lot of time on my dick\nI get a new fan every single time that I spit\nGreen, blue Ben' lovin' every diamond I get\nFast and fury in the Red Rove' cause my bred folds\nBeef, I hit your necklace turn your jewelry into red gold\n\n[50 Cent]\nI stay gangsta'd up, niggas ain't got shit on me\nAnd I stay wit my gat in case I gotta pop somebody\nG-Unit clique, you're blind if you can't see\nThat, we run the streets, nigga you better ask somebody\n\n[50 Cent]\nI'm from the bottom man niggas know I came up hard\nI got a temper man I'm looking for some shit to start\nMan my tax bracket change, I'm sittin' on some change\nYo hoes man they changed they don't treat me the same\nIt's not my looks that's got me all up in them drawers\nIt's the new M3 with the Lamborghini doors\nMan them D's they dun turned them dogs into dope fiends\nThey smell a leak in my clothes so they barkin' at me, WHOA\n\nYeah, that's gon have to be good enough\nI lost a friend tonight\nJam Master Jay, rest in peace\nI send my love to his family, 50 Cent y'all\n\n[50 Cent]\nI stay gangsta'd up, niggas ain't got shit on me\nAnd I stay wit my gat in case I gotta pop somebody\nG-Unit clique, you're blind if you can't see\nThat, we run the streets, nigga you better ask somebody\n\n\n\n\n  ", 
        "pro": {
            "features": [
                "50 Cent", 
                "Lloyd Banks", 
                "Tony Yayo"
            ], 
            "blocks": {
                "verses": [], 
                "hooks": [], 
                "remainders": [
                    {
                        "header": "[50 Cent]", 
                        "text hash": "eca4761b8af2367d6f813698ed66b5c9", 
                        "artist": "50 Cent", 
                        "text": "I stay gangsta'd up, niggas ain't got shit on me\nAnd I stay wit my gat in case I gotta pop somebody\nG-Unit clique, you're blind if you can't see\nThat, we run the streets, nigga you better ask somebody"
                    }, 
                    {
                        "header": "[Tony Yayo]", 
                        "text hash": "47f8a4d960e887da3630405d1e197967", 
                        "artist": "Tony Yayo", 
                        "text": "I got a rifle with a scope in the trunk of the Viper\nSo I shoot off the roof like the D.C. sniper\nI just bought a Bezzle, and a brand new piece\nAnd a level two vest and a brand new piece\nY'all hip hop niggas don't want no beef\nY'all get shot and rat to the hip hop police\nNigga two guns up, I run up in ya label\nWhy your guns in the house like a couch potato"
                    }, 
                    {
                        "header": "[Lloyd Banks]", 
                        "text hash": "12f0b38612060255f35708971d14fad4", 
                        "artist": "Lloyd Banks", 
                        "text": "These hoes want me stop, but this is the worst part\nI was born with this game like birth marks\nI don't trip, but I'ma get a little watch from my modelin' chick\nCause she spent a lot of time on my dick\nI get a new fan every single time that I spit\nGreen, blue Ben' lovin' every diamond I get\nFast and fury in the Red Rove' cause my bred folds\nBeef, I hit your necklace turn your jewelry into red gold"
                    }, 
                    {
                        "header": "[50 Cent]", 
                        "text hash": "01e5f72689c9cf9b59fc901be9f040f2", 
                        "artist": "50 Cent", 
                        "text": "I'm from the bottom man niggas know I came up hard\nI got a temper man I'm looking for some shit to start\nMan my tax bracket change, I'm sittin' on some change\nYo hoes man they changed they don't treat me the same\nIt's not my looks that's got me all up in them drawers\nIt's the new M3 with the Lamborghini doors\nMan them D's they dun turned them dogs into dope fiends\nThey smell a leak in my clothes so they barkin' at me, WHOA\n\nYeah, that's gon have to be good enough\nI lost a friend tonight\nJam Master Jay, rest in peace\nI send my love to his family, 50 Cent y'all"
                    }, 
                    {
                        "header": "[50 Cent]", 
                        "text hash": "dcd25e4610658352ba36be71cb2702f9", 
                        "artist": "50 Cent", 
                        "text": "I stay gangsta'd up, niggas ain't got shit on me\nAnd I stay wit my gat in case I gotta pop somebody\nG-Unit clique, you're blind if you can't see\nThat, we run the streets, nigga you better ask somebody\n\n\n\n\n  "
                    }
                ]
            }, 
            "order": [
                "[50 Cent]", 
                "[Tony Yayo]", 
                "[50 Cent]", 
                "[Lloyd Banks]", 
                "[50 Cent]", 
                "[50 Cent]", 
                "[50 Cent]"
            ], 
            "artist": "DJ Whoo Kid"
        }
    }
}