{
    "Fresh, Fly Fellas": {
        "raw": "\n    \n  [Verse One: Apathy]\nYo it's kinetic\nIt's best\nLeaving your skeleton crushed\nI bug out like crack heads\nThrough an adrenalin rush\nPlus I'm holdin' more blocks down than gravity's grip\nYou see a chick in your whip\nBallin' Apathy's dick\nMy salary's thick\nPullin' more chips from the raps on wax\nThan cats stack in craps or blackjack\nI'm rich yo\nMac thick hoes with sick flows\nI flip to rich hoes for self Pacino\nOn tour\nI'm hardcore\nCatch a little whore\nGetting banged on the bathroom floor\nAnd she said it wasn't her\nYeah it was\nYo I can't even lie\nI'm irresistible and every bitch thinks that I'm fly\nWalk by give your chick a little wink with the eye\nAnd make the man feel soft so he doesn't reply\nThere's nothing to think\nYou faggots better tuck in your link\nWhen seeing me and sacrifice ice to the nicest MC\n\n[Scratch Hook]\n\"We're fresh fly fellas\"\n\n\n[Verse Two: Kwest Tha Madd Lad]\nNow I don't longer inhale dank to activate my think tank\nI spit bars to bartenders and bars over drinks\nFuck skinny mamas\nI like 'em shaped like Coca-Cola bottles\nTryin to holla at Takara from the Next Top Model\nHard act to follow when my noggin's full throttle\nPsychology got MCs tryin' to bottle me to swallow\nThe anomaly that what commonly passes as rhymin' be\nDon't speak, Crystal, pistols, chips, whips and death and diamonds, see?\nMy verses versus your verses\nLike dispersing curses from witchdoctor to piss doctor\nBetter get doctors and nurses\nWhat is bond, feet first\nLike a breach birth\nI'd rather rap, kiss my crack than put platinum on my teeth hurt, word\nHow can I get it through your fitted\nWhat you spit's pitiful? I can't\nThat's why I sit and view the bull you mental midgets do\nI'm signin' off\nSometimes on I'm rhymin' timin' off\nI'm a con for a hip-hop, pop, Bach, and rock Rachmaninov\n\n[Scratch Hook]\n\n[Verse Three: Celph Titled]\nNow I don't know a god damn thing about bricks and grams\nSince the way I do hits they call me 'Spick and Span'\nFYI, it's best you learn to sleep with a handgun\nThat's an age-old trade that I'mma instil in my grandson\nYour crew is soft\nLookin' suspect of course\nMistake you for the Village People or the Soul Sonic Force\nPut rainbow-hair faggots to the test like no other\nDrop 'em from the tenth floor\nThey gon' pass with flyin' colors motherfucker\nI've got a few screws loose and my Uz' is foolproof\nNo safety triggers like a loose tooth\nI don't care about Bentleys, Hummers, Diablos\nI put twenty-four inch rims on a Volvo\nAnd pull fat bitches with my clothes all wrinkly\nAll it takes is a wink of the eye\nAnd one Twinkie\nA rapper wanna diss? He just a two-ball bitch\nUp on Girls Gone Wild suckin' Snoop Dogg's dick\n\n[Scratch Hook]\n\n\n\n\n  ", 
        "pro": {
            "features": [
                "Apathy", 
                "Celph Titled", 
                "Kwest Tha Madd Lad"
            ], 
            "producers": [
                "DJ Yoda", 
                "Mikey Romano"
            ], 
            "blocks": {
                "verses": [
                    {
                        "header": "[Verse One: Apathy]", 
                        "text hash": "6973852a031afee90f643cd2e668238a", 
                        "artist": "Apathy", 
                        "text": "Yo it's kinetic\nIt's best\nLeaving your skeleton crushed\nI bug out like crack heads\nThrough an adrenalin rush\nPlus I'm holdin' more blocks down than gravity's grip\nYou see a chick in your whip\nBallin' Apathy's dick\nMy salary's thick\nPullin' more chips from the raps on wax\nThan cats stack in craps or blackjack\nI'm rich yo\nMac thick hoes with sick flows\nI flip to rich hoes for self Pacino\nOn tour\nI'm hardcore\nCatch a little whore\nGetting banged on the bathroom floor\nAnd she said it wasn't her\nYeah it was\nYo I can't even lie\nI'm irresistible and every bitch thinks that I'm fly\nWalk by give your chick a little wink with the eye\nAnd make the man feel soft so he doesn't reply\nThere's nothing to think\nYou faggots better tuck in your link\nWhen seeing me and sacrifice ice to the nicest MC"
                    }, 
                    {
                        "header": "[Verse Two: Kwest Tha Madd Lad]", 
                        "text hash": "67b58bd9a912b6b77db794fd7fd9fc94", 
                        "artist": "Kwest Tha Madd Lad", 
                        "text": "Now I don't longer inhale dank to activate my think tank\nI spit bars to bartenders and bars over drinks\nFuck skinny mamas\nI like 'em shaped like Coca-Cola bottles\nTryin to holla at Takara from the Next Top Model\nHard act to follow when my noggin's full throttle\nPsychology got MCs tryin' to bottle me to swallow\nThe anomaly that what commonly passes as rhymin' be\nDon't speak, Crystal, pistols, chips, whips and death and diamonds, see?\nMy verses versus your verses\nLike dispersing curses from witchdoctor to piss doctor\nBetter get doctors and nurses\nWhat is bond, feet first\nLike a breach birth\nI'd rather rap, kiss my crack than put platinum on my teeth hurt, word\nHow can I get it through your fitted\nWhat you spit's pitiful? I can't\nThat's why I sit and view the bull you mental midgets do\nI'm signin' off\nSometimes on I'm rhymin' timin' off\nI'm a con for a hip-hop, pop, Bach, and rock Rachmaninov"
                    }, 
                    {
                        "header": "[Verse Three: Celph Titled]", 
                        "text hash": "5573c041373d63a0482da800f34baac4", 
                        "artist": "Celph Titled", 
                        "text": "Now I don't know a god damn thing about bricks and grams\nSince the way I do hits they call me 'Spick and Span'\nFYI, it's best you learn to sleep with a handgun\nThat's an age-old trade that I'mma instil in my grandson\nYour crew is soft\nLookin' suspect of course\nMistake you for the Village People or the Soul Sonic Force\nPut rainbow-hair faggots to the test like no other\nDrop 'em from the tenth floor\nThey gon' pass with flyin' colors motherfucker\nI've got a few screws loose and my Uz' is foolproof\nNo safety triggers like a loose tooth\nI don't care about Bentleys, Hummers, Diablos\nI put twenty-four inch rims on a Volvo\nAnd pull fat bitches with my clothes all wrinkly\nAll it takes is a wink of the eye\nAnd one Twinkie\nA rapper wanna diss? He just a two-ball bitch\nUp on Girls Gone Wild suckin' Snoop Dogg's dick"
                    }
                ], 
                "hooks": [
                    {
                        "header": "[Scratch Hook]", 
                        "text hash": "cf11feef30a291977f72cf4292e83dc8", 
                        "artist": "DJ Yoda", 
                        "text": "\"We're fresh fly fellas\""
                    }
                ]
            }, 
            "order": [
                "[Verse One: Apathy]", 
                "[Scratch Hook]", 
                "[Verse Two: Kwest Tha Madd Lad]", 
                "[Scratch Hook]", 
                "[Verse Three: Celph Titled]", 
                "[Scratch Hook]"
            ], 
            "artist": "DJ Yoda"
        }
    }
}