{
    "Pure White": {
        "raw": "\n    \n  [Intro]\nEste es el ritmo de Latinoam\u00e9rica\n\n[Hook: Big K.R.I.T.]\nThe cocaine seats all white\nAnything you need, I can get it on sight\nI've been goin' hard in the kitchen all night\nBlack car, but the cocaine seats all white\n\n[Verse 1: Pusha T]\nYou niggas just findin' La Madrina\nI've been sellin' dope from La Marina\nBack when Joey's name was Cartagena\nSteppin' on it like la Macarena\nMy Rollie, my bitch Rollie, it all come from that white cocaine\nVersace, nigga, ice hockey, nigga, it all come from that white cocaine\nMy momma, 65 with a 'Rari coupe in her name\nI bought it, she signed it, who the fuck do you blame?\nTwo scales in the trap car, woo!\nAll you seein' is a rap star, woo!\nTrash bags in the trap door\nHundred bands like a black car, yuugh!\n\n[Hook: Big K.R.I.T.]\n\n[Verse 2: Doughboyz Cashout]\nI remember when I bought my first O\nBagged it up with my side ho\nScales in the basement by the choppa\nSellin' powder white as my Balenciaga's\nNo hoop dreams, I just want a kilo\nTryna be Money Makin' Mitch and dodge the Rico\nWas payin' off my family members' bills\nHad to hide it cause my uncle steal\nCookin' and mixin' and stretchin' and choppin' and cuttin' it\nWatch on my wrist, it hit me for 36 onions\nFrontin' it, sellin' it, mailin' it, runnin' with killers\nDon't mind me, I'm just a D nigga, Detroit, bitch!\n\n[Hook: Big K.R.I.T.]\n\n[Verse 3: Jeezy]\nI had 'em for the 2-3, nigga, just like new J's\nI could stretch that 62 'bout four ways\nCut it with the razor, first aid\nThen I put that white girl in the water, mermaid\nYou know I take it out the pack with that precision\nAnd then I split it down the middle like division\nWatch it freeze up like a freezer\nFront number nine, now he owe me like I'm VISA\nI got a unit sittin' round like they legal\nWe 'on't knock 'em, state prop, Beanie Sigel\nHad the front porch boomin' like it's Wall Street\nHad cars all up and down the block like Freak Nik\n\n[Hook: Big K.R.I.T.]\n\n\n\n\n  ", 
        "pro": {
            "features": [
                "Big KRIT", 
                "Jeezy", 
                "Pusha T"
            ], 
            "blocks": {
                "verses": [
                    {
                        "header": "[Verse 1: Pusha T]", 
                        "text hash": "2f4f23289054020360cc56ee5481172e", 
                        "artist": "Pusha T", 
                        "text": "You niggas just findin' La Madrina\nI've been sellin' dope from La Marina\nBack when Joey's name was Cartagena\nSteppin' on it like la Macarena\nMy Rollie, my bitch Rollie, it all come from that white cocaine\nVersace, nigga, ice hockey, nigga, it all come from that white cocaine\nMy momma, 65 with a 'Rari coupe in her name\nI bought it, she signed it, who the fuck do you blame?\nTwo scales in the trap car, woo!\nAll you seein' is a rap star, woo!\nTrash bags in the trap door\nHundred bands like a black car, yuugh!"
                    }, 
                    {
                        "header": "[Verse 2: Doughboyz Cashout]", 
                        "text hash": "ea6bb1d00267f35a3cc37aff5620f02b", 
                        "artist": "Doughboyz Cashout", 
                        "text": "I remember when I bought my first O\nBagged it up with my side ho\nScales in the basement by the choppa\nSellin' powder white as my Balenciaga's\nNo hoop dreams, I just want a kilo\nTryna be Money Makin' Mitch and dodge the Rico\nWas payin' off my family members' bills\nHad to hide it cause my uncle steal\nCookin' and mixin' and stretchin' and choppin' and cuttin' it\nWatch on my wrist, it hit me for 36 onions\nFrontin' it, sellin' it, mailin' it, runnin' with killers\nDon't mind me, I'm just a D nigga, Detroit, bitch!"
                    }, 
                    {
                        "header": "[Verse 3: Jeezy]", 
                        "text hash": "a3728770bc706e12db8c994ba54f44f8", 
                        "artist": "Jeezy", 
                        "text": "I had 'em for the 2-3, nigga, just like new J's\nI could stretch that 62 'bout four ways\nCut it with the razor, first aid\nThen I put that white girl in the water, mermaid\nYou know I take it out the pack with that precision\nAnd then I split it down the middle like division\nWatch it freeze up like a freezer\nFront number nine, now he owe me like I'm VISA\nI got a unit sittin' round like they legal\nWe 'on't knock 'em, state prop, Beanie Sigel\nHad the front porch boomin' like it's Wall Street\nHad cars all up and down the block like Freak Nik"
                    }
                ], 
                "hooks": [
                    {
                        "header": "[Hook: Big K.R.I.T.]", 
                        "text hash": "0156ff90ee7c7f97c7b53a929bf45fad", 
                        "artist": "Big KRIT", 
                        "text": "The cocaine seats all white\nAnything you need, I can get it on sight\nI've been goin' hard in the kitchen all night\nBlack car, but the cocaine seats all white"
                    }
                ], 
                "intro": [
                    {
                        "header": "[Intro]", 
                        "text hash": "fe57bfad98d8f126ed49fef8efcd0f81", 
                        "artist": "Doughboyz Cashout", 
                        "text": "Este es el ritmo de Latinoam\u00e9rica"
                    }
                ]
            }, 
            "order": [
                "[Intro]", 
                "[Hook: Big K.R.I.T.]", 
                "[Verse 1: Pusha T]", 
                "[Hook: Big K.R.I.T.]", 
                "[Verse 2: Doughboyz Cashout]", 
                "[Hook: Big K.R.I.T.]", 
                "[Verse 3: Jeezy]", 
                "[Hook: Big K.R.I.T.]"
            ], 
            "artist": "Doughboyz Cashout"
        }
    }
}