{
    "Trophies (Remix)": {
        "raw": "\n    \n  [Verse 1: Drake]\nHan't heard records on my demo?\nDid y'all boys not get the memo?\nI do not stay at the Intercontinental\nAnd anything I got is not a rental\nI own that mu'fucka\nFigured out this shit is simple\nMy stock been going up like a crescendo\nA bunch of handshakes from the fakes\nBut nigga, I do not wanna be friends though\nI told y'all mu'fuckas\nMan, this shit is not a love song\nThis a \"fuck-a-stripper-on-the-mink-rug\" song\nThis a \"fuck-them-boys, forever-hold-a-grudge\" song\n\"Pop-some-fucking-champagne-in-the-tub\" song\nNigga, \"just-because\" song\nDamn\n\n[Hook: Quavo]x2\nIn the hood you earn your stripes, like Olympics got gold medal\nBut none of that means nothin' to me, I'm celebratin' with my family\nYoung nigga won trappin' a grammy, I-I want a Grammy\nYoung nigga won trappin' a grammy, I-I want a Grammy\n\n[Verse 2: Quavo]\nJ's they callin' my phone, they tyin' my line\nLabels, they callin' my phone, I don't wanna sign\nThey sayin' we made our own million dollars\nAt the top right now I wanna order up a million bottles\nWe came from juug in the Impala to smashin' them models\nWe independent, we don't need none of your major dollars\n\n[Verse 3: Takeoff]\nFlippin' and whippin' and spinnin' the dope, I'm hittin' the door\nI wrap it in package, I'm shippin' the dope, run off with the the dope, I'm killin' that ho!\nI'm takin' a trip to the Bahamas, going to pick up them comma's\nAnd when I touchdown I'll hop in a Zonda\nSmokin' on good marijuana in Mexico, call that quintana\nTryna fuck me a Rihanna\nComin' up, just me and Benji\nGet rich or die try' like I'm 50\nNo cupid them bitches be kissin'\nThe feds they listen, them bricks in the kitchen!\n\n[Hook: Quavo]x2\n\n[Verse 4: Offset]\nSellin' a Grammy like Tony (Montana!), now I want Grammy's and ceremonies\nThese niggas snakin', always actin' funny, got the MAC-11, call it macaroni\nAlways gettin' trophies and recreation, Q.C. the label, the solid foundation\nSittin' at home I was contemplating, changing and switch up my situation\nTryna see the bigger picture, pull up to the award show in my new Fisker\nNo it ain't no money issue, grant all my momma's wishes\nWatchin' her son on the channel, I won me a Grammy\nAnd mansion I want me a Phantom\nMy nigga we next up, these niggas, they copy the swag, but no they not better than us\n\n[Hook: Quavo]x2\n\n\n\n\n  ", 
        "pro": {
            "features": [
                "Migos"
            ], 
            "producers": [
                "Hit-Boy"
            ], 
            "blocks": {
                "verses": [
                    {
                        "header": "[Verse 1: Drake]", 
                        "text hash": "109416d2fd26b80989e033250b873caa", 
                        "artist": "Drake", 
                        "text": "Han't heard records on my demo?\nDid y'all boys not get the memo?\nI do not stay at the Intercontinental\nAnd anything I got is not a rental\nI own that mu'fucka\nFigured out this shit is simple\nMy stock been going up like a crescendo\nA bunch of handshakes from the fakes\nBut nigga, I do not wanna be friends though\nI told y'all mu'fuckas\nMan, this shit is not a love song\nThis a \"fuck-a-stripper-on-the-mink-rug\" song\nThis a \"fuck-them-boys, forever-hold-a-grudge\" song\n\"Pop-some-fucking-champagne-in-the-tub\" song\nNigga, \"just-because\" song\nDamn"
                    }, 
                    {
                        "header": "[Verse 2: Quavo]", 
                        "text hash": "8c562405721607f01c1317aae91bd333", 
                        "artist": "Quavo", 
                        "text": "J's they callin' my phone, they tyin' my line\nLabels, they callin' my phone, I don't wanna sign\nThey sayin' we made our own million dollars\nAt the top right now I wanna order up a million bottles\nWe came from juug in the Impala to smashin' them models\nWe independent, we don't need none of your major dollars"
                    }, 
                    {
                        "header": "[Verse 3: Takeoff]", 
                        "text hash": "61eaa3828b43d83d7d7b707128bb2fd8", 
                        "artist": "Takeoff", 
                        "text": "Flippin' and whippin' and spinnin' the dope, I'm hittin' the door\nI wrap it in package, I'm shippin' the dope, run off with the the dope, I'm killin' that ho!\nI'm takin' a trip to the Bahamas, going to pick up them comma's\nAnd when I touchdown I'll hop in a Zonda\nSmokin' on good marijuana in Mexico, call that quintana\nTryna fuck me a Rihanna\nComin' up, just me and Benji\nGet rich or die try' like I'm 50\nNo cupid them bitches be kissin'\nThe feds they listen, them bricks in the kitchen!"
                    }, 
                    {
                        "header": "[Verse 4: Offset]", 
                        "text hash": "bf84d9d32e66bab190f4eceec62f716d", 
                        "artist": "Offset", 
                        "text": "Sellin' a Grammy like Tony (Montana!), now I want Grammy's and ceremonies\nThese niggas snakin', always actin' funny, got the MAC-11, call it macaroni\nAlways gettin' trophies and recreation, Q.C. the label, the solid foundation\nSittin' at home I was contemplating, changing and switch up my situation\nTryna see the bigger picture, pull up to the award show in my new Fisker\nNo it ain't no money issue, grant all my momma's wishes\nWatchin' her son on the channel, I won me a Grammy\nAnd mansion I want me a Phantom\nMy nigga we next up, these niggas, they copy the swag, but no they not better than us"
                    }
                ], 
                "hooks": [
                    {
                        "header": "[Hook: Quavo]", 
                        "text hash": "93d6cbd9a4412c11cbfba2fee486fa32", 
                        "artist": "Quavo", 
                        "text": "x2\nIn the hood you earn your stripes, like Olympics got gold medal\nBut none of that means nothin' to me, I'm celebratin' with my family\nYoung nigga won trappin' a grammy, I-I want a Grammy\nYoung nigga won trappin' a grammy, I-I want a Grammy"
                    }, 
                    {
                        "header": "[Hook: Quavo]", 
                        "text hash": "6958211ee134846fb97e499ce53adba4", 
                        "artist": "Quavo", 
                        "text": "x2\n\n\n\n\n  "
                    }
                ]
            }, 
            "order": [
                "[Verse 1: Drake]", 
                "[Verse 2: Quavo]", 
                "[Verse 3: Takeoff]", 
                "[Verse 4: Offset]"
            ], 
            "artist": "Drake"
        }
    }
}