{
    "Fish Meat": {
        "raw": "\n    \n  [Verse 1: Prodigy]\nThe black plastic, I never leave home without it\nAmerican express my thoughts and anger\nOnly disgusting beats, I up chuck somethin' real real sick\nWhen it come to rap, this our shit\nJust listen to this sound, this shit is hypnotic\nOutside of this hip-hop, you not no monster\nI got a rusty gem star, that\u2019ll open up yo face\nLike fish meat you real real soft\nI walk off, pullin a joint real real calm\nI should put a shot in your ass (chill, chill, nah)\nFuck around, hit a artery, I'll kill Pa\nHe liked how I\u2019m scarred, I\u2019m poking no laws\nChinchilla blanket, pretty little scarlet\nPullin on a cone, take a little breather\nWe fuckin like animals and livin the life you only dream of\n\n[Verse 2: Planet Asia]\nHere\u2019s a monster\nHerbal Essence my call, that\u2019s word to my sponsor\nLay on the floor, here\u2019s the glitch, we the generals\nFresh to death, flatline a rat in a blink\nKemetic link, catholic bring a bag of those Benjis\nCrime family rap, denjy and dirty\nMy killas strain hard like athletes\nI used to bag birdies, bare hands \u2013 powder my pores\nAbsorbing the high and the reason my mind is dirty\nRemember Juan, Don, Julio\nMove, the motor\u2019s runnin\nCheese slices, studio full, this stuff phenomenal\nBombing you with Hannibal spits, my nautical shift\nSuitin off audible clips, it\u2019s the dynasty\nFire one round clique, mashin on yo minor league\nCheeseburger and fries, supersize me\nTasmanian manie, millionaire flex with the hatin and paintin\nYou really some fuckin crazy\n\n[Verse 3: Tristate]\nPassport poetry, fiery diary\nWords of wizardry\nPolygamy guarding variety\nMax the ministry, mock the mackin\nCure of swackin\nYou can blame it on the Nautica fashion\nGo against this animalistic, twisted\nFrom studying doctor York, to fuckin a mistress\nKeep yo distance, door stoch your 3rd eye surgically\nJump shot from bird\u2019s eye 33\nMasonic degree, green in the frontal leaf\nPut green in my bank account constantly\nMake magic, disappeared and reappeared graphic\nAnd fuck up the beat \u2013 something tragic\nSee the blue still rising in the air\nYou on dusty roads wrestling with raps\nRick Flare the champ, the chain\nThrow a rag on your waves\nCut chemist, basically I\u2019m nice with a blade\n\n\n\n\n  ", 
        "pro": {
            "features": [
                "Prodigy"
            ], 
            "producers": [
                "The Alchemist"
            ], 
            "blocks": {
                "verses": [
                    {
                        "header": "[Verse 1: Prodigy]", 
                        "text hash": "55c202d49b0eee1c5d4375d2fcc8dfd7", 
                        "artist": "Prodigy", 
                        "text": "The black plastic, I never leave home without it\nAmerican express my thoughts and anger\nOnly disgusting beats, I up chuck somethin' real real sick\nWhen it come to rap, this our shit\nJust listen to this sound, this shit is hypnotic\nOutside of this hip-hop, you not no monster\nI got a rusty gem star, that\u2019ll open up yo face\nLike fish meat you real real soft\nI walk off, pullin a joint real real calm\nI should put a shot in your ass (chill, chill, nah)\nFuck around, hit a artery, I'll kill Pa\nHe liked how I\u2019m scarred, I\u2019m poking no laws\nChinchilla blanket, pretty little scarlet\nPullin on a cone, take a little breather\nWe fuckin like animals and livin the life you only dream of"
                    }, 
                    {
                        "header": "[Verse 2: Planet Asia]", 
                        "text hash": "98347c053a094cc13bd5e2dcd5061bc8", 
                        "artist": "Planet Asia", 
                        "text": "Here\u2019s a monster\nHerbal Essence my call, that\u2019s word to my sponsor\nLay on the floor, here\u2019s the glitch, we the generals\nFresh to death, flatline a rat in a blink\nKemetic link, catholic bring a bag of those Benjis\nCrime family rap, denjy and dirty\nMy killas strain hard like athletes\nI used to bag birdies, bare hands \u2013 powder my pores\nAbsorbing the high and the reason my mind is dirty\nRemember Juan, Don, Julio\nMove, the motor\u2019s runnin\nCheese slices, studio full, this stuff phenomenal\nBombing you with Hannibal spits, my nautical shift\nSuitin off audible clips, it\u2019s the dynasty\nFire one round clique, mashin on yo minor league\nCheeseburger and fries, supersize me\nTasmanian manie, millionaire flex with the hatin and paintin\nYou really some fuckin crazy"
                    }, 
                    {
                        "header": "[Verse 3: Tristate]", 
                        "text hash": "dd4f5f0515a044034e59aa6034cf57ef", 
                        "artist": "Tristate", 
                        "text": "Passport poetry, fiery diary\nWords of wizardry\nPolygamy guarding variety\nMax the ministry, mock the mackin\nCure of swackin\nYou can blame it on the Nautica fashion\nGo against this animalistic, twisted\nFrom studying doctor York, to fuckin a mistress\nKeep yo distance, door stoch your 3rd eye surgically\nJump shot from bird\u2019s eye 33\nMasonic degree, green in the frontal leaf\nPut green in my bank account constantly\nMake magic, disappeared and reappeared graphic\nAnd fuck up the beat \u2013 something tragic\nSee the blue still rising in the air\nYou on dusty roads wrestling with raps\nRick Flare the champ, the chain\nThrow a rag on your waves\nCut chemist, basically I\u2019m nice with a blade\n\n\n\n\n  "
                    }
                ], 
                "hooks": []
            }, 
            "order": [
                "[Verse 1: Prodigy]", 
                "[Verse 2: Planet Asia]", 
                "[Verse 3: Tristate]"
            ], 
            "artist": "Durag Dynasty"
        }
    }
}