{
    "The Hook": {
        "raw": "\n    \n  [Verse 1: Apathy]\nYo\nAll the dough I'm raking in is more than Bill Gates is taking in\nLaying in a bed gettin' head from Jenna Jameson\nStrangle Hell's Angels and jack their Harley Davidson\nAp spits raps on wax they can't wait to spin\nThe way I freestyle you'd think that I hate the pen\nNever follow the traits and trends for papes to spend\nI only fuck dates that I rate 10\nWhile bitches you stick pose for camera's and break the lense\nFor all you gay fucks this shits a wake-up\nShow you that I bust like D titties in A cups\nWhen I attack you fucks and slap you up\nEven your imaginary friends won't back you up\n\n[Verse 2: Majik Most]\nAyo I'm coming off hotter than condoms on a human torch\nPushing off on your girl with torque\nApplying pressure, cause see no one's fresher\nWatch your little sister put my picture on her dresser\nIt's Majik Most, expect nothin lesser\nSo now you wanna battle when you see me at the party\nBring your own chalk to outline your body\nI come off (?) performing exorcisms\nExtract your ghost writer and laugh at your writtens\nYou fake-ass player why you flash money for?\nI'll entertain your whore with a Commidore 64\nAnd still get her on all fours begging for more\n\n[Hook - 2X]\nThis is the hook, it's repeated 2 times\nAnd usually the end of each line rhymes\nWe couldn't think of anything better than this\nIt's just 6 MC's who all got something to spit\n\n[Verse 3: C-Rayz Walz]\nI ain't the cat to lounge on, I get my pound on with a brick fist\nDo my thing when I spit I'm found on\nAny stage with a list and sick beats dope enough\nI come in those events with can openers\nFor real I'm making deals with Celph when we speakin'\nWhile your getting bones only time we have a hot meetin'\nGet slapped! Fuck props, I snuff cops\nLeave you out the picture like midget mug shots\nAnd fuck you computer hoes who just found flows\nI churn you out an airplane, call it my download\nAnd thinkin' your nice can paralyze you\nKill yourself! If I was wack, that's what i'd do\n\n[Verse 4: Celph Titled]\nYou can find me at the crib prolly fuckin a ho\nOn a daily basis I make a buck plus a O\nAll it takes is a microphone for me to let my flow loose\nHit the avenue and bag bitches like they was produce\nI politic but like to extort nigga's most of all\nCause I be bringing more suspence than Steven King in overalls\nCelph Titled, you know the name right\nNew York City famous, see my face in spotlights\nI don't even like rap, I just like to talk shit\nAnd I'm quick to pull the heat out when the block get thick\nAll you science-fiction nigga's that's trying to get your tape out\nI'll ship your bodyparts accross the globe, leave you spaced out\n\n[Hook - 2X]\n\n[Verse 5: Louis Logic]\nY'all dont wanna reap with Dutchmassive\nYou claim you battle MC's when you just (?) you get smacked like sluts asses\nWhen you cut classes during final exams, bunch of ingrates\nPussy rappers whose menstrate styles finally cramped\nYou better call the EMS to stop your PMS\nA prefect summers even less, you wish to never be as fresh\nTo see me in the flesh like morrison (?) go-go\nPissin on promo tapes and shittin' on photo's\nThis is a no-no, keep wishin' your so dope\nI'm switchin' my logo to me grabbin your neck with both fists in a chokehold\nA lot of dick-riders try to lick my nuts\nThe funny thing is y'all dummy's think that this is a low blow\n\n[Verse 6: Dutchmassive]\nAnd motherfuckers keep askin' when my album is droppin\nIt's not homie, that shit'll play in my walkmen\nY'all ain't worthy for the sounds that I produce for ya\nYo I told you cats Evaporate, the bullets went through ya\nI assume always shit talking and analyzing rhymes\nI got a smart mouth, I used to beatbox for Einstine\nLine after line my mind has more storage space\nI'm massive, you just some kid with a deformed face\nFuckin waste, yo Dutch you dead wrong\nThese chickenheads are stupid can't understand my songs\nI speak the slang of the modern-day caveman\nThrow your crew out, chop their head off a (???)\nMy flames been on, tell me I ain't live\nI'll strap a bomb on my chest.... and stage dive\nI thrive off keepin' your sister's breat in my palm\nAnd I got pictures of her on MajikMost.com\n\n[Hook - 2X]\n\n\n\n\n  ", 
        "pro": {
            "features": [
                "Apathy", 
                "Celph Titled", 
                "C-Rayz Walz", 
                "Louis Logic", 
                "Majik Most"
            ], 
            "producers": [
                "Celph Titled"
            ], 
            "blocks": {
                "verses": [
                    {
                        "header": "[Verse 1: Apathy]", 
                        "text hash": "4991183748a247af3f3d9be084198bd9", 
                        "artist": "Apathy", 
                        "text": "Yo\nAll the dough I'm raking in is more than Bill Gates is taking in\nLaying in a bed gettin' head from Jenna Jameson\nStrangle Hell's Angels and jack their Harley Davidson\nAp spits raps on wax they can't wait to spin\nThe way I freestyle you'd think that I hate the pen\nNever follow the traits and trends for papes to spend\nI only fuck dates that I rate 10\nWhile bitches you stick pose for camera's and break the lense\nFor all you gay fucks this shits a wake-up\nShow you that I bust like D titties in A cups\nWhen I attack you fucks and slap you up\nEven your imaginary friends won't back you up"
                    }, 
                    {
                        "header": "[Verse 2: Majik Most]", 
                        "text hash": "31d6538c8c0535338820d316b4b56293", 
                        "artist": "Majik Most", 
                        "text": "Ayo I'm coming off hotter than condoms on a human torch\nPushing off on your girl with torque\nApplying pressure, cause see no one's fresher\nWatch your little sister put my picture on her dresser\nIt's Majik Most, expect nothin lesser\nSo now you wanna battle when you see me at the party\nBring your own chalk to outline your body\nI come off (?) performing exorcisms\nExtract your ghost writer and laugh at your writtens\nYou fake-ass player why you flash money for?\nI'll entertain your whore with a Commidore 64\nAnd still get her on all fours begging for more"
                    }, 
                    {
                        "header": "[Verse 3: C-Rayz Walz]", 
                        "text hash": "fac951c4a76652b32ffbd8bc993988db", 
                        "artist": "C-Rayz Walz", 
                        "text": "I ain't the cat to lounge on, I get my pound on with a brick fist\nDo my thing when I spit I'm found on\nAny stage with a list and sick beats dope enough\nI come in those events with can openers\nFor real I'm making deals with Celph when we speakin'\nWhile your getting bones only time we have a hot meetin'\nGet slapped! Fuck props, I snuff cops\nLeave you out the picture like midget mug shots\nAnd fuck you computer hoes who just found flows\nI churn you out an airplane, call it my download\nAnd thinkin' your nice can paralyze you\nKill yourself! If I was wack, that's what i'd do"
                    }, 
                    {
                        "header": "[Verse 4: Celph Titled]", 
                        "text hash": "a05eb7db54413da46be8aeb68f1f1167", 
                        "artist": "Celph Titled", 
                        "text": "You can find me at the crib prolly fuckin a ho\nOn a daily basis I make a buck plus a O\nAll it takes is a microphone for me to let my flow loose\nHit the avenue and bag bitches like they was produce\nI politic but like to extort nigga's most of all\nCause I be bringing more suspence than Steven King in overalls\nCelph Titled, you know the name right\nNew York City famous, see my face in spotlights\nI don't even like rap, I just like to talk shit\nAnd I'm quick to pull the heat out when the block get thick\nAll you science-fiction nigga's that's trying to get your tape out\nI'll ship your bodyparts accross the globe, leave you spaced out"
                    }, 
                    {
                        "header": "[Verse 5: Louis Logic]", 
                        "text hash": "91ebc052a0aef45ee0a2edc86e4c3a48", 
                        "artist": "Louis Logic", 
                        "text": "Y'all dont wanna reap with Dutchmassive\nYou claim you battle MC's when you just (?) you get smacked like sluts asses\nWhen you cut classes during final exams, bunch of ingrates\nPussy rappers whose menstrate styles finally cramped\nYou better call the EMS to stop your PMS\nA prefect summers even less, you wish to never be as fresh\nTo see me in the flesh like morrison (?) go-go\nPissin on promo tapes and shittin' on photo's\nThis is a no-no, keep wishin' your so dope\nI'm switchin' my logo to me grabbin your neck with both fists in a chokehold\nA lot of dick-riders try to lick my nuts\nThe funny thing is y'all dummy's think that this is a low blow"
                    }, 
                    {
                        "header": "[Verse 6: Dutchmassive]", 
                        "text hash": "c33d8c699a7c95c7cd512ab9c64eb7de", 
                        "artist": "Dutchmassive", 
                        "text": "And motherfuckers keep askin' when my album is droppin\nIt's not homie, that shit'll play in my walkmen\nY'all ain't worthy for the sounds that I produce for ya\nYo I told you cats Evaporate, the bullets went through ya\nI assume always shit talking and analyzing rhymes\nI got a smart mouth, I used to beatbox for Einstine\nLine after line my mind has more storage space\nI'm massive, you just some kid with a deformed face\nFuckin waste, yo Dutch you dead wrong\nThese chickenheads are stupid can't understand my songs\nI speak the slang of the modern-day caveman\nThrow your crew out, chop their head off a (???)\nMy flames been on, tell me I ain't live\nI'll strap a bomb on my chest.... and stage dive\nI thrive off keepin' your sister's breat in my palm\nAnd I got pictures of her on MajikMost.com"
                    }
                ], 
                "hooks": [
                    {
                        "header": "[Hook - 2X]", 
                        "text hash": "e1cf6c5f1da5a55587880c0edc8444f9", 
                        "artist": "Dutch Massive", 
                        "text": "This is the hook, it's repeated 2 times\nAnd usually the end of each line rhymes\nWe couldn't think of anything better than this\nIt's just 6 MC's who all got something to spit"
                    }
                ]
            }, 
            "order": [
                "[Verse 1: Apathy]", 
                "[Verse 2: Majik Most]", 
                "[Hook - 2X]", 
                "[Verse 3: C-Rayz Walz]", 
                "[Verse 4: Celph Titled]", 
                "[Hook - 2X]", 
                "[Verse 5: Louis Logic]", 
                "[Verse 6: Dutchmassive]", 
                "[Hook - 2X]"
            ], 
            "artist": "Dutch Massive"
        }
    }
}