{
    "Bitch! (Remix)": {
        "raw": "\n    \n  [Hook]\nNigga don't act like a BITCH! (haha!)\nThat's why I never love a BITCH! (yeah!)\n50 Cent, Too $hort and E-40 say BITCH! (Remix!)\nShe sucked me off, don't kiss that BITCH!\n(From New York to the Bay! - From New York to the Bay!)\nOhh, why? Ohh, why'd you marry that BITCH?\n\n[50 Cent:]\nHe said he love her mayne, he really think he love her, mayne\nShe a superfreak, freakier than he understand\nShe's not the type of girl that you take home to your mother\nShe's the type you take to the track to come up on sucker\nWatch her deep throat! - See a D.P\nIn and out both holes like it's easy\nIt's not a big deal, she doin' what she do\nShe doin' it with everybody, not just you\nHello! (haha!) - I'm tryna put you up on game\nYou get emotional, then you could get the fuck on, mayne\nYou buy her everything, you let her treat ya like a trick\nYour sugar daddy mentality it make a nigga sick\nShe ask for it you just run and get it for her\nNo matter how much you give her, she wants more\nI hate to tell you, but you in love with a whore\nAnd chances are nigga try they gonna score. - Man fuck that bitch! - (Hahaaa!)\n\n[Hook]\nThat's why I'll never love a BITCH!\n50 Cent, Too $hort and E-40 say BITCH!\nShe sucked me off, don't kiss that BITCH!\nOhh, why? Ohh, why'd you marry that BITCH?\n\n[Too $hort]\nI get everything I wanna get\nI have some fun with it. - And make her momma trip\nCause if I'm in her life - it's a problem!\nA real player's at your girl, you better stop him! (whooooooo-whooooooooo!)\nTurn your back on the bitch she ain't actin' right\nHe hit it way before you now he's back in her life. (haha!)\nWhat'chu gon' do when you lose her?\nShe got a nigga on the side just to use her! (AAAAAAHHHHHHHHHHHHHHH!)\nIf it's me, I'm parkin at the front door\nAnd you be knockin on her bedroom window\n\n!\nYou see the shadows! - You hear the sounds\nBut you don't do nothin' you just turn back around\nLike a BITCH! - Feelings hurt, ready to cry!\nYou cain't believe, everything she said was a lie\nShe got a lot of bitch in her but not more than you\nI never underestimate - what y'all boys'll do!\n\n[Bridge: 50 Cent]\n(BITCH!) - You love her. - I fuck her!\nShe my jump-off she yo' baby mama\nYou kiss her. - I twist her\nAnd send her ass back to you before you miss her! (BITCH!)\n\n[Bridge]\nI'm a playa, baby!\nI don't play no games (BITCH!)\nI remain the same, I ain't never gon' change my ways for no BITCH! (No not for you baby)\nThat's why I'll never love a BITCH! (I'll never love her)\n50 Cent, Too $hort and E-40 say BITCH!\nShe sucked me off, don't kiss that BITCH!\n(Please don't kiss her, please don't kiss her)\nOhh, why? Ohh, why'd you marry that BITCH?\n\n[E-40]\n40! Never-slippin'-and-slippin'-and-skippin'-and-drippin' and missin'! (missin'!)\nThese cats that I be hangin' around don't listen! (don't listen!)\nI-be-hippin'-and-sippin'-and-smokin'-and-drinkin' and spittin', (spittin'!)\nAnd these musty mouth broads they be trippin'! (they be trippin'!)\nI mean the bitch thought she was bad. (bad!) - I knew what that batch was thinkin'\nWhen she thought what she was thinkin'. - But she shouldn'ta thought that!\nI told her the money costs too much and I ain't got a dime (got a dime!)\nYou got to pay me! (pay me!) - Or pay me no never mind! (uhh!)\nI-I don't sit on the toilet when I go piss (piss!)\nYou-you got feminine tendencies like a bitch! (bitch!)\nMe-me I'm solid and concrete I keep it funky (funky!)\nWe-we we pull up in somethin, actin a donkey. (donkey!)\nShe-she she liftin' her dress up showin' her monkey, (monkey!)\nSee-see he trippin, he trickin, throwin her money! (money!)\nB-B-I-T-C-H, all in her face (face!)\nE-E-40 so laced, stay on the case! - AHHHH!\n\n[Hook]\n\n\n\n\n  ", 
        "pro": {
            "features": [
                "50 Cent", 
                "Too $hort"
            ], 
            "blocks": {
                "verses": [
                    {
                        "header": "[50 Cent:]", 
                        "text hash": "d30a287157110f5670765bd7f23be573", 
                        "artist": "50 Cent", 
                        "text": "He said he love her mayne, he really think he love her, mayne\nShe a superfreak, freakier than he understand\nShe's not the type of girl that you take home to your mother\nShe's the type you take to the track to come up on sucker\nWatch her deep throat! - See a D.P\nIn and out both holes like it's easy\nIt's not a big deal, she doin' what she do\nShe doin' it with everybody, not just you\nHello! (haha!) - I'm tryna put you up on game\nYou get emotional, then you could get the fuck on, mayne\nYou buy her everything, you let her treat ya like a trick\nYour sugar daddy mentality it make a nigga sick\nShe ask for it you just run and get it for her\nNo matter how much you give her, she wants more\nI hate to tell you, but you in love with a whore\nAnd chances are nigga try they gonna score. - Man fuck that bitch! - (Hahaaa!)"
                    }, 
                    {
                        "header": "[Too $hort]", 
                        "text hash": "db2848d310ede09883d90950579ec402", 
                        "artist": "Too $hort", 
                        "text": "I get everything I wanna get\nI have some fun with it. - And make her momma trip\nCause if I'm in her life - it's a problem!\nA real player's at your girl, you better stop him! (whooooooo-whooooooooo!)\nTurn your back on the bitch she ain't actin' right\nHe hit it way before you now he's back in her life. (haha!)\nWhat'chu gon' do when you lose her?\nShe got a nigga on the side just to use her! (AAAAAAHHHHHHHHHHHHHHH!)\nIf it's me, I'm parkin at the front door\nAnd you be knockin on her bedroom window\n\n!\nYou see the shadows! - You hear the sounds\nBut you don't do nothin' you just turn back around\nLike a BITCH! - Feelings hurt, ready to cry!\nYou cain't believe, everything she said was a lie\nShe got a lot of bitch in her but not more than you\nI never underestimate - what y'all boys'll do!"
                    }, 
                    {
                        "header": "[E-40]", 
                        "text hash": "bca8f0524a76374ded264e71f440c4c6", 
                        "artist": "E-40", 
                        "text": "40! Never-slippin'-and-slippin'-and-skippin'-and-drippin' and missin'! (missin'!)\nThese cats that I be hangin' around don't listen! (don't listen!)\nI-be-hippin'-and-sippin'-and-smokin'-and-drinkin' and spittin', (spittin'!)\nAnd these musty mouth broads they be trippin'! (they be trippin'!)\nI mean the bitch thought she was bad. (bad!) - I knew what that batch was thinkin'\nWhen she thought what she was thinkin'. - But she shouldn'ta thought that!\nI told her the money costs too much and I ain't got a dime (got a dime!)\nYou got to pay me! (pay me!) - Or pay me no never mind! (uhh!)\nI-I don't sit on the toilet when I go piss (piss!)\nYou-you got feminine tendencies like a bitch! (bitch!)\nMe-me I'm solid and concrete I keep it funky (funky!)\nWe-we we pull up in somethin, actin a donkey. (donkey!)\nShe-she she liftin' her dress up showin' her monkey, (monkey!)\nSee-see he trippin, he trickin, throwin her money! (money!)\nB-B-I-T-C-H, all in her face (face!)\nE-E-40 so laced, stay on the case! - AHHHH!"
                    }
                ], 
                "hooks": [
                    {
                        "header": "[Hook]", 
                        "text hash": "6a30665145fbe852dc784444ee8b9742", 
                        "artist": "E-40", 
                        "text": "Nigga don't act like a BITCH! (haha!)\nThat's why I never love a BITCH! (yeah!)\n50 Cent, Too $hort and E-40 say BITCH! (Remix!)\nShe sucked me off, don't kiss that BITCH!\n(From New York to the Bay! - From New York to the Bay!)\nOhh, why? Ohh, why'd you marry that BITCH?"
                    }, 
                    {
                        "header": "[Hook]", 
                        "text hash": "18b22dc7bb275840de303ed8786a3572", 
                        "artist": "E-40", 
                        "text": "That's why I'll never love a BITCH!\n50 Cent, Too $hort and E-40 say BITCH!\nShe sucked me off, don't kiss that BITCH!\nOhh, why? Ohh, why'd you marry that BITCH?"
                    }
                ], 
                "bridge": [
                    {
                        "header": "[Bridge: 50 Cent]", 
                        "text hash": "00693aa7e51c2a71a1f7e5ab11809a57", 
                        "artist": "50 Cent", 
                        "text": "(BITCH!) - You love her. - I fuck her!\nShe my jump-off she yo' baby mama\nYou kiss her. - I twist her\nAnd send her ass back to you before you miss her! (BITCH!)"
                    }, 
                    {
                        "header": "[Bridge]", 
                        "text hash": "4dbab9ff434e9c052d8b2e43b7964735", 
                        "artist": "E-40", 
                        "text": "I'm a playa, baby!\nI don't play no games (BITCH!)\nI remain the same, I ain't never gon' change my ways for no BITCH! (No not for you baby)\nThat's why I'll never love a BITCH! (I'll never love her)\n50 Cent, Too $hort and E-40 say BITCH!\nShe sucked me off, don't kiss that BITCH!\n(Please don't kiss her, please don't kiss her)\nOhh, why? Ohh, why'd you marry that BITCH?"
                    }
                ]
            }, 
            "order": [
                "[Hook]", 
                "[50 Cent:]", 
                "[Hook]", 
                "[Too $hort]", 
                "[Bridge: 50 Cent]", 
                "[Bridge]", 
                "[E-40]", 
                "[Hook]"
            ], 
            "artist": "E-40"
        }
    },
    "Champagne": {
        "raw": "\n    \n  [Hook X2]\nGet up early, tell that bitch to give brain\nThen brush my teeth with champagne\nThen brush my teeth with champagne\nThen brush my teeth with champagne\n\n[Verse 1: Rick Ross]\nWe met at the club, I fucked her the fire\nShe swam in the pool, I smoked in the spa\nGirl and we ball, you robbin Peter for Paul\nGotta keep indoors when killers sleep in your yard\nI get it so fast on your sense you\u2019re the vet\nI\u2019m up in the function, young nigga tippin this glass\nMy jacket expensive, it\u2019s made out of lizard\nI fuck with E-40, that nigga been bout his business\nWe going million for million, OG giving me game\nBS all in my deal then sprinkle me mane\nFuck boy, been real\nBig money, straight bout it\nDouble M, E-40\nRose straight wilin\n\n[Hook]\n\n[Verse 2: E-40]\nMy gold chain bitch like a monument\nMusic hella wild like a argument\nThrow yo head like a golf tournament\nHanging on the trees like a ornament\nAnd I put that on my gat, 30R6 with the good far strap\nPut yo face back like a plastic surgeon\nPut you out of business like Merlin\u2019s\nThis is for kisses and flirtin\nHe suffers baby lotion, Jergens\nIf you satisfyin that botch\nYou ain\u2019t gotta pacify that botch\nTake the training wheels off (Take the training wheels off)\nLook, I\u2019m never on time, I\u2019m the last to arrive\nProbably gon be late for my own funeral\nNever been a square, never been a cubical\nUsed to sell drugs like a pharmaceutical\nPharmaceutical, pharmaceutical\nUsed to sell drugs like a pharmaceutical\nGot the blue whip, got the green thumb\nSplit it down the middle, put it in my lung\n\n[Hook]\n\n[Verse 3: French Montana]\nOn point, I\u2019m filthy\nThat\u2019s that free throw\nThey said I burned my bridges\nCop a speedboat\nYoung nigga ballin, fuck niggas don\u2019t like it\nGot yo bitch in the air, legs crossed like mercy\nMan I brush my teeth with champagne\nFucked yo bitch wearin every chain\nBig firetruck full of them\nGet that D like Gary Payton\nCalifornia here, coke boys out here\nCan\u2019t you see I\u2019m high?\nStop talkin there inmy ear\nSwerving Xan too, diamonds be clean\nI\u2019m the 10th mill, have me hot for 10 weeks\nSippin on it, grippin on it, whippin on that foreign\nNow I\u2019m beefin on er all night\nAnd I\u2019ll be a ghost in the morning\n\n[Hook]\n\n\n\n\n  ", 
        "pro": {
            "features": [
                "French Montana", 
                "Rick Ross"
            ], 
            "blocks": {
                "verses": [
                    {
                        "header": "[Verse 1: Rick Ross]", 
                        "text hash": "79957da27f87683f68dd4ddb78dc15e5", 
                        "artist": "Rick Ross", 
                        "text": "We met at the club, I fucked her the fire\nShe swam in the pool, I smoked in the spa\nGirl and we ball, you robbin Peter for Paul\nGotta keep indoors when killers sleep in your yard\nI get it so fast on your sense you\u2019re the vet\nI\u2019m up in the function, young nigga tippin this glass\nMy jacket expensive, it\u2019s made out of lizard\nI fuck with E-40, that nigga been bout his business\nWe going million for million, OG giving me game\nBS all in my deal then sprinkle me mane\nFuck boy, been real\nBig money, straight bout it\nDouble M, E-40\nRose straight wilin"
                    }, 
                    {
                        "header": "[Verse 2: E-40]", 
                        "text hash": "11838383463c291d56ccee4d0f6948a4", 
                        "artist": "E-40", 
                        "text": "My gold chain bitch like a monument\nMusic hella wild like a argument\nThrow yo head like a golf tournament\nHanging on the trees like a ornament\nAnd I put that on my gat, 30R6 with the good far strap\nPut yo face back like a plastic surgeon\nPut you out of business like Merlin\u2019s\nThis is for kisses and flirtin\nHe suffers baby lotion, Jergens\nIf you satisfyin that botch\nYou ain\u2019t gotta pacify that botch\nTake the training wheels off (Take the training wheels off)\nLook, I\u2019m never on time, I\u2019m the last to arrive\nProbably gon be late for my own funeral\nNever been a square, never been a cubical\nUsed to sell drugs like a pharmaceutical\nPharmaceutical, pharmaceutical\nUsed to sell drugs like a pharmaceutical\nGot the blue whip, got the green thumb\nSplit it down the middle, put it in my lung"
                    }, 
                    {
                        "header": "[Verse 3: French Montana]", 
                        "text hash": "c7eb06a99c0c713b9fba43896553a78e", 
                        "artist": "French Montana", 
                        "text": "On point, I\u2019m filthy\nThat\u2019s that free throw\nThey said I burned my bridges\nCop a speedboat\nYoung nigga ballin, fuck niggas don\u2019t like it\nGot yo bitch in the air, legs crossed like mercy\nMan I brush my teeth with champagne\nFucked yo bitch wearin every chain\nBig firetruck full of them\nGet that D like Gary Payton\nCalifornia here, coke boys out here\nCan\u2019t you see I\u2019m high?\nStop talkin there inmy ear\nSwerving Xan too, diamonds be clean\nI\u2019m the 10th mill, have me hot for 10 weeks\nSippin on it, grippin on it, whippin on that foreign\nNow I\u2019m beefin on er all night\nAnd I\u2019ll be a ghost in the morning"
                    }
                ], 
                "hooks": [
                    {
                        "header": "[Hook X2]", 
                        "text hash": "40bb284d77e803b92028d386c1bbd68e", 
                        "artist": "E-40", 
                        "text": "Get up early, tell that bitch to give brain\nThen brush my teeth with champagne\nThen brush my teeth with champagne\nThen brush my teeth with champagne"
                    }
                ]
            }, 
            "order": [
                "[Hook X2]", 
                "[Verse 1: Rick Ross]", 
                "[Hook]", 
                "[Verse 2: E-40]", 
                "[Hook]", 
                "[Verse 3: French Montana]", 
                "[Hook]"
            ], 
            "artist": "E-40"
        }
    }
}