{
    "Marvelous": {
        "raw": "\n    \n  [Hook x2]\nI guess my whole team is marvelous\nStreet life marvelous, street life novelist\nThey see me living up in day 50\u2019s\nWith 3 60\u2019s, blowing like 1 60, selling 50\u2019s\n\n[Verse 1: Eddie B]\nI\u2019m tryna get top dollar, you ain\u2019t fucking with my vision\nYoung Andy Pettitte when it comes down to pitching\nI\u2019m a rottweiler, that\u2019s the way that I be living\nSic'in opposition, till I\u2019m in the top position\nI\u2019m ready and willing, to load up the weapon\nI guess you could call me a soldier\nWavy creatures only, I be bending bitches over\nSippin grape soda, while I\u2019m puffin on some Oh God\nScars on my chest and they wonder why I\u2019m so hard\nPraise the lord, my spit sound sacred\nI\u2019m sitting at the throne, getting dome like King David\nYour face is on the pavement cause you didn\u2019t make a payment\nAnd we don\u2019t give a fuck about the lames that you came with\nSame shit, different day, go and get your popcorn\nIf you start drama I\u2019ll be waiting on your pops' lawn\nHit em with the blocka, make em take a fatal loss\nCould have been my home boy, now you just tomato sauce\n\n[Hook x2]\n\n[Verse 2: Action Bronson]\nYo get the whip virgil, hit the pussy till the shit\u2019s purple\nSpit verbal, higher booses on the drift circle\nDriven by chinos with they collar pop\nStay by the water like I\u2019m cobble pot\nSkrrrrt, now I done drop\nWake up in silk like a moth\nViolently cough, from all the violet and the broth\nSit on the grass, caught my dashboard needed a passport\nShe with the black horse, relax boys\nFuck around and get your back lost\nFuck, I need my ass tossed off gp\nBy an asian prostitute, her name Christine Lee\nThen I snorkled in her butt like it\u2019s club med\nLit this chocolate that I purchased from a young dread\nSamurai shoulder, no Sega Genesis and Pegasus\nMy back is strong like a stegosaurus\nI lift the charm with my eyes closed\nWhat\u2019s next for me only the sky knows, damn!\n\n[Hook x2]\n\n\n\n\n  ", 
        "pro": {
            "features": [
                "Action Bronson"
            ], 
            "producers": [
                "Harry Fraud"
            ], 
            "blocks": {
                "verses": [
                    {
                        "header": "[Verse 1: Eddie B]", 
                        "text hash": "228360bf9591b5a690c06bf11fbedd69", 
                        "artist": "Eddie B", 
                        "text": "I\u2019m tryna get top dollar, you ain\u2019t fucking with my vision\nYoung Andy Pettitte when it comes down to pitching\nI\u2019m a rottweiler, that\u2019s the way that I be living\nSic'in opposition, till I\u2019m in the top position\nI\u2019m ready and willing, to load up the weapon\nI guess you could call me a soldier\nWavy creatures only, I be bending bitches over\nSippin grape soda, while I\u2019m puffin on some Oh God\nScars on my chest and they wonder why I\u2019m so hard\nPraise the lord, my spit sound sacred\nI\u2019m sitting at the throne, getting dome like King David\nYour face is on the pavement cause you didn\u2019t make a payment\nAnd we don\u2019t give a fuck about the lames that you came with\nSame shit, different day, go and get your popcorn\nIf you start drama I\u2019ll be waiting on your pops' lawn\nHit em with the blocka, make em take a fatal loss\nCould have been my home boy, now you just tomato sauce"
                    }, 
                    {
                        "header": "[Verse 2: Action Bronson]", 
                        "text hash": "ff3ddc0b3f303cb95ef6c16d593cee5e", 
                        "artist": "Action Bronson", 
                        "text": "Yo get the whip virgil, hit the pussy till the shit\u2019s purple\nSpit verbal, higher booses on the drift circle\nDriven by chinos with they collar pop\nStay by the water like I\u2019m cobble pot\nSkrrrrt, now I done drop\nWake up in silk like a moth\nViolently cough, from all the violet and the broth\nSit on the grass, caught my dashboard needed a passport\nShe with the black horse, relax boys\nFuck around and get your back lost\nFuck, I need my ass tossed off gp\nBy an asian prostitute, her name Christine Lee\nThen I snorkled in her butt like it\u2019s club med\nLit this chocolate that I purchased from a young dread\nSamurai shoulder, no Sega Genesis and Pegasus\nMy back is strong like a stegosaurus\nI lift the charm with my eyes closed\nWhat\u2019s next for me only the sky knows, damn!"
                    }
                ], 
                "hooks": [
                    {
                        "header": "[Hook x2]", 
                        "text hash": "2d747489579955f1cc1f0e206eab7890", 
                        "artist": "Eddie B", 
                        "text": "I guess my whole team is marvelous\nStreet life marvelous, street life novelist\nThey see me living up in day 50\u2019s\nWith 3 60\u2019s, blowing like 1 60, selling 50\u2019s"
                    }
                ]
            }, 
            "order": [
                "[Hook x2]", 
                "[Verse 1: Eddie B]", 
                "[Hook x2]", 
                "[Verse 2: Action Bronson]", 
                "[Hook x2]"
            ], 
            "artist": "Eddie B"
        }
    }
}