{
    "Syllables (Remix)": {
        "raw": "\n    \n  It\u2019s not about lyrics anymore, it\u2019s about a hot beat and a catchy hook\n\n[Eminem]\nIf we gotta dumb down our style and ABC it\nThen so be it\nCause nowadays these kids, jeez\nDon\u2019t give a shit bout lyrics\nAll they wanna hear is a beat and thats it\nLong as they can go to the club and get blitzed\nPick up some chicks and get some digits\nAnd the DJ\u2019s playing them hits\nOh this my jam, this my shit\nWe dont know a word to a verse\nAll we know is the chorus\nCause the chorus repeats the same four words for us\nAnd the songs ginormous, the whole formula\u2019s switched\nCause we don\u2019t know anymore, what are hits\nIs it the beat, is it the rap\nIs it a finger snap or the same 808 clap\nAnd how do we adapt and get TRL votes\nWhen 13 year olds control the remote\nAnd Ashley\u2019s got a brand new nose\nWe gotta put some new em-phasis on our syllables\n\n[Jay-Z]\nIf the emphasis on the compact disc isn\u2019t the beat\nThan I\u2019m gon feature EM and get rich\nAnd let Dre mix the shit and drive off in the Range Rove\nCause everywhere I go they love the bling bling flow\nBang bang look at the way my chain glow\nThe ring on my fing\u2019 cost ya man lot of dough, oh\nThe fuck am I busting my brain for?\nIts just the way the game go, oh, it takes two to tango\nYou call this a lame flow\nYou bought the shit\nI guess you to blame too\nI just found the angle\nNo more reality flow\nI\u2019m tryna time my album dropping with a reality show\nCock the Mac 11 in front of Hot 97\nAnd call my publicist tell her \u201cwe in press heaven\u201d\nNo one gives a shit except some kids who just got into sex on the internet\nSo you want the chat room or the house of Malibu Em?\nYour emphasis is on the wrong Syllable\n\n[Dr Dre]\nThey said 30\u2032s the new 20\nFunny, must mean 40\u2032s the new 30\nInteresting cause ever since then it\u2019s been in a sense\nAn extension for veteran rappers that are better than half\nOf the shit coming out right now\nIts all trash\nThe torch is gonna burn out before it gets passed\nJay said it\u2019s his last and 50 and Em\nThen what? Detox drops what we got then\nSo now our whole camps is running around scrambling over what to do\nGambling everytime we put a record out\nJust looking for that hook\n\n[Eminem]\n(Wait Dre look)\nShorty I love you\nAnd you love me too\nWe were meant to be cause shorty\nYou love me\nAnd I love you too\nAnd I promise I\u2019ll be true to you\n\n[50 Cent]\nGo shorty, its your birthday\nYou made it just in time to hear my wordplay\nIts the kid that flip flows who used to flip O\u2019s\nAnd run G for days used to see how I get hoes\nI\u2019m international, I get my dick licked round the globe\nI\u2019m sick right into show, riding on lolo\u2019s\nPuffing on coco, my bitch in Manolo\u2019s\nDon\u2019t fuck with the dodo\u2019s, I sling for dumb hoes\nI playing, I ain't got time to joke, joke\nYou fuck around, you could get your ass smoked\nLook, its not a game, me B, I ain't playing\nBeep behind me player, so you here anyway\nYou don\u2019t hear what I\u2019m saying\nMe fin-nini-na\nFee-fi-dididee-yay\nJust give me my check and I\u2019ll be on my way\nSunny bunny money and funny\nYou ain't even listening and I just took your money\n\n[GR Lynch]\nThis ain't top 40 or hit list shit\nNot for TRL, no Rick Dees' picks\nThis is straight GRL ski mix bitch\nCall me Strasburg when I pitch this shit\nI leave these other rappers so tongue-tied\nThey just local, GR's worldwide\nYou sound like cabbage, ya wilted outside\nI spit tomatoes straight from the vine\nLeave these other artists lookin all sundried\nA bunch of little stains, to them I'm Tide\nKeep a stain stick in my Subaru ride\nGlass all black can't see us igniting\nPaint white out like you fucked up writing\nMount baker bout to get a boost in style\nIn the parking lot they can't help but smile\nMa'am please cover the eyes of your child\nGunz come out you know bumpin 50\nSubie 2 shes covered with bitties\nSnowpants blue like the sign for thrifty\nSo baggy what are those a fuckin size 60?\nBurrito legs bitch, call me big shitty\n\n\n\n\n  ", 
        "pro": {
            "features": [
                "50 Cent", 
                "Dr. Dre", 
                "G.R. Lynch", 
                "Jay Z"
            ], 
            "blocks": {
                "verses": [
                    {
                        "header": "[Eminem]", 
                        "text hash": "4383146cd2f07973e52da6b2a2f780ed", 
                        "artist": "Eminem", 
                        "text": "If we gotta dumb down our style and ABC it\nThen so be it\nCause nowadays these kids, jeez\nDon\u2019t give a shit bout lyrics\nAll they wanna hear is a beat and thats it\nLong as they can go to the club and get blitzed\nPick up some chicks and get some digits\nAnd the DJ\u2019s playing them hits\nOh this my jam, this my shit\nWe dont know a word to a verse\nAll we know is the chorus\nCause the chorus repeats the same four words for us\nAnd the songs ginormous, the whole formula\u2019s switched\nCause we don\u2019t know anymore, what are hits\nIs it the beat, is it the rap\nIs it a finger snap or the same 808 clap\nAnd how do we adapt and get TRL votes\nWhen 13 year olds control the remote\nAnd Ashley\u2019s got a brand new nose\nWe gotta put some new em-phasis on our syllables"
                    }, 
                    {
                        "header": "[Jay-Z]", 
                        "text hash": "53f8c4a7ea0220e84709ab16ad2df7d2", 
                        "artist": "Jay Z", 
                        "text": "If the emphasis on the compact disc isn\u2019t the beat\nThan I\u2019m gon feature EM and get rich\nAnd let Dre mix the shit and drive off in the Range Rove\nCause everywhere I go they love the bling bling flow\nBang bang look at the way my chain glow\nThe ring on my fing\u2019 cost ya man lot of dough, oh\nThe fuck am I busting my brain for?\nIts just the way the game go, oh, it takes two to tango\nYou call this a lame flow\nYou bought the shit\nI guess you to blame too\nI just found the angle\nNo more reality flow\nI\u2019m tryna time my album dropping with a reality show\nCock the Mac 11 in front of Hot 97\nAnd call my publicist tell her \u201cwe in press heaven\u201d\nNo one gives a shit except some kids who just got into sex on the internet\nSo you want the chat room or the house of Malibu Em?\nYour emphasis is on the wrong Syllable"
                    }, 
                    {
                        "header": "[Dr Dre]", 
                        "text hash": "3dfe8eaa47b2c03f35c3d8143f928d10", 
                        "artist": "Dr. Dre", 
                        "text": "They said 30\u2032s the new 20\nFunny, must mean 40\u2032s the new 30\nInteresting cause ever since then it\u2019s been in a sense\nAn extension for veteran rappers that are better than half\nOf the shit coming out right now\nIts all trash\nThe torch is gonna burn out before it gets passed\nJay said it\u2019s his last and 50 and Em\nThen what? Detox drops what we got then\nSo now our whole camps is running around scrambling over what to do\nGambling everytime we put a record out\nJust looking for that hook"
                    }, 
                    {
                        "header": "[Eminem]", 
                        "text hash": "c4ccec505d60376b6f46798aa0494559", 
                        "artist": "Eminem", 
                        "text": "(Wait Dre look)\nShorty I love you\nAnd you love me too\nWe were meant to be cause shorty\nYou love me\nAnd I love you too\nAnd I promise I\u2019ll be true to you"
                    }, 
                    {
                        "header": "[50 Cent]", 
                        "text hash": "ad8d5fa7efdf3f196059429a8f9e7348", 
                        "artist": "50 Cent", 
                        "text": "Go shorty, its your birthday\nYou made it just in time to hear my wordplay\nIts the kid that flip flows who used to flip O\u2019s\nAnd run G for days used to see how I get hoes\nI\u2019m international, I get my dick licked round the globe\nI\u2019m sick right into show, riding on lolo\u2019s\nPuffing on coco, my bitch in Manolo\u2019s\nDon\u2019t fuck with the dodo\u2019s, I sling for dumb hoes\nI playing, I ain't got time to joke, joke\nYou fuck around, you could get your ass smoked\nLook, its not a game, me B, I ain't playing\nBeep behind me player, so you here anyway\nYou don\u2019t hear what I\u2019m saying\nMe fin-nini-na\nFee-fi-dididee-yay\nJust give me my check and I\u2019ll be on my way\nSunny bunny money and funny\nYou ain't even listening and I just took your money"
                    }, 
                    {
                        "header": "[GR Lynch]", 
                        "text hash": "b16c91594b7b9deb4d2bbefe0a48ad34", 
                        "artist": "G.R. Lynch", 
                        "text": "This ain't top 40 or hit list shit\nNot for TRL, no Rick Dees' picks\nThis is straight GRL ski mix bitch\nCall me Strasburg when I pitch this shit\nI leave these other rappers so tongue-tied\nThey just local, GR's worldwide\nYou sound like cabbage, ya wilted outside\nI spit tomatoes straight from the vine\nLeave these other artists lookin all sundried\nA bunch of little stains, to them I'm Tide\nKeep a stain stick in my Subaru ride\nGlass all black can't see us igniting\nPaint white out like you fucked up writing\nMount baker bout to get a boost in style\nIn the parking lot they can't help but smile\nMa'am please cover the eyes of your child\nGunz come out you know bumpin 50\nSubie 2 shes covered with bitties\nSnowpants blue like the sign for thrifty\nSo baggy what are those a fuckin size 60?\nBurrito legs bitch, call me big shitty\n\n\n\n\n  "
                    }
                ], 
                "hooks": []
            }, 
            "order": [
                "[Eminem]", 
                "[Jay-Z]", 
                "[Dr Dre]", 
                "[Eminem]", 
                "[50 Cent]", 
                "[GR Lynch]"
            ], 
            "artist": "Eminem"
        }
    },
    "We All Die One Day (Shady Classics Mixtape)": {
        "raw": "\n    \n  [Intro: Tony Yayo]\nYeah!\nYou rocking with the Talk of New York Tony Yayo (WHOO KID)\nShady Aftermath and Soul Assassins\nHere we go!\n\n[Hook: Lloyd Banks]\nNiggas know what I'm about out here\nI don't toot my own horn cause I don't have to\nYou could run your mouth I don't care\nBut if you get too close I'm gon' clap you\nIt's too real out here to be scared\nA real nigga gonna do whatever he has to\nA man is a last thing you should fear\nIt ain't considered (WHOO KID) a crime unless they catch you\nWe all die one day\n\n[Verse 1: Eminem]\nCause we gon' bring it to anybody who want it, you want it, you gon' get it\nName 'em we gon' hit 'em chew 'em up and spit 'em out\n{*Hoch spit*} Too much venom and if you roll with 'em\nWe gon' fuck you up with 'em\nI got too much momentum moving in my direction to lose\nMy shoes will explode as soon as you go to step in them, (BOOM)\nYou know how we do it when we do how we do it when we come through\nG-Unit, D-1-2 and Obie we all move like assassins\nSki mask and gloves consider this as a warning\nDisaster comes faster than you can react to it, just ask Muggs\nBut we are fizast, fuck your little bitch ass up\nWe are not killers, my vato will have you shot, though\nDragged through the barrio and fucked like Kim Osorio's\nLittle sorry ho ass, go ask B-Real\nWe burn Source covers like fucking Cypress Hill\nDid in the 90s, when you was in diapers still\nShady Records you better believe the hype is real\nThis is no joke, I don't smoke\nBut I toke enough secondhand to make my fucking P.O. choke\nI'm an OG, you're fucking with a G.I. Joe\nBia Bia, mia mio a vida loc'\nI'm a psycho, Mariah ain't got shit on me\nWhen I retire I'll be spitting baby food on people\nA tent siged on her ranch huddle up next to her\nWith Hello Kitty slippers on, humping her legs\nYou ever had your cap peeled back or your shit pushed in?\nI put my blade in you like a fucking pin cushion\nSlice your ear clear off, Smirnoff and Hen, dog\nI'll show you to kill a fucking man like Sen Dog (Bring it, bring it, bring it back!)\nNobody told you that I'm loco, \u00e9se?\nI lack every sane chemical in my membrane\nI'm Slim Shay...D and the 'D' is for deez nuts\nAnd you can get each one for free so feast up\nI'll pee in a cup for three months\nI'm having an E party for Easter please come\nCause we gon'\n\n[Verse 2: 50 Cent]\nWe gon' bring it to anybody who want it, you want it, you gon' get it\nYou name 'em and we'll hit 'em, chew 'em up and spit 'em out {*spits*}\nToo much venom and if you roll with 'em\nWe gon' fuck you up with 'em\nYou can do all them push ups to pump up your chest\nI got a twelve gauge Mausberg to pump up your chest\nHave you gasping for air after that shell hit your vest\nFear me like you fear God cause I bring death\nSilverback gorilla in the concrete jungle\nI'm the strongest around, you know how I get down\nI watch gangsta flicks and root for the bad guy\nAnd turn it off before it end cause the bad guy die\nIf you trying to buy guns, I'm the nigga to look to\nSo what they got bodies on them? They still look new\nYou can raise your voice like you fitting to touch something\nWhen I raise my knife, shit, I'm fitting to cut something\nThey say I walk like Ron O'Neal, and talk like Goldie\nIf the bitch think I love her, the bitch don't know me\n[Screaming] {*laughing*}\n\n\n\n\n  ", 
        "pro": {
            "features": [
                "50 Cent", 
                "Lloyd Banks"
            ], 
            "blocks": {
                "verses": [
                    {
                        "header": "[Verse 1: Eminem]", 
                        "text hash": "32a96bacdc43d0b62df7666cd310f1f1", 
                        "artist": "Eminem", 
                        "text": "Cause we gon' bring it to anybody who want it, you want it, you gon' get it\nName 'em we gon' hit 'em chew 'em up and spit 'em out\n{*Hoch spit*} Too much venom and if you roll with 'em\nWe gon' fuck you up with 'em\nI got too much momentum moving in my direction to lose\nMy shoes will explode as soon as you go to step in them, (BOOM)\nYou know how we do it when we do how we do it when we come through\nG-Unit, D-1-2 and Obie we all move like assassins\nSki mask and gloves consider this as a warning\nDisaster comes faster than you can react to it, just ask Muggs\nBut we are fizast, fuck your little bitch ass up\nWe are not killers, my vato will have you shot, though\nDragged through the barrio and fucked like Kim Osorio's\nLittle sorry ho ass, go ask B-Real\nWe burn Source covers like fucking Cypress Hill\nDid in the 90s, when you was in diapers still\nShady Records you better believe the hype is real\nThis is no joke, I don't smoke\nBut I toke enough secondhand to make my fucking P.O. choke\nI'm an OG, you're fucking with a G.I. Joe\nBia Bia, mia mio a vida loc'\nI'm a psycho, Mariah ain't got shit on me\nWhen I retire I'll be spitting baby food on people\nA tent siged on her ranch huddle up next to her\nWith Hello Kitty slippers on, humping her legs\nYou ever had your cap peeled back or your shit pushed in?\nI put my blade in you like a fucking pin cushion\nSlice your ear clear off, Smirnoff and Hen, dog\nI'll show you to kill a fucking man like Sen Dog (Bring it, bring it, bring it back!)\nNobody told you that I'm loco, \u00e9se?\nI lack every sane chemical in my membrane\nI'm Slim Shay...D and the 'D' is for deez nuts\nAnd you can get each one for free so feast up\nI'll pee in a cup for three months\nI'm having an E party for Easter please come\nCause we gon'"
                    }, 
                    {
                        "header": "[Verse 2: 50 Cent]", 
                        "text hash": "e21bfa235549c9dbf5fd3be3123a0e5c", 
                        "artist": "50 Cent", 
                        "text": "We gon' bring it to anybody who want it, you want it, you gon' get it\nYou name 'em and we'll hit 'em, chew 'em up and spit 'em out {*spits*}\nToo much venom and if you roll with 'em\nWe gon' fuck you up with 'em\nYou can do all them push ups to pump up your chest\nI got a twelve gauge Mausberg to pump up your chest\nHave you gasping for air after that shell hit your vest\nFear me like you fear God cause I bring death\nSilverback gorilla in the concrete jungle\nI'm the strongest around, you know how I get down\nI watch gangsta flicks and root for the bad guy\nAnd turn it off before it end cause the bad guy die\nIf you trying to buy guns, I'm the nigga to look to\nSo what they got bodies on them? They still look new\nYou can raise your voice like you fitting to touch something\nWhen I raise my knife, shit, I'm fitting to cut something\nThey say I walk like Ron O'Neal, and talk like Goldie\nIf the bitch think I love her, the bitch don't know me"
                    }, 
                    {
                        "header": "[Screaming]", 
                        "text hash": "c90270e8dbf242386a55cb86cbe9a4d0", 
                        "artist": "Eminem", 
                        "text": " {*laughing*}\n\n\n\n\n  "
                    }
                ], 
                "hooks": [
                    {
                        "header": "[Hook: Lloyd Banks]", 
                        "text hash": "63c80e129039eb8ac73861d341a3002f", 
                        "artist": "Lloyd Banks", 
                        "text": "Niggas know what I'm about out here\nI don't toot my own horn cause I don't have to\nYou could run your mouth I don't care\nBut if you get too close I'm gon' clap you\nIt's too real out here to be scared\nA real nigga gonna do whatever he has to\nA man is a last thing you should fear\nIt ain't considered (WHOO KID) a crime unless they catch you\nWe all die one day"
                    }
                ], 
                "intro": [
                    {
                        "header": "[Intro: Tony Yayo]", 
                        "text hash": "9def54f81f8d8bbc4794a5538f41b6cc", 
                        "artist": "Tony Yayo", 
                        "text": "Yeah!\nYou rocking with the Talk of New York Tony Yayo (WHOO KID)\nShady Aftermath and Soul Assassins\nHere we go!"
                    }
                ]
            }, 
            "order": [
                "[Intro: Tony Yayo]", 
                "[Hook: Lloyd Banks]", 
                "[Verse 1: Eminem]", 
                "[Verse 2: 50 Cent]"
            ], 
            "artist": "Eminem"
        }
    }
}