{
    "Say Remix": {
        "raw": "\n    \n  [Verse 1: Erin Christine]\nYou were the only, you were the someday\nIt has always been you and I can\u2019t help it\nMy heart is jumping when you walk into a room\nIt doesn\u2019t seem to matter when there's nothing we can undo\nAfter all that has happened, I can\u2019t believe I still want you\n\n[Hook]\nAnd what I want to say is there is no me without you\nWhat I want to say is everything I forgot to\nSo if it's not too late, I don\u2019t wanna give you away\n\n[Verse 2: Erin Christine]\nYou keep me grounded, you were my ending\nYou are the one I go to, I still get nervous when you're around me\nYeah, this is the one thing I can\u2019t lose\nIt doesn't seem to matter after all I\u2019ve put you through\nAfter all that has happened, I can\u2019t believe I still want you\n\n[Hook]\n\n[Verse 3: Pusha T]\nI see you walking on that tight rope\nShould you love me or love me not\nI sit back and let you pick the right quote\nLost focus, wasn't looking through the right scope\nBefore it burns, we should end this on a high note\nBut if you down for me, spin around for me\nYes to the dress, Vera Wang gown for me\nLike Princess Di, diamonds in the crown for me\nWhatever ground you walking on, higher ground for me\nWe locked in like mafia ties, if we together, no leaving like mafia wives\nRather the truth hurts than a body of lies\nSee, we in this to the death like Bonnie and Clyde, Push\n\n[Bridge: Erin Christine]\nTell me, can you feel it? Tell me, can you feel it?\nJust say it, tell me, can you feel it?\n\n[Hook 2]\nAnd what I want to say is there is no me without you\nWhat I want to say is everything I forgot to\nIf it's not too late, I don\u2019t wanna give you away\nAnd what I want to say is there is no me without you\nAnd what I want to say...so if it's not too late\nI don't wanna give you away, what I want to say\n\n\n\n\n  ", 
        "pro": {
            "features": [
                "Pusha T"
            ], 
            "blocks": {
                "verses": [
                    {
                        "header": "[Verse 1: Erin Christine]", 
                        "text hash": "263f33caa5f704fd81728706942176d0", 
                        "artist": "Erin Christine", 
                        "text": "You were the only, you were the someday\nIt has always been you and I can\u2019t help it\nMy heart is jumping when you walk into a room\nIt doesn\u2019t seem to matter when there's nothing we can undo\nAfter all that has happened, I can\u2019t believe I still want you"
                    }, 
                    {
                        "header": "[Verse 2: Erin Christine]", 
                        "text hash": "cfd8e2e17bcbfbd0ca11cad84ce3bc48", 
                        "artist": "Erin Christine", 
                        "text": "You keep me grounded, you were my ending\nYou are the one I go to, I still get nervous when you're around me\nYeah, this is the one thing I can\u2019t lose\nIt doesn't seem to matter after all I\u2019ve put you through\nAfter all that has happened, I can\u2019t believe I still want you"
                    }, 
                    {
                        "header": "[Verse 3: Pusha T]", 
                        "text hash": "edde27d2ded3150638515c684e4dbef3", 
                        "artist": "Pusha T", 
                        "text": "I see you walking on that tight rope\nShould you love me or love me not\nI sit back and let you pick the right quote\nLost focus, wasn't looking through the right scope\nBefore it burns, we should end this on a high note\nBut if you down for me, spin around for me\nYes to the dress, Vera Wang gown for me\nLike Princess Di, diamonds in the crown for me\nWhatever ground you walking on, higher ground for me\nWe locked in like mafia ties, if we together, no leaving like mafia wives\nRather the truth hurts than a body of lies\nSee, we in this to the death like Bonnie and Clyde, Push"
                    }
                ], 
                "hooks": [
                    {
                        "header": "[Hook]", 
                        "text hash": "b28745ee181f6ac7ea12261ae927738f", 
                        "artist": "Erin Christine", 
                        "text": "And what I want to say is there is no me without you\nWhat I want to say is everything I forgot to\nSo if it's not too late, I don\u2019t wanna give you away"
                    }, 
                    {
                        "header": "[Hook 2]", 
                        "text hash": "a17a3b2619ec601856a322d837f6d14b", 
                        "artist": "Erin Christine", 
                        "text": "And what I want to say is there is no me without you\nWhat I want to say is everything I forgot to\nIf it's not too late, I don\u2019t wanna give you away\nAnd what I want to say is there is no me without you\nAnd what I want to say...so if it's not too late\nI don't wanna give you away, what I want to say\n\n\n\n\n  "
                    }
                ], 
                "bridge": [
                    {
                        "header": "[Bridge: Erin Christine]", 
                        "text hash": "3f40b6e96708d66a91cf4cd6cfa3f896", 
                        "artist": "Erin Christine", 
                        "text": "Tell me, can you feel it? Tell me, can you feel it?\nJust say it, tell me, can you feel it?"
                    }
                ]
            }, 
            "order": [
                "[Verse 1: Erin Christine]", 
                "[Hook]", 
                "[Verse 2: Erin Christine]", 
                "[Hook]", 
                "[Verse 3: Pusha T]", 
                "[Bridge: Erin Christine]", 
                "[Hook 2]"
            ], 
            "artist": "Erin Christine"
        }
    }
}