{
    "The Healer (Remix)": {
        "raw": "\n    \n  [Verse One] [Pharoahe Monch]:\nWe are renegades and wars to acronyms so fuck rallies\nI'm in the park doin' reps, you in Bally's\nAnd no I'm not referring to Slick Rick's shoes\nP is walkin' time bomb like tick tick tick tick...\nWhen gloomy economic statistics loom\nCivilized people become terrorists\nOn stolen land that\u2019s not even America\u2019s, in the first place\nThat\u2019s why the energy\u2019s all fucked up\nI Throw Stones like Palestinian drama\nIt\u2019s bigger than Hilary, it\u2019s bigger than Obama\nIt\u2019s bigger than McCain, it\u2019s bigger than the Pope\nIt\u2019s unity, it\u2019s faith, it\u2019s change, it\u2019s hope\n\n[Hook] [Erykah Badu]:\nAlhamdulillah Allah Jehovah\nYahweh Dios Ma'at Jah\nRastafari fyah dance, sex, music, hip-hop\nIt's bigger than religion, hip-hop\nIt's bigger than my nigga, hip-hop\nIt's bigger than the government\nThis one is for Dilla, hip-hop\n\n[Verse Two] [Pharaohe Monch]:\nAnd they want to ask me why I'm vocal inanimate\nCause I lost my focus like David Patterson\nIn the ghetto where it's impossible to escape\nAnd the first obstacle is this tapeworm in my abdomen\nSpear chucker, fuck that, I toss javelins\nTo five thousand dollar bills in the face of James Madison\nThis is America postmortem\nTo focus on your bogus novus ordo seclorum\n\n[Erykah Badu]:\nWe ain't dead said the children don't believe it\nWe just made ourselves invisible\nUnderwater, stove-top\nBlue flame scientists come out with your scales up\nGet baptized in the ocean of the hungry\n\nMy niggas turn in to gods\nWalls come tumblin...(aaahhh)\n\n[Hook] [Erykah Badu]:\nAlhamdulillah Allah Jehovah\nYahweh Dios Ma'at Jah\nRastafari fyah dance, sex, music, hip-hop\nIt's bigger than religion, hip-hop\nIt's bigger than my nigga, hip-hop\nIt's bigger than the government\nThis one is for Dilla, hip-hop\n\n[Verse Three] [Erykah Badu]:\nTold you we ain't dead yet\nWe've been livin' through your internet\nYou don't have to believe everything you think\nWe've been programmed wake up, we miss you\nThey call you indigo, we call you Africa\nGo get baptized in the ocean of the people\nSay reboot, refresh, restart\nFresh page, new day, o.g.'s, new key\n\n\n\n\n  ", 
        "pro": {
            "features": [
                "Pharoahe Monch"
            ], 
            "producers": [
                "Madlib"
            ], 
            "blocks": {
                "verses": [
                    {
                        "header": "[Verse One] [Pharoahe Monch]", 
                        "text hash": "4312ec57d78f8b16850e7a515a715141", 
                        "artist": "Pharoahe Monch", 
                        "text": ":\nWe are renegades and wars to acronyms so fuck rallies\nI'm in the park doin' reps, you in Bally's\nAnd no I'm not referring to Slick Rick's shoes\nP is walkin' time bomb like tick tick tick tick...\nWhen gloomy economic statistics loom\nCivilized people become terrorists\nOn stolen land that\u2019s not even America\u2019s, in the first place\nThat\u2019s why the energy\u2019s all fucked up\nI Throw Stones like Palestinian drama\nIt\u2019s bigger than Hilary, it\u2019s bigger than Obama\nIt\u2019s bigger than McCain, it\u2019s bigger than the Pope\nIt\u2019s unity, it\u2019s faith, it\u2019s change, it\u2019s hope"
                    }, 
                    {
                        "header": "[Verse Two] [Pharaohe Monch]", 
                        "text hash": "29094e9e54c24ced8b99da7fc4633c05", 
                        "artist": "Erykah Badu", 
                        "text": ":\nAnd they want to ask me why I'm vocal inanimate\nCause I lost my focus like David Patterson\nIn the ghetto where it's impossible to escape\nAnd the first obstacle is this tapeworm in my abdomen\nSpear chucker, fuck that, I toss javelins\nTo five thousand dollar bills in the face of James Madison\nThis is America postmortem\nTo focus on your bogus novus ordo seclorum"
                    }, 
                    {
                        "header": "[Erykah Badu]", 
                        "text hash": "8c178ee865c92be66299f701194c7a0e", 
                        "artist": "Erykah Badu", 
                        "text": ":\nWe ain't dead said the children don't believe it\nWe just made ourselves invisible\nUnderwater, stove-top\nBlue flame scientists come out with your scales up\nGet baptized in the ocean of the hungry\n\nMy niggas turn in to gods\nWalls come tumblin...(aaahhh)"
                    }, 
                    {
                        "header": "[Verse Three] [Erykah Badu]", 
                        "text hash": "aaf5ff22fff19fc9d3388cac3c0bc58c", 
                        "artist": "Erykah Badu", 
                        "text": ":\nTold you we ain't dead yet\nWe've been livin' through your internet\nYou don't have to believe everything you think\nWe've been programmed wake up, we miss you\nThey call you indigo, we call you Africa\nGo get baptized in the ocean of the people\nSay reboot, refresh, restart\nFresh page, new day, o.g.'s, new key\n\n\n\n\n  "
                    }
                ], 
                "hooks": [
                    {
                        "header": "[Hook] [Erykah Badu]", 
                        "text hash": "b4e93f46f00e02f209d48f24dcb5fb85", 
                        "artist": "Erykah Badu", 
                        "text": ":\nAlhamdulillah Allah Jehovah\nYahweh Dios Ma'at Jah\nRastafari fyah dance, sex, music, hip-hop\nIt's bigger than religion, hip-hop\nIt's bigger than my nigga, hip-hop\nIt's bigger than the government\nThis one is for Dilla, hip-hop"
                    }
                ]
            }, 
            "order": [], 
            "artist": "Erykah Badu"
        }
    }
}