{
    "Metal Thangz": {
        "raw": "\n    \n  [Verse 1: O.C.]\nYo, unfold remarkable soul, cold-blooded\nBleedin icicles, equivalent to North Pole\nRoll El-Producto style, Buddha mindstate\nBut I don't smoke weed to proceed, follow my lead\nI Rock-well when somebody's watchin me, rhyme's fine\nLike Denzel, havin shorties all jockin me\nMy poetry paintin pictures, call me Picasso\nNot so fast, put your microphone back in the stash\nWhen I'm through foes with hoes, take what fits\nYou ain't worth what O.C. hold, dick made of gold\nSoul controller, ruler of my dest', all eyes on me\nLike a pair of thirty-eight double-D's, rest assured\nWhen I be on the mic, WAR, holdin the goods\nLike you buyin in the surplus store\nYou see I brought it down a notch so you could understand O\nI'm smooth like a harp you, nothin but a banjo\nSo advance yo' tech-nine style, that shit is played off\nRun into the likes of a Mongol slave\nFallout, the Gene-ral, be on command now\nAt the quarted of the century, I'm the manchild\nFuck that abbreviated F.T., soon to come bust off\nWe bust back strapped ready for war, what?\n\n[Hook: Street Smartz]\nYo, when you hear this shit I bet your head'll swing\nCause this a ghetto thing, where we pack metal thangz\nJust to settle thangz\n\n[Verse 2: Pharoahe Monch]\nGet your motherfuckin orders of protection, MC's no question\nSee I was raised in the ill drug section\nAnd that persuaded my poetical selections to be hardcore\nShit, I swore on my father's grave\nI make slaves of niggas who played brave\nI craved to engrave my name inside of the pavement\nAnd my basement's an arrangement of different torture devices\nThat slices, the first nigga who thinks they are the nicest\nMy advice is to you, think twice\nThe price to pay is your life, Jesus Christ I am the Pharoahe\nThe road I'm on is kind of narrow\nPlus there's a fork in the shit and I don't know which way to go\nBut these scriptures are sculptures\nTo prove to dead rappers words hover above like vultures\nI write the type of shit to make niggas incite race riots\nFrom the hate that white invited\nSinister, when it's the time to, finish the rhyme\nWatch the, minister climb up up, fillin in the atmosphere\nLike Canibus and if it's activatin me believe I'm captivatin heat\nPlus I'm decapitatin three MC's with my axe like thoraxes\nPractice allows me to receive information like faxes, what?\n\n[Hook]\n\n[Verse 3: F.T.]\nNiggas you better watch your back\nIt takes concentration and confrontation\nSo fuck conversatin and contemplatin\nArms I'm brakin, spin a battle wild like a carousel\nCause new MC's babble now especially when I have an L\nThese raps is meant to fear yo I'mma rip this sentence here\nMy comprehension scares to leave you in intensive care\nCheck my credentials, with pen and pencils, or instrumentals\nI make your mental, experimental\nDon't be actin cock-a-mamey cause niggas on my block is crazy\nTalkin that rap shit, you couldn't even rock a baby\nBitch I went out and bought a rifle (why?)\nCause that's just more than trifle\nI'm sorta psycho like a retard on a motorcycle\nMy mind changes when the time changes\nAn MC that ain't sayin shit might as well be rappin in sign language\nI get darkened eyed, when I spark the lye\nStart stompin guys, have em screamin, \"Let's compromise!\"\nAnd love a fly brawl so why stall\nKeep lookin at me I'mma spray some Lysol in your eyeball\nStreet Smartz, affiliation\n\n[Hook]\n\n\n\n\n  ", 
        "pro": {
            "features": [
                "O.C.", 
                "Pharoahe Monch"
            ], 
            "producers": [
                "DJ Ogee"
            ], 
            "blocks": {
                "verses": [
                    {
                        "header": "[Verse 1: O.C.]", 
                        "text hash": "a9e8ca13ef954ae14a7410a688f0ea7e", 
                        "artist": "O.C.", 
                        "text": "Yo, unfold remarkable soul, cold-blooded\nBleedin icicles, equivalent to North Pole\nRoll El-Producto style, Buddha mindstate\nBut I don't smoke weed to proceed, follow my lead\nI Rock-well when somebody's watchin me, rhyme's fine\nLike Denzel, havin shorties all jockin me\nMy poetry paintin pictures, call me Picasso\nNot so fast, put your microphone back in the stash\nWhen I'm through foes with hoes, take what fits\nYou ain't worth what O.C. hold, dick made of gold\nSoul controller, ruler of my dest', all eyes on me\nLike a pair of thirty-eight double-D's, rest assured\nWhen I be on the mic, WAR, holdin the goods\nLike you buyin in the surplus store\nYou see I brought it down a notch so you could understand O\nI'm smooth like a harp you, nothin but a banjo\nSo advance yo' tech-nine style, that shit is played off\nRun into the likes of a Mongol slave\nFallout, the Gene-ral, be on command now\nAt the quarted of the century, I'm the manchild\nFuck that abbreviated F.T., soon to come bust off\nWe bust back strapped ready for war, what?"
                    }, 
                    {
                        "header": "[Verse 2: Pharoahe Monch]", 
                        "text hash": "ceac9ab2112b415fa407d7424e7dd10b", 
                        "artist": "Pharoahe Monch", 
                        "text": "Get your motherfuckin orders of protection, MC's no question\nSee I was raised in the ill drug section\nAnd that persuaded my poetical selections to be hardcore\nShit, I swore on my father's grave\nI make slaves of niggas who played brave\nI craved to engrave my name inside of the pavement\nAnd my basement's an arrangement of different torture devices\nThat slices, the first nigga who thinks they are the nicest\nMy advice is to you, think twice\nThe price to pay is your life, Jesus Christ I am the Pharoahe\nThe road I'm on is kind of narrow\nPlus there's a fork in the shit and I don't know which way to go\nBut these scriptures are sculptures\nTo prove to dead rappers words hover above like vultures\nI write the type of shit to make niggas incite race riots\nFrom the hate that white invited\nSinister, when it's the time to, finish the rhyme\nWatch the, minister climb up up, fillin in the atmosphere\nLike Canibus and if it's activatin me believe I'm captivatin heat\nPlus I'm decapitatin three MC's with my axe like thoraxes\nPractice allows me to receive information like faxes, what?"
                    }, 
                    {
                        "header": "[Verse 3: F.T.]", 
                        "text hash": "8b2e8319c7bc842e85f4a28f578bfd08", 
                        "artist": "F.T.", 
                        "text": "Niggas you better watch your back\nIt takes concentration and confrontation\nSo fuck conversatin and contemplatin\nArms I'm brakin, spin a battle wild like a carousel\nCause new MC's babble now especially when I have an L\nThese raps is meant to fear yo I'mma rip this sentence here\nMy comprehension scares to leave you in intensive care\nCheck my credentials, with pen and pencils, or instrumentals\nI make your mental, experimental\nDon't be actin cock-a-mamey cause niggas on my block is crazy\nTalkin that rap shit, you couldn't even rock a baby\nBitch I went out and bought a rifle (why?)\nCause that's just more than trifle\nI'm sorta psycho like a retard on a motorcycle\nMy mind changes when the time changes\nAn MC that ain't sayin shit might as well be rappin in sign language\nI get darkened eyed, when I spark the lye\nStart stompin guys, have em screamin, \"Let's compromise!\"\nAnd love a fly brawl so why stall\nKeep lookin at me I'mma spray some Lysol in your eyeball\nStreet Smartz, affiliation"
                    }
                ], 
                "hooks": [
                    {
                        "header": "[Hook: Street Smartz]", 
                        "text hash": "efa6618e95f557516f60f0e632c9ec1a", 
                        "artist": "Street Smartz", 
                        "text": "Yo, when you hear this shit I bet your head'll swing\nCause this a ghetto thing, where we pack metal thangz\nJust to settle thangz"
                    }
                ]
            }, 
            "order": [
                "[Verse 1: O.C.]", 
                "[Hook: Street Smartz]", 
                "[Verse 2: Pharoahe Monch]", 
                "[Hook]", 
                "[Verse 3: F.T.]", 
                "[Hook]"
            ], 
            "artist": "F.T."
        }
    }
}