{
    "Cuffin Season (Remix)": {
        "raw": "\n    \n  [Intro]\nThough we gotta say goodbye for the summer, baby, I promise you this\nI'll send you all my love everyday in a letter sealed with a kiss\n\n[Hook]\nThese hoes keep calling, I ain't picking up (yeah)\nThese hoes keep calling, I ain't picking up (yeah)\nTold these hoes I'll be back around June (around June)\nTold these hoes I'll be back around June (WHAT?!)\nBetter yet I'll change my numbers for the whole winter (who?)\nDamn, it's so cold in the fucking winter (whooo)\nThese hoes keep calling, I ain't picking up (what)\nDamn, I'm so cold in the fucking winter (yeah)\n\n[Verse 1: Fabolous]\nYou gon' be at La Marina all summer\nSo you gon' hear this remix all summer\nNigga, fuck your women crush Wednesday\nI just fucked your women crush Wednesday\nWasn't even Wednesday, nigga, it was Benz day\nHe like 'why you riding with him?', she like 'we just friends, bae'\nBefore anyone else? please\nYou ain't got no man, all your pics selfies\nI be taking wealthies, balling in my pictures\nYou be fighting over hoes, Spalding on them bitches\nFronting money, could've gotten behind it for free\nI got this pretty one in Cali, Thotiana Ali\nI got a New York Dominican, plastic cup body\nMami think she Holly, call her tatted up Thotty\nGot a crew in Miami, I call them Thot Angels\nEven if he wife you he cannot change you, biatch\n\n[Hook]\n\n[Verse 2: 50 Cent]\nI move right, stepping with the German on me\nSo much beef I gotta party with the burner on me\nMy chain chunky, my wrists all chunky, my pockets all chunky\nChunk ya bitch want me hannn\nQuit cuffin', you love her, she want the limelight\nShe 'bout to get ya in some shit, boy, get ya mind right\nSparkle after sparkle when the bottles come\nShe got a nice set of tits, glad you bought her some\nStartender, bartender, they be in Perfection\nTurned up for lust, heard they fucked with Gus\nIn Sin City I'll fuck with them, the hoes pretty\nSubstitute Fiddy, I'm filling in for Biggie\nNow watch a model chick turn into a bottle chick\nYou hit the lotto, bitch, swimming around my grotto pit\nDon't call it Tyson crib, this is my estate\nAnd that's old money, bitch, I'm getting cake\n\n[Hook]\n\n\n\n\n  ", 
        "pro": {
            "features": [
                "50 Cent"
            ], 
            "blocks": {
                "verses": [
                    {
                        "header": "[Verse 1: Fabolous]", 
                        "text hash": "fe9f16fb2ee89f8a9c0d3668a7ea5dd9", 
                        "artist": "Fabolous", 
                        "text": "You gon' be at La Marina all summer\nSo you gon' hear this remix all summer\nNigga, fuck your women crush Wednesday\nI just fucked your women crush Wednesday\nWasn't even Wednesday, nigga, it was Benz day\nHe like 'why you riding with him?', she like 'we just friends, bae'\nBefore anyone else? please\nYou ain't got no man, all your pics selfies\nI be taking wealthies, balling in my pictures\nYou be fighting over hoes, Spalding on them bitches\nFronting money, could've gotten behind it for free\nI got this pretty one in Cali, Thotiana Ali\nI got a New York Dominican, plastic cup body\nMami think she Holly, call her tatted up Thotty\nGot a crew in Miami, I call them Thot Angels\nEven if he wife you he cannot change you, biatch"
                    }, 
                    {
                        "header": "[Verse 2: 50 Cent]", 
                        "text hash": "d4a55f188308a5d601049988a1413f16", 
                        "artist": "50 Cent", 
                        "text": "I move right, stepping with the German on me\nSo much beef I gotta party with the burner on me\nMy chain chunky, my wrists all chunky, my pockets all chunky\nChunk ya bitch want me hannn\nQuit cuffin', you love her, she want the limelight\nShe 'bout to get ya in some shit, boy, get ya mind right\nSparkle after sparkle when the bottles come\nShe got a nice set of tits, glad you bought her some\nStartender, bartender, they be in Perfection\nTurned up for lust, heard they fucked with Gus\nIn Sin City I'll fuck with them, the hoes pretty\nSubstitute Fiddy, I'm filling in for Biggie\nNow watch a model chick turn into a bottle chick\nYou hit the lotto, bitch, swimming around my grotto pit\nDon't call it Tyson crib, this is my estate\nAnd that's old money, bitch, I'm getting cake"
                    }
                ], 
                "hooks": [
                    {
                        "header": "[Hook]", 
                        "text hash": "511b3c362a3eb043d745d802d59574de", 
                        "artist": "Fabolous", 
                        "text": "These hoes keep calling, I ain't picking up (yeah)\nThese hoes keep calling, I ain't picking up (yeah)\nTold these hoes I'll be back around June (around June)\nTold these hoes I'll be back around June (WHAT?!)\nBetter yet I'll change my numbers for the whole winter (who?)\nDamn, it's so cold in the fucking winter (whooo)\nThese hoes keep calling, I ain't picking up (what)\nDamn, I'm so cold in the fucking winter (yeah)"
                    }
                ], 
                "intro": [
                    {
                        "header": "[Intro]", 
                        "text hash": "8819eb636f884ff0802c3d1c60a1c57f", 
                        "artist": "Fabolous", 
                        "text": "Though we gotta say goodbye for the summer, baby, I promise you this\nI'll send you all my love everyday in a letter sealed with a kiss"
                    }
                ]
            }, 
            "order": [
                "[Intro]", 
                "[Hook]", 
                "[Verse 1: Fabolous]", 
                "[Hook]", 
                "[Verse 2: 50 Cent]", 
                "[Hook]"
            ], 
            "artist": "Fabolous"
        }
    },
    "Ball Drop": {
        "raw": "\n    \n  [Skit]\nWell in just about 15 seconds from now, it'll be 1990. We're gathered down below as we say goodbye to 1989. The ball is moving, the crowd sees it, you can hear 'em. Oh, can you ever hear 'em. They know when it hits the bottom it'll be 1990; goodbye to the 80's. (10, 9, 8, 7, 6, 5, 4, 3, 2, 1! Happy new year!\n\n[Intro: Fabolous & (French Montana)]\nWhoa, whoa, whoa (x7)\n(Haan, change is good for everybody)\nMontana, Dre fitted it, haan)\n\n[Bridge: French Montana]\nWhen that hate don't work they start telling lies\nBaby work, go on bust it wide\nIt's that new money, let the drawers drop\nI cut my bitch off when the ball drop\n\n[Refrain: Fabolous & French Montana]\nHaan\n(Whoa whoa whoa) (x4)\nI just don't know why\n\n[Hook: Fabolous & French Montana]\nHating hoes ain't happy\nAnd happy hoes ain't hatin'\nBetter check the situation\nI could fix your situation\nWhoa whoa whoa (x2)\nI cut them bitches off when the ball drop\nNew year, new money, then the call dropped\n(New year, new money, let them drawers drop)\nCut them niggas off when the ball drop\nCause them real niggas ain't haters\nAnd them hatin' niggas ain't real\nAnd baby I could help your situation\nNo top, smokin' medication\n\n[Verse 1: Fabolous]\nThis the new year resolution\nWe gotta be the winners cause the rest is losin'\nI told em get money, that's the best solution\nWhen you do, wear your rocket like you rest in Houston\nWhen niggas stole my style, I ain't stress the boostin'\nIt's time to make more money, less excuses\nMy old bitch on death row, it's time for execution\nMy new bitch is bad ass, she the best since Boosie\n\n[Hook]\n\n[Verse 2: French Montana]\n12 o' clock then the call dropped\nCut them niggas off when the ball drop\nYoung boy, hard head in the soft top\nCause when them shots ain't ringin' ,you can't call shots\nMix some white and brown on the corner strap\nMight be the next Mike Brown where you rollin' at\nV with hundred on the Lincoln\n3 quarter mink blew the top off Lincoln, God\nNiggas scared to play it like jail or Richard Mellor\nI hope I never Tom Heller, God\nScramble like a dope fiend (dope fiend)\nKeep your head up like your nose bleedin'\nMy right hand got 30 on his left arm\nOn that left lane nigga, what a bitch for?\nI just don't know why\n\n[Bridge] + [Refrain] + [Hook]\n\n[Verse 3: Fabolous]\nCuttin' off hoes when the ball drop\nRidin' with my woes til' the casket drop\nQuiet 'fore you suckas hear a pin drop\nI buy this mother fucker like the price drop\nShawty bag it up, let that ass drop\nMommy killin' em, tat tear drop\nBitch I'm on fire, need to stop drop\nNigga this the flow that got your artist dropped\nHeard he was a rat, heard he dime dropped\nHit em in the head, watch the body drop\nDollars coming down like rain drops\nNew year, new money, nigga ball drop\n\n[Hook]\n\n\n\n\n  ", 
        "pro": {
            "features": [
                "French Montana"
            ], 
            "blocks": {
                "verses": [
                    {
                        "header": "[Skit]", 
                        "text hash": "f3012c29c2044fac92509c927f7bdf55", 
                        "artist": "Fabolous", 
                        "text": "Well in just about 15 seconds from now, it'll be 1990. We're gathered down below as we say goodbye to 1989. The ball is moving, the crowd sees it, you can hear 'em. Oh, can you ever hear 'em. They know when it hits the bottom it'll be 1990; goodbye to the 80's. (10, 9, 8, 7, 6, 5, 4, 3, 2, 1! Happy new year!"
                    }, 
                    {
                        "header": "[Refrain: Fabolous & French Montana]", 
                        "text hash": "714590fee8915c14f418e27fda4b5a63", 
                        "artist": "French Montana", 
                        "text": "Haan\n(Whoa whoa whoa) (x4)\nI just don't know why"
                    }, 
                    {
                        "header": "[Verse 1: Fabolous]", 
                        "text hash": "caf8078571e73d7e1a9abce0a904c8c7", 
                        "artist": "Fabolous", 
                        "text": "This the new year resolution\nWe gotta be the winners cause the rest is losin'\nI told em get money, that's the best solution\nWhen you do, wear your rocket like you rest in Houston\nWhen niggas stole my style, I ain't stress the boostin'\nIt's time to make more money, less excuses\nMy old bitch on death row, it's time for execution\nMy new bitch is bad ass, she the best since Boosie"
                    }, 
                    {
                        "header": "[Verse 2: French Montana]", 
                        "text hash": "b7d70426ef3bc763d1f57c9cbaf6f3fb", 
                        "artist": "French Montana", 
                        "text": "12 o' clock then the call dropped\nCut them niggas off when the ball drop\nYoung boy, hard head in the soft top\nCause when them shots ain't ringin' ,you can't call shots\nMix some white and brown on the corner strap\nMight be the next Mike Brown where you rollin' at\nV with hundred on the Lincoln\n3 quarter mink blew the top off Lincoln, God\nNiggas scared to play it like jail or Richard Mellor\nI hope I never Tom Heller, God\nScramble like a dope fiend (dope fiend)\nKeep your head up like your nose bleedin'\nMy right hand got 30 on his left arm\nOn that left lane nigga, what a bitch for?\nI just don't know why"
                    }, 
                    {
                        "header": "[Verse 3: Fabolous]", 
                        "text hash": "e17fd6ca6d4bd65f2326fd697d5966eb", 
                        "artist": "Fabolous", 
                        "text": "Cuttin' off hoes when the ball drop\nRidin' with my woes til' the casket drop\nQuiet 'fore you suckas hear a pin drop\nI buy this mother fucker like the price drop\nShawty bag it up, let that ass drop\nMommy killin' em, tat tear drop\nBitch I'm on fire, need to stop drop\nNigga this the flow that got your artist dropped\nHeard he was a rat, heard he dime dropped\nHit em in the head, watch the body drop\nDollars coming down like rain drops\nNew year, new money, nigga ball drop"
                    }
                ], 
                "hooks": [
                    {
                        "header": "[Hook: Fabolous & French Montana]", 
                        "text hash": "d2191f0279f2d1ec8ceaf656fcefb77d", 
                        "artist": "French Montana", 
                        "text": "Hating hoes ain't happy\nAnd happy hoes ain't hatin'\nBetter check the situation\nI could fix your situation\nWhoa whoa whoa (x2)\nI cut them bitches off when the ball drop\nNew year, new money, then the call dropped\n(New year, new money, let them drawers drop)\nCut them niggas off when the ball drop\nCause them real niggas ain't haters\nAnd them hatin' niggas ain't real\nAnd baby I could help your situation\nNo top, smokin' medication"
                    }
                ], 
                "intro": [
                    {
                        "header": "[Intro: Fabolous & (French Montana)]", 
                        "text hash": "2a6cc5ddf0d2a520b3daa66cc396766c", 
                        "artist": "French Montana", 
                        "text": "Whoa, whoa, whoa (x7)\n(Haan, change is good for everybody)\nMontana, Dre fitted it, haan)"
                    }
                ], 
                "bridge": [
                    {
                        "header": "[Bridge: French Montana]", 
                        "text hash": "bdecbf9806a2d0e8f86c4f6a572f5c47", 
                        "artist": "French Montana", 
                        "text": "When that hate don't work they start telling lies\nBaby work, go on bust it wide\nIt's that new money, let the drawers drop\nI cut my bitch off when the ball drop"
                    }, 
                    {
                        "header": "[Bridge] + [Refrain]", 
                        "text hash": "23e7ee651cb46fb08fc11185520f1fba", 
                        "artist": "Fabolous", 
                        "text": " + [Hook]"
                    }
                ]
            }, 
            "order": [
                "[Skit]", 
                "[Intro: Fabolous & (French Montana)]", 
                "[Bridge: French Montana]", 
                "[Refrain: Fabolous & French Montana]", 
                "[Hook: Fabolous & French Montana]", 
                "[Verse 1: Fabolous]", 
                "[Hook]", 
                "[Verse 2: French Montana]", 
                "[Bridge] + [Refrain] + [Hook]", 
                "[Verse 3: Fabolous]", 
                "[Hook]"
            ], 
            "artist": "Fabolous"
        }
    },
    "Joke's On You": {
        "raw": "\n    \n  [Produced by DJ Don Cannon]\n\n[Intro: Fabolous]\nAin't nothin' funny about not gettin' this money man\nWhat's funny about that?\nYou niggas got it twisted man\n\n[Hook - Fabolous]\nI'm like ha ha ha ha ha you niggas make me laugh\nC'mon if it don't make me math\nI'm like ha ha ha ha ha what you can't take a joke?\nWell I can't take bein' broke\nI'm like ha ha ha ha ha, make money money money\nHa ha ha ha ha,  money money money\n\n[Verse 1 - Fabolous]\nYou niggas are comical, who me?\nI'm seven digits two comma cool, on my mama fool\nI'm gettin' this money and that kill'em\nThey lookin' at a pimp funny, I'm Katt Williams\nMoney Mike, I get money on the mic\nAnd some say I'm wild'n out\nIn a Bugatti stylin' out, pushin' seven digits, dialin' out\nBut I ain't got a fuckin' choice\nMy money talks in a Chris Tucker voice\n\"And you know this man\"\nYou a stand up rapper, hip hop comedian\nI start laughin' as soon as I put your CD in\nYou joke, you joke, you kid, you kid\nShould have went to Comedy Central with the vids you did\nBut ok, you on B.E.T. only if its Comic View\nPromise you I'm funny style, I can be a comic too\nI'm Marty Mar, add a Audemars\nCute snotty broad, tits like Dolly Par\nEd Hardy naw this is Cardi ma\nBut that was a good one, hardy har\nLambo Gallardi car getting my last laugh HAW\n\n[Hook]\n\n[Verse 2 - Pusha T]\nThe jokes on you niggas\nSee the figures don't add up to the claims\nYou Sam Kinnison, you just screamin' names\nMy brother my partner for real like the Wayans\nPlus everything in live In Living Color\nHigh rise check diamonds the size of Robin Harris' eyes\nI Bebe Kids my neck\nYou call it a tribute, or proof that I distribute\nSales was slow I got Paco to contribute\nSome mores in each state, move weight, get caught\nDon't talk, Dave Chappelle niggas might break\nSo hilarious, how chariots, carry us\nThe Phantom is light gray sort of like Ashy Larry is\nKing of the one liners lil' rhymers watch what you say\nYou just a potty mouth like Andrew Dice Clay\nI pop collars on niggas, I drop dollars on niggas\nI jell O's together, I Bill Cosby on niggas\nGot you lost in the smoke I Micheal Connelly you niggas\nOr watch you burst into fire I Richard Pryor you niggas\nSaid enough nigga sort of like Kramer\nI'm jokin' you don't wanna see the anger\nFab tell'em\n\n[Hook]\n\n[Verse 3 - Fabolous]\nMane look, the diamonds in your chain look\nFunnier than Dane Cook, you hit the Sufi\nI am to fly, in the booth I make joke of them\nI ain't the richest nigga but I ain't broke as them\nI'm serious, petty worth\nI make a man delirious like Eddie Murph, girls get curious\nIs he really funny? Don't be silly honey\nI'm the burner packing, Bernie Mac'in\nI ain't scared of you mafuckers kick ass\nHon stack thick ass, a deck of card VIP section hard\nThey try to holla at me you know the heckler broads\nI'm poppin' Rose, I don't do the neck to God\nDon't front yo, I be in the front row\nWatch your wise cracks or I'll be at your front door\nAnd I push up on a female smoothly, in a GL but keep that on the D.L. Hughley\nLOL this is LOS\nOh no your money's coming so slow\nI guess this mafuckers a no show\nOh oh oh\n\n[Hook]\n\n\n\n\n  ", 
        "pro": {
            "features": [
                "Pusha T"
            ], 
            "producers": [
                "DJ Don Cannon"
            ], 
            "blocks": {
                "verses": [
                    {
                        "header": "[Verse 1 - Fabolous]", 
                        "text hash": "ef49e24edc6bb5b77f315ba520a94d7a", 
                        "artist": "Fabolous", 
                        "text": "You niggas are comical, who me?\nI'm seven digits two comma cool, on my mama fool\nI'm gettin' this money and that kill'em\nThey lookin' at a pimp funny, I'm Katt Williams\nMoney Mike, I get money on the mic\nAnd some say I'm wild'n out\nIn a Bugatti stylin' out, pushin' seven digits, dialin' out\nBut I ain't got a fuckin' choice\nMy money talks in a Chris Tucker voice\n\"And you know this man\"\nYou a stand up rapper, hip hop comedian\nI start laughin' as soon as I put your CD in\nYou joke, you joke, you kid, you kid\nShould have went to Comedy Central with the vids you did\nBut ok, you on B.E.T. only if its Comic View\nPromise you I'm funny style, I can be a comic too\nI'm Marty Mar, add a Audemars\nCute snotty broad, tits like Dolly Par\nEd Hardy naw this is Cardi ma\nBut that was a good one, hardy har\nLambo Gallardi car getting my last laugh HAW"
                    }, 
                    {
                        "header": "[Verse 2 - Pusha T]", 
                        "text hash": "54c9c3cdeb1c72d71aa56c2c991515fd", 
                        "artist": "Pusha T", 
                        "text": "The jokes on you niggas\nSee the figures don't add up to the claims\nYou Sam Kinnison, you just screamin' names\nMy brother my partner for real like the Wayans\nPlus everything in live In Living Color\nHigh rise check diamonds the size of Robin Harris' eyes\nI Bebe Kids my neck\nYou call it a tribute, or proof that I distribute\nSales was slow I got Paco to contribute\nSome mores in each state, move weight, get caught\nDon't talk, Dave Chappelle niggas might break\nSo hilarious, how chariots, carry us\nThe Phantom is light gray sort of like Ashy Larry is\nKing of the one liners lil' rhymers watch what you say\nYou just a potty mouth like Andrew Dice Clay\nI pop collars on niggas, I drop dollars on niggas\nI jell O's together, I Bill Cosby on niggas\nGot you lost in the smoke I Micheal Connelly you niggas\nOr watch you burst into fire I Richard Pryor you niggas\nSaid enough nigga sort of like Kramer\nI'm jokin' you don't wanna see the anger\nFab tell'em"
                    }, 
                    {
                        "header": "[Verse 3 - Fabolous]", 
                        "text hash": "c44516d8d89933e709bd14b18643c6a4", 
                        "artist": "Fabolous", 
                        "text": "Mane look, the diamonds in your chain look\nFunnier than Dane Cook, you hit the Sufi\nI am to fly, in the booth I make joke of them\nI ain't the richest nigga but I ain't broke as them\nI'm serious, petty worth\nI make a man delirious like Eddie Murph, girls get curious\nIs he really funny? Don't be silly honey\nI'm the burner packing, Bernie Mac'in\nI ain't scared of you mafuckers kick ass\nHon stack thick ass, a deck of card VIP section hard\nThey try to holla at me you know the heckler broads\nI'm poppin' Rose, I don't do the neck to God\nDon't front yo, I be in the front row\nWatch your wise cracks or I'll be at your front door\nAnd I push up on a female smoothly, in a GL but keep that on the D.L. Hughley\nLOL this is LOS\nOh no your money's coming so slow\nI guess this mafuckers a no show\nOh oh oh"
                    }
                ], 
                "hooks": [
                    {
                        "header": "[Hook - Fabolous]", 
                        "text hash": "e7b94cffc97925632c202e637cc850f4", 
                        "artist": "Fabolous", 
                        "text": "I'm like ha ha ha ha ha you niggas make me laugh\nC'mon if it don't make me math\nI'm like ha ha ha ha ha what you can't take a joke?\nWell I can't take bein' broke\nI'm like ha ha ha ha ha, make money money money\nHa ha ha ha ha,  money money money"
                    }
                ], 
                "intro": [
                    {
                        "header": "[Intro: Fabolous]", 
                        "text hash": "6e70c348dad0a25807a1c9a8b1375705", 
                        "artist": "Fabolous", 
                        "text": "Ain't nothin' funny about not gettin' this money man\nWhat's funny about that?\nYou niggas got it twisted man"
                    }
                ]
            }, 
            "order": [
                "[Produced by DJ Don Cannon]", 
                "[Intro: Fabolous]", 
                "[Hook - Fabolous]", 
                "[Verse 1 - Fabolous]", 
                "[Hook]", 
                "[Verse 2 - Pusha T]", 
                "[Hook]", 
                "[Verse 3 - Fabolous]", 
                "[Hook]"
            ], 
            "artist": "Fabolous"
        }
    },
    "F.O.H": {
        "raw": "\n    \n  [Hook: French Montana & Fabolous]\nMoney make the rules, Bad bitches get to choosin'\nTalk about that money, All my niggas make a movie\nBitch I seen them tricks before, Fuck outta here\nNigga I seen yo type before, Fuck outta here\nThem niggas said we can't what? Fuck outta here\nThem bitches said they don't what? Fuck Outta here\nBust it(5x), Wide open\nBust it(7x), Wide open\n\nMoney make the rules, Money money make the rules\nFuck Outta here(2x)\n\n[Verse 1: Fabolous]\nYou don't make no money you don't make no rules either\nReal niggas gettin' money that's the fools beefin'\nRule number one never tell a chick you need her\nNumber two she should never bite the dick that feed her\nDon't make me introduce ya bitch to this fly shit\nHave her callin' yo shit my shit\nGive her dick, And maybe somethin' nice\nThe head off the chain, Jesus Christ\nMy company is loyal, Hoes is bad for business\nMy lil' homie bust the 40 like Cain in Menace\nNever mind a hater, Hater on my mind never\nStop flexin' nigga you was hot in 97\n\n[Hook]\n\n[Verse 2:French Montana]\nMoney make the rules, All my niggas make the movies\nOnce them bitches choose she bust it open like a uzi\nShoes 2 thou a pair,And that clearport I'm there\nYou won't get none of this money, But these hot shells I share\nAnd I live by them houses, That's right by them mountains\nI just caught that lick, took me 3 days to count it\nThem bitches they love it, Bunch of young niggas thuggin'\nI don't be askin' no questions, I just tell her go bust it\nLike wide open, All my niggas gettin' high smokin'\nIf you hatin' eat a dick wit yo eyes open\nMontana Oscar Rob nigga\nThat's like 2.5 in that garage nigga\n\n[Hook]\n\n\n\n\n  ", 
        "pro": {
            "features": [
                "French Montana"
            ], 
            "blocks": {
                "verses": [
                    {
                        "header": "[Verse 1: Fabolous]", 
                        "text hash": "62d996411e50f928691bf7f9d9e9301a", 
                        "artist": "Fabolous", 
                        "text": "You don't make no money you don't make no rules either\nReal niggas gettin' money that's the fools beefin'\nRule number one never tell a chick you need her\nNumber two she should never bite the dick that feed her\nDon't make me introduce ya bitch to this fly shit\nHave her callin' yo shit my shit\nGive her dick, And maybe somethin' nice\nThe head off the chain, Jesus Christ\nMy company is loyal, Hoes is bad for business\nMy lil' homie bust the 40 like Cain in Menace\nNever mind a hater, Hater on my mind never\nStop flexin' nigga you was hot in 97"
                    }, 
                    {
                        "header": "[Verse 2:French Montana]", 
                        "text hash": "602fe15a3b04b11be4133ec65975aa61", 
                        "artist": "French Montana", 
                        "text": "Money make the rules, All my niggas make the movies\nOnce them bitches choose she bust it open like a uzi\nShoes 2 thou a pair,And that clearport I'm there\nYou won't get none of this money, But these hot shells I share\nAnd I live by them houses, That's right by them mountains\nI just caught that lick, took me 3 days to count it\nThem bitches they love it, Bunch of young niggas thuggin'\nI don't be askin' no questions, I just tell her go bust it\nLike wide open, All my niggas gettin' high smokin'\nIf you hatin' eat a dick wit yo eyes open\nMontana Oscar Rob nigga\nThat's like 2.5 in that garage nigga"
                    }
                ], 
                "hooks": [
                    {
                        "header": "[Hook: French Montana & Fabolous]", 
                        "text hash": "1cb28cdbdda758e844c3c34878f73f78", 
                        "artist": "French Montana", 
                        "text": "Money make the rules, Bad bitches get to choosin'\nTalk about that money, All my niggas make a movie\nBitch I seen them tricks before, Fuck outta here\nNigga I seen yo type before, Fuck outta here\nThem niggas said we can't what? Fuck outta here\nThem bitches said they don't what? Fuck Outta here\nBust it(5x), Wide open\nBust it(7x), Wide open\n\nMoney make the rules, Money money make the rules\nFuck Outta here(2x)"
                    }
                ]
            }, 
            "order": [
                "[Hook: French Montana & Fabolous]", 
                "[Verse 1: Fabolous]", 
                "[Hook]", 
                "[Verse 2:French Montana]", 
                "[Hook]"
            ], 
            "artist": "Fabolous"
        }
    }
}