{
    "Like A G6 (Remix by 50 Cent)": {
        "raw": "\n    \n  [Hook: Dev]\nPoppin bottles in the ice, like a blizzard\nWhen we drink we do it right, gettin' slizzurred\nSippin sizzurp in my ride, like Three 6\nNow I'm feelin so fly like a G6\nLike a G6, Like a G6\nNow I'm feelin so fly like a G6\n\n[Verse 1: 50 Cent]\nHey, hey, hey\nWe balling, another grand, another grand\nWhen I roll 50 deep I blow a 100 grand\nThis the way I play ya'll understand?\nChampagne bottle after bottle, damn\nGlass after glass til you feel a buzz\nBaby bring it over, let me fill it up\nI ain't did little shit since a little kid\nI'm a big boy now so I do it big\nRose, Moet, Dom P, just a taste of Hennessy\nCrystal it go down how it supposed to go down\nWhen you fuck with me\nI mean my paper straight, I blow the cake\nWe bounce to the 808\nI mean I'm super rich, su-super rich\nNever mind why we do this shit\n\n[Hook: Dev]\n\n[Verse 2: 50 Cent]\nShe ain't drunk, she acting like she drunk\nSo I can do what I want\nI'm touching her where I want\nFrom behind and up front\nShe's a freak, I'm a freak\nFunny how we just meet\nRight here out on the floor\nGive me more, give me more\n\n[Bridge: The Cataracs]\nHell Yeaa\nDrink it up, drink-drink it up\nWhen sober girls around me, they be actin like they drunk\nThey be actin like they drunk, actin-actin like they drunk\nWhen sober girls around me actin-actin like they drunk\n\n[Hook: Dev]\n\n[Bridge: The Cataracs]\nIt's that 808 bump, make you put yo hands up\nMake you put yo hands up, put yo, put yo hands up\n(You can't Touch this)\nIt's that 808 bump, make you put yo hands up\nMake you put yo hands up, put yo, put yo hands up\n(You can't Touch this)\nHell Yeah, Make you put yo hands up, put yo put yo hands up\nHell Yeah, Make you put yo hands up, put yo put yo hands up\n\n[Hook: Dev]\n\n\n\n\n  ", 
        "pro": {
            "features": [
                "50 Cent", 
                "The Cataracs", 
                "Dev"
            ], 
            "producers": [
                "The Cataracs"
            ], 
            "blocks": {
                "verses": [
                    {
                        "header": "[Verse 1: 50 Cent]", 
                        "text hash": "3b37ecb7694fdee651c652c7365e2440", 
                        "artist": "50 Cent", 
                        "text": "Hey, hey, hey\nWe balling, another grand, another grand\nWhen I roll 50 deep I blow a 100 grand\nThis the way I play ya'll understand?\nChampagne bottle after bottle, damn\nGlass after glass til you feel a buzz\nBaby bring it over, let me fill it up\nI ain't did little shit since a little kid\nI'm a big boy now so I do it big\nRose, Moet, Dom P, just a taste of Hennessy\nCrystal it go down how it supposed to go down\nWhen you fuck with me\nI mean my paper straight, I blow the cake\nWe bounce to the 808\nI mean I'm super rich, su-super rich\nNever mind why we do this shit"
                    }, 
                    {
                        "header": "[Verse 2: 50 Cent]", 
                        "text hash": "edfbdc606e88da0f6c464137fd1e5e84", 
                        "artist": "50 Cent", 
                        "text": "She ain't drunk, she acting like she drunk\nSo I can do what I want\nI'm touching her where I want\nFrom behind and up front\nShe's a freak, I'm a freak\nFunny how we just meet\nRight here out on the floor\nGive me more, give me more"
                    }
                ], 
                "hooks": [
                    {
                        "header": "[Hook: Dev]", 
                        "text hash": "d7d100a8ec1141def451315ee07cb156", 
                        "artist": "Dev", 
                        "text": "Poppin bottles in the ice, like a blizzard\nWhen we drink we do it right, gettin' slizzurred\nSippin sizzurp in my ride, like Three 6\nNow I'm feelin so fly like a G6\nLike a G6, Like a G6\nNow I'm feelin so fly like a G6"
                    }
                ], 
                "bridge": [
                    {
                        "header": "[Bridge: The Cataracs]", 
                        "text hash": "3dc417f19ca9d76e665615cba56f5c21", 
                        "artist": "The Cataracs", 
                        "text": "Hell Yeaa\nDrink it up, drink-drink it up\nWhen sober girls around me, they be actin like they drunk\nThey be actin like they drunk, actin-actin like they drunk\nWhen sober girls around me actin-actin like they drunk"
                    }, 
                    {
                        "header": "[Bridge: The Cataracs]", 
                        "text hash": "6972f3de1c32236ad0754f405b68305f", 
                        "artist": "The Cataracs", 
                        "text": "It's that 808 bump, make you put yo hands up\nMake you put yo hands up, put yo, put yo hands up\n(You can't Touch this)\nIt's that 808 bump, make you put yo hands up\nMake you put yo hands up, put yo, put yo hands up\n(You can't Touch this)\nHell Yeah, Make you put yo hands up, put yo put yo hands up\nHell Yeah, Make you put yo hands up, put yo put yo hands up"
                    }
                ]
            }, 
            "order": [
                "[Hook: Dev]", 
                "[Verse 1: 50 Cent]", 
                "[Hook: Dev]", 
                "[Verse 2: 50 Cent]", 
                "[Bridge: The Cataracs]", 
                "[Hook: Dev]", 
                "[Bridge: The Cataracs]", 
                "[Hook: Dev]"
            ], 
            "artist": "Far East Movement"
        }
    }
}