{
    "Another Day": {
        "raw": "\n    \n  [Intro: French Montana]\nSometimes you have to take it a day at a time\nYou know when you hear that Haaaaa\n\n[Hook: Tiara Thomas & French Montana]\nJust another day livin in the hood\nJust another day around the way\nLivin' good today\nI hear the (gun shot), but I'm here to stay\nJust another day livin' in the hood\nJust another day in the hood\nDidn't have to use the K today\nMade it through another day\n\n[Verse 1: Fat Joe]\nIn my hood everyday niggas get locked down\nBest friends hit on your girl and get 'em knocked down\nTeachers tell you quick, you niggas'll never be shit\nDropped so much coke in the water, could make the sea sick\nAll I hear is sirens and sounds of guns blastin'\nA little girl went missin' but ain't nobody askin'\nMy nigga Lil Troy hit the bank said he need cash\nSeen him on the news I guess he forgot the ski mask\nStrippers and celebrities, Instagram's a lick\nNiggas rantin bout gay, cause ignorance is bliss\nShorty changin' food stamps just to get high\nListenin' to Stevie, \"Ribbon in the Sky\"\nHomie reminiscin', I'm keepin' him in my prayers\nCause Joe crack cares, even if no one else cares\nSee me on the screen but I'm still the same G\nThey thought I'd never see outside of 5V\n\n[Hook]\n\n[Verse 2: Rick Ross]\nWelcome home my nigga Joe Crack\nBust a bottle of that black shit lets go\nNew seven series charcoal gray Bimmer\nJoe Crack, Dope Boy, nigga Don Cartegena\nAll the sixes we collect, bitches we could sex\nPhone still tapped so it's best to send a text\nGo and do a bid back home just like a king\nBucket full of crab, money bags that we seen\nFrom Rikers to Fisher Isle, digits to digits pilin'\nNew Wraith with soft plates, long as the bitches smilin'\nCiroc boy, AP on the rocks\nNew Sunseeker, four mill on a yacht\nI came from the mud, Def Jam the new plug\nFive gold joints and still gets no love\nI walk the same block, rode the same trains\nWe fucked the same bitches, whipped the same cane\n(Boss!)\n\n[Hook]\n\n\n\n\n  ", 
        "pro": {
            "features": [
                "French Montana", 
                "Rick Ross", 
                "Tiara Thomas"
            ], 
            "producers": [
                "Macho TS", 
                "StreetRunner"
            ], 
            "blocks": {
                "verses": [
                    {
                        "header": "[Verse 1: Fat Joe]", 
                        "text hash": "22164d4eadfe5343b13cd78826213620", 
                        "artist": "Fat Joe", 
                        "text": "In my hood everyday niggas get locked down\nBest friends hit on your girl and get 'em knocked down\nTeachers tell you quick, you niggas'll never be shit\nDropped so much coke in the water, could make the sea sick\nAll I hear is sirens and sounds of guns blastin'\nA little girl went missin' but ain't nobody askin'\nMy nigga Lil Troy hit the bank said he need cash\nSeen him on the news I guess he forgot the ski mask\nStrippers and celebrities, Instagram's a lick\nNiggas rantin bout gay, cause ignorance is bliss\nShorty changin' food stamps just to get high\nListenin' to Stevie, \"Ribbon in the Sky\"\nHomie reminiscin', I'm keepin' him in my prayers\nCause Joe crack cares, even if no one else cares\nSee me on the screen but I'm still the same G\nThey thought I'd never see outside of 5V"
                    }, 
                    {
                        "header": "[Verse 2: Rick Ross]", 
                        "text hash": "0bcf1e222fd68f27aa91bb630e48eaba", 
                        "artist": "Rick Ross", 
                        "text": "Welcome home my nigga Joe Crack\nBust a bottle of that black shit lets go\nNew seven series charcoal gray Bimmer\nJoe Crack, Dope Boy, nigga Don Cartegena\nAll the sixes we collect, bitches we could sex\nPhone still tapped so it's best to send a text\nGo and do a bid back home just like a king\nBucket full of crab, money bags that we seen\nFrom Rikers to Fisher Isle, digits to digits pilin'\nNew Wraith with soft plates, long as the bitches smilin'\nCiroc boy, AP on the rocks\nNew Sunseeker, four mill on a yacht\nI came from the mud, Def Jam the new plug\nFive gold joints and still gets no love\nI walk the same block, rode the same trains\nWe fucked the same bitches, whipped the same cane\n(Boss!)"
                    }
                ], 
                "hooks": [
                    {
                        "header": "[Hook: Tiara Thomas & French Montana]", 
                        "text hash": "fd12a1d528a743d8e2b8828ef734978a", 
                        "artist": "Tiara Thomas", 
                        "text": "Just another day livin in the hood\nJust another day around the way\nLivin' good today\nI hear the (gun shot), but I'm here to stay\nJust another day livin' in the hood\nJust another day in the hood\nDidn't have to use the K today\nMade it through another day"
                    }
                ], 
                "intro": [
                    {
                        "header": "[Intro: French Montana]", 
                        "text hash": "e52cafb2acf1f3f623b07c8ba222f017", 
                        "artist": "French Montana", 
                        "text": "Sometimes you have to take it a day at a time\nYou know when you hear that Haaaaa"
                    }
                ]
            }, 
            "order": [
                "[Intro: French Montana]", 
                "[Hook: Tiara Thomas & French Montana]", 
                "[Verse 1: Fat Joe]", 
                "[Hook]", 
                "[Verse 2: Rick Ross]", 
                "[Hook]"
            ], 
            "artist": "Fat Joe"
        }
    },
    "Dopeman": {
        "raw": "\n    \n  Darkside\n\n[Fat Joe]\nTrying to cut the top off the Porsche\nWith a bitch in the front\nBetter yet I got the ? for the niggas that front\nGot the steel in them packs, got em right in the trunk\nYou can snap this off your muthafuckin head if you want\nI got a guardian angel, yes she stay in the hood\nAnd she pop up whenever I touch the grain on the wood\nI got a bitch from Atlanta, she remind me of Pebbles\nGot a hell of an ass, this redbone is a devil\nShe call me Marty McFly, Nike Back To The Future\n10 racks on my feet, but that's something I'm used to\nI put my team on the map, you other niggas is fake\nWorse than Oregon, you switch a different jersey a day\nI'm on the beach somewhere foreign, I'm in your bitch while you snoring\nI'm in your cash up ? then I'm back in the morning\nI'm fuckin sick of you niggas, I'm about to throw up a million\nDoctor oz in the kitchen: cook a perfect prescription\n\nGo prez, go prez, rolling in Bughatti\nI got that Ringo Starr\nI'm slingin Paul McCartney\nBitch I'm in the kitchen with that Arm & Hammer\nWhipping George Harrison and John Lennon\nDopeman! Dopeman!\nDopeman bitch, I'm the dopeman\nBitch I'm in the kitchen with that Arm & Hammer\nWhipping George Harrison and John Lennon\n\n[Jadakiss]\nOf course I could get em\nBut do you know what to do with em?\n60 for a brick even if you cop a few of em\nTalking about that diesel: the Root Of All Evil\nUse your nostrils, or you could use a needle\nNeed a hundred more, and I want it pure\nCause when somebody die off it\nThen they want it more!\nThe hustlers we surrounded by, niggas that hold hammers\nOxys got generic, switched it to old ?\nWhen you give em a 9 or better they go bananas\nMake a million dollars a month: that's what the plan was\nNow to catch the morning shift\nCause they need that morning sniff\nThousand bundles finished by 11, then I'm blowing a spliff\nShow you how to get right\nCrib right, whip right\nTen dollars a bag, but it's 20 after midnight\nPill man, weed man, stove man, coke man\nYou know who I am muthafucka: I'm the dopeman\n\n[Hook]\n\nCut the man off the middle, I want it all off the top\nBout to ? me a nigga, run him off of the block\nI'm taking all of the profit, purchasing more of the product\nInvesting killer and dealers\nTo take my company public\nI got a thing for them strippers\nGot a pole in the mansion\nWhite ho ? to Marilyn Manson\nThis for all of my niggas doing time up in prison\nFor getting caught with the burner, you know a rider's ambition\nI'm bout to gamble with life, take a trip out to Vegas\nI'm ? Zionist mic praying the Lord to forsake us\nRemember times I was broke, how it run in your pocket\nSpend my money on coke, then I tripled my profit\nNow I'm a multi-millionaire, head off in the ?\nBitches on the ?\n\n\"What you say nigga?\"\n\"I said I'll suck yo dick!\"\n\n\n\n\n  ", 
        "pro": {
            "features": [
                "Dre", 
                "Jadakiss"
            ], 
            "producers": [
                "Hype"
            ], 
            "blocks": {
                "verses": [
                    {
                        "header": "[Fat Joe]", 
                        "text hash": "591dbe219c754a7fbee4c0efecad1e9e", 
                        "artist": "Fat Joe", 
                        "text": "Trying to cut the top off the Porsche\nWith a bitch in the front\nBetter yet I got the ? for the niggas that front\nGot the steel in them packs, got em right in the trunk\nYou can snap this off your muthafuckin head if you want\nI got a guardian angel, yes she stay in the hood\nAnd she pop up whenever I touch the grain on the wood\nI got a bitch from Atlanta, she remind me of Pebbles\nGot a hell of an ass, this redbone is a devil\nShe call me Marty McFly, Nike Back To The Future\n10 racks on my feet, but that's something I'm used to\nI put my team on the map, you other niggas is fake\nWorse than Oregon, you switch a different jersey a day\nI'm on the beach somewhere foreign, I'm in your bitch while you snoring\nI'm in your cash up ? then I'm back in the morning\nI'm fuckin sick of you niggas, I'm about to throw up a million\nDoctor oz in the kitchen: cook a perfect prescription\n\nGo prez, go prez, rolling in Bughatti\nI got that Ringo Starr\nI'm slingin Paul McCartney\nBitch I'm in the kitchen with that Arm & Hammer\nWhipping George Harrison and John Lennon\nDopeman! Dopeman!\nDopeman bitch, I'm the dopeman\nBitch I'm in the kitchen with that Arm & Hammer\nWhipping George Harrison and John Lennon"
                    }
                ], 
                "hooks": [], 
                "remainders": [
                    {
                        "header": "[Jadakiss]", 
                        "text hash": "25925071a919559ad7398a23cb544897", 
                        "artist": "Jadakiss", 
                        "text": "Of course I could get em\nBut do you know what to do with em?\n60 for a brick even if you cop a few of em\nTalking about that diesel: the Root Of All Evil\nUse your nostrils, or you could use a needle\nNeed a hundred more, and I want it pure\nCause when somebody die off it\nThen they want it more!\nThe hustlers we surrounded by, niggas that hold hammers\nOxys got generic, switched it to old ?\nWhen you give em a 9 or better they go bananas\nMake a million dollars a month: that's what the plan was\nNow to catch the morning shift\nCause they need that morning sniff\nThousand bundles finished by 11, then I'm blowing a spliff\nShow you how to get right\nCrib right, whip right\nTen dollars a bag, but it's 20 after midnight\nPill man, weed man, stove man, coke man\nYou know who I am muthafucka: I'm the dopeman"
                    }
                ]
            }, 
            "order": [
                "[Fat Joe]", 
                "[Jadakiss]", 
                "[Hook]"
            ], 
            "artist": "Fat Joe"
        }
    },
    "Your Honor": {
        "raw": "\n    \n  [Intro: Fat Joe]\nRihanna, Rihanna, hey ho hey\nMadonna, Madonna, hey ho hey\nHe is a good family man, your Honor\nHe does give to numerous charities\nHe did pay back all the money, your Honor\n\"But do it for America\"\n\n[Verse 1: Fat Joe]\nFor the love of drug dealing, bricks to the ceiling\nTits on display, relatives on payroll\nPut my moms in a mansion, mink dragging off the yay\nGot lifers ready to kill when I say so\nC.O's slide me cellphones\nSpeak Italian with my capo, Jesus medallions is extravagant\nSitting in the Porsche like I\u2019m Tony M\nNiggas tryna X me out, shoot me off the podium\nFrom lux tees to Rugby's, my crime syndicate\nI grind in the mix, you niggas rhymed into this\nPump cracks out the wall, back at us all\nAt Lil Wayne\u2019s crib writing crack on the wall (Crack!)\nBarcelona 9\u2019s, but these squeeze all\n23 shots off a hardened man jaws\nFor my Chi Town niggas, Joey need a statue\nCause Joey played the goalie when them things is kickin' at you\nShoot like paparazzi, I go Kanye crazy\nThen beat a nigga blue like Beyonce baby\nUh, lifestyle of the realest\nStep on Donatella when I\u2019m coming out the villa\n\n[Bridge]\nThis shit separate me from the pack\nI\u2019m the reason why the Hip-Hop Cops came patrolling the block\nThey must\u2019ve heard I was cooking with rock\n\n[Verse 2: Action Bronson]\nRespective path made, the 850 roof is black suede\nHair slicked back like Pat\nDriving glove zipped up, speeding tickets getting ripped up\nEating chicken, getting my dick sucked, it's basic\nRonny Fieg Asics\nThis fucking beat make me feel like I\u2019m in the basement\nThese fucking drugs make me feel like I\u2019m in the Matrix\nWith a long trench and a motherfucking feather earring\nYou better cherish before I perish\nScuba diving off the terrace\nUtilizing my athletics\nSupersize me on the lettuce, you could keep the beef\nCause I know you\u2019re tryna keep your teeth\nI like 'em greek with a petite physique\nShe make me healthy things to eat and never feed me meat\nSo I keep Chanel on the feet, I\u2019m a great man\nMe and Joey sit at the table, then we ate lamb\nThen we shake hands\n\n[Outro: Scratches by DJ Premier]\nI\u2019m not a stranger to the court of law\nThat\u2019s how you got the word for the numbers you sellin'\nNiggas yelling out the window \u201cJoe\u2019s at it again!!\u201d\nJoe's at it, Joe\u2019s at it, Joe\u2019s at it again!\nWhy did crack have to hit so hard?\nNiggas yelling out the window \u201cJoe\u2019s at it again!\u201d\nSaid Jojo crack shit\u2019s all the same\n(As far as rap go, it's only natural I explain)\nThese Feds want me for some Tax Evasion\n\n[Action Bronson]\nBam bam Bronsolino\nAction Bernstein, Action Constanza\nYo DJ Premier live from headquarters\n10 to 12 Friday nights\nGet with the fucking program\nListen to that legend\nBam bam Bronsolino in the building Flushing\n\n\n\n\n  ", 
        "pro": {
            "features": [
                "Action Bronson"
            ], 
            "producers": [
                "DJ Premier"
            ], 
            "blocks": {
                "verses": [
                    {
                        "header": "[Verse 1: Fat Joe]", 
                        "text hash": "53ac191fe7b23d16ceec981973dfd822", 
                        "artist": "Fat Joe", 
                        "text": "For the love of drug dealing, bricks to the ceiling\nTits on display, relatives on payroll\nPut my moms in a mansion, mink dragging off the yay\nGot lifers ready to kill when I say so\nC.O's slide me cellphones\nSpeak Italian with my capo, Jesus medallions is extravagant\nSitting in the Porsche like I\u2019m Tony M\nNiggas tryna X me out, shoot me off the podium\nFrom lux tees to Rugby's, my crime syndicate\nI grind in the mix, you niggas rhymed into this\nPump cracks out the wall, back at us all\nAt Lil Wayne\u2019s crib writing crack on the wall (Crack!)\nBarcelona 9\u2019s, but these squeeze all\n23 shots off a hardened man jaws\nFor my Chi Town niggas, Joey need a statue\nCause Joey played the goalie when them things is kickin' at you\nShoot like paparazzi, I go Kanye crazy\nThen beat a nigga blue like Beyonce baby\nUh, lifestyle of the realest\nStep on Donatella when I\u2019m coming out the villa"
                    }, 
                    {
                        "header": "[Verse 2: Action Bronson]", 
                        "text hash": "1d292606a3e12a5c28a6a9511191c2e0", 
                        "artist": "Action Bronson", 
                        "text": "Respective path made, the 850 roof is black suede\nHair slicked back like Pat\nDriving glove zipped up, speeding tickets getting ripped up\nEating chicken, getting my dick sucked, it's basic\nRonny Fieg Asics\nThis fucking beat make me feel like I\u2019m in the basement\nThese fucking drugs make me feel like I\u2019m in the Matrix\nWith a long trench and a motherfucking feather earring\nYou better cherish before I perish\nScuba diving off the terrace\nUtilizing my athletics\nSupersize me on the lettuce, you could keep the beef\nCause I know you\u2019re tryna keep your teeth\nI like 'em greek with a petite physique\nShe make me healthy things to eat and never feed me meat\nSo I keep Chanel on the feet, I\u2019m a great man\nMe and Joey sit at the table, then we ate lamb\nThen we shake hands"
                    }
                ], 
                "hooks": [], 
                "intro": [
                    {
                        "header": "[Intro: Fat Joe]", 
                        "text hash": "ec8ce7034162797f6a6e66e51d48ecc1", 
                        "artist": "Fat Joe", 
                        "text": "Rihanna, Rihanna, hey ho hey\nMadonna, Madonna, hey ho hey\nHe is a good family man, your Honor\nHe does give to numerous charities\nHe did pay back all the money, your Honor\n\"But do it for America\""
                    }
                ], 
                "remainders": [
                    {
                        "header": "[Outro: Scratches by DJ Premier]", 
                        "text hash": "4811862105dc43fdae8d921226ea7d3d", 
                        "artist": "Scratches by DJ Premier", 
                        "text": "I\u2019m not a stranger to the court of law\nThat\u2019s how you got the word for the numbers you sellin'\nNiggas yelling out the window \u201cJoe\u2019s at it again!!\u201d\nJoe's at it, Joe\u2019s at it, Joe\u2019s at it again!\nWhy did crack have to hit so hard?\nNiggas yelling out the window \u201cJoe\u2019s at it again!\u201d\nSaid Jojo crack shit\u2019s all the same\n(As far as rap go, it's only natural I explain)\nThese Feds want me for some Tax Evasion"
                    }, 
                    {
                        "header": "[Action Bronson]", 
                        "text hash": "ebf1564b287e6320ef06f41e0d0fa6d9", 
                        "artist": "Action Bronson", 
                        "text": "Bam bam Bronsolino\nAction Bernstein, Action Constanza\nYo DJ Premier live from headquarters\n10 to 12 Friday nights\nGet with the fucking program\nListen to that legend\nBam bam Bronsolino in the building Flushing\n\n\n\n\n  "
                    }
                ], 
                "bridge": [
                    {
                        "header": "[Bridge]", 
                        "text hash": "32a9a9972a50338c0362a98cec01345a", 
                        "artist": "Fat Joe", 
                        "text": "This shit separate me from the pack\nI\u2019m the reason why the Hip-Hop Cops came patrolling the block\nThey must\u2019ve heard I was cooking with rock"
                    }
                ]
            }, 
            "order": [
                "[Intro: Fat Joe]", 
                "[Verse 1: Fat Joe]", 
                "[Bridge]", 
                "[Verse 2: Action Bronson]", 
                "[Outro: Scratches by DJ Premier]", 
                "[Action Bronson]"
            ], 
            "artist": "Fat Joe"
        }
    },
    "Pride N Joy (Remix)": {
        "raw": "\n    \n  Yeah! Yeah! Oh! Yeaaahhhhh!!! (I don't know why, I tend to love these kind of girls)\nPride and joy, joy, joy (Ohhhhh Ooooh Ohhhh!!!!)\nWhy don't you steal my pride and joy, joy, and joy\nBut your still my pride and joy\n\nSo, sophisti-cated, this young, lady\nGot me goin, I don't know why, I tend to love these kind of girls\nShe's my, baby, It's so, crazy\nI can't take it, but I love it, I swear I love her though\nEven if she's all about the money I don't really care, yeah\nGot alot of money it's enough of it that we could share\nOh I love these kind of girls (Why don't you steal my pride and joy)\n\n\nLook at where the time went\nCould never get back all the time spent (Joy, Joy, Joy)\nChase time, face time\nNowadays I don't even try and waste mine (Joy, Joy, and Joy)\nJust rather drop a bag off\nYou see love is like a crash course (Joy, Joy, and Joy)\nAnd I hate to be the bad sport\nBut there's one for every stamp in my passport\nSo I'm still takin dimes out\nAnd I'm still holdin tryouts (Joy, Joy and Joy)\nJust never takin timeout\nScared of what I might find out\n\n\nSo, sophisti-cated, this young, lady\nGot me goin, I don't know why, I tend to love these kind of girls\nShe's my, baby, It's so, crazy\nI can't take it, but I love it, I swear I love her though\nEven if she's all about the money I don't really care, yeah\nGot alot of money it's enough of it that we could share\nOh I love these kind of girls (Why don't you steal my pride and joy)\n\n\nCourtside any game, who the don?\nMust be thinkin I'm a lame shit that you been on (Joy, Joy, and Joy)\nI gave you rose, gold, everything\nE'vrthing but a wedding ring (Joy, Joy, and Joy)\nNow how you 'gon creep?\nGot you that bubble gum six shit to shoot up the streets VROOM!!! (Joy, Joy, and Joy)\nYou say I'm fuckin well you fuckin right!\nI heard you fuckin guess it's fuckin life {I don't know why, I tend to love these kind of girls}\nSo quit denyin it cause niggas know\nCause when you catch her still love her though (Joy, Joy, and Joy)\nAin't goin buy more designer clothes\nSo why you trippin you got finer hoes?!\nCRACK!!!!\n\n\nSo, sophisti-cated, this young, lady\nGot me goin, I don't know why, I tend to love these kind of girls\nShe's my, baby, It's so, crazy\nI can't take it, but I love it, I swear I love her though\nEven if she's all about the money I don't really care, yeah\nGot alot of money it's enough of it that we could share\nOh I love these kind of girls\n\n\nIt ain't even that I'm all about the money babe\nIt be a diffence between the things, you do and say\nI love you more than anything (Anything)\nBoy I swear you gotta stop playin the games\nBeing your pride and your joy is cool\nBut I rather be your heart than to play a fool\nCause my pride is everything I got\nI be wrong if I give it up, just want another knot\nOhhhhhhhhh! Oh Oh Oh!!!\nBut you 'gon have to show me more, still my pride and joy\nBecause your still my pride and......joy!\n\n\nSo, sophisti-cated, this young, lady\nGot me goin, I don't know why, I tend to love these kind of girls\nShe's my, baby, It's so, crazy\nI can't take it, but I love it, I swear I love her though\nEven if she's all about the money I don't really care, yeah\nGot alot of money it's enough of it that we could share\nOh I love these kind of girls\n\n\nI lo-o-o-o-ove these kind of girls! I lo-o-o-o-ove these kind of girls!\nThese kind of gi-rl-rls!!!!! Ohhhhhhhh!!!!! Oh! Oh!\nI got whatever you desire! And whatever you require!\nYou can get it you can get it you can get it you can get it babe!\nOhhhhhhhhhhhhhhhhhhhhhhhhhhhhhhhhhhhhhhhh!!!!!!!!\nOhhhhhhhhhhhhhhhhhhhhhhhhhhhhhhhhhhhhhhhh!!!!!!!! Oh!\nI love these kind of girls! I love these kind of girls!\nI love these kind of girls!\n\n\n\n\n  ", 
        "pro": {
            "features": [
                "Ashanti", 
                "Miguel", 
                "Pusha T", 
                "Trey Songz"
            ], 
            "blocks": {
                "verses": [], 
                "hooks": [], 
                "remainders": [
                    {
                        "header": "    \n  Yeah! Yeah! Oh! Yeaaahhhhh!!! (I don't know why, I tend to love these kind of girls)", 
                        "text hash": "5a706f8f89365b7fc21bed3ded77e82e", 
                        "artist": "Fat Joe", 
                        "text": "Pride and joy, joy, joy "
                    }, 
                    {
                        "header": "(Ohhhhh Ooooh Ohhhh!!!!)", 
                        "text hash": "c985fd82a69303704d30e94694873f9a", 
                        "artist": "Fat Joe", 
                        "text": "Why don't you steal my pride and joy, joy, and joy\nBut your still my pride and joy"
                    }, 
                    {
                        "header": "So, sophisti-cated, this young, lady\nGot me goin, I don't know why, I tend to love these kind of girls\nShe's my, baby, It's so, crazy\nI can't take it, but I love it, I swear I love her though\nEven if she's all about the money I don't really care, yeah\nGot alot of money it's enough of it that we could share\nOh I love these kind of girls (Why don't you steal my pride and joy)", 
                        "text hash": "61149ea84db6bf82645d7e4ffa79a8d2", 
                        "artist": "Fat Joe", 
                        "text": "Look at where the time went\nCould never get back all the time spent "
                    }, 
                    {
                        "header": "(Joy, Joy, Joy)", 
                        "text hash": "d3a6911f92971767f6c8dd431e167410", 
                        "artist": "Fat Joe", 
                        "text": "Chase time, face time\nNowadays I don't even try and waste mine "
                    }, 
                    {
                        "header": "(Joy, Joy, and Joy)", 
                        "text hash": "fecc135bd53a3b9df48342df31da7034", 
                        "artist": "Fat Joe", 
                        "text": "Just rather drop a bag off\nYou see love is like a crash course "
                    }, 
                    {
                        "header": "(Joy, Joy, and Joy)", 
                        "text hash": "dbea9f5c120d64230b672b899f339d19", 
                        "artist": "Fat Joe", 
                        "text": "And I hate to be the bad sport\nBut there's one for every stamp in my passport\nSo I'm still takin dimes out\nAnd I'm still holdin tryouts "
                    }, 
                    {
                        "header": "(Joy, Joy and Joy)", 
                        "text hash": "0444641b460c0d816c72cc2913268c94", 
                        "artist": "Fat Joe", 
                        "text": "Just never takin timeout\nScared of what I might find out"
                    }, 
                    {
                        "header": "\nSo, sophisti-cated, this young, lady\nGot me goin, I don't know why, I tend to love these kind of girls\nShe's my, baby, It's so, crazy\nI can't take it, but I love it, I swear I love her though\nEven if she's all about the money I don't really care, yeah\nGot alot of money it's enough of it that we could share\nOh I love these kind of girls (Why don't you steal my pride and joy)", 
                        "text hash": "d543440695f9fc7ba1f008852f5b01bd", 
                        "artist": "Fat Joe", 
                        "text": "Courtside any game, who the don?\nMust be thinkin I'm a lame shit that you been on "
                    }, 
                    {
                        "header": "(Joy, Joy, and Joy)", 
                        "text hash": "2148a840dccdd652b61c4f485a8a0eee", 
                        "artist": "Fat Joe", 
                        "text": "I gave you rose, gold, everything\nE'vrthing but a wedding ring "
                    }, 
                    {
                        "header": "(Joy, Joy, and Joy)", 
                        "text hash": "44f5460c0a4a492cb9a54983dba8e8cc", 
                        "artist": "Fat Joe", 
                        "text": "Now how you 'gon creep?\nGot you that bubble gum six shit to shoot up the streets VROOM!!! "
                    }, 
                    {
                        "header": "(Joy, Joy, and Joy)", 
                        "text hash": "1d3eb880fdd93f3e7ac3f203b1dc7291", 
                        "artist": "Fat Joe", 
                        "text": "You say I'm fuckin well you fuckin right!\nI heard you fuckin guess it's fuckin life {I don't know why, I tend to love these kind of girls}\nSo quit denyin it cause niggas know\nCause when you catch her still love her though "
                    }, 
                    {
                        "header": "(Joy, Joy, and Joy)", 
                        "text hash": "6b54e665ddb1ab36a14df976ae7f5d79", 
                        "artist": "Fat Joe", 
                        "text": "Ain't goin buy more designer clothes\nSo why you trippin you got finer hoes?!\nCRACK!!!!"
                    }, 
                    {
                        "header": "\nSo, sophisti-cated, this young, lady\nGot me goin, I don't know why, I tend to love these kind of girls\nShe's my, baby, It's so, crazy\nI can't take it, but I love it, I swear I love her though\nEven if she's all about the money I don't really care, yeah\nGot alot of money it's enough of it that we could share\nOh I love these kind of girls\n\n\nIt ain't even that I'm all about the money babe\nIt be a diffence between the things, you do and say\nI love you more than anything (Anything)", 
                        "text hash": "a35825d7d777bf1d91cb6f48bab203e0", 
                        "artist": "Fat Joe", 
                        "text": "Boy I swear you gotta stop playin the games\nBeing your pride and your joy is cool\nBut I rather be your heart than to play a fool\nCause my pride is everything I got\nI be wrong if I give it up, just want another knot\nOhhhhhhhhh! Oh Oh Oh!!!\nBut you 'gon have to show me more, still my pride and joy\nBecause your still my pride and......joy!"
                    }
                ]
            }, 
            "order": [
                "(I don't know why, I tend to love these kind of girls)", 
                "(Ohhhhh Ooooh Ohhhh!!!!)", 
                "(Why don't you steal my pride and joy)", 
                "(Joy, Joy, Joy)", 
                "(Joy, Joy, and Joy)", 
                "(Joy, Joy, and Joy)", 
                "(Joy, Joy and Joy)", 
                "(Why don't you steal my pride and joy)", 
                "(Joy, Joy, and Joy)", 
                "(Joy, Joy, and Joy)", 
                "(Joy, Joy, and Joy)", 
                "(Joy, Joy, and Joy)", 
                "(Anything)"
            ], 
            "artist": "Fat Joe"
        }
    },
    "My Lifestyle (Remix)": {
        "raw": "\n    \n  [Jadakiss]\nTS\nDouble R baby, D Block\nJoe Crack this is history\n\nWho got the most cars, most guns, most bitches\nAnd I don't gotta pull the trigga I just blow kisses\nNiggas love Jada that hate rap\nUpstate tryin to get they weight back\nBout to go to k-sack\nCause I made niggas believers\nMy voice my flow that helped your faggot ass get in the league\nAnd I ain't gotta suck dick to sell records\nGet all outta caracter and scream and yell reckless\nListen to me; I'm the cat that'll sit in a tree\nAnd shoot the dog in the head while he shittin and pee\nAnd I'm just so cool; I prally could snatch Trini\nFrom Usher in a club in Atlanta wit no jewels\nYou always was puss you never was hard\nYou know who it is Ruff Ryders and Terror-the-squad\nAnd make sure you remember this\nMy lifestyle remix; 'Kiss, Joe Cracks and Remi-nisce\n\n[Hook]\nY'all wanna live my lifestyle\nNever seen a brick never seen a crack house\nWanna war with the Don have your macs out\nBring it on and I'mma show you gangsta\n[Reapeat]\n\n[Fat Joe]\nHoddie down wit the mac\nBoggie down where it's at\nFuck around hear the sounds of these gats\nWanna clown? we react (come on) fuck dat\nDon't you know what you do when you fool wit Joey Crack\nI'm still the realest y'all just pretend that you\nClaim to do shit that we don't remember\nAlways thinkin that you running the streets\nNow I'mma leave you leakin under a sheet(what)\nFuckin with Joe Crack is costly\nNo gat can off me\nThey learned that when I sold lacks at 4th street\nA few dudes crippleanother 2 vegi\nIts more than obvious this terrorsquad crew deadly\nWhat could we do to stop it?\nEverything new he cop it\nConvertable blue 6 before you knew they drop it\nAnd even if they didn't wellyou would just assume he choped it\nMy lifestyle the shit man it's truly poppin\n\n[Hook] - repeat 2X\n\n[Remi Martin]\nYea yea yea\nI catch you backstatge you already know whats gon happening\nAin't gon be no applaud just a whole lotta clappin\nYou can't live my lifestyle lemme catch yor ass rappin\nFirst bitch to spit a verse first bitch that I'm slappin\nTell me how these clowns gon laugh at me\nWhen I'm flyin pass the ass pushin a pourch to it's capacity\nYou see me where ever joey crack be\nPretty have niggas sick like oh shit thas remi ?\nYup Straight gangsta (what) straight music\nAll that hype about your album and it ain't even do shit\nYou might have a gun but you sure don't use it\nAnd if givin the opurtunity you prally wouldn't even shoot it\nI'm the bitch in this rap shit so fuck all you wack chicks\nI'm directin this movie and your just an actress\nThey wanna what?\n\n[Hook] - repeat 2X\n\n\n\n\n  ", 
        "pro": {
            "features": [
                "Jadakiss", 
                "Remi Ma"
            ], 
            "blocks": {
                "verses": [
                    {
                        "header": "[Fat Joe]", 
                        "text hash": "8575bc8cea2d3826ecc424c1a8d2ee9a", 
                        "artist": "Fat Joe", 
                        "text": "Hoddie down wit the mac\nBoggie down where it's at\nFuck around hear the sounds of these gats\nWanna clown? we react (come on) fuck dat\nDon't you know what you do when you fool wit Joey Crack\nI'm still the realest y'all just pretend that you\nClaim to do shit that we don't remember\nAlways thinkin that you running the streets\nNow I'mma leave you leakin under a sheet(what)\nFuckin with Joe Crack is costly\nNo gat can off me\nThey learned that when I sold lacks at 4th street\nA few dudes crippleanother 2 vegi\nIts more than obvious this terrorsquad crew deadly\nWhat could we do to stop it?\nEverything new he cop it\nConvertable blue 6 before you knew they drop it\nAnd even if they didn't wellyou would just assume he choped it\nMy lifestyle the shit man it's truly poppin"
                    }
                ], 
                "hooks": [
                    {
                        "header": "[Hook]", 
                        "text hash": "59ee673b7d900db8c3cb5b93a8f2d511", 
                        "artist": "Fat Joe", 
                        "text": "Y'all wanna live my lifestyle\nNever seen a brick never seen a crack house\nWanna war with the Don have your macs out\nBring it on and I'mma show you gangsta"
                    }, 
                    {
                        "header": "[Hook]", 
                        "text hash": "d14aeab03649f5ee7fadfd74d6cbb984", 
                        "artist": "Fat Joe", 
                        "text": " - repeat 2X"
                    }, 
                    {
                        "header": "[Hook]", 
                        "text hash": "f7515497ab4a4cade91b11ed93dfb0c6", 
                        "artist": "Fat Joe", 
                        "text": " - repeat 2X\n\n\n\n\n  "
                    }
                ], 
                "remainders": [
                    {
                        "header": "[Jadakiss]", 
                        "text hash": "aea6d9ec9ba7cbfdd88779f34d0f5acc", 
                        "artist": "Jadakiss", 
                        "text": "TS\nDouble R baby, D Block\nJoe Crack this is history\n\nWho got the most cars, most guns, most bitches\nAnd I don't gotta pull the trigga I just blow kisses\nNiggas love Jada that hate rap\nUpstate tryin to get they weight back\nBout to go to k-sack\nCause I made niggas believers\nMy voice my flow that helped your faggot ass get in the league\nAnd I ain't gotta suck dick to sell records\nGet all outta caracter and scream and yell reckless\nListen to me; I'm the cat that'll sit in a tree\nAnd shoot the dog in the head while he shittin and pee\nAnd I'm just so cool; I prally could snatch Trini\nFrom Usher in a club in Atlanta wit no jewels\nYou always was puss you never was hard\nYou know who it is Ruff Ryders and Terror-the-squad\nAnd make sure you remember this\nMy lifestyle remix; 'Kiss, Joe Cracks and Remi-nisce"
                    }, 
                    {
                        "header": "[Remi Martin]", 
                        "text hash": "748781346685fd116fb1ce8c5d7aa22a", 
                        "artist": "Remi Ma", 
                        "text": "Yea yea yea\nI catch you backstatge you already know whats gon happening\nAin't gon be no applaud just a whole lotta clappin\nYou can't live my lifestyle lemme catch yor ass rappin\nFirst bitch to spit a verse first bitch that I'm slappin\nTell me how these clowns gon laugh at me\nWhen I'm flyin pass the ass pushin a pourch to it's capacity\nYou see me where ever joey crack be\nPretty have niggas sick like oh shit thas remi ?\nYup Straight gangsta (what) straight music\nAll that hype about your album and it ain't even do shit\nYou might have a gun but you sure don't use it\nAnd if givin the opurtunity you prally wouldn't even shoot it\nI'm the bitch in this rap shit so fuck all you wack chicks\nI'm directin this movie and your just an actress\nThey wanna what?"
                    }
                ]
            }, 
            "order": [
                "[Jadakiss]", 
                "[Hook]", 
                "[Reapeat]", 
                "[Fat Joe]", 
                "[Remi Martin]"
            ], 
            "artist": "Fat Joe"
        }
    }
}