{
    "CMG Salutes La Banga": {
        "raw": "\n    \n  [Intro: Mr. Chernak]\nLife will let you get away\nWith somethin for a while\nSooner or later, you will pay the price\nWhen you get the bill? Heh, don't be shocked\nDon't act like you don't understand\nEverything you do in life causes the effects\nThat you experience, and when you get that bill\nBe prepared to pay\nWhen the moment of wreckoning comes\nYou may feel as if you unable to forgive yourself\nYou may be too proud, to ask for forgiveness\nThere may be no way you can make amends or restitutions\nIn the worst case scenario, you may be faced with all of these\nPosibilities, at the same, time\nAnd should that happen, remember this\nLife knows what you capable of\nThe only reason life has taken the time\nTo point out your shortcomings\nAnd nasty habits, is that life wants you to act like you know who you are\nThis is called Self Support, Self Care and Self Love\nUntil today, you may not of have realized\nThat you have allowed others to be involved\nIn a crime against you, you may have allowed them\nTo support you and sacrificing yourself\nAnd believing that you are helping or serving them\nJust for today, don't be a yes person\nTake care of yourself, don't give what you have, for what you need\nBe supportive and self loving enough\nTo say no, and in the words of the master, Malcolm X\nAsa lama lakum, my brothers\n\n[Chorus: T-Bird]\nWhy must all my good brothers go\nI'm asking God, that's the question I want to know\nKnow, know, so I'm asking him why\nI think about you, while these tears is in my eyes\nBut I know God got a soldier in the sky\nSky, sky, shorty's gon' be alright\n\n[Fes Taylor]\nComing from Jersey, got the word, La's gone\nHouse Gang CD on, pumping La's song\nI think back, we was on tour\nYou was rocking my chain, I was rocking yours\nMade me feel kinda strange, I can't even cry\nMaybe cuz I'm used to hearing my people's die\nAnother casualty of war, but actually\nI don't understand, so I'm asking the Lord\nIs it all law, treated like dogs on all fours\nPain like you caught in the beartrap and lost paws\nTake a short pause, and reminisce\nPain make me wanna forget, so my memory limited\nHow you finish it, we just beginning it\nMy homey's died for this, so I'm living it\nY. Million, wish I could bring him back to\nI think it's time for my Loose Linx tattoo\n\n[Chorus]\n\n[Inspectah Deck]\nHow do I say goodbye? When I just said hi\nWhen I just saw you riding by\nWhen I just said those nights was fly\nNow I look at your seed, and I see you when I look in his eyes\nHow can I be the same?\nKnowing one day it's my turn to leave the game\nI try to find ways to ease the ways, keep it dripping\nSipping VSOP, cuz my team is slain\nWhile I'm writing, tears soaking the page, I'm so in the rage\nI'm so in a daze, I'm still in denile\nI'm blowing my haze, I can't get no higher, I'm going insane\nIf you can hear me and you watching me now\nGive me a sign, something I can see now\nAiyo, I'm struggling to make it out of the hood, son\nDamn, they took another good one\n\n[Chorus]\n\n[Hue Hefna]\nLife crazy, amazed to have you puzzled\nHead high, so I stand above my troubles\nI sit and build with myself\nObama's right, change is better for your health\nFirst it started wit the crabs in the barrel\nMy path straight, it used to be a little narrow\nI had to make my circle tighter\nNo snakes allowed or crabs in my cypher\nStill I'm praying for my homey's in the system\nIt's kind of hard, trying not to fall victim\nShine brighter than the sun, this is my solar system\nNinety degrees, flow sharper than a prism\nPain is more fuel to the fire\nTo get me closer to them things I desire\nTrying to cool off cuz I'm moving through the fire\nLife better than trees, gets me higher\nI had to put a leash on my anger\nShit is crazy, rest in peace to La Banga\nAnother soldier gone but not forgotten\nThe truth will always shine, we get it popping\n\n\n\n\n  ", 
        "pro": {
            "features": [
                "Hue Hefna", 
                "Inspectah Deck", 
                "Mr. Chernak", 
                "T-Bird"
            ], 
            "blocks": {
                "verses": [
                    {
                        "header": "[Fes Taylor]", 
                        "text hash": "7695dff64437c19e527c128fb9387065", 
                        "artist": "Fes Taylor", 
                        "text": "Coming from Jersey, got the word, La's gone\nHouse Gang CD on, pumping La's song\nI think back, we was on tour\nYou was rocking my chain, I was rocking yours\nMade me feel kinda strange, I can't even cry\nMaybe cuz I'm used to hearing my people's die\nAnother casualty of war, but actually\nI don't understand, so I'm asking the Lord\nIs it all law, treated like dogs on all fours\nPain like you caught in the beartrap and lost paws\nTake a short pause, and reminisce\nPain make me wanna forget, so my memory limited\nHow you finish it, we just beginning it\nMy homey's died for this, so I'm living it\nY. Million, wish I could bring him back to\nI think it's time for my Loose Linx tattoo"
                    }
                ], 
                "hooks": [
                    {
                        "header": "[Chorus: T-Bird]", 
                        "text hash": "6d8b58bd3c53cce519bab2b0092a8934", 
                        "artist": "T-Bird", 
                        "text": "Why must all my good brothers go\nI'm asking God, that's the question I want to know\nKnow, know, so I'm asking him why\nI think about you, while these tears is in my eyes\nBut I know God got a soldier in the sky\nSky, sky, shorty's gon' be alright"
                    }
                ], 
                "intro": [
                    {
                        "header": "[Intro: Mr. Chernak]", 
                        "text hash": "ce0ef38de7bec4eefbc46a6bed9d5566", 
                        "artist": "Mr. Chernak", 
                        "text": "Life will let you get away\nWith somethin for a while\nSooner or later, you will pay the price\nWhen you get the bill? Heh, don't be shocked\nDon't act like you don't understand\nEverything you do in life causes the effects\nThat you experience, and when you get that bill\nBe prepared to pay\nWhen the moment of wreckoning comes\nYou may feel as if you unable to forgive yourself\nYou may be too proud, to ask for forgiveness\nThere may be no way you can make amends or restitutions\nIn the worst case scenario, you may be faced with all of these\nPosibilities, at the same, time\nAnd should that happen, remember this\nLife knows what you capable of\nThe only reason life has taken the time\nTo point out your shortcomings\nAnd nasty habits, is that life wants you to act like you know who you are\nThis is called Self Support, Self Care and Self Love\nUntil today, you may not of have realized\nThat you have allowed others to be involved\nIn a crime against you, you may have allowed them\nTo support you and sacrificing yourself\nAnd believing that you are helping or serving them\nJust for today, don't be a yes person\nTake care of yourself, don't give what you have, for what you need\nBe supportive and self loving enough\nTo say no, and in the words of the master, Malcolm X\nAsa lama lakum, my brothers"
                    }
                ], 
                "remainders": [
                    {
                        "header": "[Inspectah Deck]", 
                        "text hash": "4389baf4ac24e46d8a538210c4238d5a", 
                        "artist": "Inspectah Deck", 
                        "text": "How do I say goodbye? When I just said hi\nWhen I just saw you riding by\nWhen I just said those nights was fly\nNow I look at your seed, and I see you when I look in his eyes\nHow can I be the same?\nKnowing one day it's my turn to leave the game\nI try to find ways to ease the ways, keep it dripping\nSipping VSOP, cuz my team is slain\nWhile I'm writing, tears soaking the page, I'm so in the rage\nI'm so in a daze, I'm still in denile\nI'm blowing my haze, I can't get no higher, I'm going insane\nIf you can hear me and you watching me now\nGive me a sign, something I can see now\nAiyo, I'm struggling to make it out of the hood, son\nDamn, they took another good one"
                    }, 
                    {
                        "header": "[Hue Hefna]", 
                        "text hash": "8f4b938e69c0f66cb25d8accaa0d4a1c", 
                        "artist": "Hue Hefna", 
                        "text": "Life crazy, amazed to have you puzzled\nHead high, so I stand above my troubles\nI sit and build with myself\nObama's right, change is better for your health\nFirst it started wit the crabs in the barrel\nMy path straight, it used to be a little narrow\nI had to make my circle tighter\nNo snakes allowed or crabs in my cypher\nStill I'm praying for my homey's in the system\nIt's kind of hard, trying not to fall victim\nShine brighter than the sun, this is my solar system\nNinety degrees, flow sharper than a prism\nPain is more fuel to the fire\nTo get me closer to them things I desire\nTrying to cool off cuz I'm moving through the fire\nLife better than trees, gets me higher\nI had to put a leash on my anger\nShit is crazy, rest in peace to La Banga\nAnother soldier gone but not forgotten\nThe truth will always shine, we get it popping\n\n\n\n\n  "
                    }
                ]
            }, 
            "order": [
                "[Intro: Mr. Chernak]", 
                "[Chorus: T-Bird]", 
                "[Fes Taylor]", 
                "[Chorus]", 
                "[Inspectah Deck]", 
                "[Chorus]", 
                "[Hue Hefna]"
            ], 
            "artist": "Fes Taylor"
        }
    },
    "Show Something": {
        "raw": "\n    \n  [Fes Taylor]\nI'm paper chasing, I see the vapors in they faces\nKing of Hearts playing with aces\nYou a Joker, Looking like a smoker\nSaying you a hustler, Looking like a customer\nDon't discuss with us, Conversation on the phone\nSlow grind, Kind of patient on our own\nNobody tell if my shit ain't known\nSo I doubt they ever catch me with the work and the chrome\nTry schooling little homie, Don't put dirt in your home\nBefore you have them alphabet boys searching your home\nGraduation from the game, Lacerations on my brain\nI can't explain, Think we're going insane\nYou want change you need a couple dollars\nSo I think change add up to a couple dollars\nSo I hustle harder, I but the revolver\nPlus I leave your face like a broken carver or punches from Tara\n\n[Chorus: Fes Taylor, (T-Bird)]\nIf it ain't about paper then it ain't about nothing\nNiggas say they getting bread, Show something, Show something\nIf it ain't about paper then it ain't about nothing\nNiggas say they getting bread, Show something, Show something\n(When you see me on the ave. I can see you riding bad\nI'm doing good they doing bad, Cause they ain't getting no bread)\n\n[T-Bird]\nSince time is money my money is time\nBut some niggas ain't built for the grind\nEverything the glitters ain't gold\nBut you know you can't tell a nigga nothing\nSo I guess he gotta learn on his own\nI'm all about getting paper but I watch them haters\nIf you ain't part of my team then you gets no favor\nAnd beggars can't be choosers and winners cannot be losers\nAnd hating niggas'll try to do ya so I shoot with the shooters\nGet em, Get em, We hot, Taylor ran up in the spot\nI got his back with a Glock, Yall ain't really wanna pop\nThis year's a new year, My niggas getting money even on leap year\nI'm telling yall niggas yall can't eat here\n\n[Chorus]\n\n[Inspectah Deck]\nI say money, Cash, Cream, Dinero\nGet it how you get it my figures are six zeros\nStrip to strip, I get my work in, Brick for brick\nBig timing nigga stick your trick\nSick fruity colored kicks, Movie star chicks\nClique like a dominatrix with chains and whips\nYeah-Yeah, If it's money I'm there\nAnd I ain't worried about a thing\nI'm like, Let me find something to wear\nI ain't needy but I'm greedy, I was told to take it\nThis the real me, You don't fake it til you make it\nI a hands on nigga, Let me touch something\nSteady hood hustling with the semi tucked stunting\nCash rules everything, Don't stop get it get it\nLong as you know the repercussions come with it\nI'm in it to the limit, Staking for them later days\nLiving like Usain Bolt on a paper chase\n\n[Chorus]\n\n\n\n\n  ", 
        "pro": {
            "features": [
                "Inspectah Deck", 
                "T-Bird"
            ], 
            "blocks": {
                "verses": [
                    {
                        "header": "[Fes Taylor]", 
                        "text hash": "acea6f286342c2f9be309573b4d5011f", 
                        "artist": "Fes Taylor", 
                        "text": "I'm paper chasing, I see the vapors in they faces\nKing of Hearts playing with aces\nYou a Joker, Looking like a smoker\nSaying you a hustler, Looking like a customer\nDon't discuss with us, Conversation on the phone\nSlow grind, Kind of patient on our own\nNobody tell if my shit ain't known\nSo I doubt they ever catch me with the work and the chrome\nTry schooling little homie, Don't put dirt in your home\nBefore you have them alphabet boys searching your home\nGraduation from the game, Lacerations on my brain\nI can't explain, Think we're going insane\nYou want change you need a couple dollars\nSo I think change add up to a couple dollars\nSo I hustle harder, I but the revolver\nPlus I leave your face like a broken carver or punches from Tara"
                    }
                ], 
                "hooks": [
                    {
                        "header": "[Chorus: Fes Taylor, (T-Bird)]", 
                        "text hash": "8d6ae5a9d6184ccc60656c67a6d83187", 
                        "artist": "T-Bird", 
                        "text": "If it ain't about paper then it ain't about nothing\nNiggas say they getting bread, Show something, Show something\nIf it ain't about paper then it ain't about nothing\nNiggas say they getting bread, Show something, Show something\n(When you see me on the ave. I can see you riding bad\nI'm doing good they doing bad, Cause they ain't getting no bread)"
                    }
                ], 
                "remainders": [
                    {
                        "header": "[T-Bird]", 
                        "text hash": "5ccd47d81a007fd0a24f4d871d723811", 
                        "artist": "T-Bird", 
                        "text": "Since time is money my money is time\nBut some niggas ain't built for the grind\nEverything the glitters ain't gold\nBut you know you can't tell a nigga nothing\nSo I guess he gotta learn on his own\nI'm all about getting paper but I watch them haters\nIf you ain't part of my team then you gets no favor\nAnd beggars can't be choosers and winners cannot be losers\nAnd hating niggas'll try to do ya so I shoot with the shooters\nGet em, Get em, We hot, Taylor ran up in the spot\nI got his back with a Glock, Yall ain't really wanna pop\nThis year's a new year, My niggas getting money even on leap year\nI'm telling yall niggas yall can't eat here"
                    }, 
                    {
                        "header": "[Inspectah Deck]", 
                        "text hash": "468b5aaf30c975ebade3d17cd8fc582d", 
                        "artist": "Inspectah Deck", 
                        "text": "I say money, Cash, Cream, Dinero\nGet it how you get it my figures are six zeros\nStrip to strip, I get my work in, Brick for brick\nBig timing nigga stick your trick\nSick fruity colored kicks, Movie star chicks\nClique like a dominatrix with chains and whips\nYeah-Yeah, If it's money I'm there\nAnd I ain't worried about a thing\nI'm like, Let me find something to wear\nI ain't needy but I'm greedy, I was told to take it\nThis the real me, You don't fake it til you make it\nI a hands on nigga, Let me touch something\nSteady hood hustling with the semi tucked stunting\nCash rules everything, Don't stop get it get it\nLong as you know the repercussions come with it\nI'm in it to the limit, Staking for them later days\nLiving like Usain Bolt on a paper chase"
                    }
                ]
            }, 
            "order": [
                "[Fes Taylor]", 
                "[Chorus: Fes Taylor, (T-Bird)]", 
                "[T-Bird]", 
                "[Chorus]", 
                "[Inspectah Deck]", 
                "[Chorus]"
            ], 
            "artist": "Fes Taylor"
        }
    },
    "The Streets": {
        "raw": "\n    \n  [Fes Taylor]\nMy S.I. swagger, I'm kill'n em the best style faster\nThe shook and touched by a rapper\nThey thinking it's just music, Like my Nike Airs I just do it\nThis here life neck and my wrist blue, It's how fish do it\nChef it to the block, My bitches love hard cock\nI stuff a quarter of soft right in their twat\nMy block, I'm like a soldier with fatigues on strapped\nWith stripes, Like a General leaving for Iraq\nMy drive, Be successful leaving and then fly back\nHit the road, Yeah we eating, So pieces dived that\nTaylor, I was leaning on corners with my back\nUp against the wall, Had no choice but fire back\nNow, Benz truck with the tires on the back\nThey was in the Doge Shadow when my tires had a flat\nOhh, Why you hate Fes, Cause I stay fresh\nYoung black nigga from the hood and you make less\n\n[Hook 4X: Fes Taylor Sample]\nBeen in the streets, Been-Been-Been in the streets\nBeen-Been-Been in the streets, Shaolin stomp with Timberland feet\n\n[Inspectah Deck]\nIs it the way that my jeans hang over my kicks\nWhen you see me I'll be on the G strolle with my bitch\nSkipping towns like I'm owing a grip, Set show em respect\nI'm repping alone, I'm home on the strip\nZone with the kids, You feel me cause you know what it is\nAll you eying from the sideline probing my biz\nHell right now I'm open for biz\nAnd my life style's blowing your wig\nHow they like wild'n with the kid\nLike a nigga fresh home from a bid\nFocus on tips, City boy post on the pigs\nFocus on his, Supposed to stay close to the ridge\nYou know anything fucking with a soldier this big\nWatch me now son, I'm over the bridge\nType a nigga have his outfit matching with the boat and the crib\nWhy you talking, Why you open your gibbs\nNo points for me to open your wig, Nobody know who you is nigga\n\n[Hook]\n\n\n\n\n  ", 
        "pro": {
            "features": [
                "Inspectah Deck"
            ], 
            "blocks": {
                "verses": [
                    {
                        "header": "[Fes Taylor]", 
                        "text hash": "b3f2772a965463e3fbbfd4dea7f4d739", 
                        "artist": "Fes Taylor", 
                        "text": "My S.I. swagger, I'm kill'n em the best style faster\nThe shook and touched by a rapper\nThey thinking it's just music, Like my Nike Airs I just do it\nThis here life neck and my wrist blue, It's how fish do it\nChef it to the block, My bitches love hard cock\nI stuff a quarter of soft right in their twat\nMy block, I'm like a soldier with fatigues on strapped\nWith stripes, Like a General leaving for Iraq\nMy drive, Be successful leaving and then fly back\nHit the road, Yeah we eating, So pieces dived that\nTaylor, I was leaning on corners with my back\nUp against the wall, Had no choice but fire back\nNow, Benz truck with the tires on the back\nThey was in the Doge Shadow when my tires had a flat\nOhh, Why you hate Fes, Cause I stay fresh\nYoung black nigga from the hood and you make less"
                    }
                ], 
                "hooks": [
                    {
                        "header": "[Hook 4X: Fes Taylor Sample]", 
                        "text hash": "b8140d6b07dc4283d7977b12a9370af8", 
                        "artist": "Fes Taylor Sample", 
                        "text": "Been in the streets, Been-Been-Been in the streets\nBeen-Been-Been in the streets, Shaolin stomp with Timberland feet"
                    }
                ], 
                "remainders": [
                    {
                        "header": "[Inspectah Deck]", 
                        "text hash": "6614df7a0e7aeff58b7d00ff14ab5e32", 
                        "artist": "Inspectah Deck", 
                        "text": "Is it the way that my jeans hang over my kicks\nWhen you see me I'll be on the G strolle with my bitch\nSkipping towns like I'm owing a grip, Set show em respect\nI'm repping alone, I'm home on the strip\nZone with the kids, You feel me cause you know what it is\nAll you eying from the sideline probing my biz\nHell right now I'm open for biz\nAnd my life style's blowing your wig\nHow they like wild'n with the kid\nLike a nigga fresh home from a bid\nFocus on tips, City boy post on the pigs\nFocus on his, Supposed to stay close to the ridge\nYou know anything fucking with a soldier this big\nWatch me now son, I'm over the bridge\nType a nigga have his outfit matching with the boat and the crib\nWhy you talking, Why you open your gibbs\nNo points for me to open your wig, Nobody know who you is nigga"
                    }
                ]
            }, 
            "order": [
                "[Fes Taylor]", 
                "[Hook 4X: Fes Taylor Sample]", 
                "[Inspectah Deck]", 
                "[Hook]"
            ], 
            "artist": "Fes Taylor"
        }
    }
}