{
    "Knicks (Remix)": {
        "raw": "\n    \n  [Produced by Madlib]\n\n[Verse 1: Freddie Gibbs]\nUh, chillin' in the 6\nSmokin' the Cali, ice bucket challenge on my wrist\nYoung and black in the US, it's a challenge to exist\nStove a thousand degrees, I'm a graduate to a brick\nGot me gradually gettin' chips\nAll my smokers grabbin' a sack of that poison\nIf you can push it, I'll give you points on the pack\nAs he had it loaded and wrapped, and they call him, I'm comin' back\nTook a loss but on the next one I'll make it back on the tax, nigga\nI got it sellin' nickel bags\nElementary mathematics, nigga can you add?\nMultiply, divide it and go re-up for at least a half\nSmokers  scared to cop cause we beefin, man where the tweakers at?\nStandin' at my window with my full clip\nMalcolm told us we've been bamboozled and hoodwinked\nAnother Darren Wilson get a badge every week\nR.I.P. to Michael Brown and mothafuck the police, bitch\n\n[Hook: Freddie Gibbs]\nI guess I got it sellin' nickel bags\nI got it sellin' nickel bags\nReal killer, drug dealer\nI got it sellin' nickel bags\nReal killer, drug dealer\nI got it sellin' nickel bags\n\n[Verse 2: Action Bronson]\nSame night Chris Childs punched Kobe\nIt was a Sunday, I had the Hyundai\nThen I crashed it, leather jacket like Slash did\nFace melted off the acid\nI bought 40 dimes of the yia-yia\nDowntown Brown, Julie Brown know the hoochies wanna do me now\nDon Bronson, in all white like Don Johnson\nYou ever had to take a shit while you're trippin'?\nBalls off, all the homies by the ball court\nShit hit like Little Richard on the boardwalk\nI'm not the one for all the small talk\nI'm like Christopher Lloyd, Big Noyd\nBitcoins, rosemary on the strip loin\nMike Tyson doin' endos on a Haro\nQueens Center mall by the Sbarro\n\n[Hook: Freddie Gibbs]\n\n[Verse 3: Ransom]\nI'm in the Carmelo with 12 nicks, the L's lit\nI'm close to them niggas that do their bid and don't tell shit\nOr far-fetch, them niggas be doin' the long stretch\nIt's not that we're heartless, we're just usin' our heart less\nYou know stress cause niggas to forfeit\nWhen I cut it, all my nicks'll be softer than Charles Smith\nLost grips of a nigga that hustled on dark strips\nAnd street corners, so many police want us\nLookin' to feast on us\nRemember older niggas and bitches would sleep on us\nSuckin' their teeth on us\nI touch down, celebrate like Vic Cruz\nSpike Lee, got a front row seat to watch nicks move\nGot no class like a nigga that skipped school\nFix your face 'fore I play the mechanic and grip tools\nThe block gleam every time that a cop scream\nOn the corner sellin' nicks that's giant like Hakeem, peace\n\n[Hook: Freddie Gibbs]\n\n[Verse 4: Joey Bada$$]\nLooks like they caught me red-handed\nWhen I land, niggas from the planet get stranded\nAnd I ran cause I had a pound of Afghani\nWatch that AK-47 stick up your grammys\nAnd I want all the ends\nFor my niggas rounds of applause in the audience\nFake MC's get clapped up 'til they disorient\nGet out your seat, cheers up if you want more again\nThe happiest days of my life been taken from me\nNow I'm just a slave to the mic, wait, hold up\nI don't think this chain fit me right\nGot a couple loose screws so I write\nRight brain trippy like.....\nAnd I should let you finish too\nI'm at Finish Line, should have finished school\nNow you can't finish lyin', so I diminish you\nThey still get the teeth to show with no dentist tools\n\n[Hook: Freddie Gibbs]\n\n\n\n\n  ", 
        "pro": {
            "features": [
                "Action Bronson", 
                "Joey BADA$$", 
                "Ransom"
            ], 
            "producers": [
                "Madlib"
            ], 
            "blocks": {
                "verses": [
                    {
                        "header": "[Verse 1: Freddie Gibbs]", 
                        "text hash": "a5f9d63ff7bfdf69f36c5447b2f3c5b6", 
                        "artist": "Freddie Gibbs", 
                        "text": "Uh, chillin' in the 6\nSmokin' the Cali, ice bucket challenge on my wrist\nYoung and black in the US, it's a challenge to exist\nStove a thousand degrees, I'm a graduate to a brick\nGot me gradually gettin' chips\nAll my smokers grabbin' a sack of that poison\nIf you can push it, I'll give you points on the pack\nAs he had it loaded and wrapped, and they call him, I'm comin' back\nTook a loss but on the next one I'll make it back on the tax, nigga\nI got it sellin' nickel bags\nElementary mathematics, nigga can you add?\nMultiply, divide it and go re-up for at least a half\nSmokers  scared to cop cause we beefin, man where the tweakers at?\nStandin' at my window with my full clip\nMalcolm told us we've been bamboozled and hoodwinked\nAnother Darren Wilson get a badge every week\nR.I.P. to Michael Brown and mothafuck the police, bitch"
                    }, 
                    {
                        "header": "[Verse 2: Action Bronson]", 
                        "text hash": "6a63380970e0d4222fb11e55d21fa888", 
                        "artist": "Action Bronson", 
                        "text": "Same night Chris Childs punched Kobe\nIt was a Sunday, I had the Hyundai\nThen I crashed it, leather jacket like Slash did\nFace melted off the acid\nI bought 40 dimes of the yia-yia\nDowntown Brown, Julie Brown know the hoochies wanna do me now\nDon Bronson, in all white like Don Johnson\nYou ever had to take a shit while you're trippin'?\nBalls off, all the homies by the ball court\nShit hit like Little Richard on the boardwalk\nI'm not the one for all the small talk\nI'm like Christopher Lloyd, Big Noyd\nBitcoins, rosemary on the strip loin\nMike Tyson doin' endos on a Haro\nQueens Center mall by the Sbarro"
                    }, 
                    {
                        "header": "[Verse 3: Ransom]", 
                        "text hash": "b6a19c8d230a5f0ef89b31e656e86ddc", 
                        "artist": "Ransom", 
                        "text": "I'm in the Carmelo with 12 nicks, the L's lit\nI'm close to them niggas that do their bid and don't tell shit\nOr far-fetch, them niggas be doin' the long stretch\nIt's not that we're heartless, we're just usin' our heart less\nYou know stress cause niggas to forfeit\nWhen I cut it, all my nicks'll be softer than Charles Smith\nLost grips of a nigga that hustled on dark strips\nAnd street corners, so many police want us\nLookin' to feast on us\nRemember older niggas and bitches would sleep on us\nSuckin' their teeth on us\nI touch down, celebrate like Vic Cruz\nSpike Lee, got a front row seat to watch nicks move\nGot no class like a nigga that skipped school\nFix your face 'fore I play the mechanic and grip tools\nThe block gleam every time that a cop scream\nOn the corner sellin' nicks that's giant like Hakeem, peace"
                    }, 
                    {
                        "header": "[Verse 4: Joey Bada$$]", 
                        "text hash": "1b377b16a245db5110e1f4c711c20ca9", 
                        "artist": "Joey BADA$$", 
                        "text": "Looks like they caught me red-handed\nWhen I land, niggas from the planet get stranded\nAnd I ran cause I had a pound of Afghani\nWatch that AK-47 stick up your grammys\nAnd I want all the ends\nFor my niggas rounds of applause in the audience\nFake MC's get clapped up 'til they disorient\nGet out your seat, cheers up if you want more again\nThe happiest days of my life been taken from me\nNow I'm just a slave to the mic, wait, hold up\nI don't think this chain fit me right\nGot a couple loose screws so I write\nRight brain trippy like.....\nAnd I should let you finish too\nI'm at Finish Line, should have finished school\nNow you can't finish lyin', so I diminish you\nThey still get the teeth to show with no dentist tools"
                    }
                ], 
                "hooks": [
                    {
                        "header": "[Hook: Freddie Gibbs]", 
                        "text hash": "567e50a6b78d7f4d01e800c27ed090f2", 
                        "artist": "Freddie Gibbs", 
                        "text": "I guess I got it sellin' nickel bags\nI got it sellin' nickel bags\nReal killer, drug dealer\nI got it sellin' nickel bags\nReal killer, drug dealer\nI got it sellin' nickel bags"
                    }
                ]
            }, 
            "order": [
                "[Produced by Madlib]", 
                "[Verse 1: Freddie Gibbs]", 
                "[Hook: Freddie Gibbs]", 
                "[Verse 2: Action Bronson]", 
                "[Hook: Freddie Gibbs]", 
                "[Verse 3: Ransom]", 
                "[Hook: Freddie Gibbs]", 
                "[Verse 4: Joey Bada$$]", 
                "[Hook: Freddie Gibbs]"
            ], 
            "artist": "Freddie Gibbs"
        }
    },
    "Krazy": {
        "raw": "\n    \n  [Intro]\nI know we made an agreement\nYeah We both tried, just to do our own thing\nKrazy\n\n[Verse 1 - Freddie Gibbs]\nStaring at the world thru versace lenses\nMoving Tony with my homie cause he's bout the business\nIf we make it to a birdie then we cop Benz\nSound good until a nigga end up in the prison\nLook at me im the definition of detrimental, out the driver side of this rental bussin up out the window, sending witnesses to the hospital for my aquittal, and my bullets blind you riding with him he dying with you\nKilla wit the baby face, nigga spray the place\nGang member, police got me in their database\nBefore I drop it in the water give the yay a taste\nBout a quarter banger homie over call it paper way\nWe don't even speak on the word beef, we let it be\nRight back on they ass been a psychopath since seventeen\nNigga ain't no peace on the East, the streets raised me\nUsed to burn shit and the shermsticks\n\n[Hook]\nMy life style krazy, Luxury condos and bad hoes Krazy!\nHop out the Porsche Jump up in the lambos Krazy!\nLiving up no sleep this cold street amaze me\nPacking that big clip when shit get krazy!\nLuxury condos and bad hoes Krazy!\nHop out the Porsche up jump in the lambos krazy!\nAnd when the song get pussy niggas get faded\nPacking that big clip when shit get krazy!\n\n[Verse 2 - Jadakiss]\nNiggas die every day, wonder if I\u2019m next\nOne foot in the condo, one in the projects\nBreak it all down, yeah nigga, I dissect\nThese bullets is something that you ain\u2019t able to digest\nGet this income is the outcome\nSo I'mma finish this work and finish the album\nAnd I know them people got it out for me\nEnd of the day it's me lookin' out for me\nAnd fuck you if you doubtin me\nBad bitches blowing weed on the balcony\nI\u2019m just enjoying the amenities\nBusiness man, with dope boy tendencies\nI take shit to the extremity\nRest in peace to my enemies\nI don\u2019t want it if is under a hundred\nIt don\u2019t faze me, nigga\n\n[Hook]\n\n[Verse 3 - Jay Rock]\n105 east bound, feeling like a king real\nVibe play my feet down\nOn the blocks GLocks bustin like a grey hound\nYou're my life style crazy on this play ground\nStill hangin with my niggas from the sand box\nWe on hit it and you know we got them lamb chops\nRock pushin rhymes like weight now\nStack rock bitches ready for the takedown\nKrazy I just go no breaks now\nMy six teens a brick you can't break down\nYeah I'm so solid in this world of mine\nStay on my grind daily I don't really know the time\nWatch full of diamonds in my chain dancing\nDon't risk don't reach, you don't even chance it\nMan down you don't get no second chances\nPlay haters you need to think about the circumstances\n\n[Hook]\n\n\n\n\n  ", 
        "pro": {
            "features": [
                "Jadakiss", 
                "Jay Rock"
            ], 
            "producers": [
                "Statik Selektah"
            ], 
            "blocks": {
                "verses": [
                    {
                        "header": "[Verse 1 - Freddie Gibbs]", 
                        "text hash": "1e2f2ef57bbddf59388ccd2971289b49", 
                        "artist": "Freddie Gibbs", 
                        "text": "Staring at the world thru versace lenses\nMoving Tony with my homie cause he's bout the business\nIf we make it to a birdie then we cop Benz\nSound good until a nigga end up in the prison\nLook at me im the definition of detrimental, out the driver side of this rental bussin up out the window, sending witnesses to the hospital for my aquittal, and my bullets blind you riding with him he dying with you\nKilla wit the baby face, nigga spray the place\nGang member, police got me in their database\nBefore I drop it in the water give the yay a taste\nBout a quarter banger homie over call it paper way\nWe don't even speak on the word beef, we let it be\nRight back on they ass been a psychopath since seventeen\nNigga ain't no peace on the East, the streets raised me\nUsed to burn shit and the shermsticks"
                    }, 
                    {
                        "header": "[Verse 2 - Jadakiss]", 
                        "text hash": "80291a594b7c364fd72a914c0644270d", 
                        "artist": "Jadakiss", 
                        "text": "Niggas die every day, wonder if I\u2019m next\nOne foot in the condo, one in the projects\nBreak it all down, yeah nigga, I dissect\nThese bullets is something that you ain\u2019t able to digest\nGet this income is the outcome\nSo I'mma finish this work and finish the album\nAnd I know them people got it out for me\nEnd of the day it's me lookin' out for me\nAnd fuck you if you doubtin me\nBad bitches blowing weed on the balcony\nI\u2019m just enjoying the amenities\nBusiness man, with dope boy tendencies\nI take shit to the extremity\nRest in peace to my enemies\nI don\u2019t want it if is under a hundred\nIt don\u2019t faze me, nigga"
                    }, 
                    {
                        "header": "[Verse 3 - Jay Rock]", 
                        "text hash": "1445b61907b0c0c5ee34bbbd115eb49e", 
                        "artist": "Jay Rock", 
                        "text": "105 east bound, feeling like a king real\nVibe play my feet down\nOn the blocks GLocks bustin like a grey hound\nYou're my life style crazy on this play ground\nStill hangin with my niggas from the sand box\nWe on hit it and you know we got them lamb chops\nRock pushin rhymes like weight now\nStack rock bitches ready for the takedown\nKrazy I just go no breaks now\nMy six teens a brick you can't break down\nYeah I'm so solid in this world of mine\nStay on my grind daily I don't really know the time\nWatch full of diamonds in my chain dancing\nDon't risk don't reach, you don't even chance it\nMan down you don't get no second chances\nPlay haters you need to think about the circumstances"
                    }
                ], 
                "hooks": [
                    {
                        "header": "[Hook]", 
                        "text hash": "34f9d9c22625fad4aa5db2e292374838", 
                        "artist": "Freddie Gibbs", 
                        "text": "My life style krazy, Luxury condos and bad hoes Krazy!\nHop out the Porsche Jump up in the lambos Krazy!\nLiving up no sleep this cold street amaze me\nPacking that big clip when shit get krazy!\nLuxury condos and bad hoes Krazy!\nHop out the Porsche up jump in the lambos krazy!\nAnd when the song get pussy niggas get faded\nPacking that big clip when shit get krazy!"
                    }
                ], 
                "intro": [
                    {
                        "header": "[Intro]", 
                        "text hash": "af85983d294a1ec4eade73cf813f3db7", 
                        "artist": "Freddie Gibbs", 
                        "text": "I know we made an agreement\nYeah We both tried, just to do our own thing\nKrazy"
                    }
                ]
            }, 
            "order": [
                "[Intro]", 
                "[Verse 1 - Freddie Gibbs]", 
                "[Hook]", 
                "[Verse 2 - Jadakiss]", 
                "[Hook]", 
                "[Verse 3 - Jay Rock]", 
                "[Hook]"
            ], 
            "artist": "Freddie Gibbs"
        }
    }
}