{
    "Everything": {
        "raw": "\n    \n  [Hook: French Montana]\nEverything I want, I bought\nFuck what you thought\nEverything I want, I bought\nFuck what you thought\n\n[Bridge: Fred The Godson]\nTime to bring New York back to life like\nWe riding all night like\nSay I'm next on the mic like\nEverything (GORDO)\n\n[Verse 1: Fred The Godson]\nThey say New York is goin' through a crisis\nThey flow so-so, they know Frederico is the nicest\nStill in the streets with the blam\nI use long arms so you reach my demand\nTalkin' about a terror alert\nI sell to whoever, whenever, whatever works\nSee that bread that I knew, now Fred comin' through\nBlood and crip walkin' cause she read that I blew\nI just got word Jeter retirin'\nRight across the street the 9 millimeters is firin'\nWhite kids wanna be firemen\nBig chain on a dope boy, to us, that's inspirin'\nMomma stood in the section 8 office\nYou ate on my block and my section ate often\nYour music why I'm hatin' you\nYou could be Biggie son, still no faith in you\n\n[Hook] + [Bridge]\n\n[Verse 2: Vado]\nSlimeeee!\nI rap my ass off, spit your best rhyme\nLouis Skully half off, show the fresh line\n9/11 black Porsche hit the red line\nYour G know, the smith on me like who the Jet sign\nMy feet up in Cabo\nLoad the planes, I'm keyed up like Pablo\nThis mil' fuckin' the streets up like potholes\nNew range bleed guts, the truck charcoal\nIt's not a game but I dare you\nI hear you the biggest\nHarlem names who I'm compared to\nJust to stay in shape I move a square or two\nAnd keep at least 10 cylinders when I stay in coupes\nI'm on Ciroc Amaretto, drive as fast as Toretto\nTill I crash with the Devil\nNeed a pass in the ghetto, squeezing Glocks with the metal\nKeep a stash in my pillow, the other half of my fellows up\n\n[Hook: French Montana]\n[Bridge: Fred The Godson]\n\n[Outro: Fred]\nFred the God, French on the hook\nVado on a verse, New York, what a love (New York)\nI cash birds from the blow , I ghostwrite\nI pass words like a cold, hold tight\nWe just got a new mayor\nStill move the pills, the prescription for the bayer\nStill move the krills, it's description when u weight up\nBrick under six, see you later\nGordo..\n\n\n\n\n  ", 
        "pro": {
            "features": [
                "French Montana", 
                "Vado"
            ], 
            "producers": [
                "Rick Hertz"
            ], 
            "blocks": {
                "verses": [
                    {
                        "header": "[Verse 1: Fred The Godson]", 
                        "text hash": "ad5cd5567e60236f07f18896f297b873", 
                        "artist": "Fred The Godson", 
                        "text": "They say New York is goin' through a crisis\nThey flow so-so, they know Frederico is the nicest\nStill in the streets with the blam\nI use long arms so you reach my demand\nTalkin' about a terror alert\nI sell to whoever, whenever, whatever works\nSee that bread that I knew, now Fred comin' through\nBlood and crip walkin' cause she read that I blew\nI just got word Jeter retirin'\nRight across the street the 9 millimeters is firin'\nWhite kids wanna be firemen\nBig chain on a dope boy, to us, that's inspirin'\nMomma stood in the section 8 office\nYou ate on my block and my section ate often\nYour music why I'm hatin' you\nYou could be Biggie son, still no faith in you"
                    }, 
                    {
                        "header": "[Verse 2: Vado]", 
                        "text hash": "55146d34699aee943fdaa0c1d956c557", 
                        "artist": "Vado", 
                        "text": "Slimeeee!\nI rap my ass off, spit your best rhyme\nLouis Skully half off, show the fresh line\n9/11 black Porsche hit the red line\nYour G know, the smith on me like who the Jet sign\nMy feet up in Cabo\nLoad the planes, I'm keyed up like Pablo\nThis mil' fuckin' the streets up like potholes\nNew range bleed guts, the truck charcoal\nIt's not a game but I dare you\nI hear you the biggest\nHarlem names who I'm compared to\nJust to stay in shape I move a square or two\nAnd keep at least 10 cylinders when I stay in coupes\nI'm on Ciroc Amaretto, drive as fast as Toretto\nTill I crash with the Devil\nNeed a pass in the ghetto, squeezing Glocks with the metal\nKeep a stash in my pillow, the other half of my fellows up"
                    }
                ], 
                "hooks": [
                    {
                        "header": "[Hook: French Montana]", 
                        "text hash": "2e477d56c6f757c5fa60c7d9b0937b30", 
                        "artist": "French Montana", 
                        "text": "Everything I want, I bought\nFuck what you thought\nEverything I want, I bought\nFuck what you thought"
                    }, 
                    {
                        "header": "[Hook]", 
                        "text hash": "1d768bee610e6e46c3acaaaf19b6ea69", 
                        "artist": "Fred The Godson", 
                        "text": " + [Bridge]"
                    }, 
                    {
                        "header": "[Hook: French Montana]", 
                        "text hash": "055c66eb696ebc5a1ff3dc4107aed8c2", 
                        "artist": "French Montana", 
                        "text": "[Bridge: Fred The Godson]"
                    }
                ], 
                "remainders": [
                    {
                        "header": "[Outro: Fred]", 
                        "text hash": "c0c7c4dad06673aa929e51e91b6fc75a", 
                        "artist": "Fred", 
                        "text": "Fred the God, French on the hook\nVado on a verse, New York, what a love (New York)\nI cash birds from the blow , I ghostwrite\nI pass words like a cold, hold tight\nWe just got a new mayor\nStill move the pills, the prescription for the bayer\nStill move the krills, it's description when u weight up\nBrick under six, see you later\nGordo..\n\n\n\n\n  "
                    }
                ], 
                "bridge": [
                    {
                        "header": "[Bridge: Fred The Godson]", 
                        "text hash": "0b866ac6ea9189952d774990bb71ecc9", 
                        "artist": "Fred The Godson", 
                        "text": "Time to bring New York back to life like\nWe riding all night like\nSay I'm next on the mic like\nEverything (GORDO)"
                    }
                ]
            }, 
            "order": [
                "[Hook: French Montana]", 
                "[Bridge: Fred The Godson]", 
                "[Verse 1: Fred The Godson]", 
                "[Hook] + [Bridge]", 
                "[Verse 2: Vado]", 
                "[Hook: French Montana]", 
                "[Bridge: Fred The Godson]", 
                "[Outro: Fred]"
            ], 
            "artist": "Fred The Godson"
        }
    }
}