{
    "Take it to the Top": {
        "raw": "\n    \n  (50 Cent)\nShawty if you love me like your lost and you can't find your way without me\nYou gon wake up one day when I'm gone thinking why did you doubt me\nBut you better believe me I take it to the, take it to the, take it to the top\nYou got to believe me I take it to the, take it to the, take it to the top\n\n(We'll take it to the toooOoop)\n\n(Freeway)\nI made you why would I play you?\nNot only showered you with gifts I bathed you\nPlus I hit the first night and I stayed too\nI know it's early but I just thought I would page you\nHey you!\nKnow that I'm willing and able\nYou could tell from all the presents that I gave you\nStill you\nBe acting like you so unfaithful\nYou swear I'm fucking on a rendezvous\nWhen you think I'm freaking I be on my grind\nEven when we not freaking you be on my mind\nI'm on the top I'm flipping them dimes\nSo I can't give you all of my time cause I'm\n24 hours a day stuck in a war\nAt least 8 hours or more cooking them rhymes\nSo 16 hours just you can hit the store and you complaining you want more free time?..YUP!\n\n(50 Cent)\nShawty if you love me like your lost and you can't find your way without me\nYou gon wake up one day when I'm gone thinking why did you doubt me\nBut you better believe me I take it to the, take it to the, take it to the top\nYou got to believe me I take it to the, take it to the, take it to the top\n\n(We'll take it to the toooOoop)\n\nYou gotta believe me baby you got it easy baby\nFly SWA you watching Feezy baby\nYou got a mean Mercedes you got a cleaning lady\nHeres some advice for you, you better heat it baby\nLong as your whip in the room ain't got a strip on them poles\nSo what the fuck do you care just cause I live on the road\nI'm busy gripping them Os's that's how you gripping them clothes\nHome I ain't getting no dough I can't be sitting in there\nSo what if they boyfriends be home baby I'm different then them\nI bring them benjamins in look at the kitchen in there\nLook at the living room set look at that thing on your neck\nMatching that thing on your wrist but got some dV's in there\nI give a fuck if they stare I give a fuck what they think\nI get them publishing cheques and put the diesel in there\nDon't let them people in there\nGas you up and get you all upset!\nYou in my heart and I'm a keep you there..YUP!\n\n(50 Cent)\nShawty if you love me like your lost and you can't find your way without me\nYou gon wake up one day when I'm gone thinking why did you doubt me\nBut you better believe me I take it to the, take it to the, take it to the top\nYou got to believe me I take it to the, take it to the, take it to the top\n\n(We'll take it to the toooOoop)\n\nYeah, Its Philly freezing\nSince rock the mic right\nI, put you in position to rock the ice right and\nThem other niggas be singing the same song\nThey might\nHave what it takes but they handle things wrong\nYou in your mens. or something you lookin' mean to me\nYou got to believe in something why not I believe in me\nI got the Beamer keys I'm just as clean as these\nI smoke the greenest trees\nAll them niggas be fronting, STUNTIN!\n\n(50 Cent)\nShawty if you love me like your lost and you can't find your way without me\nYou gon wake up one day when I'm gone thinking why did you doubt me\nBut you better believe me I take it to the, take it to the, take it to the top\nYou got to believe me I take it to the, take it to the, take it to the top\n\n(We'll take it to the toooOoop)\n\n\n\n\n  ", 
        "pro": {
            "features": [
                "50 Cent"
            ], 
            "producers": [
                "J. R. Rotem"
            ], 
            "blocks": {
                "verses": [
                    {
                        "header": "    \n  (50 Cent)", 
                        "text hash": "3d032d9fc3c8c5e5d83e39e496094c63", 
                        "artist": "50 Cent", 
                        "text": "Shawty if you love me like your lost and you can't find your way without me\nYou gon wake up one day when I'm gone thinking why did you doubt me\nBut you better believe me I take it to the, take it to the, take it to the top\nYou got to believe me I take it to the, take it to the, take it to the top"
                    }, 
                    {
                        "header": "(Freeway)", 
                        "text hash": "4a0628009daf3c780824fb7e6efdbf8f", 
                        "artist": "Freeway", 
                        "text": "I made you why would I play you?\nNot only showered you with gifts I bathed you\nPlus I hit the first night and I stayed too\nI know it's early but I just thought I would page you\nHey you!\nKnow that I'm willing and able\nYou could tell from all the presents that I gave you\nStill you\nBe acting like you so unfaithful\nYou swear I'm fucking on a rendezvous\nWhen you think I'm freaking I be on my grind\nEven when we not freaking you be on my mind\nI'm on the top I'm flipping them dimes\nSo I can't give you all of my time cause I'm\n24 hours a day stuck in a war\nAt least 8 hours or more cooking them rhymes\nSo 16 hours just you can hit the store and you complaining you want more free time?..YUP!"
                    }, 
                    {
                        "header": "(We'll take it to the toooOoop)", 
                        "text hash": "0497994a1c4c8995621ea6140a9e9ad6", 
                        "artist": "Freeway", 
                        "text": "You gotta believe me baby you got it easy baby\nFly SWA you watching Feezy baby\nYou got a mean Mercedes you got a cleaning lady\nHeres some advice for you, you better heat it baby\nLong as your whip in the room ain't got a strip on them poles\nSo what the fuck do you care just cause I live on the road\nI'm busy gripping them Os's that's how you gripping them clothes\nHome I ain't getting no dough I can't be sitting in there\nSo what if they boyfriends be home baby I'm different then them\nI bring them benjamins in look at the kitchen in there\nLook at the living room set look at that thing on your neck\nMatching that thing on your wrist but got some dV's in there\nI give a fuck if they stare I give a fuck what they think\nI get them publishing cheques and put the diesel in there\nDon't let them people in there\nGas you up and get you all upset!\nYou in my heart and I'm a keep you there..YUP!"
                    }, 
                    {
                        "header": "(We'll take it to the toooOoop)", 
                        "text hash": "75c8e4656674bb5cdb4a7676482ebbe0", 
                        "artist": "Freeway", 
                        "text": "Yeah, Its Philly freezing\nSince rock the mic right\nI, put you in position to rock the ice right and\nThem other niggas be singing the same song\nThey might\nHave what it takes but they handle things wrong\nYou in your mens. or something you lookin' mean to me\nYou got to believe in something why not I believe in me\nI got the Beamer keys I'm just as clean as these\nI smoke the greenest trees\nAll them niggas be fronting, STUNTIN!"
                    }
                ], 
                "hooks": []
            }, 
            "order": [
                "(50 Cent)", 
                "(We'll take it to the toooOoop)", 
                "(Freeway)", 
                "(50 Cent)", 
                "(We'll take it to the toooOoop)", 
                "(50 Cent)", 
                "(We'll take it to the toooOoop)", 
                "(50 Cent)", 
                "(We'll take it to the toooOoop)"
            ], 
            "artist": "Freeway"
        }
    },
    "I Can Hear Sweat": {
        "raw": "\n    \n  [Produced by Girl Talk]\n\n[Verse 1: Freeway]\nThree niggas, two nines apiece\nWe just tryna eat\nSo we fry the beef\nWe are the streets\nMy nigga young and from there\nHe there, Coco, beware\nWe will junk yard dog on your beats\nTrap niggas make rap niggas call police\nSweep the ratchet make Al Sharpton call for peace\nEven Funk Flex said it \"Free you are a beast\"\nWe wilin' in these streets 'til the day that Sig's released\nYoung Freezer the block leader\nThe rap star that pop heaters\nThe bearded lot is here to lock the rap game\nSome say I am not sane\nThose that know me say \"Freezer you have not changed\nEven though you switched from getting block change, you still G\"\nTrap star Freezer\nSqueeze off ninas\nWas hustling you was reading books 'bout Tom Sawyer\nNickel nine for your trouble\nIf you try to interrupt us while we hustle you will leave here a bleeder\nShort se\u00f1orita\nNot faithful, she's a cheater\nPart-time wife, part-time dick eater\nNiggas tryna creep\nRun up on my Jeep\nWe don't only sing it\nWe bring it where you sleep\n\n[Hook]\nI can hear sweat (x10)\nTrickling down your cheek\nI can hear sweat (x10)\nTrickling down your cheek\n\n[Verse 2: Jadakiss]\nSweat trickling down your cheek is a sign of fear\nSymbolizing your time is near\nYeah, especially when the toasters is right here\nThe objects in the mirror are closer than they appear\nHe don't even know that they peeping him through the scope\nSo scared you can see his heart beating right through his coat\nDo him dirty and put a .30-30 right through his throat\nSend the footage to Diddy let him premiere it on Revolt\nComing out of the sky, aerial assault\nI recommend you keep some pallbearers on call\nKingpins usually get a mural on the wall\nRegular niggas get a couple candles and that's all\nThey're similar, compare it\nIf the shoe fits, wear it\nMoney in the bank, dice game tryna air it\nOne clip, two niggas want it, let 'em share it\nAll you niggas is sweating, I can see it, I can hear it\n\n[Hook]\n\n[Verse 3: Freeway]\nAll eyes on me\nYeah nigga, all eyes on me\nYeah nigga, all eyes on me\nAll eyes on me\nToday I push the Beamer 750 but I used to want the GS3, want the GS3\nYeah, I spit the gift like St. Nick, add Nicholas like EST\nShout out to EST\nThem niggas want to spray me\nCan't fade me, can't play me like the PS3 (PS3)\nFuckboys ready to die, if you ain't bout that life then let us be\nLittle nigga better let us be\nThink I'm bluffing but I got an appetite for destruction\nMotherfuckers better let us eat, better let us eat\nVegetarian, I get to the lettuce\nThey never jam so I pick the berettas\nBack in '98 I had to stick the connect up\nFor the simple fact you wouldn't let us re\nRemember the time I was gone 'til November?\nThe cops had us locked, they wouldn't let us free\nI remember when the people wouldn't let us see\nNow the people won't let us breathe, won't let us breathe\nI remember when the people wouldn't let us come\nNow the people won't let us leave\nWe riders, and every time they think that they doubt us\nWe got another trick up our sleeve\n\n[Outro]\nWe got the streets on lock down\nWe got the streets on lock down\nWe got the streets on lock\nI think they love me like Pac now\nI think they love me like Pac now\nI think they love me like Pac\nAll eyes on me\n\n\n\n\n  ", 
        "pro": {
            "features": [
                "Jadakiss"
            ], 
            "producers": [
                "Girl Talk"
            ], 
            "blocks": {
                "verses": [
                    {
                        "header": "[Verse 1: Freeway]", 
                        "text hash": "ef89eb9fa850285eb826df0c970d673f", 
                        "artist": "Freeway", 
                        "text": "Three niggas, two nines apiece\nWe just tryna eat\nSo we fry the beef\nWe are the streets\nMy nigga young and from there\nHe there, Coco, beware\nWe will junk yard dog on your beats\nTrap niggas make rap niggas call police\nSweep the ratchet make Al Sharpton call for peace\nEven Funk Flex said it \"Free you are a beast\"\nWe wilin' in these streets 'til the day that Sig's released\nYoung Freezer the block leader\nThe rap star that pop heaters\nThe bearded lot is here to lock the rap game\nSome say I am not sane\nThose that know me say \"Freezer you have not changed\nEven though you switched from getting block change, you still G\"\nTrap star Freezer\nSqueeze off ninas\nWas hustling you was reading books 'bout Tom Sawyer\nNickel nine for your trouble\nIf you try to interrupt us while we hustle you will leave here a bleeder\nShort se\u00f1orita\nNot faithful, she's a cheater\nPart-time wife, part-time dick eater\nNiggas tryna creep\nRun up on my Jeep\nWe don't only sing it\nWe bring it where you sleep"
                    }, 
                    {
                        "header": "[Verse 2: Jadakiss]", 
                        "text hash": "33cf94b1e40cbca03ab68db53b7e4e01", 
                        "artist": "Jadakiss", 
                        "text": "Sweat trickling down your cheek is a sign of fear\nSymbolizing your time is near\nYeah, especially when the toasters is right here\nThe objects in the mirror are closer than they appear\nHe don't even know that they peeping him through the scope\nSo scared you can see his heart beating right through his coat\nDo him dirty and put a .30-30 right through his throat\nSend the footage to Diddy let him premiere it on Revolt\nComing out of the sky, aerial assault\nI recommend you keep some pallbearers on call\nKingpins usually get a mural on the wall\nRegular niggas get a couple candles and that's all\nThey're similar, compare it\nIf the shoe fits, wear it\nMoney in the bank, dice game tryna air it\nOne clip, two niggas want it, let 'em share it\nAll you niggas is sweating, I can see it, I can hear it"
                    }, 
                    {
                        "header": "[Verse 3: Freeway]", 
                        "text hash": "5f5c03f24c3f393f7f49943cd15d4797", 
                        "artist": "Freeway", 
                        "text": "All eyes on me\nYeah nigga, all eyes on me\nYeah nigga, all eyes on me\nAll eyes on me\nToday I push the Beamer 750 but I used to want the GS3, want the GS3\nYeah, I spit the gift like St. Nick, add Nicholas like EST\nShout out to EST\nThem niggas want to spray me\nCan't fade me, can't play me like the PS3 (PS3)\nFuckboys ready to die, if you ain't bout that life then let us be\nLittle nigga better let us be\nThink I'm bluffing but I got an appetite for destruction\nMotherfuckers better let us eat, better let us eat\nVegetarian, I get to the lettuce\nThey never jam so I pick the berettas\nBack in '98 I had to stick the connect up\nFor the simple fact you wouldn't let us re\nRemember the time I was gone 'til November?\nThe cops had us locked, they wouldn't let us free\nI remember when the people wouldn't let us see\nNow the people won't let us breathe, won't let us breathe\nI remember when the people wouldn't let us come\nNow the people won't let us leave\nWe riders, and every time they think that they doubt us\nWe got another trick up our sleeve"
                    }, 
                    {
                        "header": "[Outro]", 
                        "text hash": "da0be692dfe9acb215a5afb2346064b0", 
                        "artist": "Freeway", 
                        "text": "We got the streets on lock down\nWe got the streets on lock down\nWe got the streets on lock\nI think they love me like Pac now\nI think they love me like Pac now\nI think they love me like Pac\nAll eyes on me\n\n\n\n\n  "
                    }
                ], 
                "hooks": [
                    {
                        "header": "[Hook]", 
                        "text hash": "32b71a9a491e1b912d77b78302a08378", 
                        "artist": "Freeway", 
                        "text": "I can hear sweat (x10)\nTrickling down your cheek\nI can hear sweat (x10)\nTrickling down your cheek"
                    }
                ]
            }, 
            "order": [
                "[Produced by Girl Talk]", 
                "[Verse 1: Freeway]", 
                "[Hook]", 
                "[Verse 2: Jadakiss]", 
                "[Hook]", 
                "[Verse 3: Freeway]", 
                "[Outro]"
            ], 
            "artist": "Freeway"
        }
    }
}