{
    "Fettuccine": {
        "raw": "\n    \n  [Hook: Future]\nI got that fettuccine on me, I got that fettuccine\nI got that fettuccine on me, I got that fettuccine\nI got that fettuccine on me, now I spend it quick\nAin't fuck up on the cash with my bitch\nI got that fettuccine on me, I got that fettuccine\nI got that fettuccine on me, I got that fettuccine\nI got that fettuccine on me, now I spend it quick\nOrder up that Lambo, put me on the list\n\n[Verse One: Future]\nOrder up the Lamborghini, put me on the list\nAll the fettuccine, I can clone a bad bitch\nTake her out of Bakers, now she shop at Jeffrey's\nI'm on a roll, getting money, got a bad recession\nWhat type of nigga you know in the middle of the hood worth some tickets?\nWhat type of nigga you know sell out shows play with fishes?\nGucci, Louie, Prada, that's the way a nigga kick it\nI got a whole bird on me, nothing to be specific\nIce, ice, ice like I jumped in the Pacific water\nMoney, money, money and that shit coming in digits\nI got 50 cent on me on my way to Walt Disney\nThat's a whole 50 racks, young nigga with the business\n\n[Hook]\n\n[Verse Two: Pusha T]\nI got that fettuccine on me, tell me what you see\nYou can't be in Aldo standing next to me\nOut them bitches pronto, out that R&B\nHit Paris for that poncho, the G's sound like Z's\nGivenchy, veuve cli, menage a trois, c'est la vie\nI sell it all, he mail it all\nSlow gift wrap, need a Christmas card\nChampagne pour, I christen y'all\nYou niggas hating\nI'm lifting off in private jets\nWe peeling out\nIn them Porsche Panameras that we wheeling out\n\n[Hook]\n\n[Verse Three: Emilio Rojas]\nI look a bitch in her ass 'fore I look a bitch in her eye\nI see the bitch in y'all swag, I give a fuck if y'all fly\nI'm cheap though, I'm staying paid, I'mma make it rain\nAnd I'mma take the train, I'm Latino, got razor blades\nOkay chico but it ain't to shave, I got pesos, I got pesos\nBad hoes by the caseload and she gonna get a face full\nAnd she gonna get a face full so pardon if the kid narcissistic\nI'm shining bright, it'd be hard to miss it, I heard y'all in Target\nThrifting while I'm buying out the whole Garment District\nNo room in the whole room, don't clean clothes\nI hit show room, she's anorexic, no food\nSo it's half the check up in Noble, I got bad habits and good habits\nCheat a lot cause I'm good at it, fuck a bitch for her bank account\nWhen I'm done with it, the whole hood have it\n\n[Hook]\n\n\n\n\n  ", 
        "pro": {
            "features": [
                "Emilio Rojas", 
                "Pusha T"
            ], 
            "blocks": {
                "verses": [
                    {
                        "header": "[Verse One: Future]", 
                        "text hash": "d92e55577b81333c2bba42fcb93ef682", 
                        "artist": "Future", 
                        "text": "Order up the Lamborghini, put me on the list\nAll the fettuccine, I can clone a bad bitch\nTake her out of Bakers, now she shop at Jeffrey's\nI'm on a roll, getting money, got a bad recession\nWhat type of nigga you know in the middle of the hood worth some tickets?\nWhat type of nigga you know sell out shows play with fishes?\nGucci, Louie, Prada, that's the way a nigga kick it\nI got a whole bird on me, nothing to be specific\nIce, ice, ice like I jumped in the Pacific water\nMoney, money, money and that shit coming in digits\nI got 50 cent on me on my way to Walt Disney\nThat's a whole 50 racks, young nigga with the business"
                    }, 
                    {
                        "header": "[Verse Two: Pusha T]", 
                        "text hash": "273e37d98dbb39e9138aa1d931800394", 
                        "artist": "Pusha T", 
                        "text": "I got that fettuccine on me, tell me what you see\nYou can't be in Aldo standing next to me\nOut them bitches pronto, out that R&B\nHit Paris for that poncho, the G's sound like Z's\nGivenchy, veuve cli, menage a trois, c'est la vie\nI sell it all, he mail it all\nSlow gift wrap, need a Christmas card\nChampagne pour, I christen y'all\nYou niggas hating\nI'm lifting off in private jets\nWe peeling out\nIn them Porsche Panameras that we wheeling out"
                    }, 
                    {
                        "header": "[Verse Three: Emilio Rojas]", 
                        "text hash": "df528cf3457403a2a0a5318af8340913", 
                        "artist": "Emilio Rojas", 
                        "text": "I look a bitch in her ass 'fore I look a bitch in her eye\nI see the bitch in y'all swag, I give a fuck if y'all fly\nI'm cheap though, I'm staying paid, I'mma make it rain\nAnd I'mma take the train, I'm Latino, got razor blades\nOkay chico but it ain't to shave, I got pesos, I got pesos\nBad hoes by the caseload and she gonna get a face full\nAnd she gonna get a face full so pardon if the kid narcissistic\nI'm shining bright, it'd be hard to miss it, I heard y'all in Target\nThrifting while I'm buying out the whole Garment District\nNo room in the whole room, don't clean clothes\nI hit show room, she's anorexic, no food\nSo it's half the check up in Noble, I got bad habits and good habits\nCheat a lot cause I'm good at it, fuck a bitch for her bank account\nWhen I'm done with it, the whole hood have it"
                    }
                ], 
                "hooks": [
                    {
                        "header": "[Hook: Future]", 
                        "text hash": "a0327f744a2b4650a130336e8fa6b112", 
                        "artist": "Future", 
                        "text": "I got that fettuccine on me, I got that fettuccine\nI got that fettuccine on me, I got that fettuccine\nI got that fettuccine on me, now I spend it quick\nAin't fuck up on the cash with my bitch\nI got that fettuccine on me, I got that fettuccine\nI got that fettuccine on me, I got that fettuccine\nI got that fettuccine on me, now I spend it quick\nOrder up that Lambo, put me on the list"
                    }
                ]
            }, 
            "order": [
                "[Hook: Future]", 
                "[Verse One: Future]", 
                "[Hook]", 
                "[Verse Two: Pusha T]", 
                "[Hook]", 
                "[Verse Three: Emilio Rojas]", 
                "[Hook]"
            ], 
            "artist": "Future"
        }
    },
    "Move That Dope (Radio Edit)": {
        "raw": "\n    \n  [Intro: Pusha T]\nReal dope dealers for real!\nHaha! Hahaha\n\n[Hook: Future] (x2)\nYoung nigga move that dope\nYoung nigga move that dope\nAye move that dope, aye move that dope\nYoung nigga move that dope\nYoung nigga, y'all nigga move that dope\nYoung nigga move that dope\nAye move that dope, Aye move that dope\nYoung nigga move that dope\n\n[Verse 1: Future]\nWhippin' the yam, whippin and flippin' the yam\nTurn the whole brick to a Lam\nRe-rockin' the dope, soon as it get off the boat\nKeepin' it soft like a mink\nGold on my link, coke in the sink\nChoppin' that work like karate\nServin' a new Maserati, in a brand new Maserati\nThat's a whole lot of new money\nSnatch it, then hide it from the 12\nMovin' them squares and them bales, servin' the rawest of yayo\nBeating that china like Kunta Kinte\nWhippin' it, whippin' that fish and Parkay\nDrinkin' on syrup, I'm rollin' up\nMade myself a boss, a boss and a plug\nEither way you put it, nigga, I'm good\nTriple salute, nigga, straight out the hood\nBakin' soda water splash the scales\nFork in my right and my pot in my left\nLeanin' over, over to the side, I whip me a four way to a nine\nThe dirty, the money is homicide and my recipe can't be televised\n\n[Hook]\n\n[Verse 2: Pusha T]\nYoung enough to still sell dope, but old enough that I knows better\nWhen they sayin' it's 42 for that white powder, I knows better\nGet it nigga? I nose better, put a smile on the devil's face\nWho don't wanna sell dope forever and flood their Rollie 'till the bezel break?\nWoo! Fish scale in the two-door that I fish-tails\nFiberglass, Ferrari leather, in designer shit that I misspell\nYUGHH! Look at the clues, the J's, the jewels, I'm actin' a monkey\nFrom sixteen years old, I'm whippin' in kitchens, fuckin' my junkies\nPablo, Versace way before Migos\nMy dinner plates, no silverware, all you niggas my hijos\nToss a kilo like a free throw, crack house, it had the peephole\nMade it through to the other side, now nothing's big as my ego, Push\n\n[Hook]\n\n[Verse 3: Pharrell]\nMe, I try to leave the best for later\nBut Pusha tried to put me on the respirator\nThe old Skateboard P, that's your favorite\nMe and twenty girls doin' yoga naked\nFrequency high, like a spaceship\nShe say that she like it and she's been exposed\nThe Gandalf hat and the weird ass clothes\nThat's Comme des Gar\u00e7ons and the Buffalo\nYoung nigga move that dope, boy\nP move that ho\nWhen I move that rope, I could move your ho\nWhen she hear the motherfucker know from her throat\nWhen I sing la-la-la, LaFerrari\nRed-on-red like the Imperial Army\nMamis, I am sorry, that was just my ego on me, uh\nWomen's my army, surrounded they always be on me\nJust want a piece like they Gandhi\nClose my eyes, pray to the omni-nificent\nJust to wake up the insomni-niacs\nLet me help you lift your shit\nGet it right and ignite your shit\nSee it, build it, sell it, IPO but don't swipe your shit\n\n[Hook]\n\n\n\n\n  ", 
        "pro": {
            "features": [
                "Pharrell Williams", 
                "Pusha T"
            ], 
            "producers": [
                "Mike WiLL Made It"
            ], 
            "blocks": {
                "verses": [
                    {
                        "header": "[Verse 1: Future]", 
                        "text hash": "f79762391b564b80a2416d35a5a0ad27", 
                        "artist": "Future", 
                        "text": "Whippin' the yam, whippin and flippin' the yam\nTurn the whole brick to a Lam\nRe-rockin' the dope, soon as it get off the boat\nKeepin' it soft like a mink\nGold on my link, coke in the sink\nChoppin' that work like karate\nServin' a new Maserati, in a brand new Maserati\nThat's a whole lot of new money\nSnatch it, then hide it from the 12\nMovin' them squares and them bales, servin' the rawest of yayo\nBeating that china like Kunta Kinte\nWhippin' it, whippin' that fish and Parkay\nDrinkin' on syrup, I'm rollin' up\nMade myself a boss, a boss and a plug\nEither way you put it, nigga, I'm good\nTriple salute, nigga, straight out the hood\nBakin' soda water splash the scales\nFork in my right and my pot in my left\nLeanin' over, over to the side, I whip me a four way to a nine\nThe dirty, the money is homicide and my recipe can't be televised"
                    }, 
                    {
                        "header": "[Verse 2: Pusha T]", 
                        "text hash": "bf4c85bd1d123c4344e052b6b270d1b4", 
                        "artist": "Pusha T", 
                        "text": "Young enough to still sell dope, but old enough that I knows better\nWhen they sayin' it's 42 for that white powder, I knows better\nGet it nigga? I nose better, put a smile on the devil's face\nWho don't wanna sell dope forever and flood their Rollie 'till the bezel break?\nWoo! Fish scale in the two-door that I fish-tails\nFiberglass, Ferrari leather, in designer shit that I misspell\nYUGHH! Look at the clues, the J's, the jewels, I'm actin' a monkey\nFrom sixteen years old, I'm whippin' in kitchens, fuckin' my junkies\nPablo, Versace way before Migos\nMy dinner plates, no silverware, all you niggas my hijos\nToss a kilo like a free throw, crack house, it had the peephole\nMade it through to the other side, now nothing's big as my ego, Push"
                    }, 
                    {
                        "header": "[Verse 3: Pharrell]", 
                        "text hash": "5de9d7a07432ff5378094a0457eecddf", 
                        "artist": "Pharrell", 
                        "text": "Me, I try to leave the best for later\nBut Pusha tried to put me on the respirator\nThe old Skateboard P, that's your favorite\nMe and twenty girls doin' yoga naked\nFrequency high, like a spaceship\nShe say that she like it and she's been exposed\nThe Gandalf hat and the weird ass clothes\nThat's Comme des Gar\u00e7ons and the Buffalo\nYoung nigga move that dope, boy\nP move that ho\nWhen I move that rope, I could move your ho\nWhen she hear the motherfucker know from her throat\nWhen I sing la-la-la, LaFerrari\nRed-on-red like the Imperial Army\nMamis, I am sorry, that was just my ego on me, uh\nWomen's my army, surrounded they always be on me\nJust want a piece like they Gandhi\nClose my eyes, pray to the omni-nificent\nJust to wake up the insomni-niacs\nLet me help you lift your shit\nGet it right and ignite your shit\nSee it, build it, sell it, IPO but don't swipe your shit"
                    }
                ], 
                "hooks": [
                    {
                        "header": "[Hook: Future]", 
                        "text hash": "1357e19e466325a60e0a1f92245365f6", 
                        "artist": "Future", 
                        "text": " (x2)\nYoung nigga move that dope\nYoung nigga move that dope\nAye move that dope, aye move that dope\nYoung nigga move that dope\nYoung nigga, y'all nigga move that dope\nYoung nigga move that dope\nAye move that dope, Aye move that dope\nYoung nigga move that dope"
                    }
                ], 
                "intro": [
                    {
                        "header": "[Intro: Pusha T]", 
                        "text hash": "684af0b7c7083fcb06fc6905e0ae51e9", 
                        "artist": "Pusha T", 
                        "text": "Real dope dealers for real!\nHaha! Hahaha"
                    }
                ]
            }, 
            "order": [
                "[Intro: Pusha T]", 
                "[Verse 1: Future]", 
                "[Hook]", 
                "[Verse 2: Pusha T]", 
                "[Hook]", 
                "[Verse 3: Pharrell]", 
                "[Hook]"
            ], 
            "artist": "Future"
        }
    },
    "Move That Dope": {
        "raw": "\n    \n  [Produced by Mike WiLL Made It]\n\n[Intro: Pusha T]\nReal dope dealers for real!\nHaha! Hahaha\n\n[Hook: Future] (x2)\nYoung nigga move that dope\nYoung nigga move that dope\nAye move that dope, aye move that dope\nYoung nigga move that dope\nYoung nigga, young nigga move that dope\nYoung nigga move that dope\nAye move that dope, Aye move that dope\nYoung nigga move that dope\n\n[Verse 1: Future]\nWhippin' the yam, whippin and flippin' the yam\nTurn the whole brick to a Lam\nRe-rockin' the dope, soon as it get off the boat\nKeepin' it soft like a mink\nGold on my link, coke in the sink\nChoppin' that work like karate\nServin' a new Maserati, in a brand new Maserati\nThat's a whole lot of new money\nSnatch it, then hide it from the 12\nMovin' them squares and them bales, servin' the rawest of yayo\nBeating that china like Kunta Kinte\nWhippin' it, whippin' that fish and Parkay\nDrinkin' on syrup, I'm rollin' up haze\nMade myself a boss, a boss and a plug\nEither way you put it, nigga, I'm good\nTriple salute, nigga, straight out the hood\nBakin' soda water splash the scales\nFork in my right and my pot in my left\nLeanin' all the way over to the side, I whip me a four way to a nine\nThe dirty, the money is homicide and my recipe can't be televised\n\n[Hook]\n\n[Verse 2: Pusha T]\nYoung enough to still sell dope, but old enough that I knows better\nWhen they sayin' it's 42 for that white powder, I knows better\nGet it nigga? I nose better, put a smile on the devil's face\nWho don't wanna sell dope forever and flood their Rollie 'till the bezel break?\nWoo! Fish scale in the two-door that I fish-tails\nFiberglass, Ferrari leather, in designer shit that I misspell\nYUGHH! Look at the clues, the J's, the jewels, I'm actin' a monkey\nFrom sixteen years old, I'm whippin' in kitchens, fuckin' my junkies\nPablo, Versace way before Migos\nMy dinner plates, no silverware, all you niggas my hijos\nToss a kilo like a free throw, crack house, it had the peephole\nMade it through to the other side, now nothing's big as my ego, Push\n\n[Hook]\n\n[Verse 3: Pharrell]\nMe, I try to leave the best for later\nBut Pusha tried to put me on the respirator\nThe old Skateboard P, that's your favorite\nMe and twenty girls doin' yoga naked\nFrequency high, like a spaceship\nShe say that she like it and she's been exposed\nThe Gandalf hat and the weird ass clothes\nThat's Comme des Gar\u00e7ons and the Buffalo\nI know guerrillas with the triggers that's on a banana clip\nAnd packin' with the biggest missiles\nThese niggas is knocking over vehicles\nThese niggas ain't waitin' just to see niggas\nThese niggas ain't tryna hear plea niggas\nThese niggas like choppin' down trees, niggas\nThese niggas 1-2-3 and they squeeze, niggas\nThese niggas hit the weed then they lean niggas, gee, nigga\nIf you got two hoes, you need to let one go\nTwo Lambos, you need to let one go\nAll these drones while y'all smoke dro\nThere's an eye in the sky, I'm tryna let y'all know\nAin't no standards, I'ma set one though\nBig ass bag but no man sandals\nAll that war, we need to let that go\nThat boom business, I'ma get that ho\n\n[Hook]\n\n[Verse 4: Casino]\nYoung nigga got that coke, whip that dope like a bad child\nHow you think about that coupe, with no roof? Young nigga cashed out\nPopped so many Percs, popped so many Zans, young nigga 'bout to pass out\n12 jump behind me, I got some in the car, young nigga 'bout to smash out\nMigo hit that line, say he got some bricks, young fresh, 'bout to buy 'em out\nQuikTrip 'round the corner, dropped a nine\nGot the J's in the lunch line smokin' iron\nCocaine, cocaine cowboy, like Mickey Munday\nTake over the project, whip a line, me no wait\nI keep a 45 in my coat, while I'm servin' dope\nThe J's in my hood smoke that crack, say it give 'em hope\nServe a nigga whole brick, he hopin' that it come and go\nYoung nigga tricked up, now he spendin' that money with Casino!\n\n[Hook]\n\n\n\n\n  ", 
        "pro": {
            "features": [
                "Casino", 
                "Pharrell Williams", 
                "Pusha T"
            ], 
            "producers": [
                "Mike WiLL Made It"
            ], 
            "blocks": {
                "verses": [
                    {
                        "header": "[Verse 1: Future]", 
                        "text hash": "1560907471722a1fd203ce6cd6d784ed", 
                        "artist": "Future", 
                        "text": "Whippin' the yam, whippin and flippin' the yam\nTurn the whole brick to a Lam\nRe-rockin' the dope, soon as it get off the boat\nKeepin' it soft like a mink\nGold on my link, coke in the sink\nChoppin' that work like karate\nServin' a new Maserati, in a brand new Maserati\nThat's a whole lot of new money\nSnatch it, then hide it from the 12\nMovin' them squares and them bales, servin' the rawest of yayo\nBeating that china like Kunta Kinte\nWhippin' it, whippin' that fish and Parkay\nDrinkin' on syrup, I'm rollin' up haze\nMade myself a boss, a boss and a plug\nEither way you put it, nigga, I'm good\nTriple salute, nigga, straight out the hood\nBakin' soda water splash the scales\nFork in my right and my pot in my left\nLeanin' all the way over to the side, I whip me a four way to a nine\nThe dirty, the money is homicide and my recipe can't be televised"
                    }, 
                    {
                        "header": "[Verse 2: Pusha T]", 
                        "text hash": "bf4c85bd1d123c4344e052b6b270d1b4", 
                        "artist": "Pusha T", 
                        "text": "Young enough to still sell dope, but old enough that I knows better\nWhen they sayin' it's 42 for that white powder, I knows better\nGet it nigga? I nose better, put a smile on the devil's face\nWho don't wanna sell dope forever and flood their Rollie 'till the bezel break?\nWoo! Fish scale in the two-door that I fish-tails\nFiberglass, Ferrari leather, in designer shit that I misspell\nYUGHH! Look at the clues, the J's, the jewels, I'm actin' a monkey\nFrom sixteen years old, I'm whippin' in kitchens, fuckin' my junkies\nPablo, Versace way before Migos\nMy dinner plates, no silverware, all you niggas my hijos\nToss a kilo like a free throw, crack house, it had the peephole\nMade it through to the other side, now nothing's big as my ego, Push"
                    }, 
                    {
                        "header": "[Verse 3: Pharrell]", 
                        "text hash": "9228f6321df0b9b478caf1ae9d1ce759", 
                        "artist": "Pharrell", 
                        "text": "Me, I try to leave the best for later\nBut Pusha tried to put me on the respirator\nThe old Skateboard P, that's your favorite\nMe and twenty girls doin' yoga naked\nFrequency high, like a spaceship\nShe say that she like it and she's been exposed\nThe Gandalf hat and the weird ass clothes\nThat's Comme des Gar\u00e7ons and the Buffalo\nI know guerrillas with the triggers that's on a banana clip\nAnd packin' with the biggest missiles\nThese niggas is knocking over vehicles\nThese niggas ain't waitin' just to see niggas\nThese niggas ain't tryna hear plea niggas\nThese niggas like choppin' down trees, niggas\nThese niggas 1-2-3 and they squeeze, niggas\nThese niggas hit the weed then they lean niggas, gee, nigga\nIf you got two hoes, you need to let one go\nTwo Lambos, you need to let one go\nAll these drones while y'all smoke dro\nThere's an eye in the sky, I'm tryna let y'all know\nAin't no standards, I'ma set one though\nBig ass bag but no man sandals\nAll that war, we need to let that go\nThat boom business, I'ma get that ho"
                    }, 
                    {
                        "header": "[Verse 4: Casino]", 
                        "text hash": "6318103fc96cc47904626efedcb5cd56", 
                        "artist": "Casino", 
                        "text": "Young nigga got that coke, whip that dope like a bad child\nHow you think about that coupe, with no roof? Young nigga cashed out\nPopped so many Percs, popped so many Zans, young nigga 'bout to pass out\n12 jump behind me, I got some in the car, young nigga 'bout to smash out\nMigo hit that line, say he got some bricks, young fresh, 'bout to buy 'em out\nQuikTrip 'round the corner, dropped a nine\nGot the J's in the lunch line smokin' iron\nCocaine, cocaine cowboy, like Mickey Munday\nTake over the project, whip a line, me no wait\nI keep a 45 in my coat, while I'm servin' dope\nThe J's in my hood smoke that crack, say it give 'em hope\nServe a nigga whole brick, he hopin' that it come and go\nYoung nigga tricked up, now he spendin' that money with Casino!"
                    }
                ], 
                "hooks": [
                    {
                        "header": "[Hook: Future]", 
                        "text hash": "785576ceceabe2e40815e69e30373097", 
                        "artist": "Future", 
                        "text": " (x2)\nYoung nigga move that dope\nYoung nigga move that dope\nAye move that dope, aye move that dope\nYoung nigga move that dope\nYoung nigga, young nigga move that dope\nYoung nigga move that dope\nAye move that dope, Aye move that dope\nYoung nigga move that dope"
                    }
                ], 
                "intro": [
                    {
                        "header": "[Intro: Pusha T]", 
                        "text hash": "684af0b7c7083fcb06fc6905e0ae51e9", 
                        "artist": "Pusha T", 
                        "text": "Real dope dealers for real!\nHaha! Hahaha"
                    }
                ]
            }, 
            "order": [
                "[Produced by Mike WiLL Made It]", 
                "[Intro: Pusha T]", 
                "[Verse 1: Future]", 
                "[Hook]", 
                "[Verse 2: Pusha T]", 
                "[Hook]", 
                "[Verse 3: Pharrell]", 
                "[Hook]", 
                "[Verse 4: Casino]", 
                "[Hook]"
            ], 
            "artist": "Future"
        }
    },
    "Karate Chop (RichMix)": {
        "raw": "\n    \n  [Intro: Future]\nYou know... this just some real nigga shit\nA real nigga story, ya know what I'm sayin'?\n\n[Hook: Future]\nSlang a, bunch of, nar-cotics\nPull up, in the, new, 'rarri\nLivin', like, John, Gotti\nChoppin', bricks, like ka-rate\nDrink a, bunch of, co-deine\nServin', to the, dope, fiends\nBlowin', money, stay, clean\nMichael, Jackson, +Billy, Jean+\n\n[Future]\nGot a, Pana-mera, round a, young, nigga, neck\nGot a, young, bitch, pullin', up, in a, vet\nSmoke a, lot of, kush, and I, have a, lot of, sex\nHad to, beat the, grind, up, ran, up my, check\nBitch, nigga, get, money, nigga, get, that\nRoll a, blunt of, chronic, nigga, sell a, lot of, crack\nYou can, hit a, nigga, line, order, what you, want\nI can, whoop a, Mase-rati, pullin', up a, donk\n50, 000, on yo, watch, young, nigga, splurge\nPop a, Ace of, Spade, bottle, sip a, lot of, syrup\nKeep a, young, nigga, workin', gotta, buss a, cape\nI'mma, take a, phone, call, hustle, every, day\n\n[Hook]\n\n[Rick Ross]\nHUH! Hustle like I'm Makaveli\nDollar signs tatted on my back and belly\nDollar grind, bought a line, nigga rich\nTrappa money, look at what this nigga did\nType of paper, look at what this nigga got\nAll this cars gon make another nigga hot\nLookin for love, but do you really want a thug?\nI'm talkin white cause I really got a club\n\n[Hook]\n\n[Birdman]\nMoney proof... Rich Gang\nSwaggin'...\n\nSupermodels, poppin' bottles, livin' on them hills\nBad bitches out'chea poppin pills\nGet it, how the, fuck we, live\nNew whip, nigga drop another fuckin' mil\nStunnin' while we servin'\nNew bricks, new ships, 'nother Birdman\nStayed loyal, and we kept it real\nBack against the wall on that killing field\nBLAAAT~!\n\n[French Montana]\nSKEEEET~! Uh\nRidin' in that ghost, hammer on my lap\nMake enough money, bring Hammer back\nKarate chopped that Miley Cyrus\nNigga, don't make me go and dress yo' stylist\nBroke brick, dope fiends\nWrapped up, Daddy Yankee, +Gasoline+\nBeen doing shit you've never seen\nMichael Jackson, strapped up, +Billy Jean+\n\n[Hook]\n\n[Birdman - over Hook]\nRich Gang gangstas\nLa familia... my nigga, Future\nAll day, everyday\nPoppin' that GT, livin' that life\nYeah, higher than we ever been, boy\nOne hunnid\n\n\n\n\n  ", 
        "pro": {
            "features": [
                "Birdman", 
                "French Montana", 
                "Rick Ross"
            ], 
            "blocks": {
                "verses": [
                    {
                        "header": "[Future]", 
                        "text hash": "e740bd28b3579ea666f78b8782541798", 
                        "artist": "Future", 
                        "text": "Got a, Pana-mera, round a, young, nigga, neck\nGot a, young, bitch, pullin', up, in a, vet\nSmoke a, lot of, kush, and I, have a, lot of, sex\nHad to, beat the, grind, up, ran, up my, check\nBitch, nigga, get, money, nigga, get, that\nRoll a, blunt of, chronic, nigga, sell a, lot of, crack\nYou can, hit a, nigga, line, order, what you, want\nI can, whoop a, Mase-rati, pullin', up a, donk\n50, 000, on yo, watch, young, nigga, splurge\nPop a, Ace of, Spade, bottle, sip a, lot of, syrup\nKeep a, young, nigga, workin', gotta, buss a, cape\nI'mma, take a, phone, call, hustle, every, day"
                    }, 
                    {
                        "header": "[Rick Ross]", 
                        "text hash": "d427fdec5a6cf65382ffd3304f89d872", 
                        "artist": "Rick Ross", 
                        "text": "HUH! Hustle like I'm Makaveli\nDollar signs tatted on my back and belly\nDollar grind, bought a line, nigga rich\nTrappa money, look at what this nigga did\nType of paper, look at what this nigga got\nAll this cars gon make another nigga hot\nLookin for love, but do you really want a thug?\nI'm talkin white cause I really got a club"
                    }, 
                    {
                        "header": "[Birdman]", 
                        "text hash": "d772a3998e49949012ae8b1c9986bc98", 
                        "artist": "Birdman", 
                        "text": "Money proof... Rich Gang\nSwaggin'...\n\nSupermodels, poppin' bottles, livin' on them hills\nBad bitches out'chea poppin pills\nGet it, how the, fuck we, live\nNew whip, nigga drop another fuckin' mil\nStunnin' while we servin'\nNew bricks, new ships, 'nother Birdman\nStayed loyal, and we kept it real\nBack against the wall on that killing field\nBLAAAT~!"
                    }, 
                    {
                        "header": "[French Montana]", 
                        "text hash": "644973dd0a90f9b07b24c279ce356866", 
                        "artist": "French Montana", 
                        "text": "SKEEEET~! Uh\nRidin' in that ghost, hammer on my lap\nMake enough money, bring Hammer back\nKarate chopped that Miley Cyrus\nNigga, don't make me go and dress yo' stylist\nBroke brick, dope fiends\nWrapped up, Daddy Yankee, +Gasoline+\nBeen doing shit you've never seen\nMichael Jackson, strapped up, +Billy Jean+"
                    }
                ], 
                "hooks": [
                    {
                        "header": "[Hook: Future]", 
                        "text hash": "72cda12462567add1d86de84f34dd1c5", 
                        "artist": "Future", 
                        "text": "Slang a, bunch of, nar-cotics\nPull up, in the, new, 'rarri\nLivin', like, John, Gotti\nChoppin', bricks, like ka-rate\nDrink a, bunch of, co-deine\nServin', to the, dope, fiends\nBlowin', money, stay, clean\nMichael, Jackson, +Billy, Jean+"
                    }, 
                    {
                        "header": "[Birdman - over Hook]", 
                        "text hash": "bca9904d957f288963af4846436a6405", 
                        "artist": "Birdman", 
                        "text": "Rich Gang gangstas\nLa familia... my nigga, Future\nAll day, everyday\nPoppin' that GT, livin' that life\nYeah, higher than we ever been, boy\nOne hunnid\n\n\n\n\n  "
                    }
                ], 
                "intro": [
                    {
                        "header": "[Intro: Future]", 
                        "text hash": "452a1fc49fd6e30d3d96dec6d71514bb", 
                        "artist": "Future", 
                        "text": "You know... this just some real nigga shit\nA real nigga story, ya know what I'm sayin'?"
                    }
                ]
            }, 
            "order": [
                "[Intro: Future]", 
                "[Hook: Future]", 
                "[Future]", 
                "[Hook]", 
                "[Rick Ross]", 
                "[Hook]", 
                "[Birdman]", 
                "[French Montana]", 
                "[Hook]", 
                "[Birdman - over Hook]"
            ], 
            "artist": "Future"
        }
    },
    "Rock Star (Remix)": {
        "raw": "\n    \n  [Hook: Future]\nAll my ice and all my trees, all my bitches in love with me\nRock star life, the life we lead, surrounded by rock stars\nMy niggas rocking gold like we're stuck back in the 80's\nI seen my first M and damn near went crazy\nI went and bought a Ghost and tried to crash a Mercedes\nI fucked this nigga ho and almost made her my lady, hey\nAll my ice and all my trees, all my bitches in love with me\nRock star life, the life we lead, surrounded by a bunch of stars\n\n[Verse 1: French Montana]\nStarted slingin' dope, momma looked at me crazy\nUntil I paid the rent, then she called me her baby\nI tried to cop a Bent, that shit cost about eighty\nAnd then I flipped a brick, broke that shit down to eights\nHey, cause all niggas slinging dope\nPray for the star, blowing smoke\nThey say they gon\u2019 ride with me, no you won\u2019t\nBlowing money fast, and we blowin\u2019 smoke\nOG from California, sneeze and they run up on ya\nNiggas freeze like they got pneumonia\nKeep your lames, man, we don't want 'em\nCause those fake jewels we can\u2019t pawn\nYoung niggas going crazy, have a mill for I have a baby, Montana baby\n\n[Hook: Future]\n\n\n\n\n  ", 
        "pro": {
            "features": [
                "French Montana"
            ], 
            "blocks": {
                "verses": [
                    {
                        "header": "[Verse 1: French Montana]", 
                        "text hash": "4738b39505947b9c870531420bcf2027", 
                        "artist": "French Montana", 
                        "text": "Started slingin' dope, momma looked at me crazy\nUntil I paid the rent, then she called me her baby\nI tried to cop a Bent, that shit cost about eighty\nAnd then I flipped a brick, broke that shit down to eights\nHey, cause all niggas slinging dope\nPray for the star, blowing smoke\nThey say they gon\u2019 ride with me, no you won\u2019t\nBlowing money fast, and we blowin\u2019 smoke\nOG from California, sneeze and they run up on ya\nNiggas freeze like they got pneumonia\nKeep your lames, man, we don't want 'em\nCause those fake jewels we can\u2019t pawn\nYoung niggas going crazy, have a mill for I have a baby, Montana baby"
                    }
                ], 
                "hooks": [
                    {
                        "header": "[Hook: Future]", 
                        "text hash": "9fc679ea8c75f63c8546f39b3f28d5ab", 
                        "artist": "Future", 
                        "text": "All my ice and all my trees, all my bitches in love with me\nRock star life, the life we lead, surrounded by rock stars\nMy niggas rocking gold like we're stuck back in the 80's\nI seen my first M and damn near went crazy\nI went and bought a Ghost and tried to crash a Mercedes\nI fucked this nigga ho and almost made her my lady, hey\nAll my ice and all my trees, all my bitches in love with me\nRock star life, the life we lead, surrounded by a bunch of stars"
                    }
                ]
            }, 
            "order": [
                "[Hook: Future]", 
                "[Verse 1: French Montana]", 
                "[Hook: Future]"
            ], 
            "artist": "Future"
        }
    }
}