{
    "Big Body Benz": {
        "raw": "\n    \n  [Intro: Kidd Kidd]\nRemember when nigga used to pay bingo? Like yo man, bingo man, that's my call for real\n\n[Verse 1: Kidd Kidd]\nKillers don't have no conscience, blat, won't think about it\nTrap up in them houses, rats, they Mickey Mouses\nGats up in their trousers\nMa came in and gave me a slap\nSaid she found all that crack under her couches\nI can't sleep, Fred Kruger in my dreams\nCall niggas a machines, all ya'll work for me\nAnd I'd rather work a triple beam than at Burger King\nRob you for your bling bling, give me all your ching ching\nFlip your pockets from your jeans, make sure I got everything\nBefore I leave, life's a bitch, and we just havin' a fling\nMan this chrome is like a phone, better answer it when it rings\nLet it ring 'til it click, empty clip\nYou can smell me and see I've been through some shit\nWith my clique\nM-Zone, Rida Gang, now these hoes gon' ride the dick\nIt's because of street fame these bitches know what it is\nThey gone say I'm doing my thing when I pull up in that six\nLord knows\n\n[Hook x2: Kidd Kidd + (50 Cent)]\nAll I ever wanted was a big body Benz\nBig body Benz, big body Benz\nAll I ever wanted was a big body Benz, big body Benz\n(And a clean set of rims)\n\n[Verse 2: 50 Cent]\nPushin' coke and bought them Regals and them large DeVilles\nThen they got them vapor bitches, I'm like this for real?\nMe, I want that big Benz with the emblem in the grill\nStart packin' the steel, lettin' niggas know the deal\nI want that shit so bad, start thinkin' 'who I got to kill?'\nThat's how a nigga feel when we out there in the field\nThat Glock was pumpin', paper comin', how can niggas chill?\nBarrel link manage gold teeth, put gold all in my grill\nShoot out shit, I rob your bitch, I use her as a shield\nShit look at the wheels, whooo, look at the wheels\nChrome two piece Lorenzos got me lookin' like a mil\nPeace called, if you wanna talk then later we can build\n\n[Hook x2: Kidd Kidd + (50 Cent)]\nAll I ever wanted was a big body Benz\nBig body Benz, big body Benz\nAll I ever wanted was a big body Benz, big body Benz\n(And a clean set of rims)\n\n[Verse 3: Lloyd Banks]\nSittin' back in my new AMG, smokin' with 2 thou' 15\nGolden wrist, few pounds of green\nPark this shit, shoot down your teams\nNow it seems, oh so clear through Beams\nFlow so dope, I lean\nFuck you mean? Lucky that you breathe\nChoke the leaf\nFocus through my new designer lens\nTell her not her friends\nBeaucoup dollars spent, new jewels line 'em in\nToo cool time to win, I'm on top again\nYou gon' chop me off and 'scuse me out?\nBullshit you about, front, them Rugers out\nFace the sword, no risk, no reward\nPeace talk won't go nowhere, gets ignored\nPrice you can't afford, white man at your courts\nGet you more, right here like before\nSeen it all my life shit end like this\nCome back filthy rich, still not guilty, bitch\n\n[Hook x2: Kidd Kidd + (50 Cent)]\nAll I ever wanted was a big body Benz\nBig body Benz, big body Benz\nAll I ever wanted was a big body Benz, big body Benz\n(And a clean set of rims)\n\n[Outro: Kidd Kidd]\nNigga nah mean? Dreams, street dreams, yah feel me? Free PJ, free my lil' homie Chucky, yah know I'm sayin'? Straight up and down, man. Free my nigga [?] just caught 10, yah feel that? Damn, shit real, man. We just was all real niggas man, just out here chasin' our dreams, man. Everybody wanna be fly, everybody wanna live flashy. You know I'm sayin'? It's all about feedin' the fam, man. Straight up and down, so we gon' do whatever it takes to get it\n\n\n\n\n  ", 
        "pro": {
            "features": [
                "50 Cent", 
                "Kidd Kidd", 
                "Lloyd Banks"
            ], 
            "blocks": {
                "verses": [
                    {
                        "header": "[Verse 1: Kidd Kidd]", 
                        "text hash": "8896ea2eaad43b072e3fed18f93a680a", 
                        "artist": "Kidd Kidd", 
                        "text": "Killers don't have no conscience, blat, won't think about it\nTrap up in them houses, rats, they Mickey Mouses\nGats up in their trousers\nMa came in and gave me a slap\nSaid she found all that crack under her couches\nI can't sleep, Fred Kruger in my dreams\nCall niggas a machines, all ya'll work for me\nAnd I'd rather work a triple beam than at Burger King\nRob you for your bling bling, give me all your ching ching\nFlip your pockets from your jeans, make sure I got everything\nBefore I leave, life's a bitch, and we just havin' a fling\nMan this chrome is like a phone, better answer it when it rings\nLet it ring 'til it click, empty clip\nYou can smell me and see I've been through some shit\nWith my clique\nM-Zone, Rida Gang, now these hoes gon' ride the dick\nIt's because of street fame these bitches know what it is\nThey gone say I'm doing my thing when I pull up in that six\nLord knows"
                    }, 
                    {
                        "header": "[Verse 2: 50 Cent]", 
                        "text hash": "c084464349a6da54dfad794d923d39af", 
                        "artist": "50 Cent", 
                        "text": "Pushin' coke and bought them Regals and them large DeVilles\nThen they got them vapor bitches, I'm like this for real?\nMe, I want that big Benz with the emblem in the grill\nStart packin' the steel, lettin' niggas know the deal\nI want that shit so bad, start thinkin' 'who I got to kill?'\nThat's how a nigga feel when we out there in the field\nThat Glock was pumpin', paper comin', how can niggas chill?\nBarrel link manage gold teeth, put gold all in my grill\nShoot out shit, I rob your bitch, I use her as a shield\nShit look at the wheels, whooo, look at the wheels\nChrome two piece Lorenzos got me lookin' like a mil\nPeace called, if you wanna talk then later we can build"
                    }, 
                    {
                        "header": "[Verse 3: Lloyd Banks]", 
                        "text hash": "c18f8735cae83416766a8f776fc8ac3e", 
                        "artist": "Lloyd Banks", 
                        "text": "Sittin' back in my new AMG, smokin' with 2 thou' 15\nGolden wrist, few pounds of green\nPark this shit, shoot down your teams\nNow it seems, oh so clear through Beams\nFlow so dope, I lean\nFuck you mean? Lucky that you breathe\nChoke the leaf\nFocus through my new designer lens\nTell her not her friends\nBeaucoup dollars spent, new jewels line 'em in\nToo cool time to win, I'm on top again\nYou gon' chop me off and 'scuse me out?\nBullshit you about, front, them Rugers out\nFace the sword, no risk, no reward\nPeace talk won't go nowhere, gets ignored\nPrice you can't afford, white man at your courts\nGet you more, right here like before\nSeen it all my life shit end like this\nCome back filthy rich, still not guilty, bitch"
                    }, 
                    {
                        "header": "[Outro: Kidd Kidd]", 
                        "text hash": "28edfe0d4e1dc5c565491bc75e7a8440", 
                        "artist": "Kidd Kidd", 
                        "text": "Nigga nah mean? Dreams, street dreams, yah feel me? Free PJ, free my lil' homie Chucky, yah know I'm sayin'? Straight up and down, man. Free my nigga [?] just caught 10, yah feel that? Damn, shit real, man. We just was all real niggas man, just out here chasin' our dreams, man. Everybody wanna be fly, everybody wanna live flashy. You know I'm sayin'? It's all about feedin' the fam, man. Straight up and down, so we gon' do whatever it takes to get it\n\n\n\n\n  "
                    }
                ], 
                "hooks": [
                    {
                        "header": "[Hook x2: Kidd Kidd + (50 Cent)]", 
                        "text hash": "99949c6b081dd0d9ff3b80bff2a1cf08", 
                        "artist": "Kidd Kidd", 
                        "text": "All I ever wanted was a big body Benz\nBig body Benz, big body Benz\nAll I ever wanted was a big body Benz, big body Benz\n(And a clean set of rims)"
                    }
                ], 
                "intro": [
                    {
                        "header": "[Intro: Kidd Kidd]", 
                        "text hash": "f63f597fd33611aa6561ee6c81a60c05", 
                        "artist": "Kidd Kidd", 
                        "text": "Remember when nigga used to pay bingo? Like yo man, bingo man, that's my call for real"
                    }
                ]
            }, 
            "order": [
                "[Intro: Kidd Kidd]", 
                "[Verse 1: Kidd Kidd]", 
                "[Hook x2: Kidd Kidd + (50 Cent)]", 
                "[Verse 2: 50 Cent]", 
                "[Hook x2: Kidd Kidd + (50 Cent)]", 
                "[Verse 3: Lloyd Banks]", 
                "[Hook x2: Kidd Kidd + (50 Cent)]", 
                "[Outro: Kidd Kidd]"
            ], 
            "artist": "G-Unit"
        }
    },
    "Get Down": {
        "raw": "\n    \n  [Intro: 50 Cent]\nYeah, it's the Unit!\nYeah (showtime) Swizz!\nOHHH! (M, C) Wooooo!\n\n[Chorus: 50 Cent]\nI run the show! No if's, and's or but's about it\nMe fall off? Listen homeboy, I doubt it\nMe? I gets down, I get down (down, down)\nI get down, I get down (down, down)\nI get down, I get down (down, down)\nI get down, I get down (down, down)\n\n[Verse 1: 50 Cent]\nI spit it how I live it man they love it when I talk shit\nNot three, not two, I'm number one on the chart bitch (yeah)\nDrama get to poppin' even when I don't start shit\nI turn around there's only two shells left in the cartridge\nMy homie's dumb out, my homie's dumb out\nFind out what they 'bout, when the guns come out\nI got a shitty attitude cause I come from the bullshit\nGot the ammo on me now, nigga front I'mma pull this\n\n[Verse 2: Tony Yayo]\nIn the hood, you rat you die\nIn the hood if you rap you die\nI'm out the hood gettin' fat and high\nPrivate jet, it's time to fly\nGot the Roley with the bezzy gettin' head in Dubai\nAnd my wolves come out when the moon comes up\nBefore we take a hit, we roll that buddah\nHydro and hash take me to the moon Alice\nI got bad aim but the fiends on the rats, YEAH!\n\n[Chorus]\n\n[Verse 3: 50 Cent]\nBaby we'll get lotto from Murci\u00e9lago\nI race in my driveway; motherfuck the highway\nNiggas talk money just not around me\nI get the cheddar, ask Swizz, I blow the parmesan cheese\nLike it really means nothin', cause it really means nothin'\nI'm not what you used to, I'm really not frontin'\nTell the shorties I ain't got time to talk, I'm trickin'\nI want what I want, and what I want I'm gettin'\n\n[Verse 4: Lloyd Banks]\nUhh, forty thou' earlobe, 40-cal gripper\nThat'll make a girl out the \"Green Mile\" nigga\nIn the street rapper, industry bully\nIt's cold, tees turn to rest-in-peace hoodies (uhh)\nI gets 'em out, my tricks playin' spades\nI swim in dime pussy, piss Rose\nUnit rider, my clique don't play\nI got a pocket full of green now my wrists all gleam\n\n[Chorus]\n\n[Verse 5: 50 Cent]\nYou know if God bless the child with so much swag\nNow what am I supposed to do with all this cash?\nSeats less pussy got, all that ass\nShakin' it and wiggle, your skinny bitch mad\nAHH! These niggas ain't hot like we\nThey don't know how to rock the spot like me\nSmell like I just got out a brand new V\nMy black ass fresh up out of Bentley C's\nWork with me lil' mama, let's get it\nWanna take you down to the flo', shorty I'm with it\nI'm on that shit, we on that shit\nI ain't on that rubber grip, nah nigga don't trip\n\n[Chorus]\n\n[Outro: Swizz Beatz]\nWind it up (wooo!)\nWind it up (wooo!)\nWind it up (wooo!)\nHit the flo', flo' (wooo!)\nThat flo', flo' (wooo!)\n\n\n\n\n  ", 
        "pro": {
            "features": [
                "50 Cent", 
                "Lloyd Banks", 
                "Tony Yayo"
            ], 
            "producers": [
                "Swizz Beatz"
            ], 
            "blocks": {
                "verses": [
                    {
                        "header": "[Verse 1: 50 Cent]", 
                        "text hash": "f7ab62078045677396cef57c8deb953b", 
                        "artist": "50 Cent", 
                        "text": "I spit it how I live it man they love it when I talk shit\nNot three, not two, I'm number one on the chart bitch (yeah)\nDrama get to poppin' even when I don't start shit\nI turn around there's only two shells left in the cartridge\nMy homie's dumb out, my homie's dumb out\nFind out what they 'bout, when the guns come out\nI got a shitty attitude cause I come from the bullshit\nGot the ammo on me now, nigga front I'mma pull this"
                    }, 
                    {
                        "header": "[Verse 2: Tony Yayo]", 
                        "text hash": "ad60796d703d708fe8549fc0662eb210", 
                        "artist": "Tony Yayo", 
                        "text": "In the hood, you rat you die\nIn the hood if you rap you die\nI'm out the hood gettin' fat and high\nPrivate jet, it's time to fly\nGot the Roley with the bezzy gettin' head in Dubai\nAnd my wolves come out when the moon comes up\nBefore we take a hit, we roll that buddah\nHydro and hash take me to the moon Alice\nI got bad aim but the fiends on the rats, YEAH!"
                    }, 
                    {
                        "header": "[Verse 3: 50 Cent]", 
                        "text hash": "1a04ee86f8a0e51da66e38e2fbcf49a1", 
                        "artist": "50 Cent", 
                        "text": "Baby we'll get lotto from Murci\u00e9lago\nI race in my driveway; motherfuck the highway\nNiggas talk money just not around me\nI get the cheddar, ask Swizz, I blow the parmesan cheese\nLike it really means nothin', cause it really means nothin'\nI'm not what you used to, I'm really not frontin'\nTell the shorties I ain't got time to talk, I'm trickin'\nI want what I want, and what I want I'm gettin'"
                    }, 
                    {
                        "header": "[Verse 4: Lloyd Banks]", 
                        "text hash": "2a07b2f0c751bf8b6772b1f9d2f15098", 
                        "artist": "Lloyd Banks", 
                        "text": "Uhh, forty thou' earlobe, 40-cal gripper\nThat'll make a girl out the \"Green Mile\" nigga\nIn the street rapper, industry bully\nIt's cold, tees turn to rest-in-peace hoodies (uhh)\nI gets 'em out, my tricks playin' spades\nI swim in dime pussy, piss Rose\nUnit rider, my clique don't play\nI got a pocket full of green now my wrists all gleam"
                    }, 
                    {
                        "header": "[Verse 5: 50 Cent]", 
                        "text hash": "cfb5f44ce3c836e5d78b31cb1a01dae7", 
                        "artist": "50 Cent", 
                        "text": "You know if God bless the child with so much swag\nNow what am I supposed to do with all this cash?\nSeats less pussy got, all that ass\nShakin' it and wiggle, your skinny bitch mad\nAHH! These niggas ain't hot like we\nThey don't know how to rock the spot like me\nSmell like I just got out a brand new V\nMy black ass fresh up out of Bentley C's\nWork with me lil' mama, let's get it\nWanna take you down to the flo', shorty I'm with it\nI'm on that shit, we on that shit\nI ain't on that rubber grip, nah nigga don't trip"
                    }, 
                    {
                        "header": "[Outro: Swizz Beatz]", 
                        "text hash": "b887ceae6bc4b4be55aa99d8cb8bb984", 
                        "artist": "Swizz Beatz", 
                        "text": "Wind it up (wooo!)\nWind it up (wooo!)\nWind it up (wooo!)\nHit the flo', flo' (wooo!)\nThat flo', flo' (wooo!)\n\n\n\n\n  "
                    }
                ], 
                "hooks": [
                    {
                        "header": "[Chorus: 50 Cent]", 
                        "text hash": "46b0930deaa09d8b93e4f4aa88f14d5a", 
                        "artist": "50 Cent", 
                        "text": "I run the show! No if's, and's or but's about it\nMe fall off? Listen homeboy, I doubt it\nMe? I gets down, I get down (down, down)\nI get down, I get down (down, down)\nI get down, I get down (down, down)\nI get down, I get down (down, down)"
                    }
                ], 
                "intro": [
                    {
                        "header": "[Intro: 50 Cent]", 
                        "text hash": "32aec6aad97f677b1e61830532f9d3f7", 
                        "artist": "50 Cent", 
                        "text": "Yeah, it's the Unit!\nYeah (showtime) Swizz!\nOHHH! (M, C) Wooooo!"
                    }
                ]
            }, 
            "order": [
                "[Intro: 50 Cent]", 
                "[Chorus: 50 Cent]", 
                "[Verse 1: 50 Cent]", 
                "[Verse 2: Tony Yayo]", 
                "[Chorus]", 
                "[Verse 3: 50 Cent]", 
                "[Verse 4: Lloyd Banks]", 
                "[Chorus]", 
                "[Verse 5: 50 Cent]", 
                "[Chorus]", 
                "[Outro: Swizz Beatz]"
            ], 
            "artist": "G-Unit"
        }
    }
}