{
    "Versace Remix": {
        "raw": "\n    \n  [Hook: Game]\nVersace Versace\nVersace Versace\nVersace Versace\nVersace Versace\nVersace Versace\nVersace Versace\nVersace Versace\nVersace Versace\n\n[Verse 1: Game]\nNigga worth 25 million and these on my happy they just call me Chachi\nI had the bitches since I was in eighth grade rocking Gebroze Herachis\nCause now I got bitches from Compton to London wake up in my Bugatti in Abu Dhabe\nNow it\u2019s Givency Givency Givency Givency Givency Givency\nThese bitches I came with is booshy and all of my niggas is raunchy\nSo I fuck with Drake in LA cause a nigga can\u2019t get in Toronto\nRock leather so much that my closet look like there\u2019s a zoo in my condo\nVersace Versace Versace Versace is all on my Chain\nMedusa is all on my neck and I\u2019m rocking these snakes on a plane\nWalking in Louie and Gucci and spending so much that I\u2019m going insane\nMy head be spending like nananana and I never fuck with Molly's again\nI\u2019m turnt up, tires balled like a motherfucker burnt up\nOn the day boy ride through the hood with my nigga\nKev Hart watch a nigga set fire on you bitches\n[Kevin Hart] (Ay Game get fire on these bitches one time)\nL.A.B-ass nigga, local ass bitch\nI\u2019m balling in Europe, car go yuuur\nYour girl go ..\nI throw up the deuces and pull out my dick and\nPut on my chains\nMCM MCM MCM that shit don't rhyme\nThese niggas be whack as a bitch but they get away with it all of the time\nFar is Versace I am the king\nLike I wanna Biggie to cup all of my jeans\nYou can ask Migos we balling with egos\nWhen you in Versace with all of my people\n\n[Verse 2: Drake]\nVersace, Versace, Medusa head on me like I'm 'luminati\nThis is a gated community, please get the fuck off the property\nRap must be changing cause I'm at the top and ain't no one on top of me\nNiggas be wanting a verse for a verse, but man that's not a swap to me\nDrowning in compliments, pool in the backyard that look like Metropolis\nI think I'm sellin' a million first week, man I guess I'm a optimist\nBorn in Toronto but sometimes I feel like Atlanta adopted us\nWhat the fuck is you talkin' 'bout? Saw this shit comin' like I had binoculars\nBoy, Versace, Versace, we stay at the mansion when we in Miami\nThe pillows' Versace, the sheets are Versace, I just won a Grammy\nI've been so quiet, I got the world like \"What the fuck is he planning?\"\nJust make sure that you got a back up plan cause that shit might come in handy\nStarted a label, the album is comin' September, just wait on it\nThis year I'm eating your food and my table got so many plates on it\nHundred inch TV at my house, I sit back like \"damn I look great on it\"\nI do not fuck with your new shit, my nigga, don't ask for my take on it\nSpeakin' in lingo, man this for my nigga that trap out the bando\nThis for my niggas that call up Fernando to move a piano\nFuck all your feelin's cause business is business, its strictly financial\nI'm always the first one to get it, man that's how you lead by example\nVersace, Versace, Versace, Versace, Versace, Versace\nWord to New York cause the Dyckman and Heights girls are callin' me \"Papi\"\nI'm all on the low, take a famous girl out where there's no paparazzi\nI'm tryna give Halle Berry a baby and no one can stop me\n\n[Hook: Quavo]\nVersace, Versace, Versace, Versace\nVersace, Versace, Versace, Versace\nVersace, Versace Versace, Versace Versace\nVersace, Versace Versace, Versace Versace\n\n[Verse 3: Quavo]\nVersace, Versace, Medusa head on me like I'm 'Luminati\nI know that you like it, Versace, my neck and my wrist is so sloppy\nVersace, Versace, I love it, Versace the top of my Audi\nMy plug, he John Gotti, he give me the ducks, I know that they're mighty\nShoes and shirt Versace, your bitch want in on my pockets\nShe ask me why my drawers silk, I told that bitch \"Versace\"\nCheetah print on my sleeve, but I ain't ever been in the jungle\nTry to take my sack, better run with it, nigga don't fumble\n\n[Hook: Quavo]\n\n[Verse 4: Takeoff]\nYou can do Truey, I do it Versace\nYou copped the Honda, I copped the Mazi\nYou smoke the mid, I smoke exotic\nI set the trend, you niggas copy\nCookin' this dope like I work at Hibachi\nLook at the watch, blow it, hot like some Taki\nCome in my room, my sheet Versace\nGo to sleep, I dream Versace\nMedusa, Medusa, Medusa\nThese niggas they wishin' they knew you\nThey coppin' the Truey, remixing the Louis\nMy blunts is fat as Rasputia\nIn a striped shirt like I\u2019m Tony the Tiger\nI\u2019m beating the pot, call me Michael\nLot of you niggas that copy\nLook at my closet Versace, Versace\n\n[Hook: Quavo]\n\n[Verse 5: Offset]\nKing of Versace, Medusa my wifey\nMy car is Versace, I got stripes on my Mazi\nI'm dressin' so nicely they can't even copy\nYou'd think I'm Egyptian, this gold on my body\nMoney my mission, two bitches, they kissin'\nMy diamonds is pissing, my swag is exquisite\nYoung Offset no preacher but you niggas listen\nThem blue and white diamonds, they look like the Pistons\nCodeine sippin, Versace I\u2019m gripping them bands in my pocket\nYou know that I\u2019m living\nI\u2019m draped up in gold, but no Pharaoh\nRockin' handcuffs, that\u2019s Ferragamo\nBricks by the boat, overload\nI think I\u2019m the don, but no Rocco\nThis the life that I chose\nBought out the store, can\u2019t go back no more\nVersace my clothes while I\u2019m selling them bows\nVersace take over it took out my soul\n\n[Hook: Quavo]\n\n\n\n\n  ", 
        "pro": {
            "features": [
                "Drake", 
                "Migos", 
                "Quavo"
            ], 
            "blocks": {
                "verses": [
                    {
                        "header": "[Verse 1: Game]", 
                        "text hash": "19ab2e2bca0eed42121bd40880274a48", 
                        "artist": "Game", 
                        "text": "Nigga worth 25 million and these on my happy they just call me Chachi\nI had the bitches since I was in eighth grade rocking Gebroze Herachis\nCause now I got bitches from Compton to London wake up in my Bugatti in Abu Dhabe\nNow it\u2019s Givency Givency Givency Givency Givency Givency\nThese bitches I came with is booshy and all of my niggas is raunchy\nSo I fuck with Drake in LA cause a nigga can\u2019t get in Toronto\nRock leather so much that my closet look like there\u2019s a zoo in my condo\nVersace Versace Versace Versace is all on my Chain\nMedusa is all on my neck and I\u2019m rocking these snakes on a plane\nWalking in Louie and Gucci and spending so much that I\u2019m going insane\nMy head be spending like nananana and I never fuck with Molly's again\nI\u2019m turnt up, tires balled like a motherfucker burnt up\nOn the day boy ride through the hood with my nigga\nKev Hart watch a nigga set fire on you bitches"
                    }, 
                    {
                        "header": "[Kevin Hart]", 
                        "text hash": "893e436a56470ba5f2753faae844e5df", 
                        "artist": "Game", 
                        "text": " (Ay Game get fire on these bitches one time)\nL.A.B-ass nigga, local ass bitch\nI\u2019m balling in Europe, car go yuuur\nYour girl go ..\nI throw up the deuces and pull out my dick and\nPut on my chains\nMCM MCM MCM that shit don't rhyme\nThese niggas be whack as a bitch but they get away with it all of the time\nFar is Versace I am the king\nLike I wanna Biggie to cup all of my jeans\nYou can ask Migos we balling with egos\nWhen you in Versace with all of my people"
                    }, 
                    {
                        "header": "[Verse 2: Drake]", 
                        "text hash": "c7e31071f3a6db824ff4668567442e0d", 
                        "artist": "Drake", 
                        "text": "Versace, Versace, Medusa head on me like I'm 'luminati\nThis is a gated community, please get the fuck off the property\nRap must be changing cause I'm at the top and ain't no one on top of me\nNiggas be wanting a verse for a verse, but man that's not a swap to me\nDrowning in compliments, pool in the backyard that look like Metropolis\nI think I'm sellin' a million first week, man I guess I'm a optimist\nBorn in Toronto but sometimes I feel like Atlanta adopted us\nWhat the fuck is you talkin' 'bout? Saw this shit comin' like I had binoculars\nBoy, Versace, Versace, we stay at the mansion when we in Miami\nThe pillows' Versace, the sheets are Versace, I just won a Grammy\nI've been so quiet, I got the world like \"What the fuck is he planning?\"\nJust make sure that you got a back up plan cause that shit might come in handy\nStarted a label, the album is comin' September, just wait on it\nThis year I'm eating your food and my table got so many plates on it\nHundred inch TV at my house, I sit back like \"damn I look great on it\"\nI do not fuck with your new shit, my nigga, don't ask for my take on it\nSpeakin' in lingo, man this for my nigga that trap out the bando\nThis for my niggas that call up Fernando to move a piano\nFuck all your feelin's cause business is business, its strictly financial\nI'm always the first one to get it, man that's how you lead by example\nVersace, Versace, Versace, Versace, Versace, Versace\nWord to New York cause the Dyckman and Heights girls are callin' me \"Papi\"\nI'm all on the low, take a famous girl out where there's no paparazzi\nI'm tryna give Halle Berry a baby and no one can stop me"
                    }, 
                    {
                        "header": "[Verse 3: Quavo]", 
                        "text hash": "5565e2e9d4fd5ed17a1e909b1b6bd9b1", 
                        "artist": "Quavo", 
                        "text": "Versace, Versace, Medusa head on me like I'm 'Luminati\nI know that you like it, Versace, my neck and my wrist is so sloppy\nVersace, Versace, I love it, Versace the top of my Audi\nMy plug, he John Gotti, he give me the ducks, I know that they're mighty\nShoes and shirt Versace, your bitch want in on my pockets\nShe ask me why my drawers silk, I told that bitch \"Versace\"\nCheetah print on my sleeve, but I ain't ever been in the jungle\nTry to take my sack, better run with it, nigga don't fumble"
                    }, 
                    {
                        "header": "[Verse 4: Takeoff]", 
                        "text hash": "877546198b5ad1da836d641a9bc1780f", 
                        "artist": "Takeoff", 
                        "text": "You can do Truey, I do it Versace\nYou copped the Honda, I copped the Mazi\nYou smoke the mid, I smoke exotic\nI set the trend, you niggas copy\nCookin' this dope like I work at Hibachi\nLook at the watch, blow it, hot like some Taki\nCome in my room, my sheet Versace\nGo to sleep, I dream Versace\nMedusa, Medusa, Medusa\nThese niggas they wishin' they knew you\nThey coppin' the Truey, remixing the Louis\nMy blunts is fat as Rasputia\nIn a striped shirt like I\u2019m Tony the Tiger\nI\u2019m beating the pot, call me Michael\nLot of you niggas that copy\nLook at my closet Versace, Versace"
                    }, 
                    {
                        "header": "[Verse 5: Offset]", 
                        "text hash": "e23ba7554cbd9566b18b04f45d9dd5f9", 
                        "artist": "Offset", 
                        "text": "King of Versace, Medusa my wifey\nMy car is Versace, I got stripes on my Mazi\nI'm dressin' so nicely they can't even copy\nYou'd think I'm Egyptian, this gold on my body\nMoney my mission, two bitches, they kissin'\nMy diamonds is pissing, my swag is exquisite\nYoung Offset no preacher but you niggas listen\nThem blue and white diamonds, they look like the Pistons\nCodeine sippin, Versace I\u2019m gripping them bands in my pocket\nYou know that I\u2019m living\nI\u2019m draped up in gold, but no Pharaoh\nRockin' handcuffs, that\u2019s Ferragamo\nBricks by the boat, overload\nI think I\u2019m the don, but no Rocco\nThis the life that I chose\nBought out the store, can\u2019t go back no more\nVersace my clothes while I\u2019m selling them bows\nVersace take over it took out my soul"
                    }
                ], 
                "hooks": [
                    {
                        "header": "[Hook: Game]", 
                        "text hash": "df16e80b93d9ad6813d8b0336d068247", 
                        "artist": "Game", 
                        "text": "Versace Versace\nVersace Versace\nVersace Versace\nVersace Versace\nVersace Versace\nVersace Versace\nVersace Versace\nVersace Versace"
                    }, 
                    {
                        "header": "[Hook: Quavo]", 
                        "text hash": "dca9cda905794a3d121db15b133ef690", 
                        "artist": "Quavo", 
                        "text": "Versace, Versace, Versace, Versace\nVersace, Versace, Versace, Versace\nVersace, Versace Versace, Versace Versace\nVersace, Versace Versace, Versace Versace"
                    }
                ]
            }, 
            "order": [
                "[Hook: Game]", 
                "[Verse 1: Game]", 
                "[Verse 2: Drake]", 
                "[Hook: Quavo]", 
                "[Verse 3: Quavo]", 
                "[Hook: Quavo]", 
                "[Verse 4: Takeoff]", 
                "[Hook: Quavo]", 
                "[Verse 5: Offset]", 
                "[Hook: Quavo]"
            ], 
            "artist": "Game"
        }
    },
    "Mean Muggin": {
        "raw": "\n    \n  [Verse 1: Game]\nWalk up in the club with the million dollar airs on\nSwinging side to side, like my hair long\nFeeling like Tunechi in this motherfucker\nEyes Japanese, blowing sushi in this motherfucker\nNo true religions, just levi's, come on down to this bee hive\nYour bitch love to play soft ball, I let her barrow them knee highs\nShe ride the dick like yee-haw, she don't fuck with no cowboys\nI beat it up like I'm He-Man, she love fuckin' them G men\nAnd after I score I do the salsa in the...\nVictor Cruz in that Phantom, drop the antenna\nI think I see some haters in here, I think I see some haters in here\nCock the ratchet\n\n[Hook: Game]\n(Dawg) Cause them niggas still mean muggin'\nNigga what you lookin' at?\n(Dawg) You nigga still mean muggin'\nWhat you lookin' at?\n(Dawg) You nigga still mean muggin'\nBitch, whatcha lookin' at?\n(Dawg) You nigga still mean muggin'\nMan, that shit don't even mean nothin'\n\n[Verse 2: 2 Chainz]\nYea, they mean muggin', the 3D version\nUgh in your face like Pee Wee Herman\nJack of all trades, no ace of spades\nBut I got a ace in my twenty ounces Gatorade\nShake, shake, shake it then pour it\nI had me a threesome, round four something\nHasta la vista, wrist on freezer\nAutomatic weapon, chopper had a seizure\nFire, snap back through your snap back\nRan out of room in my trunk so I need a hatch back\nHow you niggas leaking, hope you niggas listenin'\nBig money talk, why you niggas whisperin'\n\n[Hook]\n\n[Verse 3: French Montana]\nRoll up in the club like I own this motherfucka'\nOld niggas kicking jewels I'm like pawn up in this motherfucka'\nHoes wipe me down, Little Boosie in this motherfucka'\nRolling that La la, Fugees in this motherfucka'\nI said Lala Carmelo, in this motherfucka'\nShorty wanna puff, J Lo in this motherfucka'\nHigh rollers bank stop, tattoos, tank tops\nBad news, thanks pop, you man food, lamb chops\nYou know I run my city, please believe that\nGot that work, put them canines on rehab\nNiggas wrinkle up their face, we gon' iron that\nGet Rob Cole game, he gon' let you buy a bag\n\n[Hook]\n\n\n\n\n  ", 
        "pro": {
            "features": [
                "2 Chainz", 
                "French Montana"
            ], 
            "producers": [
                "Cool", 
                "Dre"
            ], 
            "blocks": {
                "verses": [
                    {
                        "header": "[Verse 1: Game]", 
                        "text hash": "0c063275af4b541f315c5067197dc9d2", 
                        "artist": "Game", 
                        "text": "Walk up in the club with the million dollar airs on\nSwinging side to side, like my hair long\nFeeling like Tunechi in this motherfucker\nEyes Japanese, blowing sushi in this motherfucker\nNo true religions, just levi's, come on down to this bee hive\nYour bitch love to play soft ball, I let her barrow them knee highs\nShe ride the dick like yee-haw, she don't fuck with no cowboys\nI beat it up like I'm He-Man, she love fuckin' them G men\nAnd after I score I do the salsa in the...\nVictor Cruz in that Phantom, drop the antenna\nI think I see some haters in here, I think I see some haters in here\nCock the ratchet"
                    }, 
                    {
                        "header": "[Verse 2: 2 Chainz]", 
                        "text hash": "416fa6a6a8d7cdc1aa2c0ef41d4cbd07", 
                        "artist": "2 Chainz", 
                        "text": "Yea, they mean muggin', the 3D version\nUgh in your face like Pee Wee Herman\nJack of all trades, no ace of spades\nBut I got a ace in my twenty ounces Gatorade\nShake, shake, shake it then pour it\nI had me a threesome, round four something\nHasta la vista, wrist on freezer\nAutomatic weapon, chopper had a seizure\nFire, snap back through your snap back\nRan out of room in my trunk so I need a hatch back\nHow you niggas leaking, hope you niggas listenin'\nBig money talk, why you niggas whisperin'"
                    }, 
                    {
                        "header": "[Verse 3: French Montana]", 
                        "text hash": "9bf1d846f345ba6ef454f59f171bd4c3", 
                        "artist": "French Montana", 
                        "text": "Roll up in the club like I own this motherfucka'\nOld niggas kicking jewels I'm like pawn up in this motherfucka'\nHoes wipe me down, Little Boosie in this motherfucka'\nRolling that La la, Fugees in this motherfucka'\nI said Lala Carmelo, in this motherfucka'\nShorty wanna puff, J Lo in this motherfucka'\nHigh rollers bank stop, tattoos, tank tops\nBad news, thanks pop, you man food, lamb chops\nYou know I run my city, please believe that\nGot that work, put them canines on rehab\nNiggas wrinkle up their face, we gon' iron that\nGet Rob Cole game, he gon' let you buy a bag"
                    }
                ], 
                "hooks": [
                    {
                        "header": "[Hook: Game]", 
                        "text hash": "b941252c9f9d6ac23d15c96543299179", 
                        "artist": "Game", 
                        "text": "(Dawg) Cause them niggas still mean muggin'\nNigga what you lookin' at?\n(Dawg) You nigga still mean muggin'\nWhat you lookin' at?\n(Dawg) You nigga still mean muggin'\nBitch, whatcha lookin' at?\n(Dawg) You nigga still mean muggin'\nMan, that shit don't even mean nothin'"
                    }
                ]
            }, 
            "order": [
                "[Verse 1: Game]", 
                "[Hook: Game]", 
                "[Verse 2: 2 Chainz]", 
                "[Hook]", 
                "[Verse 3: French Montana]", 
                "[Hook]"
            ], 
            "artist": "Game"
        }
    },
    "Married To The Game": {
        "raw": "\n    \n  [Produced by Boi-1da]\n\n[Verse 1: Game]\nI do, I'm getting married in this motherfucker\nSee that black Ghost? It's getting scary in this motherfucker\nSittin' on a hill son, Keri in this motherfucker\nRed guts, popped a cherry in this motherfucker\nI got that White boy, Barry in this motherfucker\nAnd I got Homes nigga, Larry in this motherfucker\nSee you on them cameras, Jason Terry in this motherfucker\nIf gay is happy, I'm Tyler Perry in this motherfucker\nHouse on the water, need a ferry to this motherfucker\nAnd I got cheese, thinkin' dairy in this motherfucker\nMore gold bottles than you can carry in this motherfucker\nPeach Ciroc, Red Berry in this motherfucker\nLet me see you shake it for a real nigga\nShe gone think she in a fairy tale once that pill hit her\nEven though she out of her mind, I'mma deal with her\nMight let Drizzy Drake, French, and Meek Mill hit her\n\n[Hook: Sam Hook]\nI met her, fucked her, fell in love with her\nLeft her, came back, still in love with her\nShe is married to the Game\nI said I met her, fucked her, fell in love with her\nLeft her, came back, still in love with her\nShe is married to the Game\nMarried to the Game, married to the Game\n\n[Verse 2: French Montana]\nMarried to the Game nigga\nGot them Birds, Larry in this motherfucker\nOG eyes, Terry in the motherfucker\nAnd you know we legendary in this motherfucker\nDoors suicide, Hail Mary in this motherfucker\nMontana, ask a motherfucker\nShow you why I live you need a dictionary out this motherfucker\nYeah, niggas hating out this motherfucker\nGot the glove on, Gary in this motherfucker\nDelonte West, motherfucker\nFuckin' with Game in the west, like a motherfucker\nEven though shorty crazy, might deal with her\nMight like Drake, Game, Meek hit her, Montana\n\n[Hook: Sam Hook]\n\n[Verse 3: DUBB]\nLA on my back, I'm tired of carryin' this motherfucker\nNiggas chasin' rats, Tom & Jerry in this motherfucker\nLong nose revolver, Dirty Harry in this motherfucker\nWay a nigga drew, you'd think Carey this motherfucker\nGame and French killed it but I'm buryin' this motherfucker\nFirst off the label, January in this motherfucker, nigga\nYou get Shmurda'd in this motherfucker\nAt this park, get killed over a burger in this motherfucker\nGet away car, a nigga swervin' in this motherfucker\nMom's kicked me out, a nigga servin' in this motherfucker\nBeard and a chopper, need a turban in this motherfucker\nPut you on Iceman, George Gervin in this motherfucker\nOut of Cognac, I'm sippin' Bourban in this motherfucker\nEnemies trippin' in black Surburbans in this motherfucker\nPower steerin' gone, how I'm turnin in this motherfucker?\nIntercepting hoes, Richard Sherman in this motherfucker\n\n[Hook:]\n\n[Outro]\n\n\n\n\n  ", 
        "pro": {
            "features": [
                "DUBB", 
                "French Montana", 
                "Sam Hook"
            ], 
            "producers": [
                "Boi-1da"
            ], 
            "blocks": {
                "verses": [
                    {
                        "header": "[Verse 1: Game]", 
                        "text hash": "74a2d17469ddb7706b7746711b74503b", 
                        "artist": "Game", 
                        "text": "I do, I'm getting married in this motherfucker\nSee that black Ghost? It's getting scary in this motherfucker\nSittin' on a hill son, Keri in this motherfucker\nRed guts, popped a cherry in this motherfucker\nI got that White boy, Barry in this motherfucker\nAnd I got Homes nigga, Larry in this motherfucker\nSee you on them cameras, Jason Terry in this motherfucker\nIf gay is happy, I'm Tyler Perry in this motherfucker\nHouse on the water, need a ferry to this motherfucker\nAnd I got cheese, thinkin' dairy in this motherfucker\nMore gold bottles than you can carry in this motherfucker\nPeach Ciroc, Red Berry in this motherfucker\nLet me see you shake it for a real nigga\nShe gone think she in a fairy tale once that pill hit her\nEven though she out of her mind, I'mma deal with her\nMight let Drizzy Drake, French, and Meek Mill hit her"
                    }, 
                    {
                        "header": "[Verse 2: French Montana]", 
                        "text hash": "309fd2d12a39669b35263cea22b0a7e8", 
                        "artist": "French Montana", 
                        "text": "Married to the Game nigga\nGot them Birds, Larry in this motherfucker\nOG eyes, Terry in the motherfucker\nAnd you know we legendary in this motherfucker\nDoors suicide, Hail Mary in this motherfucker\nMontana, ask a motherfucker\nShow you why I live you need a dictionary out this motherfucker\nYeah, niggas hating out this motherfucker\nGot the glove on, Gary in this motherfucker\nDelonte West, motherfucker\nFuckin' with Game in the west, like a motherfucker\nEven though shorty crazy, might deal with her\nMight like Drake, Game, Meek hit her, Montana"
                    }, 
                    {
                        "header": "[Verse 3: DUBB]", 
                        "text hash": "edb7c148ddf021ebb0691232a5f77e66", 
                        "artist": "DUBB", 
                        "text": "LA on my back, I'm tired of carryin' this motherfucker\nNiggas chasin' rats, Tom & Jerry in this motherfucker\nLong nose revolver, Dirty Harry in this motherfucker\nWay a nigga drew, you'd think Carey this motherfucker\nGame and French killed it but I'm buryin' this motherfucker\nFirst off the label, January in this motherfucker, nigga\nYou get Shmurda'd in this motherfucker\nAt this park, get killed over a burger in this motherfucker\nGet away car, a nigga swervin' in this motherfucker\nMom's kicked me out, a nigga servin' in this motherfucker\nBeard and a chopper, need a turban in this motherfucker\nPut you on Iceman, George Gervin in this motherfucker\nOut of Cognac, I'm sippin' Bourban in this motherfucker\nEnemies trippin' in black Surburbans in this motherfucker\nPower steerin' gone, how I'm turnin in this motherfucker?\nIntercepting hoes, Richard Sherman in this motherfucker"
                    }
                ], 
                "hooks": [
                    {
                        "header": "[Hook: Sam Hook]", 
                        "text hash": "ee400bd5cfb4f3ef649f773e218c05c9", 
                        "artist": "Sam Hook", 
                        "text": "I met her, fucked her, fell in love with her\nLeft her, came back, still in love with her\nShe is married to the Game\nI said I met her, fucked her, fell in love with her\nLeft her, came back, still in love with her\nShe is married to the Game\nMarried to the Game, married to the Game"
                    }
                ]
            }, 
            "order": [
                "[Produced by Boi-1da]", 
                "[Verse 1: Game]", 
                "[Hook: Sam Hook]", 
                "[Verse 2: French Montana]", 
                "[Hook: Sam Hook]", 
                "[Verse 3: DUBB]", 
                "[Hook:]", 
                "[Outro]"
            ], 
            "artist": "Game"
        }
    },
    "Game's Pain (Remix)": {
        "raw": "\n    \n  [Intro - Keyshia Cole]\nEyyy-yeaa... (Oh yeah)\nYeeeeeeeeeeeeeeeaaaaaaah...\nHeeeey, yeah...\n\n[The Game - Verse One]\nThe duffle bags and Benjis spreaded through the city\nThe Lambo's and Bentley's sittin on 20s\nThinkin back, when I had the fall blue and black Pennys'\nListenin to Faith on the Funk Flex tape (Ah-HEH!!)\nLike BAM, before Diddy was a mogul\nI had the low-lows, JBL speakers bangin Total\nI like the lead singer, the dark one\nAnd Biggie had a Benz when I wish I could park one\nShed a couple tears when I heard that he caught one\nSo everytime I drive down, wish I'll spark one, for you and 'Pac\nWish both of y'all had +One More Chance+\nLike I wish 'Ye and Donda had one more dance\nCRIBS!\n\n[Jadakiss - Verse Two]\nHah-HEEEEEH!!! Yo, back when it was already to sell ready rock\nMy top two was Rakim and Freddie Foxxx\nWe know, they were both deep dudes\nThe G. Rap came out with \"Ill Street Blues\"\nBDP took me all through school\nAnd Bobby Brown told us, +Don't Be Cruel+\nKrush Groove had us thinkin we was all cool\nThese are the reasons why I'm payin my dues\nShoulda saw how your boy was dressed\nDo it from Grand Daddy I.U. and Lord Finesse\nFeel some kinda way, get if off your chest\nGet embarrassed, \"It's My Thing\", Erick and Parrish\nLearn how to maneuver, listenin to Slick Rick\nThe Ruler, Dana Dane made me more smoother\n...hah-HEEEEH!!!\n\n[Bun B - Verse Three]\nR.I.P. Pimp C\nGame, let me take 'em down to the South one time\nWhere the cars and the rims and the mouths on shine\nI grew up on the Geo Boys, talkin 'bout they was from Fifth Ward\n\"Balls and My Word\" had me ridin through Fifth Ward\nLookin for the Rap-A-Lot office\nTryna kick a flow and hopin Rap-A-Lot offers me a deal\nHad to keep it trill so I can bust\nLike E from O.G. Style and Rick from Royal Flush\nI came up, in the ghetto manye, the G way\nListenin to Luke and the Ghetto Style DJ's\nPoison Clan, Shy-D and the Gucci Crew\nDreamin one day that I could rock some Gucci too\nBreakout, like the Convicts, don't even trip\nParked the candy 'cross the pen, bumped the Ganksta Nip\nManye, little did I know that the time was comin\nFor me and Pimp to shine on 'em like a +Chrome Plated Woman+ - fo' real!\n\n[Hook: Keyshia Cole]\nSee ever since the day I got the chance to make a change\nI've been in this game, it's a new day\nAnd I'm makin it known cause, I just want the world to know\nI'm payin my dues, and I got the utmost, I just wanna let you know\nI'm payin homage cause, you've paved the way for meeee, ye-yeah\n\n[Pusha T - Verse Four] {overlapping chorus}\n{Okay, yanahmsayin? Gotta understand I'm from Virginia}\n{Rap money was like a FAIRY tale to me, you know?}\nIt was all a dream, until Teddy Riley hit the scene\nFloatin through Virginia Beach in ALL the machines\nEYUGH! - He was posse deep, runnin niggas Jeep\nLambos and the Porches ridin back and back through the streets\nI was more of Nas, OG's was more Jigga\nLu' was like, \"How you like the army jacket nigga?\"\nWhen he wear Versace - young nigga, get like me\nHe was poppin Cris' in 88 when Eric \"Eazy-E\"\nWright/right - I was on the wrong mission\nStarted puple tape {?} in the kitchen, poppa listenin\nWhoever thought it'll be this?\nPusha Tongue, Keyshia Cole, Game on the remix - PAIN\n\n[Fat Joe - Verse Five]\nJMJ, my homey Mac Dre\nBig L, Big Pun, Big-gie (talk to 'em)\n2Pac \"Live and Die in L.A.\" (L.A.!)\nN.W.A., I used to love Eazy\nBack when everybody was doin The Hump\nI was Radio Raheem in Reebok Pumps\nUsed to ask for the mic everytime they fronted\nDamn, I feels good to see people up on it!\nKRS, the Furious Five (Waddup Kris?)\nCold Crush show me how to dress fly (yep)\nLatifah \"U-N-I-T-Y\"\nThis is when hip-hop was alive, Cal-ca\n\n[The Game - Verse Six]\nClack, cookin, Joe, good lookin\nThe remix is big - BROOKLYN\nBed-Stuy, teardrop on my left eye\nStar on the other one, L, we got antoher one\n+Mama Said Knock You Out+, so I'mma do it\nThe South gon' love it - chop it {SCREW IT}\nSlow it down, then bring it back up\nG-G-G U-NO!! Nigga, it's Young Buck!\n\n[Young Buck - Verse Seven]\nI'm talkin bout Scarface, OutKast, and 8Ball\nUGK all day is what we would play, dawg\nI was in the blind like my name Ray Charles\nThangs you go through, Game, is what make stars (aight)\nAll of my enemies - I don't hate y'all\nCause I understand that it's +ME+ that make y'all (what?!)\nLouie bag luggage, my plane 'bout to take off\nI'm helpin my people get back what they lost (EYY!!)\nBlood of a Black Panther, a born boss\nSTILL gettin letters from the penitentiary\n\"Freeway\" Rick Ross and even Lil' Jimmy\nSo if I slip up, I KNOW where they gon' send me (let's go!)\nYou don't! But all the real folk roll wit me\nYou won't! So I'mma hold down yo' city\nYou want me, shawty, now the time to come and get me\nI'm Makaveli-trained and we on that ol' +Biggie+ - YA HEAR ME?!\n\n[The Game]\nYoung Buck, welcome home nigga...\nQueen Latifah...\n\n[Queen Latifah]\nWhatcha wanna do, baby BOY?\n(...take me out)\nYou don't want it, you don't know how it goes down\n(Jadakiss, Bun B, Fat Joe, Pusha T)\nOoooooooooh, yeaaaaah..\nYeaaaaah, last night Latifah saved my life\nOH! Oh - Last night Latifah saved my life in the cluuub...\nLast night Latifah saved my life - in the club\nYeah, last night Latifah saved my life in the cluuuuuuub...\nIn the club - you thought she was a thug\nYou thought she was that, chick\nThat, you, see, all up at the club\nLast night Latifah saved your life\nLast night latifah saved your life - in the club\n(If it wasn't for you, it wouldn't be me)\nIt was ON...crackin..\nPoppin.. pushin..\nBut I pulled that and - Oh, snap! Word?\nShe hold it? Oh! GAME in the club..\n(*whispers* REMIX!)\n\n\n\n\n  ", 
        "pro": {
            "features": [
                "Bun B", 
                "Fat Joe", 
                "Jadakiss", 
                "Keyshia Cole", 
                "Pusha T", 
                "Queen Latifah", 
                "Young Buck"
            ], 
            "blocks": {
                "verses": [
                    {
                        "header": "[The Game - Verse One]", 
                        "text hash": "cc170796074b9ddb03dce9f5c0b0ad8b", 
                        "artist": "Game", 
                        "text": "The duffle bags and Benjis spreaded through the city\nThe Lambo's and Bentley's sittin on 20s\nThinkin back, when I had the fall blue and black Pennys'\nListenin to Faith on the Funk Flex tape (Ah-HEH!!)\nLike BAM, before Diddy was a mogul\nI had the low-lows, JBL speakers bangin Total\nI like the lead singer, the dark one\nAnd Biggie had a Benz when I wish I could park one\nShed a couple tears when I heard that he caught one\nSo everytime I drive down, wish I'll spark one, for you and 'Pac\nWish both of y'all had +One More Chance+\nLike I wish 'Ye and Donda had one more dance\nCRIBS!"
                    }, 
                    {
                        "header": "[Jadakiss - Verse Two]", 
                        "text hash": "5ed543f32889152e7abe082df4668772", 
                        "artist": "Jadakiss", 
                        "text": "Hah-HEEEEEH!!! Yo, back when it was already to sell ready rock\nMy top two was Rakim and Freddie Foxxx\nWe know, they were both deep dudes\nThe G. Rap came out with \"Ill Street Blues\"\nBDP took me all through school\nAnd Bobby Brown told us, +Don't Be Cruel+\nKrush Groove had us thinkin we was all cool\nThese are the reasons why I'm payin my dues\nShoulda saw how your boy was dressed\nDo it from Grand Daddy I.U. and Lord Finesse\nFeel some kinda way, get if off your chest\nGet embarrassed, \"It's My Thing\", Erick and Parrish\nLearn how to maneuver, listenin to Slick Rick\nThe Ruler, Dana Dane made me more smoother\n...hah-HEEEEH!!!"
                    }, 
                    {
                        "header": "[Bun B - Verse Three]", 
                        "text hash": "0b46b4f360372ef672de8c8bfafe0da4", 
                        "artist": "Bun B", 
                        "text": "R.I.P. Pimp C\nGame, let me take 'em down to the South one time\nWhere the cars and the rims and the mouths on shine\nI grew up on the Geo Boys, talkin 'bout they was from Fifth Ward\n\"Balls and My Word\" had me ridin through Fifth Ward\nLookin for the Rap-A-Lot office\nTryna kick a flow and hopin Rap-A-Lot offers me a deal\nHad to keep it trill so I can bust\nLike E from O.G. Style and Rick from Royal Flush\nI came up, in the ghetto manye, the G way\nListenin to Luke and the Ghetto Style DJ's\nPoison Clan, Shy-D and the Gucci Crew\nDreamin one day that I could rock some Gucci too\nBreakout, like the Convicts, don't even trip\nParked the candy 'cross the pen, bumped the Ganksta Nip\nManye, little did I know that the time was comin\nFor me and Pimp to shine on 'em like a +Chrome Plated Woman+ - fo' real!"
                    }, 
                    {
                        "header": "[Pusha T - Verse Four]", 
                        "text hash": "15c71c7bd3aa8a94f6bea9e7b1a2499a", 
                        "artist": "Pusha T", 
                        "text": " {overlapping chorus}\n{Okay, yanahmsayin? Gotta understand I'm from Virginia}\n{Rap money was like a FAIRY tale to me, you know?}\nIt was all a dream, until Teddy Riley hit the scene\nFloatin through Virginia Beach in ALL the machines\nEYUGH! - He was posse deep, runnin niggas Jeep\nLambos and the Porches ridin back and back through the streets\nI was more of Nas, OG's was more Jigga\nLu' was like, \"How you like the army jacket nigga?\"\nWhen he wear Versace - young nigga, get like me\nHe was poppin Cris' in 88 when Eric \"Eazy-E\"\nWright/right - I was on the wrong mission\nStarted puple tape {?} in the kitchen, poppa listenin\nWhoever thought it'll be this?\nPusha Tongue, Keyshia Cole, Game on the remix - PAIN"
                    }, 
                    {
                        "header": "[Fat Joe - Verse Five]", 
                        "text hash": "9b04933ebb559327e580c72d852f2ccc", 
                        "artist": "Fat Joe", 
                        "text": "JMJ, my homey Mac Dre\nBig L, Big Pun, Big-gie (talk to 'em)\n2Pac \"Live and Die in L.A.\" (L.A.!)\nN.W.A., I used to love Eazy\nBack when everybody was doin The Hump\nI was Radio Raheem in Reebok Pumps\nUsed to ask for the mic everytime they fronted\nDamn, I feels good to see people up on it!\nKRS, the Furious Five (Waddup Kris?)\nCold Crush show me how to dress fly (yep)\nLatifah \"U-N-I-T-Y\"\nThis is when hip-hop was alive, Cal-ca"
                    }, 
                    {
                        "header": "[The Game - Verse Six]", 
                        "text hash": "53c205bcca189d45eb1bd387db2b9c5c", 
                        "artist": "Game", 
                        "text": "Clack, cookin, Joe, good lookin\nThe remix is big - BROOKLYN\nBed-Stuy, teardrop on my left eye\nStar on the other one, L, we got antoher one\n+Mama Said Knock You Out+, so I'mma do it\nThe South gon' love it - chop it {SCREW IT}\nSlow it down, then bring it back up\nG-G-G U-NO!! Nigga, it's Young Buck!"
                    }, 
                    {
                        "header": "[Young Buck - Verse Seven]", 
                        "text hash": "0c3fb802ddeae9765092b0335a5db9bc", 
                        "artist": "Young Buck", 
                        "text": "I'm talkin bout Scarface, OutKast, and 8Ball\nUGK all day is what we would play, dawg\nI was in the blind like my name Ray Charles\nThangs you go through, Game, is what make stars (aight)\nAll of my enemies - I don't hate y'all\nCause I understand that it's +ME+ that make y'all (what?!)\nLouie bag luggage, my plane 'bout to take off\nI'm helpin my people get back what they lost (EYY!!)\nBlood of a Black Panther, a born boss\nSTILL gettin letters from the penitentiary\n\"Freeway\" Rick Ross and even Lil' Jimmy\nSo if I slip up, I KNOW where they gon' send me (let's go!)\nYou don't! But all the real folk roll wit me\nYou won't! So I'mma hold down yo' city\nYou want me, shawty, now the time to come and get me\nI'm Makaveli-trained and we on that ol' +Biggie+ - YA HEAR ME?!"
                    }, 
                    {
                        "header": "[The Game]", 
                        "text hash": "003e8180fd54f9b0e8b488eae562714b", 
                        "artist": "Game", 
                        "text": "Young Buck, welcome home nigga...\nQueen Latifah..."
                    }, 
                    {
                        "header": "[Queen Latifah]", 
                        "text hash": "dbb995c041504e60c63d42576dd32530", 
                        "artist": "Queen Latifah", 
                        "text": "Whatcha wanna do, baby BOY?\n(...take me out)\nYou don't want it, you don't know how it goes down\n(Jadakiss, Bun B, Fat Joe, Pusha T)\nOoooooooooh, yeaaaaah..\nYeaaaaah, last night Latifah saved my life\nOH! Oh - Last night Latifah saved my life in the cluuub...\nLast night Latifah saved my life - in the club\nYeah, last night Latifah saved my life in the cluuuuuuub...\nIn the club - you thought she was a thug\nYou thought she was that, chick\nThat, you, see, all up at the club\nLast night Latifah saved your life\nLast night latifah saved your life - in the club\n(If it wasn't for you, it wouldn't be me)\nIt was ON...crackin..\nPoppin.. pushin..\nBut I pulled that and - Oh, snap! Word?\nShe hold it? Oh! GAME in the club..\n(*whispers* REMIX!)\n\n\n\n\n  "
                    }
                ], 
                "hooks": [
                    {
                        "header": "[Hook: Keyshia Cole]", 
                        "text hash": "a527cfb1a39b12e12f99429f5cdd8491", 
                        "artist": "Keyshia Cole", 
                        "text": "See ever since the day I got the chance to make a change\nI've been in this game, it's a new day\nAnd I'm makin it known cause, I just want the world to know\nI'm payin my dues, and I got the utmost, I just wanna let you know\nI'm payin homage cause, you've paved the way for meeee, ye-yeah"
                    }
                ], 
                "intro": [
                    {
                        "header": "[Intro - Keyshia Cole]", 
                        "text hash": "26cee7df3b1a6e8252b9bfb1788aa7e7", 
                        "artist": "Keyshia Cole", 
                        "text": "Eyyy-yeaa... (Oh yeah)\nYeeeeeeeeeeeeeeeaaaaaaah...\nHeeeey, yeah..."
                    }
                ]
            }, 
            "order": [
                "[Intro - Keyshia Cole]", 
                "[The Game - Verse One]", 
                "[Jadakiss - Verse Two]", 
                "[Bun B - Verse Three]", 
                "[Hook: Keyshia Cole]", 
                "[Fat Joe - Verse Five]", 
                "[The Game - Verse Six]", 
                "[Young Buck - Verse Seven]", 
                "[The Game]", 
                "[Queen Latifah]"
            ], 
            "artist": "Game"
        }
    },
    "Kiss Your Ass Goodbye (Extended Remix)": {
        "raw": "\n    \n  [Dj Skee]\nDj Skee is now bringing you the raw uncensored street shit\nThis is a Dj Skee premiere\n\n[Hook: Sheek Louch]\nYou can kiss your ass goodbye\n(D-block, D-block, D-block, D-block)\nLa da daaa, laa daa daaaa\n\n[Verse 1: Sheek Louch]\nAiyyo\nThe flow is here, the dough is here\nThe gon' call this the hardest remix of the year (haha)\nThe wrist is sickle, the nine is nickle (damn)\nThe inside tan, the outter pickle (wooh)\nThe dutch is rolled, the yak is poured (aight)\nYou running you mouth, I'm gettin you jawed (ouch)\nI'm wavin the blade, I'm tellin you back up (back up)\nYou empty your pockets, I picking your pack up (gimme that)\nYou can act stupid if you wanna\nLike you don't know what block I'm in fronta (I'm right here nigga)\nI'm out in New York, or down in the south (no doubt)\nI'm out in the trap, with gold in my mouth (haha)\nThey book me for the clubs in the hood (yeah)\nBut niggas sacred to go, but Sheek Louch good (D-Block)\nIt's loaded when I get out the car, like\n(La da daaa, laa daa daaaa)\n\n[Hook: Sheek Louch]\nYou can kiss your ass goodbyeee\n(D-block, D-block, D-block, D-block)\nLa da daaa, laa daa daaaa\n\n[Verse 2: Fabolous]\nYeah, D-Block\nThey say hate spread faster than love\nSo the Bentley is black, same color as the mask and the gloves\nWith me, I'mma send a bastard above\nBefore he give the police, the first and last of your gov\nThese dickhead niggas, you shoot 'em they bleed cum\nThe two pussies they with, just make it a threesome\nThey buyin' out quick, you gotta buy your seed guns\nNow they spraying magasines, 'fore they can read one\nMy glass jar had a hell of a rerun\n(la da daaa, laa daa daaaa)\nAs we proceed son, had I known\nEvery hood got a street fan, if not they need one\nI'm thinking short ranged, gimme a sport ranged\nAnd when it get warmer, I'm jumpin' in the sauna\nDuck when I'm passing by, put your head 'tween your legs\nKiss your ass goodbye\n\n[Hook: Sheek Louch]\nYou can kiss your ass goodbyeee\n(D-block, D-block, D-block, D-block)\nLa da daaa, laa daa daaaa\n\n[Verse 3: Beanie Sigel]\nYou niggas lost ya'll game, I'm throwin the rock down\nJust to put ya'll D, I'm back on the block now\nRunning your mouth 'fore I shit all in it\nAll ya'll ass, and I'm about to dig all in it\nI birthed you niggas, I fed and I burped you niggas\nQuick as that, I will earth you niggas\nClothed you niggas\nWiped the snot from the nose of you niggas\nWhat not to expose you niggas\nTrist knife or razor fight\nI got a year and a day\nStill played it like they gave me life\nCan't walk through these jail without shackles and two cops\nThrowing shit on the wall, not at the food slot\nGot connects with pops, we boofin the weed planes\nHit my khaki's, watched them pressed for food stamps\nRespectin the jail, or checkin the mail\nI stay on the phone, I don't put collect on the bill\nYou let them DC niggas have sex in your cell\nYou live with a gun, you like gettin hit from the front\nStand some shit, like two dicks with no bitch\nRumor has it, you like your chicks with no tits\nF.Y.I. your P.S.I. said you snitch\nHow you blow trial and stay all rich, bitch\nNow it's time to set it off\nYou got sumfin on your chest man the tech will tear it off\nMwuah\n\n[Hook: Sheek Louch]\nYou can kiss your ass goodbyeee\n(D-block, D-block, D-block, D-block)\nLa da daaa, laa daa daaaa\n\n[Game]\nHurricane Game\nWelcome to your funeral motherfuckas\n\n[Verse 4: Game]\nYou rat ass nigga you run with the fags, you pussy\nI shoot at your man put him in a bag you push me\nAfter you flop im takin your fans\nGive you a reason to do that dumb shit with your hands\nPiss in your mouth and burn your promotional van\nCome to your wake and slap all 3 of your fans\nGet your mind right\nOr get your mind put right next to them all white air nikes\nNails in your coffin leave them locked air tight\nLet him scream G-unit with dust in his wind pipes\nDrive him through north Philly, Brooklyn and Yonkers\nHow it feel to get fucked all the way from Compton\n\n[Hook: Sheek Louch]\nYou can kiss your ass goodbyeee\n(D-block, D-block, D-block, D-block)\nLa da daaa, laa daa daaaa\n\n[Verse 5: Jadakiss]\nAlot of niggas 'posed to be down, they most be clowns\nWho think im trying to sign with Hov to get close to the crown\nI take a couple Ooh's and Aah's, jewls and cars\nScrew some broads, and I'm still cool with Nas\nYa real subtle still, so fuckin ill\nHow you can turn an idea into a couple mill\nBut everybody got they hand in the pot\nSo either you cut them off or hand them a knot\nAnd I ain't neva planning to stop, im planning to rock\nTill the rims matchin the top, and the Phantom is drop\nThey?ll neva get away with the shit I pull off god\nNice on the clutch even though I pull off hard\nAnd you know the old kiss, you don't know the grown kiss\nGot bout 5 in me until I get homesick\nStill got access to the 2 tone bricks\nTerry cloth sweats, and wally?s that pretty tone shit\n\n[Hook: Sheek Louch]\nYou can kiss your ass goodbyeee\n(D-block, D-block, D-block, D-block)\nLa da daaa, laa daa daaaa\n\n\n\n\n  ", 
        "pro": {
            "features": [
                "Beanie Sigel", 
                "Fabolous", 
                "Jadakiss", 
                "Sheek Louch"
            ], 
            "blocks": {
                "verses": [
                    {
                        "header": "[Dj Skee]", 
                        "text hash": "fad16d909ead0cbc59d8411f5af04b79", 
                        "artist": "Game", 
                        "text": "Dj Skee is now bringing you the raw uncensored street shit\nThis is a Dj Skee premiere"
                    }, 
                    {
                        "header": "[Verse 1: Sheek Louch]", 
                        "text hash": "f437e8ef215893817fa1cb4be65a782b", 
                        "artist": "Sheek Louch", 
                        "text": "Aiyyo\nThe flow is here, the dough is here\nThe gon' call this the hardest remix of the year (haha)\nThe wrist is sickle, the nine is nickle (damn)\nThe inside tan, the outter pickle (wooh)\nThe dutch is rolled, the yak is poured (aight)\nYou running you mouth, I'm gettin you jawed (ouch)\nI'm wavin the blade, I'm tellin you back up (back up)\nYou empty your pockets, I picking your pack up (gimme that)\nYou can act stupid if you wanna\nLike you don't know what block I'm in fronta (I'm right here nigga)\nI'm out in New York, or down in the south (no doubt)\nI'm out in the trap, with gold in my mouth (haha)\nThey book me for the clubs in the hood (yeah)\nBut niggas sacred to go, but Sheek Louch good (D-Block)\nIt's loaded when I get out the car, like\n(La da daaa, laa daa daaaa)"
                    }, 
                    {
                        "header": "[Verse 2: Fabolous]", 
                        "text hash": "cc7b92ed45a6e88c0f1a713727c185f0", 
                        "artist": "Fabolous", 
                        "text": "Yeah, D-Block\nThey say hate spread faster than love\nSo the Bentley is black, same color as the mask and the gloves\nWith me, I'mma send a bastard above\nBefore he give the police, the first and last of your gov\nThese dickhead niggas, you shoot 'em they bleed cum\nThe two pussies they with, just make it a threesome\nThey buyin' out quick, you gotta buy your seed guns\nNow they spraying magasines, 'fore they can read one\nMy glass jar had a hell of a rerun\n(la da daaa, laa daa daaaa)\nAs we proceed son, had I known\nEvery hood got a street fan, if not they need one\nI'm thinking short ranged, gimme a sport ranged\nAnd when it get warmer, I'm jumpin' in the sauna\nDuck when I'm passing by, put your head 'tween your legs\nKiss your ass goodbye"
                    }, 
                    {
                        "header": "[Verse 3: Beanie Sigel]", 
                        "text hash": "d543f90aa7cb6d6cd87a39698341b16a", 
                        "artist": "Beanie Sigel", 
                        "text": "You niggas lost ya'll game, I'm throwin the rock down\nJust to put ya'll D, I'm back on the block now\nRunning your mouth 'fore I shit all in it\nAll ya'll ass, and I'm about to dig all in it\nI birthed you niggas, I fed and I burped you niggas\nQuick as that, I will earth you niggas\nClothed you niggas\nWiped the snot from the nose of you niggas\nWhat not to expose you niggas\nTrist knife or razor fight\nI got a year and a day\nStill played it like they gave me life\nCan't walk through these jail without shackles and two cops\nThrowing shit on the wall, not at the food slot\nGot connects with pops, we boofin the weed planes\nHit my khaki's, watched them pressed for food stamps\nRespectin the jail, or checkin the mail\nI stay on the phone, I don't put collect on the bill\nYou let them DC niggas have sex in your cell\nYou live with a gun, you like gettin hit from the front\nStand some shit, like two dicks with no bitch\nRumor has it, you like your chicks with no tits\nF.Y.I. your P.S.I. said you snitch\nHow you blow trial and stay all rich, bitch\nNow it's time to set it off\nYou got sumfin on your chest man the tech will tear it off\nMwuah"
                    }, 
                    {
                        "header": "[Game]", 
                        "text hash": "11ca1d3943ea6709df5a5a542d4183ac", 
                        "artist": "Game", 
                        "text": "Hurricane Game\nWelcome to your funeral motherfuckas"
                    }, 
                    {
                        "header": "[Verse 4: Game]", 
                        "text hash": "111ba4bc4e51fca62812745c8453cff3", 
                        "artist": "Game", 
                        "text": "You rat ass nigga you run with the fags, you pussy\nI shoot at your man put him in a bag you push me\nAfter you flop im takin your fans\nGive you a reason to do that dumb shit with your hands\nPiss in your mouth and burn your promotional van\nCome to your wake and slap all 3 of your fans\nGet your mind right\nOr get your mind put right next to them all white air nikes\nNails in your coffin leave them locked air tight\nLet him scream G-unit with dust in his wind pipes\nDrive him through north Philly, Brooklyn and Yonkers\nHow it feel to get fucked all the way from Compton"
                    }, 
                    {
                        "header": "[Verse 5: Jadakiss]", 
                        "text hash": "c277a132ea87471ac9e80ae784834e04", 
                        "artist": "Jadakiss", 
                        "text": "Alot of niggas 'posed to be down, they most be clowns\nWho think im trying to sign with Hov to get close to the crown\nI take a couple Ooh's and Aah's, jewls and cars\nScrew some broads, and I'm still cool with Nas\nYa real subtle still, so fuckin ill\nHow you can turn an idea into a couple mill\nBut everybody got they hand in the pot\nSo either you cut them off or hand them a knot\nAnd I ain't neva planning to stop, im planning to rock\nTill the rims matchin the top, and the Phantom is drop\nThey?ll neva get away with the shit I pull off god\nNice on the clutch even though I pull off hard\nAnd you know the old kiss, you don't know the grown kiss\nGot bout 5 in me until I get homesick\nStill got access to the 2 tone bricks\nTerry cloth sweats, and wally?s that pretty tone shit"
                    }
                ], 
                "hooks": [
                    {
                        "header": "[Hook: Sheek Louch]", 
                        "text hash": "5003262674c6dcd3642074750aa182a2", 
                        "artist": "Sheek Louch", 
                        "text": "You can kiss your ass goodbye\n(D-block, D-block, D-block, D-block)\nLa da daaa, laa daa daaaa"
                    }, 
                    {
                        "header": "[Hook: Sheek Louch]", 
                        "text hash": "f567fcca3b310f7b86ab4ddb72fb2198", 
                        "artist": "Sheek Louch", 
                        "text": "You can kiss your ass goodbyeee\n(D-block, D-block, D-block, D-block)\nLa da daaa, laa daa daaaa"
                    }, 
                    {
                        "header": "[Hook: Sheek Louch]", 
                        "text hash": "9d833fed2e98a16360e8cdadfb8f6226", 
                        "artist": "Sheek Louch", 
                        "text": "You can kiss your ass goodbyeee\n(D-block, D-block, D-block, D-block)\nLa da daaa, laa daa daaaa\n\n\n\n\n  "
                    }
                ]
            }, 
            "order": [
                "[Dj Skee]", 
                "[Hook: Sheek Louch]", 
                "[Verse 1: Sheek Louch]", 
                "[Hook: Sheek Louch]", 
                "[Verse 2: Fabolous]", 
                "[Hook: Sheek Louch]", 
                "[Verse 3: Beanie Sigel]", 
                "[Hook: Sheek Louch]", 
                "[Game]", 
                "[Verse 4: Game]", 
                "[Hook: Sheek Louch]", 
                "[Verse 5: Jadakiss]", 
                "[Hook: Sheek Louch]"
            ], 
            "artist": "Game"
        }
    },
    "Last Supper": {
        "raw": "\n    \n  [Intro: Jadakiss]\nSad, pitiful this is what it's come to\nYou know, fuck it\nReal nigga gonna surface\nFuck niggas gonna drown\nAha\nSound session\n\n[Verse 1: Jadakiss and (Styles P)]\nA hunger pain that make nigga hateful\nThat\u2019s why you can\u2019t bring bread with the ungrateful\nHe can\u2019t look in your eyes and he can\u2019t (face you)\nWait for them to try, he can\u2019t (wait to)\nI rather die out here just to [?]\nI had from nine to five (I sold base too)\nI beat the shit out of niggas (I got a case too)\nAnd when I ate, I make sure everybody ate too\nOnly God could judge us, only niggas can do us (rich)\nThey probably (underestimate you)\nBut still fuck how he gonna feel, (fuck you know the deal)\nThe last supper is three course meal (last supper)\nAll I see it\u2019s G\u2019s (sitting at the table)\nGuns waiting keys ([?])\nMoney from the street (money from the label, money)\nRidin' out for Pac (like the nigga fatal)\nRidin' out to Big (like the nigga gutta)\nYou ain't ride (fuck you nigga I ain\u2019t studder)\nHe ain\u2019t studder but the gun is studder\n(Ratatatatat) motherfucker\nLittle niggas respect Elvis\nSlept with pretty bitchs that got you down like Grasel (Deblanco)\n(Less coupes stashed in the console)\nLast supper I let a hundred bricks on the [?]\n\n[Hook: Game]\nSpaghetti dinners and ready niggas Jesus it\u2019s able\nLooking at [?] nothing but [?] in my table\nMy steady conversations\nDon\u2019t let the devil touch ya\nNothing but G's around the table for the last supper\nWalkin' on water with baking soda to get my cake up\nBreaking bread with forty theives hoping god save us\nLooking all I see is G\u2019s at the table\nLooking all I see is G's at the table\n\n[Verse 2: Game and (Ar-16)]\nKiss tell sheik I gotta hustle like Russel\nBurn us right in your face (never needed a muzzle)\n16 in the Glock extendos for the tussle\n(16 at the cop, don\u2019t let the motherfucker cuff you)\nLA you get shot down (New York gon cut you)\nWhen the last time you\u2019ve been to church (nigga we don\u2019t trust you)\nLike the bands front line (nigga we'll rush you)\nLaughing over your body, we the one you look up to\nFather figures (we raise guns) pull all the triggers\n(They be sitting in birds) We be sonning all you niggas\nWhen it's time to ride we in that Cutless smothered up\n(We real gangstas) VH1 was just a cover up\nWorldstar knock-out king (time to knuckle up)\nWe ride from California, nigga so buckle up\n(We got a team full of killers when we huddle up)\nDead bodies everywhere (corners bring the shuttle bus)\nNiggas gotta fuck with us (if not we fuck you up)\nBitches can get it too, bus driver with the upper cut\n(Kiss barrels) pucker up (ain\u2019t nobody scortching us)\nDrama with the four of us (I'll make you niggas organed up)\nBad boys (always come through with enough to puff)\nLike the 95' rap niggas (still roll a dutch)\nWe got grenades in our bags Glock's Justin Tuck\n(That [?] automatic start) go on and press your luck\n\n[Hook]\n\n\n\n\n  ", 
        "pro": {
            "features": [
                "Ar-16", 
                "Jadakiss", 
                "Styles P"
            ], 
            "blocks": {
                "verses": [
                    {
                        "header": "[Verse 1: Jadakiss and (Styles P)]", 
                        "text hash": "ab1a7d8579241fa10ee5ca33c503e350", 
                        "artist": "Styles P", 
                        "text": "A hunger pain that make nigga hateful\nThat\u2019s why you can\u2019t bring bread with the ungrateful\nHe can\u2019t look in your eyes and he can\u2019t (face you)\nWait for them to try, he can\u2019t (wait to)\nI rather die out here just to [?]\nI had from nine to five (I sold base too)\nI beat the shit out of niggas (I got a case too)\nAnd when I ate, I make sure everybody ate too\nOnly God could judge us, only niggas can do us (rich)\nThey probably (underestimate you)\nBut still fuck how he gonna feel, (fuck you know the deal)\nThe last supper is three course meal (last supper)\nAll I see it\u2019s G\u2019s (sitting at the table)\nGuns waiting keys ([?])\nMoney from the street (money from the label, money)\nRidin' out for Pac (like the nigga fatal)\nRidin' out to Big (like the nigga gutta)\nYou ain't ride (fuck you nigga I ain\u2019t studder)\nHe ain\u2019t studder but the gun is studder\n(Ratatatatat) motherfucker\nLittle niggas respect Elvis\nSlept with pretty bitchs that got you down like Grasel (Deblanco)\n(Less coupes stashed in the console)\nLast supper I let a hundred bricks on the [?]"
                    }, 
                    {
                        "header": "[Verse 2: Game and (Ar-16)]", 
                        "text hash": "1f1d0b823621381fe9413cc81e7e60ca", 
                        "artist": "Ar-16", 
                        "text": "Kiss tell sheik I gotta hustle like Russel\nBurn us right in your face (never needed a muzzle)\n16 in the Glock extendos for the tussle\n(16 at the cop, don\u2019t let the motherfucker cuff you)\nLA you get shot down (New York gon cut you)\nWhen the last time you\u2019ve been to church (nigga we don\u2019t trust you)\nLike the bands front line (nigga we'll rush you)\nLaughing over your body, we the one you look up to\nFather figures (we raise guns) pull all the triggers\n(They be sitting in birds) We be sonning all you niggas\nWhen it's time to ride we in that Cutless smothered up\n(We real gangstas) VH1 was just a cover up\nWorldstar knock-out king (time to knuckle up)\nWe ride from California, nigga so buckle up\n(We got a team full of killers when we huddle up)\nDead bodies everywhere (corners bring the shuttle bus)\nNiggas gotta fuck with us (if not we fuck you up)\nBitches can get it too, bus driver with the upper cut\n(Kiss barrels) pucker up (ain\u2019t nobody scortching us)\nDrama with the four of us (I'll make you niggas organed up)\nBad boys (always come through with enough to puff)\nLike the 95' rap niggas (still roll a dutch)\nWe got grenades in our bags Glock's Justin Tuck\n(That [?] automatic start) go on and press your luck"
                    }
                ], 
                "hooks": [
                    {
                        "header": "[Hook: Game]", 
                        "text hash": "f5386051095ecfb3ad7864945bc22377", 
                        "artist": "Game", 
                        "text": "Spaghetti dinners and ready niggas Jesus it\u2019s able\nLooking at [?] nothing but [?] in my table\nMy steady conversations\nDon\u2019t let the devil touch ya\nNothing but G's around the table for the last supper\nWalkin' on water with baking soda to get my cake up\nBreaking bread with forty theives hoping god save us\nLooking all I see is G\u2019s at the table\nLooking all I see is G's at the table"
                    }
                ], 
                "intro": [
                    {
                        "header": "[Intro: Jadakiss]", 
                        "text hash": "b7311159f62737f442042fe2442e5d71", 
                        "artist": "Jadakiss", 
                        "text": "Sad, pitiful this is what it's come to\nYou know, fuck it\nReal nigga gonna surface\nFuck niggas gonna drown\nAha\nSound session"
                    }
                ]
            }, 
            "order": [
                "[Intro: Jadakiss]", 
                "[Verse 1: Jadakiss and (Styles P)]", 
                "[Hook: Game]", 
                "[Verse 2: Game and (Ar-16)]", 
                "[Hook]"
            ], 
            "artist": "Game"
        }
    }
}