{
    "In My Head": {
        "raw": "\n    \n  [Lord Jamar intro]\nCome on\nPeace to the Gods\nPeace to the Earths\nI be the Lord Jamar\nMy man Gensu Dean on the track\nLet's do it, come on\n\n[Hook: Lord Jamar]\nThe knowledge in my head\nBuilt the pyramids of Egypt yo\nIt's not a secret\nThe knowledge in my head\nIts God knowledge, I ain't talking 'bout college\nThe knowledge in my head\nIs given out freely to those that need me\nYou can't read me\nThe knowledge in my head\nNo!\n\n[Lord Jamar]\nIt's what started everything in the Universe\nNo need to ask me the question of who was first\nThe Alpha and Omega, the Arm, Leg, Leg, Arm, Head\nEighty five percent are born dead\nCornbread, Earl and me\nExcept now I'm the G-O-D\nI'm the cream so I rise to the T-O-P\nY'all ten percent niggas can't fuck with me\nI represent Five Percent of the tribe that know who they are\nThe sun, moon and stars\nPut me on your track and I'ma run through your car\nShow the knowledge in the head of the Lord Jamar\n\n[Hook: Sadat X]\nThe knowledge in my head\nKeeps us healthy and fed (Peace to the Gods)\nThe knowledge in my head\nWe alive, not dead!\nThe knowledge in my head\nCombined with my passion for bread\nMakes me go hard, that's why I call myself the God!\n\n[Sadat X]\nPeace!\nYou can too, the Five Percent Nation is a hell of a crew\nA way of life, have a seed and a beautiful wife\nWalk the sand, walk through the ghetto with the mic in my hand\nI want the best part of all of the land, y'all keep the caves\nWhere do we go when they put is in graves?  Who really knows?\nI want mine now, fuck waiting for shows, pay the God!\nDon't eat that yo I think it got lard\nWho dares to step in front of this squad?\nBe shown, the Wild Cowboy, come get hit with this stone\nGet too close and you gon' bury your own\nWalk with the Father, why bother you ask?\nDamn, you couldn't complete the task\nIt's like you walking around with a mask\nWalking around dead\n\n[Hook 1: Lord Jamar]\n\n[Lord Jamar]\nIs infinite like the number 8 laying on its side\nGot the Gensu tape playing in the ride\nBeats from the SP 12, you can judge for yourself who the best be\nIgnorance don't affect me, knowledge is my shield\nThat's how I politic my deals\nAnd eat meals from the cake that I chef'd up\nWe goin' digital now, nothing to press up\nNothin' to ship out, nothin' to store in a motherfuckin' warehouse\nThat's all I care about, keeping the overhead low\nThis my business plan, I'm a businessman\n\n[Hook 1: Lord Jamar]\n\n\n\n\n  ", 
        "pro": {
            "features": [
                "Brand Nubian", 
                "Lord Jamar", 
                "Sadat X"
            ], 
            "producers": [
                "Gensu Dean"
            ], 
            "blocks": {
                "verses": [], 
                "hooks": [
                    {
                        "header": "[Hook: Lord Jamar]", 
                        "text hash": "90e57b221114ef934abb1c972f5efae5", 
                        "artist": "Lord Jamar", 
                        "text": "The knowledge in my head\nBuilt the pyramids of Egypt yo\nIt's not a secret\nThe knowledge in my head\nIts God knowledge, I ain't talking 'bout college\nThe knowledge in my head\nIs given out freely to those that need me\nYou can't read me\nThe knowledge in my head\nNo!"
                    }, 
                    {
                        "header": "[Hook: Sadat X]", 
                        "text hash": "3257934d17cfefe5c2a09ab0026636e2", 
                        "artist": "Sadat X", 
                        "text": "The knowledge in my head\nKeeps us healthy and fed (Peace to the Gods)\nThe knowledge in my head\nWe alive, not dead!\nThe knowledge in my head\nCombined with my passion for bread\nMakes me go hard, that's why I call myself the God!"
                    }
                ], 
                "intro": [
                    {
                        "header": "[Lord Jamar intro]", 
                        "text hash": "ba91b05a0761ad8b9261bab1ab404e10", 
                        "artist": "Lord Jamar", 
                        "text": "Come on\nPeace to the Gods\nPeace to the Earths\nI be the Lord Jamar\nMy man Gensu Dean on the track\nLet's do it, come on"
                    }
                ], 
                "remainders": [
                    {
                        "header": "[Lord Jamar]", 
                        "text hash": "4085db9362c3a4d58185dd71cc68137d", 
                        "artist": "Lord Jamar", 
                        "text": "It's what started everything in the Universe\nNo need to ask me the question of who was first\nThe Alpha and Omega, the Arm, Leg, Leg, Arm, Head\nEighty five percent are born dead\nCornbread, Earl and me\nExcept now I'm the G-O-D\nI'm the cream so I rise to the T-O-P\nY'all ten percent niggas can't fuck with me\nI represent Five Percent of the tribe that know who they are\nThe sun, moon and stars\nPut me on your track and I'ma run through your car\nShow the knowledge in the head of the Lord Jamar"
                    }, 
                    {
                        "header": "[Sadat X]", 
                        "text hash": "ce39eb9f4c381ac7a5c1b2fcd063a997", 
                        "artist": "Sadat X", 
                        "text": "Peace!\nYou can too, the Five Percent Nation is a hell of a crew\nA way of life, have a seed and a beautiful wife\nWalk the sand, walk through the ghetto with the mic in my hand\nI want the best part of all of the land, y'all keep the caves\nWhere do we go when they put is in graves?  Who really knows?\nI want mine now, fuck waiting for shows, pay the God!\nDon't eat that yo I think it got lard\nWho dares to step in front of this squad?\nBe shown, the Wild Cowboy, come get hit with this stone\nGet too close and you gon' bury your own\nWalk with the Father, why bother you ask?\nDamn, you couldn't complete the task\nIt's like you walking around with a mask\nWalking around dead"
                    }, 
                    {
                        "header": "[Lord Jamar]", 
                        "text hash": "3417edb1e7be16acc0fb95f0f2c51ad9", 
                        "artist": "Lord Jamar", 
                        "text": "Is infinite like the number 8 laying on its side\nGot the Gensu tape playing in the ride\nBeats from the SP 12, you can judge for yourself who the best be\nIgnorance don't affect me, knowledge is my shield\nThat's how I politic my deals\nAnd eat meals from the cake that I chef'd up\nWe goin' digital now, nothing to press up\nNothin' to ship out, nothin' to store in a motherfuckin' warehouse\nThat's all I care about, keeping the overhead low\nThis my business plan, I'm a businessman"
                    }
                ]
            }, 
            "order": [
                "[Lord Jamar intro]", 
                "[Hook: Lord Jamar]", 
                "[Lord Jamar]", 
                "[Hook: Sadat X]", 
                "[Sadat X]", 
                "[Hook 1: Lord Jamar]", 
                "[Lord Jamar]", 
                "[Hook 1: Lord Jamar]"
            ], 
            "artist": "Gensu Dean"
        }
    }
}