{
    "My Little Razorblade": {
        "raw": "\n    \n  [Verse 1 RYU:]\nYou see us coming through the door with our hoods up\nEyes low sipping on that good stuff\nAnd you ain\u2019t gotta ask if you need a couple bags say Daddy come and give me some sugar\nYou see us coming through the door with our hoods up\nEyes low sipping on that good stuff\nAnd you ain\u2019t gotta ask if you need a couple bags say Daddy come and give me some sugar\n\nKids idolize us, mothers all despise us\nCuz I keep \u2018em higher than the bottom of a sky bus\nTry some powder sugar pie crumbs\nHundred dollar booger hooker look at you girl you\u2019se a fine one\nI could make your mind numb if you so decided\nYou don\u2019t want to try it quiet I can make your mind up\nYou should come and find us who knows you might enjoy it\nChoppin' up a line up on the top of a toilet\nStop trying to avoid it boys and girls\nCome get your poison it\u2019s funner and cheaper than a toy is\nYou should see my clientele I ain\u2019t saying names but\nI can build a train track everybody\u2019s buying rails\nTrue fact people at Warner are fuckin\u2019 high as hell\nHow can you explain putting RYU\u2019s shit up on the shelf\n\n[Verse 2 Apathy:]\nNow here is a story all about how\nThis old-school shit flips upside-down\nSee the \u201980s wasn\u2019t always so shiny and colorful\nLiving comfortable as Gucci sweaters on Cliff Huxtable\nWhen you was in the womb sleeping peacefully to grow\nI was in my womb while my parents sniffed blow\nSee they were teenagers misbehavers\nWho left little straws, mirrors and razors\nYou think this shit is fly ain\u2019t a damn thing funny\nSomeone broke into our crib and stole our Christmas money\nAnd when I was a little kid all of my bad dreams\nConsisted of cokeheads, burglars and crack-fiends\nAll that glitters ain\u2019t gold I promise\nShit was fucked up when Reagan was in office\nFood stamps, government, Jesus and cocaine\nI never knew a single soul who owned a rope chain\n\n\n\n\n  ", 
        "pro": {
            "producers": [
                "Apathy"
            ], 
            "blocks": {
                "verses": [
                    {
                        "header": "[Verse 1 RYU:]", 
                        "text hash": "679ad3458e98e78bc95a9535a1f16e0e", 
                        "artist": "Get Busy Committee", 
                        "text": "You see us coming through the door with our hoods up\nEyes low sipping on that good stuff\nAnd you ain\u2019t gotta ask if you need a couple bags say Daddy come and give me some sugar\nYou see us coming through the door with our hoods up\nEyes low sipping on that good stuff\nAnd you ain\u2019t gotta ask if you need a couple bags say Daddy come and give me some sugar\n\nKids idolize us, mothers all despise us\nCuz I keep \u2018em higher than the bottom of a sky bus\nTry some powder sugar pie crumbs\nHundred dollar booger hooker look at you girl you\u2019se a fine one\nI could make your mind numb if you so decided\nYou don\u2019t want to try it quiet I can make your mind up\nYou should come and find us who knows you might enjoy it\nChoppin' up a line up on the top of a toilet\nStop trying to avoid it boys and girls\nCome get your poison it\u2019s funner and cheaper than a toy is\nYou should see my clientele I ain\u2019t saying names but\nI can build a train track everybody\u2019s buying rails\nTrue fact people at Warner are fuckin\u2019 high as hell\nHow can you explain putting RYU\u2019s shit up on the shelf"
                    }, 
                    {
                        "header": "[Verse 2 Apathy:]", 
                        "text hash": "868eb71470ee15964d3d5cecc3da7dc0", 
                        "artist": "Get Busy Committee", 
                        "text": "Now here is a story all about how\nThis old-school shit flips upside-down\nSee the \u201980s wasn\u2019t always so shiny and colorful\nLiving comfortable as Gucci sweaters on Cliff Huxtable\nWhen you was in the womb sleeping peacefully to grow\nI was in my womb while my parents sniffed blow\nSee they were teenagers misbehavers\nWho left little straws, mirrors and razors\nYou think this shit is fly ain\u2019t a damn thing funny\nSomeone broke into our crib and stole our Christmas money\nAnd when I was a little kid all of my bad dreams\nConsisted of cokeheads, burglars and crack-fiends\nAll that glitters ain\u2019t gold I promise\nShit was fucked up when Reagan was in office\nFood stamps, government, Jesus and cocaine\nI never knew a single soul who owned a rope chain\n\n\n\n\n  "
                    }
                ], 
                "hooks": []
            }, 
            "order": [
                "[Verse 1 RYU:]", 
                "[Verse 2 Apathy:]"
            ], 
            "artist": "Get Busy Committee"
        }
    },
    "Say Whaaat": {
        "raw": "\n    \n  [Verse 1: Ryu]\nI feel good\nEven though I shouldn\u2019t\nI\u2019m chilling so hard couldn\u2019t tell you where the hood is\nI\u2019m looking like a million bucks\nSucka I\u2019m sorry\nJeep so clean might as well be a Ferrari\nTook off the top like an African safari\nHeading to the beach cause I heard the waves are gnarly\nNo flip flops just a pair of old Barkleys\nGot the golden ticket like I took that shit from Charlie\nHardly the day to complain\nIma save that for later\nRight now I\u2019m too busy being lazy as a gator\nEven if I seen a hater\nWouldn\u2019t tell him eat a dick\nCause my shit is hotter than a chicken incubator is\nGot a smile on my face\nAnd a roll full of dough\nFeeling great cuz I just ate a hot bowl of Pho\nMake a stop at the store\nGrab a 40 for the road\nWho am I kidding make it two and a pack of smokes\n\nChorus\nI feel good\nAnd it sounds kinda gangsta\nI\u2019m sorry but I guess it\u2019s in my nature\nVibrating got the bass all cranked up\nChilling in that \u201885 Samurai, say what\n\n[Verse 2: Apathy]\nMan I love these palm trees\nThey\u2019re so different from the east\nSubwoofers bumping beats\nKeep a lookout for police\nCause I\u2019m still drinking 40s like it\u2019s 1993\nListening to a cassette of DOC and Diamond D\nGot a shirt with a koala and I\u2019m rocking Wallabees\nFollow me\nBut it\u2019s kinda hard when I\u2019m wobbly\nCuz the turntables wobble gotta rock em properly\nGot em from my man who got em in a little robbery\nAnd I\u2019ll sell em for a G\nThey\u2019re ain\u2019t shit your telling me\nCuz I know it before you say it like I got telepathy\nWant to diss before you know me well I know it\u2019s jealousy\nCaught you walking down the street whistling this melody\nAnd I\u2019m booming\nIm booming\nAp is so fly it\u2019s hard to believe that I\u2019m human\nMore like a mutant\nStart a revolution\nBetter start cruising\nBefore they start shooting\n\n[Refrain]\n\n[Verse 3: Scoop Deville]\nBooming down the block in the drop top\nHaters catch a soft spot\nCuz I does it nonstop\nYou ain\u2019t got it on lock\nRun in to that pawn shop\nTry to sell that cheap chain trade it for a small watch\nGot the Uzi palmed cocked\nGot the posse on deck\nYou ain\u2019t puffing like me\nWe could have a contest\nNot to disrespect but I really like your mom's breast\nOops I mean your mom's fresh, I\u2019m just being honest\nIt\u2019s funny all the shit that floats around in my self-concious\nI\u2019m pumping up my ego\nPeople say I\u2019m pompous\nActing like a Chief like I fucked Pocahontas\nMaybe it\u2019s just you ain\u2019t used to being around bosses\n\n[Refrain]\n\n\n\n\n  ", 
        "pro": {
            "producers": [
                "Apathy"
            ], 
            "blocks": {
                "verses": [
                    {
                        "header": "[Verse 1: Ryu]", 
                        "text hash": "7697eefed7d82bfd4e472514bb5e132c", 
                        "artist": "Ryu", 
                        "text": "I feel good\nEven though I shouldn\u2019t\nI\u2019m chilling so hard couldn\u2019t tell you where the hood is\nI\u2019m looking like a million bucks\nSucka I\u2019m sorry\nJeep so clean might as well be a Ferrari\nTook off the top like an African safari\nHeading to the beach cause I heard the waves are gnarly\nNo flip flops just a pair of old Barkleys\nGot the golden ticket like I took that shit from Charlie\nHardly the day to complain\nIma save that for later\nRight now I\u2019m too busy being lazy as a gator\nEven if I seen a hater\nWouldn\u2019t tell him eat a dick\nCause my shit is hotter than a chicken incubator is\nGot a smile on my face\nAnd a roll full of dough\nFeeling great cuz I just ate a hot bowl of Pho\nMake a stop at the store\nGrab a 40 for the road\nWho am I kidding make it two and a pack of smokes\n\nChorus\nI feel good\nAnd it sounds kinda gangsta\nI\u2019m sorry but I guess it\u2019s in my nature\nVibrating got the bass all cranked up\nChilling in that \u201885 Samurai, say what"
                    }, 
                    {
                        "header": "[Verse 2: Apathy]", 
                        "text hash": "62fd5ed3371c22c0ecdedf56edb3be00", 
                        "artist": "Apathy", 
                        "text": "Man I love these palm trees\nThey\u2019re so different from the east\nSubwoofers bumping beats\nKeep a lookout for police\nCause I\u2019m still drinking 40s like it\u2019s 1993\nListening to a cassette of DOC and Diamond D\nGot a shirt with a koala and I\u2019m rocking Wallabees\nFollow me\nBut it\u2019s kinda hard when I\u2019m wobbly\nCuz the turntables wobble gotta rock em properly\nGot em from my man who got em in a little robbery\nAnd I\u2019ll sell em for a G\nThey\u2019re ain\u2019t shit your telling me\nCuz I know it before you say it like I got telepathy\nWant to diss before you know me well I know it\u2019s jealousy\nCaught you walking down the street whistling this melody\nAnd I\u2019m booming\nIm booming\nAp is so fly it\u2019s hard to believe that I\u2019m human\nMore like a mutant\nStart a revolution\nBetter start cruising\nBefore they start shooting"
                    }, 
                    {
                        "header": "[Verse 3: Scoop Deville]", 
                        "text hash": "545b048fad695eade88e4cc09807933d", 
                        "artist": "Scoop Deville", 
                        "text": "Booming down the block in the drop top\nHaters catch a soft spot\nCuz I does it nonstop\nYou ain\u2019t got it on lock\nRun in to that pawn shop\nTry to sell that cheap chain trade it for a small watch\nGot the Uzi palmed cocked\nGot the posse on deck\nYou ain\u2019t puffing like me\nWe could have a contest\nNot to disrespect but I really like your mom's breast\nOops I mean your mom's fresh, I\u2019m just being honest\nIt\u2019s funny all the shit that floats around in my self-concious\nI\u2019m pumping up my ego\nPeople say I\u2019m pompous\nActing like a Chief like I fucked Pocahontas\nMaybe it\u2019s just you ain\u2019t used to being around bosses"
                    }
                ], 
                "hooks": []
            }, 
            "order": [
                "[Verse 1: Ryu]", 
                "[Verse 2: Apathy]", 
                "[Refrain]", 
                "[Verse 3: Scoop Deville]", 
                "[Refrain]"
            ], 
            "artist": "Get Busy Committee"
        }
    },
    "Stylish Clothes": {
        "raw": "\n    \n  Chorus:\nI like the way you comb your hair\nUh\nI like the stylish clothes you wear\nUh\nI like the way you comb your hair\nUh\nI like the stylish clothes you wear\nUh\nI like the way you comb your hair\nUh\nI like them stylish clo-I like them stylish clothes\n\nApathy:\nTake you home to your mommy, watch how hard ya family trips\nWhen they see I got you dressing like Vanity Six\nA pair of pumps, not Vans four finger rings covering your hands\nMakeup\u2019s like you headbutted a box of crayons\nIt\u2019s true love baby baby give me one more chance\nNo parachute you rocking Parasuco pants\nAt first glance, Buffalo stance\nAnd I\u2019m just burning doing the neutron dance\nMami watch how hard ya family trips\nWhen they see I got you dressing like Vanity 6\nA pair of pumps, not Vans four finger rings covering your hands\nMakeup\u2019s like you headbutted a box of crayons\nTrue love baby baby give me one more chance\nWell parachute you rocking Parasuco pants\nFirst glance, Buffalo stance\nAnd I\u2019m just burning doing the neutron dance\n\nChorus:\nI like the way you comb your hair\nUh\nI like the stylish clothes you wear\nUh\nI like the way you comb your hair\nUh\nI like the stylish clothes you wear\nUh\nI like the way you comb your hair\nUh\nI like the stylish clothes you wear\nUh\nI like the way you comb your hair\nUh\nI like them stylish clo-I like them stylish clothes\n\nScoop Deville:\nCheck check, 1,2,3\nCheck out the hotel bitch\nThere\u2019s too many fish in my deep blue sea\nSo I\u2019m reeling em in I\u2019m as real as can be\nGot a lot of hoes on my new shit\nTalking about where\u2019d you get the kicks the exclusives?\nShoes stay clean but I'm dirty like a Q-tip\nPut it on layaway better yet a swoosh list\n\nRYU:\nShe likes the way that I move when I moving\nThrough the room lose your illusion, 808 booming\nI\u2019m fly from my Pork pie hat to my shoeses\nAnd I don\u2019t gotta try, I don\u2019t even do shit\nI don\u2019t gotta prove it, I just ooze it\nPull a bitch even if she dislikes my music\nUnderstand what you see in me is every girls fantasy\nJimmy Z\u2019s\nLamborghini keys hangin all out of my fuckin jeans\nLook at me, look at me I\u2019m everything you want to be\nAnd I don\u2019t mean to brag cuz I know it makes you mad but\nIf you wanna clash brah, I rock the casbah\n\nChorus:\nI like the way you comb your hair\nUh\nI like the stylish clothes you wear\nUh\nI like the way you comb your hair\nUh\nI like the stylish clothes you wear\nUh\nI like the way you comb your hair\nUh\nI like the stylish clothes you wear\nUh\nI like the way you comb your hair\nUh\nI like the stylish clothes you wear\nUh\nI like the way you comb your hair\nUh\nI like the stylish clothes you wear\nUh\nI like the way you comb your hair\nUh\nI like them stylish clo-I like them stylish clothes\n\n\n\n\n  ", 
        "pro": {
            "producers": [
                "Apathy"
            ], 
            "blocks": {
                "verses": [], 
                "hooks": []
            }, 
            "order": [], 
            "artist": "Get Busy Committee"
        }
    },
    "Uzi Does it": {
        "raw": "\n    \n  Chorus:\nUzi does it\nUzi does it\nUzi does it\nTake it slow\n\nUzi does it\nUzi does it\nUzi does it\nHit the floor\n\nUzi does it\nUzi does it\nUzi does it\nTake it slow\n\nUzi does it\nUzi does it\nUzi does it\n\nYo my shit never jams\nThat\u2019s my jam\nNever jams\nThat\u2019s my jam\nNever jams\nThat\u2019s my jam\nNever jams\n\nYo my shit never jams\nThat\u2019s my jam\nNever jams\nThat\u2019s my jam\nNever jams\nThat\u2019s my jam\nNever jams\n\nMy Uzi weighs a ton\nI\u2019ve got the coolest one\nI ain\u2019t the toughest\nBut I know just how to use my gun\n\nMy Uzi weighs a ton\nI\u2019ve got the coolest one\nI ain\u2019t the toughest\nBut I know just how to use my gun\n\n[Verse 1: Apathy]\nSpeaker beater\nTweeter eater\nTrunk fucker upper\nI eat beats up for supper\nI eat beats up for supper\nSucker punch\nMothafuckas\nThis ain\u2019t rap\nThis some other\nThis ain\u2019t rap\nThis some other\nThis ain\u2019t rap\nThis some other\n\n[Verse 2: RYU]\nOther other\nBurning rubbers\nGirl your mother\nWould be sick and woozy\nIf she knew\nI taught her\nLittle daughter how to grip an uzi\nEasy easy\nChill chill\nChicken greazy\nFinger licking\nFreaky fucker\nI eat beats up for supper\nI eat beats up for suppah\n\nI got that massive shit\nBig old Iraq ass clips\nI got a bad ass bitch\nOpen your trap and get\nLaid out\nOpen your trap and get\nLaid out\n\nYo my shit never jams\nThat\u2019s my jam\nNever jams\nThat\u2019s my jam\nNever jams\nThat\u2019s my jam\nNever jams\n\nYo my shit never jams\nThat\u2019s my jam\nNever jams\nThat\u2019s my jam\nNever jams\nThat\u2019s my jam\nNever jams\n\nChorus:\nUzi does it\nUzi does it\nUzi does it\nTake it slow\n\nUzi does it\nUzi does it\nUzi does it\nHit the floor\n\nUzi does it\nUzi does it\nUzi does it\nTake it slow\n\nUzi does it\nUzi does it\nUzi does it\nHit the floor\n\nMy Uzi weighs a ton\nI\u2019ve got the coolest one\nI ain\u2019t the toughest but I know just how to use my gun\nMy Uzi weighs a ton\nI\u2019ve got the coolest one\nI ain\u2019t the toughest but I know just how to use my gun\n\n[Verse 3: Chevy Jones]\nSpeaker beater\nTweeter eater\nTrunk fucker upper\nI eat beats up for supper\nI eat beats up for supper\nSucker punch\nMothafuckas\nThis ain\u2019t rap\nThis some other\nThis ain\u2019t rap\nThis some other\nThis ain\u2019t rap\nThis some other\n\nOther other\nBurning rubbers\nGirl your mother\nWould be sick and woozy\nIf she knew\nI taught her little\nDaughter how to grip an uzi\nEasy easy\nChill chill\nChicken greazy\nFinger licking\nFreaky fucker\nI eat beats up for supper\nI eat beats up for suppah\n\nI got that massive shit\nBig old Iraq ass clips\nI got a bad ass bitch\nOpen your trap and get\nLaid out\nOpen your trap and get\nLaid out\n\nYo my shit never never (never)\n\nYo my shit never jams\nThat\u2019s my jam\nNever jams\nThat\u2019s my jam\nNever jams\nThat\u2019s my jam\nNever jams\n\nYo my shit never jams\nThat\u2019s my jam\nNever jams\nThat\u2019s my jam\nNever jams\nThat\u2019s my jam\nNever jams\n\nChorus:\nUzi does it\nUzi does it\nUzi does it\nTake it sl-\n\nUzi does it\nUzi does it\nUzi does it\nHit the fl-\n\nUzi does it\nUzi does it\nUzi does it\nTake it sl-\n\nUzi does it\nUzi does it\nUzi does it\nHit the fl-\n\n\n\n\n  ", 
        "pro": {
            "producers": [
                "Apathy"
            ], 
            "blocks": {
                "verses": [
                    {
                        "header": "[Verse 1: Apathy]", 
                        "text hash": "ab1778f6ef228c6cf221e47d670b7720", 
                        "artist": "Apathy", 
                        "text": "Speaker beater\nTweeter eater\nTrunk fucker upper\nI eat beats up for supper\nI eat beats up for supper\nSucker punch\nMothafuckas\nThis ain\u2019t rap\nThis some other\nThis ain\u2019t rap\nThis some other\nThis ain\u2019t rap\nThis some other"
                    }, 
                    {
                        "header": "[Verse 2: RYU]", 
                        "text hash": "c50a82b9eb20a6db96a804651c97b857", 
                        "artist": "RYU", 
                        "text": "Other other\nBurning rubbers\nGirl your mother\nWould be sick and woozy\nIf she knew\nI taught her\nLittle daughter how to grip an uzi\nEasy easy\nChill chill\nChicken greazy\nFinger licking\nFreaky fucker\nI eat beats up for supper\nI eat beats up for suppah\n\nI got that massive shit\nBig old Iraq ass clips\nI got a bad ass bitch\nOpen your trap and get\nLaid out\nOpen your trap and get\nLaid out\n\nYo my shit never jams\nThat\u2019s my jam\nNever jams\nThat\u2019s my jam\nNever jams\nThat\u2019s my jam\nNever jams\n\nYo my shit never jams\nThat\u2019s my jam\nNever jams\nThat\u2019s my jam\nNever jams\nThat\u2019s my jam\nNever jams\n\nChorus:\nUzi does it\nUzi does it\nUzi does it\nTake it slow\n\nUzi does it\nUzi does it\nUzi does it\nHit the floor\n\nUzi does it\nUzi does it\nUzi does it\nTake it slow\n\nUzi does it\nUzi does it\nUzi does it\nHit the floor\n\nMy Uzi weighs a ton\nI\u2019ve got the coolest one\nI ain\u2019t the toughest but I know just how to use my gun\nMy Uzi weighs a ton\nI\u2019ve got the coolest one\nI ain\u2019t the toughest but I know just how to use my gun"
                    }, 
                    {
                        "header": "[Verse 3: Chevy Jones]", 
                        "text hash": "dd5d824340deaa9336a91819c74fc11f", 
                        "artist": "Chevy Jones", 
                        "text": "Speaker beater\nTweeter eater\nTrunk fucker upper\nI eat beats up for supper\nI eat beats up for supper\nSucker punch\nMothafuckas\nThis ain\u2019t rap\nThis some other\nThis ain\u2019t rap\nThis some other\nThis ain\u2019t rap\nThis some other\n\nOther other\nBurning rubbers\nGirl your mother\nWould be sick and woozy\nIf she knew\nI taught her little\nDaughter how to grip an uzi\nEasy easy\nChill chill\nChicken greazy\nFinger licking\nFreaky fucker\nI eat beats up for supper\nI eat beats up for suppah\n\nI got that massive shit\nBig old Iraq ass clips\nI got a bad ass bitch\nOpen your trap and get\nLaid out\nOpen your trap and get\nLaid out\n\nYo my shit never never (never)\n\nYo my shit never jams\nThat\u2019s my jam\nNever jams\nThat\u2019s my jam\nNever jams\nThat\u2019s my jam\nNever jams\n\nYo my shit never jams\nThat\u2019s my jam\nNever jams\nThat\u2019s my jam\nNever jams\nThat\u2019s my jam\nNever jams\n\nChorus:\nUzi does it\nUzi does it\nUzi does it\nTake it sl-\n\nUzi does it\nUzi does it\nUzi does it\nHit the fl-\n\nUzi does it\nUzi does it\nUzi does it\nTake it sl-\n\nUzi does it\nUzi does it\nUzi does it\nHit the fl-\n\n\n\n\n  "
                    }
                ], 
                "hooks": []
            }, 
            "order": [
                "[Verse 1: Apathy]", 
                "[Verse 2: RYU]", 
                "[Verse 3: Chevy Jones]"
            ], 
            "artist": "Get Busy Committee"
        }
    },
    "Hurting Me So Much": {
        "raw": "\n    \n  Cuz it\u2019s hurting me so much\nSo much\nSo much\n\nYou took my love\nAnd now you\u2019re gone\nAnd all I can do\nIs sing this song\n\nCuz it\u2019s hurting me so much\nSo much\nSo much\nCuz it\u2019s hurting me so much\n\nRyu\nI said I\u2019d never hurt you like\nAll the rest of them jerks do I\nSaid I was different wanted to treat you right\nEvery thing was the truth except for the lies\nI just want to apologize\nUh\nFor the nights I made you cry\nStaying up til 5\nLike fuck this guy\nWaiting by the phone checking the caller I-D\nCouldn\u2019t see it was hurting you inside plus\nI was certain that you would never leave my side cuz\nAin\u2019t nobody closer than you and I was\nIt looked perfect to the naked eye but\nOn the surface we were inseparable\nOn the low I was being too sensual\nPut myself in a bad position and I did something that I wish I didn\u2019t\n\nChorus\nCuz it\u2019s hurting me so much\nSo much\nSo much\nCuz it\u2019s hurting me so much\nSo much\nSo much\nCuz it\u2019s hurting me so much\nSo much\nSo much\nCuz it\u2019s hurting\n\nApathy\nToo little too late I know that\nYou give another chance and I blow that\nI know I always say I wish I could go back\nGo ahead let it out don\u2019t hold back\nSo where you gonna go now to your moms house?\nSpend the night sheding tears on your moms couch?\nNaw don\u2019t bother leaving girl I\u2019m out\nAnd besides you ain\u2019t got no gas money\nWe wasn\u2019t just summer fun\nGirl you\u2019re my number one\nSo what you running from?\nDon\u2019t let us come undone\nI know this shit sucks\nWith things we said and such\nYou said you hate my gust but I just want to feel your touch\n\nChorus\nCuz it\u2019s hurting me so much\nSo much\nSo so much\nCuz it\u2019s hurting me so much\nSo much\nSo so much\nCuz it\u2019s hurting me so much\nSo much\nSo so sore\nCuz it\u2019s hurting me so much\n\n\n\n\n  ", 
        "pro": {
            "producers": [
                "Apathy"
            ], 
            "blocks": {
                "verses": [], 
                "hooks": []
            }, 
            "order": [], 
            "artist": "Get Busy Committee"
        }
    }
}