{
    "Hot (In This Bitch) (Remix)": {
        "raw": "\n    \n  We ownin', muthafuckin' rollin', ain't nobody fuckin' with my--\n\n[Hook: Gilbere Forte]\nIt's hot in this bitch, you could be the fan\nTry to cool me off, cool me off like damn\nSaid it's hot in this bitch, you could be the fan\nTry to cool me off, cool me off like\nFli Ci in this bitch, you could be the fan\nTry to cool me off, cool me off like damn\nSaid it's hot in this bitch, you could be the fan\nTry to cool me off, cool me off like damn\n\n[Verse 1: Jim Jones]\nHarlem, big trucks like ?\nI rock the big watch with the flooded band\nI got niggas from the motherland\nIn the winter you could catch him with a summer tan\nI whip the ghost like a go-kart\nSo then it's tell me when the show starts\nI'm coming out flooded like Noah's ark\nAnd fuck the light cause you know my wrist glow in the dark\nYou niggas stylin' but you fake wildin'\nWe four warriors deep when we on ?\nThey tryna cool me off like antifreeze\nBut I'm hot like the shots when the hammer squeeze\n\n[Hook B]\n\n[Verse 2: Gilbere Forte]\nHold up, it's a new kid on the block\nWaited 87 dreams for me to get my shot\nWith a mean grill you could picture my drop\nWhen I ride through everything just stop\nBack on the gas, way ahead of my class\nSee the pipes burning from the bikes on the Ave\nSo ahead of my life I let my grandson have\nThe whole fucking world, I just throw it in the bag\nMidwest kid with flows for all ages\nBarbershop clean, nutcracker type flavors\nBig ? Versace's, Coogi's, linens\nI'll wear Versace's, no socks in my Timberlands\nI'm hot like the chicken off the Halal trucks\nYou a latte nigga cause I'm getting star bucks\nI'm live on the set, the bass brought the streets out\nIt's hot in this bitch, y'all niggas send a tweet out\n\n[Hook B]\n\n[Verse 3: Pusha T]\nIt's hot in this bitch, the Gullwing's a sauna\nThe leather just stick to my skin like Under Armour\nRide with a material girl, the black Madonna\nFace like a virgin, she wants me to Lucky Star her\nI'm lovin' her aura, shearling by Zara\nShe take me as I am, tossing weight like Toccara\nDecapitated SL's and Audi SLR-a\nThe last samurai to your roof, sayonara\nEghck! Blood sweat and tears\nThrough the years, now the new found fame, I call it karma\nThese niggas bipolar, I'm who they love to hate\nPraying for my downfall, now they chalk it up to fate\nI chalk it up to chalking up the plate that I scrape\nPeyton Manning Arm & Hammer with the plays that I make\nNFL, that's No Fucking Losses\nA great defense makes an even better offense\n\nWe ownin', muthafuckin' rollin', ain't nobody fuckin' with my--\n\n\n\n\n  ", 
        "pro": {
            "features": [
                "Jim Jones", 
                "Pusha T"
            ], 
            "blocks": {
                "verses": [
                    {
                        "header": "[Verse 1: Jim Jones]", 
                        "text hash": "404bae519b26016b751f2db4a9564889", 
                        "artist": "Jim Jones", 
                        "text": "Harlem, big trucks like ?\nI rock the big watch with the flooded band\nI got niggas from the motherland\nIn the winter you could catch him with a summer tan\nI whip the ghost like a go-kart\nSo then it's tell me when the show starts\nI'm coming out flooded like Noah's ark\nAnd fuck the light cause you know my wrist glow in the dark\nYou niggas stylin' but you fake wildin'\nWe four warriors deep when we on ?\nThey tryna cool me off like antifreeze\nBut I'm hot like the shots when the hammer squeeze"
                    }, 
                    {
                        "header": "[Verse 2: Gilbere Forte]", 
                        "text hash": "f066944161508800ebbf9428663f8f8b", 
                        "artist": "Gilbere Forte", 
                        "text": "Hold up, it's a new kid on the block\nWaited 87 dreams for me to get my shot\nWith a mean grill you could picture my drop\nWhen I ride through everything just stop\nBack on the gas, way ahead of my class\nSee the pipes burning from the bikes on the Ave\nSo ahead of my life I let my grandson have\nThe whole fucking world, I just throw it in the bag\nMidwest kid with flows for all ages\nBarbershop clean, nutcracker type flavors\nBig ? Versace's, Coogi's, linens\nI'll wear Versace's, no socks in my Timberlands\nI'm hot like the chicken off the Halal trucks\nYou a latte nigga cause I'm getting star bucks\nI'm live on the set, the bass brought the streets out\nIt's hot in this bitch, y'all niggas send a tweet out"
                    }, 
                    {
                        "header": "[Verse 3: Pusha T]", 
                        "text hash": "6829ad89f3c6bfcfaf612dc6b90c75cc", 
                        "artist": "Pusha T", 
                        "text": "It's hot in this bitch, the Gullwing's a sauna\nThe leather just stick to my skin like Under Armour\nRide with a material girl, the black Madonna\nFace like a virgin, she wants me to Lucky Star her\nI'm lovin' her aura, shearling by Zara\nShe take me as I am, tossing weight like Toccara\nDecapitated SL's and Audi SLR-a\nThe last samurai to your roof, sayonara\nEghck! Blood sweat and tears\nThrough the years, now the new found fame, I call it karma\nThese niggas bipolar, I'm who they love to hate\nPraying for my downfall, now they chalk it up to fate\nI chalk it up to chalking up the plate that I scrape\nPeyton Manning Arm & Hammer with the plays that I make\nNFL, that's No Fucking Losses\nA great defense makes an even better offense\n\nWe ownin', muthafuckin' rollin', ain't nobody fuckin' with my--\n\n\n\n\n  "
                    }
                ], 
                "hooks": [
                    {
                        "header": "[Hook: Gilbere Forte]", 
                        "text hash": "930ad0ab02550e4c0b7c299c36bf71c6", 
                        "artist": "Gilbere Forte", 
                        "text": "It's hot in this bitch, you could be the fan\nTry to cool me off, cool me off like damn\nSaid it's hot in this bitch, you could be the fan\nTry to cool me off, cool me off like\nFli Ci in this bitch, you could be the fan\nTry to cool me off, cool me off like damn\nSaid it's hot in this bitch, you could be the fan\nTry to cool me off, cool me off like damn"
                    }
                ]
            }, 
            "order": [
                "[Hook: Gilbere Forte]", 
                "[Verse 1: Jim Jones]", 
                "[Hook B]", 
                "[Verse 2: Gilbere Forte]", 
                "[Hook B]", 
                "[Verse 3: Pusha T]"
            ], 
            "artist": "Gilbere Forte"
        }
    }
}