{
    "Tryna Get Me One": {
        "raw": "\n    \n  [Intro: Gillie Da Kid]\nYeah\nYou don't know how I was raised nigga\nYou wouldn't understand\nNot at all (North Philly)\nSix of us in a two-bedroom apartment\nFigure it out\n\n[Verse 1: Gillie Da Kid]\nI'm just a nigga on a mission\nStarted out a kid lotta ambition\nOn my birthday never got what I wishing for\nDaddy wasn't there, shit I didn't miss him though\nDidn't blame either it was the norm to us I mean\nNone of us my friends had daddys either\nI was raised by Erie Avenue\nWe young niggas carry burners they\u2019ll bury you\nSo at a young age I learned to fight for mines\nCause, I wasn\u2019t gon be that scary dude\nGetting picked on\nGetting fucked with\nIt happened one time\nI was like fuck this\nI went to zeddys house got his brother 38\nRan back around the corner set them niggas straight\nI tell ya from that day on\nThem old heads said he ain't the nigga to be preyed on\nTurned 18 shit\nI would walk up on the corner and none of them niggas stay long\nAnd I ain't lyin' kid\nI had that iron Sig\nAnd my heart fuckin bigger than a lions is\nFrom a city where they kill you, you don't mind your biz\nNever trust a nigga who asking you what time it is\nUnderstand the rules, that's a jammy move\nAct a fool I got this tool that I plan to use\n\n[Hook]\nThey don't know what I be\nThey don\u2019t know what I\u2019ve done, done\nRunning through the city on a mission tryna get me one\nThey don't know what I\u2019ve seen\nThey don\u2019t know where I come from, from\nRunning through the city on a mission tryna get me one\n\n[Verse 2: Gillie Da Kid]\nI played the hand I was given\nI\u2019m a Muslim I give turkeys out on thanksgiving\nWasn't to celebrate the holidays\nJust didn't want to see bunch families starve that day (Nah)\nDoing what my heart told me\nI ain't really know my art that's when God chose me\nTo do this biz\nBe the hood voice\nSpokesperson for this ghetto shit\nI be doing what I'm doing man I gotta live\nI be doing what I'm doing just to feed my kids\nI would never of thought this rap in this movie biz - Huh?\nWhatever accept this Gillie Kid\nCome from nothing to somethin\nMan it took limits\nYour only get out of it what you put in it\nHustle hard, twenty-four seven\n365 boy man I'm always on my job\n\n[Hook]\n\n[Verse 3: Pusha T]\nYeah, I ain't got your average rapper story\nCame up with both parents they was clappin for me\nHigh school graduate college course dabbled with\nStill not a enough to save a nigga from the savages\nYeah, you could blame it on my blood line\nHow my uncle sold coke, crack, or heroin\nYeah, my eldest brother still a user\nMama still cry but keep faith in that loser\nGod, the truth hurts but it's my saving grace\nNiggas cut they nose off just to spite their face\nNiggas get they bros up just to dodge a case\nI was knockin O\u2019s off through my Jordan phase\nHigh school with a pistol like it's high noon\nRansackin stash spots like a typhoon\nThey flood niggas with they work like a Monsoon\nI weigh coke on that scale in my moms room\nPush!\n\n[Hook]\n\n\n\n\n  ", 
        "pro": {
            "features": [
                "Pusha T"
            ], 
            "blocks": {
                "verses": [
                    {
                        "header": "[Verse 1: Gillie Da Kid]", 
                        "text hash": "3436a1d1e9409172437476b014cf8a0d", 
                        "artist": "Gillie Da Kid", 
                        "text": "I'm just a nigga on a mission\nStarted out a kid lotta ambition\nOn my birthday never got what I wishing for\nDaddy wasn't there, shit I didn't miss him though\nDidn't blame either it was the norm to us I mean\nNone of us my friends had daddys either\nI was raised by Erie Avenue\nWe young niggas carry burners they\u2019ll bury you\nSo at a young age I learned to fight for mines\nCause, I wasn\u2019t gon be that scary dude\nGetting picked on\nGetting fucked with\nIt happened one time\nI was like fuck this\nI went to zeddys house got his brother 38\nRan back around the corner set them niggas straight\nI tell ya from that day on\nThem old heads said he ain't the nigga to be preyed on\nTurned 18 shit\nI would walk up on the corner and none of them niggas stay long\nAnd I ain't lyin' kid\nI had that iron Sig\nAnd my heart fuckin bigger than a lions is\nFrom a city where they kill you, you don't mind your biz\nNever trust a nigga who asking you what time it is\nUnderstand the rules, that's a jammy move\nAct a fool I got this tool that I plan to use"
                    }, 
                    {
                        "header": "[Verse 2: Gillie Da Kid]", 
                        "text hash": "d9b0a60aac6c01bf61d94bc40691e541", 
                        "artist": "Gillie Da Kid", 
                        "text": "I played the hand I was given\nI\u2019m a Muslim I give turkeys out on thanksgiving\nWasn't to celebrate the holidays\nJust didn't want to see bunch families starve that day (Nah)\nDoing what my heart told me\nI ain't really know my art that's when God chose me\nTo do this biz\nBe the hood voice\nSpokesperson for this ghetto shit\nI be doing what I'm doing man I gotta live\nI be doing what I'm doing just to feed my kids\nI would never of thought this rap in this movie biz - Huh?\nWhatever accept this Gillie Kid\nCome from nothing to somethin\nMan it took limits\nYour only get out of it what you put in it\nHustle hard, twenty-four seven\n365 boy man I'm always on my job"
                    }, 
                    {
                        "header": "[Verse 3: Pusha T]", 
                        "text hash": "9193ecb7a81e5a9245aeba0cfaedaa33", 
                        "artist": "Pusha T", 
                        "text": "Yeah, I ain't got your average rapper story\nCame up with both parents they was clappin for me\nHigh school graduate college course dabbled with\nStill not a enough to save a nigga from the savages\nYeah, you could blame it on my blood line\nHow my uncle sold coke, crack, or heroin\nYeah, my eldest brother still a user\nMama still cry but keep faith in that loser\nGod, the truth hurts but it's my saving grace\nNiggas cut they nose off just to spite their face\nNiggas get they bros up just to dodge a case\nI was knockin O\u2019s off through my Jordan phase\nHigh school with a pistol like it's high noon\nRansackin stash spots like a typhoon\nThey flood niggas with they work like a Monsoon\nI weigh coke on that scale in my moms room\nPush!"
                    }
                ], 
                "hooks": [
                    {
                        "header": "[Hook]", 
                        "text hash": "8072a3467c27b6493da885c840642a75", 
                        "artist": "Gillie Da Kid", 
                        "text": "They don't know what I be\nThey don\u2019t know what I\u2019ve done, done\nRunning through the city on a mission tryna get me one\nThey don't know what I\u2019ve seen\nThey don\u2019t know where I come from, from\nRunning through the city on a mission tryna get me one"
                    }
                ], 
                "intro": [
                    {
                        "header": "[Intro: Gillie Da Kid]", 
                        "text hash": "1c7ceafb969bf64ebc50bb048ddc2d85", 
                        "artist": "Gillie Da Kid", 
                        "text": "Yeah\nYou don't know how I was raised nigga\nYou wouldn't understand\nNot at all (North Philly)\nSix of us in a two-bedroom apartment\nFigure it out"
                    }
                ]
            }, 
            "order": [
                "[Intro: Gillie Da Kid]", 
                "[Verse 1: Gillie Da Kid]", 
                "[Hook]", 
                "[Verse 2: Gillie Da Kid]", 
                "[Hook]", 
                "[Verse 3: Pusha T]", 
                "[Hook]"
            ], 
            "artist": "Gillie Da Kid"
        }
    }
}