{
    "Heaven Or Hell Remix": {
        "raw": "\n    \n  [Hook]\nSome niggas go to college, some niggas go to jail\nSome make it into heaven, some make it into hell\nNobody want to lose, nobody want to fail\nNobody want to die, nobody want to kill\nThe things we do just to make it through\nBut nobody want to lose, nobody want to fail\nNobody want to die, we're just tryna live our life\n\n[Verse One: Gunplay]\nCold ass court-room facing the L\nTwenty-four hours prior pacing myself\nAsking myself, is this it? is this what i deserve?\nRed jumper fitting like they had one on reserve\nSo alone feelin' like the only one on the earth\nShot go wrist to ankle mama looking worried and scurred\nImmediate revenge before the verdict was served\nShoot a nigga shit up dont alert him and swerve\nTalkin bout revenge thats a perfect return\nThese degrees gon burn you gon suffer the third\nBakin soda and the bird turn feathers to fur\nSo these motha fuckin fellas be as jealous as girls\nNiggas hatin but they beggin me to sell em these words (WORD)\nBut i gotta beat these felonies first\nBought a brand new benz that'll never reverse\nThis is never rehearsed, this a methamphetamine verse\n\n[Hook]\n\n[Verse 2: Meek Mill]\nLook, I got homies in the ground, skeleton and bones\nAnd niggas doing life, they ain't ever coming home\nThey said I wouldn't make it or never see the throne\nAnd my baby mama hate me cause she said I did her wrong\nCause I left to chase my dream, get it any means\nI said that I'll be back, she wasn't listening to me\nThat back and forth arguing was getting in between\nI said fuck them other niggas, I go get it with my team\nIf we all grind, we all shine, fuck a part time\nI used to play the block early morning and dark time\nNow it's G5 flights, fuck a depart time\nIt was hard times, nigga now it's our time\nJust take a look at my life, rapping brought me back to life\nCause I was in them streets, my heart was cold as a pack of ice\nEvery night we strapping like we was in Iraq to fight\nCause niggas getting murdered for a block that do a stack a night\nWoah, I got to make it home to my son\nOn them papers with a firm hold on his gun\nBefore I snitch they gotta burn a hole in my tongue\nGive me a hundred years in a hole on the sun\nIn boiling water, in the world of no order\nIn the hood ain't no loyalty, ain't no world for your daughter\nAin't no life for your brother, on the life of my mother\nI'mma get the fam right, nigga you damn right\n\n[Hook]\n\n[Verse 2: Jadakiss]\nYeah, I used to pop a lot of shit, now I keep it moderate\nThese niggas know I been iced out, hopping out of shit\nRight now I'm praying for my son to get this scholarship\nA nice university, one of these black colleges\nFar as the hood go, I acknowledge it\nBut whoever ain't a snake usually a follower\nLuckily, I can tell a difference\nMy man coming home, my other man getting sentenced\nSoft niggas usually send the hate through the bitches\nJealous Instagram niggas hating on your pictures\nWe dream chasing, y'all niggas walking behind wishes\nWithout working for it, not often you find riches\nSome niggas find coffins others just find ditches\nJust ask around 'bout the militia, they malicious\nD-block, finish that and cop more dope\nI'm two-stroke, you four-stroke\nIf you got enough cigars we can all smoke\nAin't nothing all good when you all broke\nSo we could never be equal\nNever bite the hand that'll feed you\nNever fear a man if he bleed too\nSome niggas need a head shot, some niggas need two\nPlay sweet in these streets and they'll leave you\nYou can't see the devil, he's see through\n\n[Hook]\n\n\n\n\n  ", 
        "pro": {
            "features": [
                "Jadakiss", 
                "Meek Mill"
            ], 
            "producers": [
                "Tone Capone"
            ], 
            "blocks": {
                "verses": [
                    {
                        "header": "[Verse One: Gunplay]", 
                        "text hash": "e18b3470df28ebe8fcba24fcfe96c557", 
                        "artist": "Gunplay", 
                        "text": "Cold ass court-room facing the L\nTwenty-four hours prior pacing myself\nAsking myself, is this it? is this what i deserve?\nRed jumper fitting like they had one on reserve\nSo alone feelin' like the only one on the earth\nShot go wrist to ankle mama looking worried and scurred\nImmediate revenge before the verdict was served\nShoot a nigga shit up dont alert him and swerve\nTalkin bout revenge thats a perfect return\nThese degrees gon burn you gon suffer the third\nBakin soda and the bird turn feathers to fur\nSo these motha fuckin fellas be as jealous as girls\nNiggas hatin but they beggin me to sell em these words (WORD)\nBut i gotta beat these felonies first\nBought a brand new benz that'll never reverse\nThis is never rehearsed, this a methamphetamine verse"
                    }, 
                    {
                        "header": "[Verse 2: Meek Mill]", 
                        "text hash": "bafadeed5057d29d66aefc068ceda441", 
                        "artist": "Meek Mill", 
                        "text": "Look, I got homies in the ground, skeleton and bones\nAnd niggas doing life, they ain't ever coming home\nThey said I wouldn't make it or never see the throne\nAnd my baby mama hate me cause she said I did her wrong\nCause I left to chase my dream, get it any means\nI said that I'll be back, she wasn't listening to me\nThat back and forth arguing was getting in between\nI said fuck them other niggas, I go get it with my team\nIf we all grind, we all shine, fuck a part time\nI used to play the block early morning and dark time\nNow it's G5 flights, fuck a depart time\nIt was hard times, nigga now it's our time\nJust take a look at my life, rapping brought me back to life\nCause I was in them streets, my heart was cold as a pack of ice\nEvery night we strapping like we was in Iraq to fight\nCause niggas getting murdered for a block that do a stack a night\nWoah, I got to make it home to my son\nOn them papers with a firm hold on his gun\nBefore I snitch they gotta burn a hole in my tongue\nGive me a hundred years in a hole on the sun\nIn boiling water, in the world of no order\nIn the hood ain't no loyalty, ain't no world for your daughter\nAin't no life for your brother, on the life of my mother\nI'mma get the fam right, nigga you damn right"
                    }, 
                    {
                        "header": "[Verse 2: Jadakiss]", 
                        "text hash": "a8b4f5ed69707d81f82299e11cb816af", 
                        "artist": "Jadakiss", 
                        "text": "Yeah, I used to pop a lot of shit, now I keep it moderate\nThese niggas know I been iced out, hopping out of shit\nRight now I'm praying for my son to get this scholarship\nA nice university, one of these black colleges\nFar as the hood go, I acknowledge it\nBut whoever ain't a snake usually a follower\nLuckily, I can tell a difference\nMy man coming home, my other man getting sentenced\nSoft niggas usually send the hate through the bitches\nJealous Instagram niggas hating on your pictures\nWe dream chasing, y'all niggas walking behind wishes\nWithout working for it, not often you find riches\nSome niggas find coffins others just find ditches\nJust ask around 'bout the militia, they malicious\nD-block, finish that and cop more dope\nI'm two-stroke, you four-stroke\nIf you got enough cigars we can all smoke\nAin't nothing all good when you all broke\nSo we could never be equal\nNever bite the hand that'll feed you\nNever fear a man if he bleed too\nSome niggas need a head shot, some niggas need two\nPlay sweet in these streets and they'll leave you\nYou can't see the devil, he's see through"
                    }
                ], 
                "hooks": [
                    {
                        "header": "[Hook]", 
                        "text hash": "724e2c12b5434cdfee41606a84b00692", 
                        "artist": "Gunplay", 
                        "text": "Some niggas go to college, some niggas go to jail\nSome make it into heaven, some make it into hell\nNobody want to lose, nobody want to fail\nNobody want to die, nobody want to kill\nThe things we do just to make it through\nBut nobody want to lose, nobody want to fail\nNobody want to die, we're just tryna live our life"
                    }
                ]
            }, 
            "order": [
                "[Hook]", 
                "[Verse One: Gunplay]", 
                "[Hook]", 
                "[Verse 2: Meek Mill]", 
                "[Hook]", 
                "[Verse 2: Jadakiss]", 
                "[Hook]"
            ], 
            "artist": "Gunplay"
        }
    }
}