{
    "Been Around the Wave": {
        "raw": "\n    \n  [Intro: Max B]\nYo yo yo yo, this ya boy Max Biggavel right\nNiggas be hatin' on that wave\nNiggas be hatin' cuz they ain\u2019t got that coke\nMe and Macaroni with the cheese gon' talk to ya niggas\nLet\u2019s do it, uh\n\n[Verse 1: Max B]\nNow trick, I won't ask you\nThat ain\u2019t what Max do\nLet this shit be rolled to get at you\nBack track 2 years ago\nI was with niggas straight hatin\nMaybe I\u2019m bringin mo cake, nigga go and break that problems\nHoes on a nigga dick still\nThinkin you nigga bitch feel good like she bout to get 50 up\nThem bitches see my bars, they get in the loop\nHit the coupe and cop cars, got the droptop Bentley\nNiggas love the way the bars flow\n35 at the cardinal, make the car pull on water\nCruising on 6, you\u2019ll come\nLet me take on a detour, G4\nNah baby, you flyin on jet blue bigger\nActin up in the black shoot, I can get you anything you want\nBack rub the boss so it\u2019s bigger and fresher to get mo bucks out\n\n[Hook: Daft Punk/Max B]\nBeen around the world, now ya ya\nThat\u2019s why they call us wavy\nYou don\u2019t know tonight, you don\u2019t know why\nHomie is back on the wave\n\n[Verse 2: French Montana]\nMy bitch from PR\nCaddy all white like plior\nShades say Dior, turn the AC on\nNiggas ridin past me\nFlyin by old niggas, lookin all nasty\nHomie catch me if you can it's the Gingerbread man\nCoke wave, costume, you get to the tan\nBoy where you be? Got yo baby ganjas in south Haiti with yo lady\nBeen around the world, made a couple million\nDrug money stacked to the ceiling\nHomie with them young gentlemen, been seized, send em in\nIf you don\u2019t know they face, homie don\u2019t send em in\nThem hatin ass niggas, there they go again\nIn the Maybach\nNah French, that\u2019s a Benz\nGot a neck full of ice and a pocket full of cheese\nNigga please, I\u2019m the macaroni with the cheese\n\n[Hook:Daft Punk/Max B]\n\n[Verse 3:Max B]\nCoke wave, my light skin baby go both ways\nI ain\u2019t sleep in 4 days\nNiggas know it\u2019s the coke boy gigolo\nAnd how you get yo dough never let a nigga know\nBefore I go I blow, buck popo\nGot it fresh for dough, I love dodo\nAnd when my dope low, when this shit slow froze\nBut the big 4-4 and slip her the coco\nOh no, boys don\u2019t got em on me\nWe the team, please just justice and gang we win, niggas dream\nGrabbing the 50 whole crew, got the marble\n13, the joker uncle\nFrench rule the world bout to make a zillion\nGT, black no ceiling\nHomie in the air, man, we be gold man, we them hood stars\nKids runnin up like that\u2019s my car\n\n[Hook: x2]\n\nI don\u2019t know why they hatin cuz\nCuz I fuckin hate it\nBack in my Mercedes\nCoke waving\n\n\n\n\n  ", 
        "pro": {
            "features": [
                "Daft Punk", 
                "French Montana", 
                "Max B"
            ], 
            "producers": [
                "Harry Fraud"
            ], 
            "blocks": {
                "verses": [
                    {
                        "header": "[Verse 1: Max B]", 
                        "text hash": "9957472f1759c1133bfa7b56f896f2be", 
                        "artist": "Max B", 
                        "text": "Now trick, I won't ask you\nThat ain\u2019t what Max do\nLet this shit be rolled to get at you\nBack track 2 years ago\nI was with niggas straight hatin\nMaybe I\u2019m bringin mo cake, nigga go and break that problems\nHoes on a nigga dick still\nThinkin you nigga bitch feel good like she bout to get 50 up\nThem bitches see my bars, they get in the loop\nHit the coupe and cop cars, got the droptop Bentley\nNiggas love the way the bars flow\n35 at the cardinal, make the car pull on water\nCruising on 6, you\u2019ll come\nLet me take on a detour, G4\nNah baby, you flyin on jet blue bigger\nActin up in the black shoot, I can get you anything you want\nBack rub the boss so it\u2019s bigger and fresher to get mo bucks out"
                    }, 
                    {
                        "header": "[Verse 2: French Montana]", 
                        "text hash": "638366cb2bd9205cb027b01f6082ad1f", 
                        "artist": "French Montana", 
                        "text": "My bitch from PR\nCaddy all white like plior\nShades say Dior, turn the AC on\nNiggas ridin past me\nFlyin by old niggas, lookin all nasty\nHomie catch me if you can it's the Gingerbread man\nCoke wave, costume, you get to the tan\nBoy where you be? Got yo baby ganjas in south Haiti with yo lady\nBeen around the world, made a couple million\nDrug money stacked to the ceiling\nHomie with them young gentlemen, been seized, send em in\nIf you don\u2019t know they face, homie don\u2019t send em in\nThem hatin ass niggas, there they go again\nIn the Maybach\nNah French, that\u2019s a Benz\nGot a neck full of ice and a pocket full of cheese\nNigga please, I\u2019m the macaroni with the cheese"
                    }, 
                    {
                        "header": "[Verse 3:Max B]", 
                        "text hash": "f6d85d85b0e841bbd52e1bf064141346", 
                        "artist": "Max B", 
                        "text": "Coke wave, my light skin baby go both ways\nI ain\u2019t sleep in 4 days\nNiggas know it\u2019s the coke boy gigolo\nAnd how you get yo dough never let a nigga know\nBefore I go I blow, buck popo\nGot it fresh for dough, I love dodo\nAnd when my dope low, when this shit slow froze\nBut the big 4-4 and slip her the coco\nOh no, boys don\u2019t got em on me\nWe the team, please just justice and gang we win, niggas dream\nGrabbing the 50 whole crew, got the marble\n13, the joker uncle\nFrench rule the world bout to make a zillion\nGT, black no ceiling\nHomie in the air, man, we be gold man, we them hood stars\nKids runnin up like that\u2019s my car"
                    }
                ], 
                "hooks": [
                    {
                        "header": "[Hook: Daft Punk/Max B]", 
                        "text hash": "98d6b0a339b54e3976c4e24bf23579c3", 
                        "artist": "Max B", 
                        "text": "Been around the world, now ya ya\nThat\u2019s why they call us wavy\nYou don\u2019t know tonight, you don\u2019t know why\nHomie is back on the wave"
                    }
                ], 
                "intro": [
                    {
                        "header": "[Intro: Max B]", 
                        "text hash": "89a0cca618e43b795eac1feef9155ba6", 
                        "artist": "Max B", 
                        "text": "Yo yo yo yo, this ya boy Max Biggavel right\nNiggas be hatin' on that wave\nNiggas be hatin' cuz they ain\u2019t got that coke\nMe and Macaroni with the cheese gon' talk to ya niggas\nLet\u2019s do it, uh"
                    }
                ]
            }, 
            "order": [
                "[Intro: Max B]", 
                "[Verse 1: Max B]", 
                "[Hook: Daft Punk/Max B]", 
                "[Verse 2: French Montana]", 
                "[Hook:Daft Punk/Max B]", 
                "[Verse 3:Max B]", 
                "[Hook: x2]"
            ], 
            "artist": "Harry Fraud"
        }
    }
}