{
    "Yo What's Good New York": {
        "raw": "\n    \n  [Hook: Kool A.D]\nYo what's good New York? (yo what's good New York?)\nYo what's good New York? (yo what's good New York?)\nYo what's good New York? (And everybody in the Bay)\nYo what's good New York? (And everybody in the Bay)\n\n[Verse 1: Lakutis]\nAyo my black swan feathers never ruffle\nLike a crow, Russell\nGo Russell, it's your birthday\nI'm a bastard like Jon Snow\nSo I rocked the fur shoulder joint\nWhile I cry about it\nI'm supplied swords by hooded men\nGoonish den where I lay at\nVajayjay they parade for me like I was Pat Sajak\nYaya baybay, how you living?\nMe, I got a chip in my brain\nAnd three titties to boot\nSo whatcha thinking?\nProbably 'bout sex with me\nProbably the next to be\nFucking with the three sea shells\nMe I'm from the future\nWatch how I maneuver\nBrazilian, Xuxa\nA million, Rugers\nA thousand, island, dressing\nI'm undressing and dismembering you\nIn my eyes and ? mind and brain\n'95 kane's car from light blue\nCrystal, cleanest shit\nSharp as a thistle\nFlyer than a regular piece of paper\nSalmon with the mayo and the capers\nMe I'm getting paper\nSplit hooves like a satyr\nLiving large boobs major\nSexy silly baby with the porcelain crown\nMan down, man down\nMomma, MOMA, Natural History Museum\nWhere I find my boney brethren\nYou can get in if you're sexed in\nSee me sexting, creepy sex pin\nPeep the deepest bluest\nMy hat is like a dick, bitch\n\n[Hook]\n\n[Verse 2: Action Bronson]\n\nI got the drugs by the part between the nuts and the asshole\nTom Selleck on the facial\nSchwarzenegger figure from the '80s\nPasta tossed with basil\nSprinkle me with cheese\nGot the hookup on the cable\nGlass tables, feets up by the patio\nShe got the pussy from the sea\nDiver Scallop rap got the bitches in the back\nBlowing sack\nOveraged just one or two years\nFuck me for New Year's (Yeah)\nI'm like The One Man Gang\nAccompanied by Slick\nYour company wasn't fucking with me\nNow you're comfortably tugging on my dick\nHunger for a hit\nDo a tumble and a flip, bitch\n\n[Hook]\n\n[Verse 3: Heems]\n\nShouts Queens, shouts my sister Shivani\nGood bye solo, chop shop, man push cart\nRamin Bahrani, the ladies they Rani\nBeauty who cop jewelry and Maharani-\nJewelers on Union Turnpike\nShouts to Dap's mom, that's Huma\nShouts to wrestlers, Yokozuna\nShouts to Tiger Ali Singh with bling on\nSpeaking Klingon\nKiss the ring on, my fingers, is what I've been on\nConcurrent, young sleepy call me Venom\nFlow is sharp, throwing darts\nDropping cats, Owen Hart\nFlorida grocery\nShoutout to Floetry\nShoutout to Bushra Rehman's poetry\nShouts to Mohammad\nWe used to burn in the back of the Beamer\nThird world fam\nHe was the first of the cats that called me Heema\nNot for FEMA, schemer\nFor Abner Louima, dreamer\nYou ain't on what Heems on (Uh!)\nWalk with me, my shirts is lilac\nMy skin is brown\nI'm blue so I rap\nI cough til my capillaries burst\nAnd I'm carried in a hearst\nYou're carrying a purse\nI'm valiant with words\nCarrying the herb\nMarrying the verbs\nYou all merry and you herbs\n(Yeah!)\n\n\n\n\n  ", 
        "pro": {
            "features": [
                "Action Bronson", 
                "Kool A.D.", 
                "Lakutis"
            ], 
            "blocks": {
                "verses": [
                    {
                        "header": "[Verse 1: Lakutis]", 
                        "text hash": "837b7579400648686173ce1621ac987f", 
                        "artist": "Lakutis", 
                        "text": "Ayo my black swan feathers never ruffle\nLike a crow, Russell\nGo Russell, it's your birthday\nI'm a bastard like Jon Snow\nSo I rocked the fur shoulder joint\nWhile I cry about it\nI'm supplied swords by hooded men\nGoonish den where I lay at\nVajayjay they parade for me like I was Pat Sajak\nYaya baybay, how you living?\nMe, I got a chip in my brain\nAnd three titties to boot\nSo whatcha thinking?\nProbably 'bout sex with me\nProbably the next to be\nFucking with the three sea shells\nMe I'm from the future\nWatch how I maneuver\nBrazilian, Xuxa\nA million, Rugers\nA thousand, island, dressing\nI'm undressing and dismembering you\nIn my eyes and ? mind and brain\n'95 kane's car from light blue\nCrystal, cleanest shit\nSharp as a thistle\nFlyer than a regular piece of paper\nSalmon with the mayo and the capers\nMe I'm getting paper\nSplit hooves like a satyr\nLiving large boobs major\nSexy silly baby with the porcelain crown\nMan down, man down\nMomma, MOMA, Natural History Museum\nWhere I find my boney brethren\nYou can get in if you're sexed in\nSee me sexting, creepy sex pin\nPeep the deepest bluest\nMy hat is like a dick, bitch"
                    }
                ], 
                "hooks": [
                    {
                        "header": "[Hook: Kool A.D]", 
                        "text hash": "ed69a8b72d9f2bd7cbb76617ccdc6a3a", 
                        "artist": "Kool A.D.", 
                        "text": "Yo what's good New York? (yo what's good New York?)\nYo what's good New York? (yo what's good New York?)\nYo what's good New York? (And everybody in the Bay)\nYo what's good New York? (And everybody in the Bay)"
                    }
                ]
            }, 
            "order": [
                "[Hook: Kool A.D]", 
                "[Verse 1: Lakutis]", 
                "[Hook]", 
                "[Verse 2: Action Bronson]", 
                "[Hook]", 
                "[Verse 3: Heems]"
            ], 
            "artist": "Heems"
        }
    }
}