{
    "Classic Example": {
        "raw": "\n    \n  [Scratches by DJ Debris]\n\"Classic example of...\" - Q-Tip\n\n[Pharoahe Monch]\nNow, we bring danger to strangers who claim \"to defame the crew!\"\nPharoahe, Hilltop Hoods, never singing the blues\nSlinging these new singles for you to mingle to\nAustralian Hip Hop but not kangaroos\nChange the game a little, rearrange the rules\nYour whole frame is brittle man, you came to lose\nWe drop classics you bastards\nMy final four defeats sweet sixteens like March Madness\nIt's not passive, it's so ravenous\nThis collaborative effort is not average\nIt's magnanimous, thus, my little crew got loose screws\nThese dudes will put two in your cabbage\nOne in your laminate, three in your manager's Phantom\nDon't be a candidate for Animal Planet\nLyrical savages and CD anger management classes\nLook how we handle 'em, we leave 'em in bandages damn it\n\n[Hook: Scratches by DJ Debris] + {Pharoahe Monch}\n{Classic example!} \"I do my thing for real\"\n{Pharoahe!} \"While I cooked up classics\" - Common\n\"The bottom line, my sound system ready to shine\"\n\"While I cooked up classics\" - Common\n\n[Suffa]\nNo stopping us now, Hilltop in this, we locking it down\nApocalypse now, we're not with this monotonous sound\nIt's innocuous Hip Hop and we're on top of a cloud\nRocking a crowd, dropping this like \"Who's not with us now, huh?\"\nThey're all feeling our movement, it's\nGot DJs scratching up my shit like removalists\nWho is this ludicrous, furious, humorous\nDude that just threw us off the back of a tour bus?\nTwo of us, \"bringing that shit that got your hands clapping!\"\nLuminous, \"swinging my dick like Dr. Manhattan!\"\n... I had to stop for breath\nCause our shit's like Joan of Arc, man it's hot to death\nWe blowing up the spot, not once but twice like P-Monch\nBlowing up some Reebok pumps when I beatbox\n\"Come to life!\" We'll try get this drunk out of here\nMy shit's a classic, man get the FUCK out of here\n\n[Hook: Scratches by DJ Debris] + {Suffa}\n\"I do my thing for real\"\n{Mr. Suffa!} \"While I cooked up classics\" - Common\n\"The bottom line, my sound system ready to shine\"\n\"While I cooked up classics\" - Common\n\n[Pressure] + {Pharoahe Monch}\nThis ain't so-so promo, believe me it's pro\nDope flow that don't know the meaning of no\nMe and my co., {Pharoahe!} won't be leaving the show\nTill the speakers blow from the heat of my flow\n\"We write classics!\" for back alley theatrics\nPlaying with fire living in a house built with matchsticks\nHaters wanna roll with me now, showing love\nGuess I'm just too busy holding it down to hold a grudge\nYour average amateurs panic and choke\nThey ain't actually dope, they're high on cannabis smoke\nI'm still the man if I don't blow a grand on a rope\nCause fortune favours the brave, that's why these rappers are broke... huh\nProps to Nu-Mark for jacking the sample\nDebris could lay a scratch with his arms full\nKeeping heads packed like a carpool\nBack for the masses to marvel, here's another classic example\n\n[Hook: Scratches by DJ Debris] + {Pressure}\n\"I do my thing for real\"\n{Pressure MC!} \"While I cooked up classics\" - Common\n\"The bottom line, my sound system ready to shine\"\n\"While I cooked up classics\" - Common\n\n\n\n\n  ", 
        "pro": {
            "features": [
                "Pharoahe Monch"
            ], 
            "producers": [
                "DJ Nu-Mark"
            ], 
            "blocks": {
                "verses": [], 
                "hooks": [
                    {
                        "header": "[Hook: Scratches by DJ Debris]", 
                        "text hash": "49cf9e9729c23a16c2fa3b28a5ca7c9d", 
                        "artist": "Scratches by DJ Debris", 
                        "text": " + {Pharoahe Monch}\n{Classic example!} \"I do my thing for real\"\n{Pharoahe!} \"While I cooked up classics\" - Common\n\"The bottom line, my sound system ready to shine\"\n\"While I cooked up classics\" - Common"
                    }, 
                    {
                        "header": "[Hook: Scratches by DJ Debris]", 
                        "text hash": "a86cfbcf77b068049ccc427adc22b56e", 
                        "artist": "Scratches by DJ Debris", 
                        "text": " + {Suffa}\n\"I do my thing for real\"\n{Mr. Suffa!} \"While I cooked up classics\" - Common\n\"The bottom line, my sound system ready to shine\"\n\"While I cooked up classics\" - Common"
                    }, 
                    {
                        "header": "[Hook: Scratches by DJ Debris]", 
                        "text hash": "244926d206f418a4f30ae70e718e12a5", 
                        "artist": "Scratches by DJ Debris", 
                        "text": " + {Pressure}\n\"I do my thing for real\"\n{Pressure MC!} \"While I cooked up classics\" - Common\n\"The bottom line, my sound system ready to shine\"\n\"While I cooked up classics\" - Common\n\n\n\n\n  "
                    }
                ], 
                "remainders": [
                    {
                        "header": "[Scratches by DJ Debris]", 
                        "text hash": "a96811e6f53782421a6051aa3e39a95b", 
                        "artist": "Hilltop Hoods", 
                        "text": "\"Classic example of...\" - Q-Tip"
                    }, 
                    {
                        "header": "[Pharoahe Monch]", 
                        "text hash": "98371c47dda0f6933cf1d5860dfb6788", 
                        "artist": "Pharoahe Monch", 
                        "text": "Now, we bring danger to strangers who claim \"to defame the crew!\"\nPharoahe, Hilltop Hoods, never singing the blues\nSlinging these new singles for you to mingle to\nAustralian Hip Hop but not kangaroos\nChange the game a little, rearrange the rules\nYour whole frame is brittle man, you came to lose\nWe drop classics you bastards\nMy final four defeats sweet sixteens like March Madness\nIt's not passive, it's so ravenous\nThis collaborative effort is not average\nIt's magnanimous, thus, my little crew got loose screws\nThese dudes will put two in your cabbage\nOne in your laminate, three in your manager's Phantom\nDon't be a candidate for Animal Planet\nLyrical savages and CD anger management classes\nLook how we handle 'em, we leave 'em in bandages damn it"
                    }, 
                    {
                        "header": "[Suffa]", 
                        "text hash": "b9475e580a994dbac1d7bd34d8bcdd17", 
                        "artist": "Hilltop Hoods", 
                        "text": "No stopping us now, Hilltop in this, we locking it down\nApocalypse now, we're not with this monotonous sound\nIt's innocuous Hip Hop and we're on top of a cloud\nRocking a crowd, dropping this like \"Who's not with us now, huh?\"\nThey're all feeling our movement, it's\nGot DJs scratching up my shit like removalists\nWho is this ludicrous, furious, humorous\nDude that just threw us off the back of a tour bus?\nTwo of us, \"bringing that shit that got your hands clapping!\"\nLuminous, \"swinging my dick like Dr. Manhattan!\"\n... I had to stop for breath\nCause our shit's like Joan of Arc, man it's hot to death\nWe blowing up the spot, not once but twice like P-Monch\nBlowing up some Reebok pumps when I beatbox\n\"Come to life!\" We'll try get this drunk out of here\nMy shit's a classic, man get the FUCK out of here"
                    }, 
                    {
                        "header": "[Pressure]", 
                        "text hash": "e376f425a8547af5aaf09329f52c3fb1", 
                        "artist": "Hilltop Hoods", 
                        "text": " + {Pharoahe Monch}\nThis ain't so-so promo, believe me it's pro\nDope flow that don't know the meaning of no\nMe and my co., {Pharoahe!} won't be leaving the show\nTill the speakers blow from the heat of my flow\n\"We write classics!\" for back alley theatrics\nPlaying with fire living in a house built with matchsticks\nHaters wanna roll with me now, showing love\nGuess I'm just too busy holding it down to hold a grudge\nYour average amateurs panic and choke\nThey ain't actually dope, they're high on cannabis smoke\nI'm still the man if I don't blow a grand on a rope\nCause fortune favours the brave, that's why these rappers are broke... huh\nProps to Nu-Mark for jacking the sample\nDebris could lay a scratch with his arms full\nKeeping heads packed like a carpool\nBack for the masses to marvel, here's another classic example"
                    }
                ]
            }, 
            "order": [
                "[Scratches by DJ Debris]", 
                "[Pharoahe Monch]", 
                "[Suffa]"
            ], 
            "artist": "Hilltop Hoods"
        }
    }
}