{
    "Show You": {
        "raw": "\n    \n  [Hook: Jay Ant]\nMan, I ain't even gonna stunt\nBut I could show you how\nI could show you how\nIf you don't know then you know now\nIf you don't know then you know now\nI ain't even gonna stunt\nBut I could show you how\nI could show you how\nIf you don't know then you know now\nIf you don't know then you know now\n\n[Verse 1: IamSu!]\nIn a perfect world we would all be rich\nHating on me I'll dissolve your clique\nTwo tone Rolex on my wrist\nIn a battlefield I'm a soldier, trick\nLife is what you make it I made mine a movie\nBaseline abuser, singer rapper producer\nGold Jesus and Gold Pharaohs\nWhen from 18th to Melrose, fall off hell no\nI be checking stripping in the finest places\nBut I got cash like I'm buying these places\nUh, I turn 23 and turn 23\nBurn plenty trees by any means homie\nBuy skinny jeans keep a lot green on me\nLike I'm mister green jeans since I was a teen homie\nSo ima ball until I fall, spend it all in the mall\nHit it once never call, you know what I'm talking about\n(Aye!)\n\n[Hook]\n\n[Verse 2: 50 Cent]\nAll I do is stunt, bitch, you know I'm a boss\nI'm popping off tags, I don't care what it cost\nI'm riding with my seat back, shines on, I need that\nI'm pimping and I mean that, hey ho\nA nigga came up from the bottom, mane\nDiamonds on my AP and my chain\nLooking like street lights, you niggas trying to eat right\nI know you trying to eat right (right, right)\nWe get it popping from pop bottles, pop shit, we popping pistols\nShortie popping that ass like she know she gonna get to\nPop, that thing girl\nMake a nigga wanna trick make it rain [?] twerk, work\nGet it all baby, drive them all crazy\nHave a ball, we'll fuck it up at the mall later\nLater on we'll get in what we in then\nWhat's on tonight's agenda tomorrow we won't remember\n\n[Hook]\n\n\n\n\n  ", 
        "pro": {
            "features": [
                "50 Cent", 
                "Jay Ant"
            ], 
            "producers": [
                "Jay Ant"
            ], 
            "blocks": {
                "verses": [
                    {
                        "header": "[Verse 1: IamSu!]", 
                        "text hash": "acef4ab9611bc5e6c2f8c9ae5922dd0c", 
                        "artist": "IamSu!", 
                        "text": "In a perfect world we would all be rich\nHating on me I'll dissolve your clique\nTwo tone Rolex on my wrist\nIn a battlefield I'm a soldier, trick\nLife is what you make it I made mine a movie\nBaseline abuser, singer rapper producer\nGold Jesus and Gold Pharaohs\nWhen from 18th to Melrose, fall off hell no\nI be checking stripping in the finest places\nBut I got cash like I'm buying these places\nUh, I turn 23 and turn 23\nBurn plenty trees by any means homie\nBuy skinny jeans keep a lot green on me\nLike I'm mister green jeans since I was a teen homie\nSo ima ball until I fall, spend it all in the mall\nHit it once never call, you know what I'm talking about\n(Aye!)"
                    }, 
                    {
                        "header": "[Verse 2: 50 Cent]", 
                        "text hash": "3f486b1648cfd7538af6c3fcda610d05", 
                        "artist": "50 Cent", 
                        "text": "All I do is stunt, bitch, you know I'm a boss\nI'm popping off tags, I don't care what it cost\nI'm riding with my seat back, shines on, I need that\nI'm pimping and I mean that, hey ho\nA nigga came up from the bottom, mane\nDiamonds on my AP and my chain\nLooking like street lights, you niggas trying to eat right\nI know you trying to eat right (right, right)\nWe get it popping from pop bottles, pop shit, we popping pistols\nShortie popping that ass like she know she gonna get to\nPop, that thing girl\nMake a nigga wanna trick make it rain [?] twerk, work\nGet it all baby, drive them all crazy\nHave a ball, we'll fuck it up at the mall later\nLater on we'll get in what we in then\nWhat's on tonight's agenda tomorrow we won't remember"
                    }
                ], 
                "hooks": [
                    {
                        "header": "[Hook: Jay Ant]", 
                        "text hash": "1e6f652f00dc051e38c21fa504b37c4b", 
                        "artist": "Jay Ant", 
                        "text": "Man, I ain't even gonna stunt\nBut I could show you how\nI could show you how\nIf you don't know then you know now\nIf you don't know then you know now\nI ain't even gonna stunt\nBut I could show you how\nI could show you how\nIf you don't know then you know now\nIf you don't know then you know now"
                    }
                ]
            }, 
            "order": [
                "[Hook: Jay Ant]", 
                "[Verse 1: IamSu!]", 
                "[Hook]", 
                "[Verse 2: 50 Cent]", 
                "[Hook]"
            ], 
            "artist": "IamSu!"
        }
    },
    "Hot Girls": {
        "raw": "\n    \n  [Verse 1: IamSu!]\nI'm the biggest rapper in my city no stories\nI swear a broke bitch can't do shit for me\nBut if she got the whole world in her pants\nThen it's boy meets world call me Corey\nWe up in this bitch tell a hater get ghost\nBurning through the bread like I'm trying to make toast\nBaby I'm a player most players can't coach\nSo it's first class flights cause I'm not a good coach\nLiving in the burbs let me in the hood though\nBurn rubber I be gassing call me Suzy sideshow\nRiding with my main thang on some low key shit\nG shit, if she ain't with the move then it's peace then\nBeasting\nAlways gotta keep something decent on me\nNever lonely, always riding with the homies\nAnd what you mean fool it's turn up time?\nYou ain't fucking with the gang don't come outside\nI said\n\n[Hook: Mally Mall]\nThis is for the hot girls\nGo ahead, heat it up don't stop girl (what)\nThis is for the hot girls\nGo ahead, heat it up don't stop girl (what)\nMake it hot, don't stop girl\nMake it hot, don't stop girl\nMake it hot, don't stop girl\nMake it hot, don't stop girl\n\n[Verse 2: French Montana]\nCoke boys do our own thing\nRakim Eric B with rope chains\nIn them game niggas from the sidelines\nLet the niggas lease I'ma buy mine\nIt ain't how you fall it's how you bounce back\nShorty bending over god bounce back\nFuck boys coming for my head huh\nCaked up way before the deal huh\nGot a main bitch, hundred side hoes\nFlying down hate ducking pot holes\nPimping like nigga from Oakland\nGetting blood money with the niggas that be locing\n\n[Hook]\n\n[Verse 3: Chinx Drugz]\nIf you fucking with a nigga let me hold some\nBut when I'm done you gotta put your clothes on\nAin't trying to lead a ho they trying to prolong\nTold that ho to burn it up get your roll on (burn it up)\nJumping on these hoes from the foul line\nTaking off like a rocket money Yao high\nAll my niggas grubbing when it's chow time\nAll this purple and these pills I'm on cloud 9\nShe be shaking like a crap table\nShe be doing numbers like a calculator\nSaid she only want a dope dealer\nThen I guess she want the boys with the coke nigga\n\n[Hook]\n\n\n\n\n  ", 
        "pro": {
            "features": [
                "Chinx Drugz", 
                "French Montana", 
                "Mally Mall"
            ], 
            "producers": [
                "Cal-A"
            ], 
            "blocks": {
                "verses": [
                    {
                        "header": "[Verse 1: IamSu!]", 
                        "text hash": "52b701b722a439dafb1fcbc0b6757349", 
                        "artist": "IamSu!", 
                        "text": "I'm the biggest rapper in my city no stories\nI swear a broke bitch can't do shit for me\nBut if she got the whole world in her pants\nThen it's boy meets world call me Corey\nWe up in this bitch tell a hater get ghost\nBurning through the bread like I'm trying to make toast\nBaby I'm a player most players can't coach\nSo it's first class flights cause I'm not a good coach\nLiving in the burbs let me in the hood though\nBurn rubber I be gassing call me Suzy sideshow\nRiding with my main thang on some low key shit\nG shit, if she ain't with the move then it's peace then\nBeasting\nAlways gotta keep something decent on me\nNever lonely, always riding with the homies\nAnd what you mean fool it's turn up time?\nYou ain't fucking with the gang don't come outside\nI said"
                    }, 
                    {
                        "header": "[Verse 2: French Montana]", 
                        "text hash": "54f7fcf6371844fb0b416a4023385081", 
                        "artist": "French Montana", 
                        "text": "Coke boys do our own thing\nRakim Eric B with rope chains\nIn them game niggas from the sidelines\nLet the niggas lease I'ma buy mine\nIt ain't how you fall it's how you bounce back\nShorty bending over god bounce back\nFuck boys coming for my head huh\nCaked up way before the deal huh\nGot a main bitch, hundred side hoes\nFlying down hate ducking pot holes\nPimping like nigga from Oakland\nGetting blood money with the niggas that be locing"
                    }, 
                    {
                        "header": "[Verse 3: Chinx Drugz]", 
                        "text hash": "df90100846f3ebdbc23b35c93dfe3343", 
                        "artist": "Chinx Drugz", 
                        "text": "If you fucking with a nigga let me hold some\nBut when I'm done you gotta put your clothes on\nAin't trying to lead a ho they trying to prolong\nTold that ho to burn it up get your roll on (burn it up)\nJumping on these hoes from the foul line\nTaking off like a rocket money Yao high\nAll my niggas grubbing when it's chow time\nAll this purple and these pills I'm on cloud 9\nShe be shaking like a crap table\nShe be doing numbers like a calculator\nSaid she only want a dope dealer\nThen I guess she want the boys with the coke nigga"
                    }
                ], 
                "hooks": [
                    {
                        "header": "[Hook: Mally Mall]", 
                        "text hash": "68a444456aaffbb847af0bb086b029fb", 
                        "artist": "Mally Mall", 
                        "text": "This is for the hot girls\nGo ahead, heat it up don't stop girl (what)\nThis is for the hot girls\nGo ahead, heat it up don't stop girl (what)\nMake it hot, don't stop girl\nMake it hot, don't stop girl\nMake it hot, don't stop girl\nMake it hot, don't stop girl"
                    }
                ]
            }, 
            "order": [
                "[Verse 1: IamSu!]", 
                "[Hook: Mally Mall]", 
                "[Verse 2: French Montana]", 
                "[Hook]", 
                "[Verse 3: Chinx Drugz]", 
                "[Hook]"
            ], 
            "artist": "IamSu!"
        }
    }
}