{
    "Damn Homie": {
        "raw": "\n    \n  [Chorus: 50 Cent]\n\nDamn, homie\nIn high school you was the man, homie\nThe fuck happened to you?\n(x2)\n\n[Verse 1: Ice Cube]\nI remember you all [?]\nYou remember me: nigga don't try'na dub me\nWe had forth period together\nI was rockin' sway but you was rockin' leather\nYou had a pocket full of cheddar\nYou waved it in my face\nI wish my life was better\nYou was the shit back in highschool\nNever went to class, but all the bitches liked you\nYou used to [?] and say \"Bye fool\"\nHit the fence, I wanted to be like you\nBut damn I like learning\nThe money that I get is the money that I'm earning\nRemember I was workin' around 2 in the morn'\nYou and your homies clowned a nigga uniform\nI laughed it off, like a classy motherfucker\nIt was good to see you, [?] motherfucker\n\n[Chorus]\n\n[Bridge: Ice Cube]\nWas ditchin' them classes\nWas chasin' them asses\nYou quiting them jobs\nYou move like molasses\nYou don't give a shit\nUnless it is free\nSo easy, I come naturally\n\n\n\n\n  ", 
        "pro": {
            "features": [
                "50 Cent"
            ], 
            "blocks": {
                "verses": [
                    {
                        "header": "[Verse 1: Ice Cube]", 
                        "text hash": "2ae08a3c0ed10a5901ad65f195aaf7a3", 
                        "artist": "Ice Cube", 
                        "text": "I remember you all [?]\nYou remember me: nigga don't try'na dub me\nWe had forth period together\nI was rockin' sway but you was rockin' leather\nYou had a pocket full of cheddar\nYou waved it in my face\nI wish my life was better\nYou was the shit back in highschool\nNever went to class, but all the bitches liked you\nYou used to [?] and say \"Bye fool\"\nHit the fence, I wanted to be like you\nBut damn I like learning\nThe money that I get is the money that I'm earning\nRemember I was workin' around 2 in the morn'\nYou and your homies clowned a nigga uniform\nI laughed it off, like a classy motherfucker\nIt was good to see you, [?] motherfucker"
                    }
                ], 
                "hooks": [], 
                "bridge": [
                    {
                        "header": "[Bridge: Ice Cube]", 
                        "text hash": "eb184bb54363fb2dff4a153ab0488e25", 
                        "artist": "Ice Cube", 
                        "text": "Was ditchin' them classes\nWas chasin' them asses\nYou quiting them jobs\nYou move like molasses\nYou don't give a shit\nUnless it is free\nSo easy, I come naturally\n\n\n\n\n  "
                    }
                ]
            }, 
            "order": [
                "[Chorus: 50 Cent]", 
                "[Verse 1: Ice Cube]", 
                "[Chorus]", 
                "[Bridge: Ice Cube]"
            ], 
            "artist": "Ice Cube"
        }
    },
    "In the Late Night Hour": {
        "raw": "\n    \n  [Ice Cube]\nWhen you see me on ya block, call the police\nLet them motherfuckers know here come the beast\n\nOh, in the late night hour\n\n[Ice Cube]\nStraight out of Compton, a crazy motherfucker named Ice Cube\nAnd I'm rollin' with the motherfuckin' Neptunes\nWhen I'm caught off, I got a sawed-off\nA midget bitch that'll suck a niggas balls off\nYou too girl if ya fuck with me\nI'm gettin' head in the lane doin' sixty\nAbout to crash like Teddy Pendergrass\nMama said a hard head make a tender ass\nTo all the dogs that bark a lot\nWho don't give a fuck if it's dark or not\nWe'll be creepin' in the parking lot\nMotherfuckers don't know if I can park or not\nCause I circle like vultures, La Costa Nostra\nBumpin' all the baddest bitches like I'm 'posed to\nWhat's yo name, what's yo number and ya culture\nYou need nuts in yo face like a poster\n\n[Hook]\nIf you in a club nigga then shit bang\nIf you on the streets nigga then shit bang\nIf you on the block nigga then shit bang\nAnd if it's what ya need boy, do ya thang\nIf ya in a Range Rov then shit bang\nIf you in that 600 then shit bang\nIf you on that Steel Horse then shit bang\nBut if it's what ya need boy, let it bang\n\n[Ice Cube]\nFuck the police comin' straight from the underground\nFuckin' pig wanna act like he like me now\nIn 86 same bitch tried to lock me down\nAnd motherfuckers wanna ask why I'm cocky now\nTo all the bitches that think they bootylicious\nI think they nutritious, I think they do dishes\nI'm makin' three wishes or takin' they pictures\nAnd spendin' they riches and fuckin' they bitches\nEgomaniac, lil' homies call me brainiac\nIce Cube's an asshole and it ain't a knack\nSo take a hit of that and remember that\nWhere my motherfuckin' niggas and my bitches at\nIn the late night hour hit the front to back\nCheck the motherfuckin' rims on the Cadillac\nOn the ass attack, can you keep it tight\nAnd if the head right, nigga there every night\n\n[Hook]\n\n[Ice Cube]\nThis is for my niggas that's schemin' for cash\nAnd lookin' for ass (In the late night hour)\nThis is for my people that's countin' they riches\nAnd pickin' up bitches (In the late night hour)\nThis is for my niggas that's countin' they cash\nAnd lookin' for ass (In the late night hour)\nThis is for my people that's schemin' for riches\nAnd pickin' up bitches (In the late night hour)\nSo check it and everybody get naked\nThis might be a nigga last record\nBut respect it cause I could do it all night playa\nI'm all fight playa, you all spite playa\nIt's all right playa, a nigga might care\nBut to catch me you gotta do a light year\nIce Cube insane in the membrane\nBaby go ahead please do the damn thang\nWe gonna get chu' high nigga\nOur rhymes will get chu' by nigga\nTell me if I qualify nigga\nTo bail in like SuperFly\nI wanna get that, cop that, buy that, drive that\nYou want it too but don't know where to start at\nFuckin' with me, nigga better bring his hard hat\nNigga where ya heart at, leave ya on the tarmac\nWhere my top at and my nigga Mack\nRidin' shotgun, with the top gun\nDon't catch a hot one soon as he spot one\nWestside Connection is a doctrine\nThis ain't another club song\nOr love song that y'all can fuck on\nSo get the fuck on\nA nigga rich can't believe the bullshit that I'm stuck on\n\n[Hook]\n\n\n\n\n  ", 
        "pro": {
            "features": [
                "Pusha T"
            ], 
            "producers": [
                "The Neptunes"
            ], 
            "blocks": {
                "verses": [
                    {
                        "header": "[Ice Cube]", 
                        "text hash": "0d5d0e963f907cbd04cc1acbee360a62", 
                        "artist": "Ice Cube", 
                        "text": "When you see me on ya block, call the police\nLet them motherfuckers know here come the beast\n\nOh, in the late night hour"
                    }, 
                    {
                        "header": "[Ice Cube]", 
                        "text hash": "6509594a4bdb3d6be5f00d8ee56a4140", 
                        "artist": "Ice Cube", 
                        "text": "Straight out of Compton, a crazy motherfucker named Ice Cube\nAnd I'm rollin' with the motherfuckin' Neptunes\nWhen I'm caught off, I got a sawed-off\nA midget bitch that'll suck a niggas balls off\nYou too girl if ya fuck with me\nI'm gettin' head in the lane doin' sixty\nAbout to crash like Teddy Pendergrass\nMama said a hard head make a tender ass\nTo all the dogs that bark a lot\nWho don't give a fuck if it's dark or not\nWe'll be creepin' in the parking lot\nMotherfuckers don't know if I can park or not\nCause I circle like vultures, La Costa Nostra\nBumpin' all the baddest bitches like I'm 'posed to\nWhat's yo name, what's yo number and ya culture\nYou need nuts in yo face like a poster"
                    }, 
                    {
                        "header": "[Ice Cube]", 
                        "text hash": "b8283ad451e30ceb28b4958cbb6d5d09", 
                        "artist": "Ice Cube", 
                        "text": "Fuck the police comin' straight from the underground\nFuckin' pig wanna act like he like me now\nIn 86 same bitch tried to lock me down\nAnd motherfuckers wanna ask why I'm cocky now\nTo all the bitches that think they bootylicious\nI think they nutritious, I think they do dishes\nI'm makin' three wishes or takin' they pictures\nAnd spendin' they riches and fuckin' they bitches\nEgomaniac, lil' homies call me brainiac\nIce Cube's an asshole and it ain't a knack\nSo take a hit of that and remember that\nWhere my motherfuckin' niggas and my bitches at\nIn the late night hour hit the front to back\nCheck the motherfuckin' rims on the Cadillac\nOn the ass attack, can you keep it tight\nAnd if the head right, nigga there every night"
                    }, 
                    {
                        "header": "[Ice Cube]", 
                        "text hash": "641041ecee25234895142c4bf78d17d8", 
                        "artist": "Ice Cube", 
                        "text": "This is for my niggas that's schemin' for cash\nAnd lookin' for ass (In the late night hour)\nThis is for my people that's countin' they riches\nAnd pickin' up bitches (In the late night hour)\nThis is for my niggas that's countin' they cash\nAnd lookin' for ass (In the late night hour)\nThis is for my people that's schemin' for riches\nAnd pickin' up bitches (In the late night hour)\nSo check it and everybody get naked\nThis might be a nigga last record\nBut respect it cause I could do it all night playa\nI'm all fight playa, you all spite playa\nIt's all right playa, a nigga might care\nBut to catch me you gotta do a light year\nIce Cube insane in the membrane\nBaby go ahead please do the damn thang\nWe gonna get chu' high nigga\nOur rhymes will get chu' by nigga\nTell me if I qualify nigga\nTo bail in like SuperFly\nI wanna get that, cop that, buy that, drive that\nYou want it too but don't know where to start at\nFuckin' with me, nigga better bring his hard hat\nNigga where ya heart at, leave ya on the tarmac\nWhere my top at and my nigga Mack\nRidin' shotgun, with the top gun\nDon't catch a hot one soon as he spot one\nWestside Connection is a doctrine\nThis ain't another club song\nOr love song that y'all can fuck on\nSo get the fuck on\nA nigga rich can't believe the bullshit that I'm stuck on"
                    }
                ], 
                "hooks": [
                    {
                        "header": "[Hook]", 
                        "text hash": "d7f57add58362c58d2dd858ed03ce7a2", 
                        "artist": "Ice Cube", 
                        "text": "If you in a club nigga then shit bang\nIf you on the streets nigga then shit bang\nIf you on the block nigga then shit bang\nAnd if it's what ya need boy, do ya thang\nIf ya in a Range Rov then shit bang\nIf you in that 600 then shit bang\nIf you on that Steel Horse then shit bang\nBut if it's what ya need boy, let it bang"
                    }
                ]
            }, 
            "order": [
                "[Ice Cube]", 
                "[Ice Cube]", 
                "[Hook]", 
                "[Ice Cube]", 
                "[Hook]", 
                "[Ice Cube]", 
                "[Hook]"
            ], 
            "artist": "Ice Cube"
        }
    }
}