{
    "I Swear": {
        "raw": "\n    \n  [Produced by Chopstix]\n\nChopstix\nChopstix\nChopstix\n\nYou\u2026oh na yea\n\n[Hook: Ice Prince]\nRaise the roof\nBadder man here\nNobody badder than me i swear\nIf you no soji, have no fear\nI spend money on the things i wear (X2)\n\n[Verse 1: French Montana]\nWe got big money\nWe drive big cars\nErr\u2019where we go people know who we are\nI say baby i am a star\nI done came up from the bottom\nAll white v**\nOn my next ****, styling\nDance floor, passport; fly whip: nascar\nPrice: don\u2019t ask for\nCrib: paid cash for\nI shine bright\nCame from grime life\nStory of my life\nMoney stacked, nine flights\nSmoke what i wanna\nDrink what i wanna\nWhat the fuck you expect\nI don came up out the condo\nRaise the roof\nRaise the roof\nIceprince, Montana, we the truth\n\n[Hook: Ice Prince]\nRaise the roof\nBadder man here\nNobody badder than me i swear\nIf you no soji, have no fear\nI spend money on the things i wear (X2)\n\n\n[Verse 2: Ice Prince]\nSee\nWe no dey kick first\nWe no dey carry last\nWe don dey squeeze breast\nNa we dey carry pass\nWe don dey teach them\nNa we dey set class\nAnd they been talk say na packaging, go dead fast\nShebi na one chance\nI dey hin bus-stop\nAnd if you para me, e go do you like gunshot\nMy haters fire me, and i promise i won\u2019t stop\nNow they call me die hard, i dey hustle till sun drop\u2026eyba\nNa we dey ball pass\u2026eyba\nDropping the best ace\nI started from the bottom\nCall me the next Drake\nI am fucking on your TV\nOmo na sex tape\nAnd if na trouble you dey find, I dey my estate\nThem say I stingy die\nI no dey pay attention\nI pass the test\nI am getting A-mehn [Amen], prayer session\nAbi na show money\nOmo dem go fear me\nShebi na swaggu\n2Chainz no go near me\n\n[Hook: Ice Prince]\nRaise the roof\nBadder man here\nNobody badder than me i swear\nIf you no soji, have no fear\nI spend money on the things i wear (X2)\n\n\n[Verse 3: Ice Prince]\nI don dey calculate\nI don dey act film\nI don rock versace\nI don dey kack clean\nI don dey leave change when i dey buy the flat screen\nThey don dey write beef for my mind, that\u2019s the last thing\u2026.eyba\nI don dey take bullet\u2026..eyba\nI don dey robocop\nI don dey headline major events for boro club\nI don dey carry bouncer wey dey wear Armani top\nI be like ambulance now cos i dey carry corpse\nOmo na red eye, and i no be cultist\nEmi ni bad guy, aboki wey dey chop sheet\nI am getting respect, enough props\nAnd if you fuck with me, i go fire the bloodclat\nReal nigga, Na me be cool cat\nAnd all my record dey big like say na Toolz\u2019s back\nSee i am always on fire, na me dey cook pass\nIf money no be topic, i no dey enter the group chat\n\n[Hook \u2013 Ice Prince]\nRaise the roof\nBadder man here\nNobody badder than me i swear\nIf you no soji, have no fear\nI spend money on the things i wear (X2)\n\n\n[Outro: Shaydee]\nThe bad man here o\nThe bad man here\nChopstix\nIce prince zamani\nShaydee on the single, single\nOiii\u2026Say we dey rock again eh eh\nSay we dey rock again\nOii\u2026up in the street they call me murder\nChoc boy shit\n\n\n\n\n  ", 
        "pro": {
            "features": [
                "French Montana"
            ], 
            "producers": [
                "Chopstix"
            ], 
            "blocks": {
                "verses": [
                    {
                        "header": "[Verse 1: French Montana]", 
                        "text hash": "f865fc693ebb1d91c083bac0a83d9638", 
                        "artist": "French Montana", 
                        "text": "We got big money\nWe drive big cars\nErr\u2019where we go people know who we are\nI say baby i am a star\nI done came up from the bottom\nAll white v**\nOn my next ****, styling\nDance floor, passport; fly whip: nascar\nPrice: don\u2019t ask for\nCrib: paid cash for\nI shine bright\nCame from grime life\nStory of my life\nMoney stacked, nine flights\nSmoke what i wanna\nDrink what i wanna\nWhat the fuck you expect\nI don came up out the condo\nRaise the roof\nRaise the roof\nIceprince, Montana, we the truth"
                    }, 
                    {
                        "header": "[Verse 2: Ice Prince]", 
                        "text hash": "ccc2235e9d6955c2b158d16d42707350", 
                        "artist": "Ice Prince", 
                        "text": "See\nWe no dey kick first\nWe no dey carry last\nWe don dey squeeze breast\nNa we dey carry pass\nWe don dey teach them\nNa we dey set class\nAnd they been talk say na packaging, go dead fast\nShebi na one chance\nI dey hin bus-stop\nAnd if you para me, e go do you like gunshot\nMy haters fire me, and i promise i won\u2019t stop\nNow they call me die hard, i dey hustle till sun drop\u2026eyba\nNa we dey ball pass\u2026eyba\nDropping the best ace\nI started from the bottom\nCall me the next Drake\nI am fucking on your TV\nOmo na sex tape\nAnd if na trouble you dey find, I dey my estate\nThem say I stingy die\nI no dey pay attention\nI pass the test\nI am getting A-mehn [Amen], prayer session\nAbi na show money\nOmo dem go fear me\nShebi na swaggu\n2Chainz no go near me"
                    }, 
                    {
                        "header": "[Verse 3: Ice Prince]", 
                        "text hash": "05ade1024bf7612b8051f9a9970f2cef", 
                        "artist": "Ice Prince", 
                        "text": "I don dey calculate\nI don dey act film\nI don rock versace\nI don dey kack clean\nI don dey leave change when i dey buy the flat screen\nThey don dey write beef for my mind, that\u2019s the last thing\u2026.eyba\nI don dey take bullet\u2026..eyba\nI don dey robocop\nI don dey headline major events for boro club\nI don dey carry bouncer wey dey wear Armani top\nI be like ambulance now cos i dey carry corpse\nOmo na red eye, and i no be cultist\nEmi ni bad guy, aboki wey dey chop sheet\nI am getting respect, enough props\nAnd if you fuck with me, i go fire the bloodclat\nReal nigga, Na me be cool cat\nAnd all my record dey big like say na Toolz\u2019s back\nSee i am always on fire, na me dey cook pass\nIf money no be topic, i no dey enter the group chat"
                    }
                ], 
                "hooks": [
                    {
                        "header": "[Hook: Ice Prince]", 
                        "text hash": "1ccc67ec24a584843db9ad527ba0dd64", 
                        "artist": "Ice Prince", 
                        "text": "Raise the roof\nBadder man here\nNobody badder than me i swear\nIf you no soji, have no fear\nI spend money on the things i wear (X2)"
                    }
                ], 
                "remainders": [
                    {
                        "header": "[Outro: Shaydee]", 
                        "text hash": "e128fd5311df7699e2139784860adeb7", 
                        "artist": "Shaydee", 
                        "text": "The bad man here o\nThe bad man here\nChopstix\nIce prince zamani\nShaydee on the single, single\nOiii\u2026Say we dey rock again eh eh\nSay we dey rock again\nOii\u2026up in the street they call me murder\nChoc boy shit\n\n\n\n\n  "
                    }
                ]
            }, 
            "order": [
                "[Produced by Chopstix]", 
                "[Hook: Ice Prince]", 
                "[Verse 1: French Montana]", 
                "[Hook: Ice Prince]", 
                "[Verse 2: Ice Prince]", 
                "[Hook: Ice Prince]", 
                "[Verse 3: Ice Prince]", 
                "[Hook \u2013 Ice Prince]", 
                "[Outro: Shaydee]"
            ], 
            "artist": "Ice Prince"
        }
    }
}