{
    "Day & Night": {
        "raw": "\n    \n  [Jadakiss talking]\nThat's right, Isy', Jadakiss, ya heard?\nLet's get it on\n\n[Verse 1]\nYou got a house on the hill, chromed out ride\nYou live that life, giving me everything that I dream\nAll the time on a creep, first class flights\nSeas in sights, all night\nNever thought that this could take control of me\n\n[Chorus]\nDay and night, I don't know what to do\nAlways on my mind and dreaming of you\nIt feels so right but I know it is wrong\nThat I know I gotta man, just can't leave you alone\n\n[Verse 2]\nSo many nights on the scene\nBuying me, shopping sprees, diamond rings\nAll the things that I can't get at home\nNever could understand a thing like me\nTo utter this from the seen of your face\nI'm caught up in love with my secret love\n\n[Chorus]\n\n[Verse 3]\nNever thought that I would feel this way\nAll the things that I believed in went away\nRight from the start, you took my heart\nI'm in love, what can I say\n\n[Jadakiss]\nUh uh uh uh uh, hey yo\nYou just can't leave me, see me alone\nThe Porshe is black the B's is chrome\nAnd he's at home and you with me\nIt's the four point six, three cribs and some jewelry\nDon't work I can put you through school for free\nSo if that's cool with you it's cool with me\nPrincess ya neck, tennis ya wrist\nAnything you wish, Icey and Kiss\nThinkin' of me so what ya really got him for\nLet's go to the mall and close down the Prada store\nAnd even if ya don't rock diamonds\nBaby you'll like to go deep-sea fishin' and rock climbin'\nPop wine and horseback ridin'\nYou shotgun scared, use the Porshe back slidin'\nAnd ya friends say J ain't right\nBut you know we go together like day and night, uh\n\n[Chorus with variations to end]\n\n\n\n\n  ", 
        "pro": {
            "features": [
                "Jadakiss"
            ], 
            "blocks": {
                "verses": [
                    {
                        "header": "[Jadakiss talking]", 
                        "text hash": "ed84bc8cf75a55bf8ed253bc2aa02662", 
                        "artist": "Jadakiss", 
                        "text": "That's right, Isy', Jadakiss, ya heard?\nLet's get it on"
                    }, 
                    {
                        "header": "[Verse 1]", 
                        "text hash": "977c242f00127784c87ea64e60205c80", 
                        "artist": "Isyss", 
                        "text": "You got a house on the hill, chromed out ride\nYou live that life, giving me everything that I dream\nAll the time on a creep, first class flights\nSeas in sights, all night\nNever thought that this could take control of me"
                    }, 
                    {
                        "header": "[Verse 2]", 
                        "text hash": "18c7666c5947ddcc007acb2e8b9f36d8", 
                        "artist": "Isyss", 
                        "text": "So many nights on the scene\nBuying me, shopping sprees, diamond rings\nAll the things that I can't get at home\nNever could understand a thing like me\nTo utter this from the seen of your face\nI'm caught up in love with my secret love"
                    }, 
                    {
                        "header": "[Verse 3]", 
                        "text hash": "0209d5542eb42aa1530262d7df132dff", 
                        "artist": "Isyss", 
                        "text": "Never thought that I would feel this way\nAll the things that I believed in went away\nRight from the start, you took my heart\nI'm in love, what can I say"
                    }, 
                    {
                        "header": "[Jadakiss]", 
                        "text hash": "526373342d58f78296fa90b2d0ce1d98", 
                        "artist": "Jadakiss", 
                        "text": "Uh uh uh uh uh, hey yo\nYou just can't leave me, see me alone\nThe Porshe is black the B's is chrome\nAnd he's at home and you with me\nIt's the four point six, three cribs and some jewelry\nDon't work I can put you through school for free\nSo if that's cool with you it's cool with me\nPrincess ya neck, tennis ya wrist\nAnything you wish, Icey and Kiss\nThinkin' of me so what ya really got him for\nLet's go to the mall and close down the Prada store\nAnd even if ya don't rock diamonds\nBaby you'll like to go deep-sea fishin' and rock climbin'\nPop wine and horseback ridin'\nYou shotgun scared, use the Porshe back slidin'\nAnd ya friends say J ain't right\nBut you know we go together like day and night, uh"
                    }
                ], 
                "hooks": [
                    {
                        "header": "[Chorus]", 
                        "text hash": "62afac7e5fa83ff7684eca00ea4de8d5", 
                        "artist": "Isyss", 
                        "text": "Day and night, I don't know what to do\nAlways on my mind and dreaming of you\nIt feels so right but I know it is wrong\nThat I know I gotta man, just can't leave you alone"
                    }
                ]
            }, 
            "order": [
                "[Jadakiss talking]", 
                "[Verse 1]", 
                "[Chorus]", 
                "[Verse 2]", 
                "[Chorus]", 
                "[Verse 3]", 
                "[Jadakiss]", 
                "[Chorus with variations to end]"
            ], 
            "artist": "Isyss"
        }
    }
}