{
    "Love": {
        "raw": "\n    \n  [Pharoahe Monch]\n(We must be in love)\n(We must be in love)\n(We must be in...)\n\nIt's soul music solely for your soul music\nBefore it mattered how much we all sold music\nFrom your fitted to your Nike's sole music\nIt's cheese grits and Filet of Soul music\nThis old music sound good don't it?\n\nI got a message that I might want to share with you\nTo show you that I'm hard and\nImpeach the president and his government\nI voted for God\nAnd I know some how, some way, we all can make it\nI got a little information might as well and go ahead and take it\n\n(We must be in love)\nIf forever gonna talk the talk, we gotta walk the walk\n(We must be in love)\nFrom the coast of California all the way down to the hills of New York\n(We must be in love)\nAnd I know some how, some way, we all can make it\n(We must be in love)\nI got a little information might as well and go ahead and take it\n\n(We must be in)\nOpen your heart I'm sure you'll find a way to truly get this\nThat can cure a man from all his disease and from all his sickness\nOne life, one love, one fight, one struggle, one blood\nHope you can feel it in your bones and if you need it\nYou can use it anytime of day you want it you can choose it hey\nIn the morning, in the evening\nIf you work a 9 to 5 when you leaving\nYou can share it on the train when you reading\n(We must be in love)\nLove music, gospel to thug music\nSome inspire the soul when they write, some abuse it\nI choose to choose what I choose, when I choose it\nPut love in the music cause\n\n(We must be in love)\nIf forever gonna talk the talk, we gotta walk the walk\n(We must be in love)\nFrom the coast of California all the way down to the hills of New York\n(We must be in love)\nAnd I know some how, some way, we all can make it\n(We must be in love)\nI got a little information might as well and go ahead and take it\n\n(We must be in love)\n\nLord\nI know somebody in here feel the love tonight\nPlease\nIf you can feel it in your soul and your spirit let me see one hand in the air\nNow turn to the person to the right of you and you can tell them\nYou can tell them\nYou can say it\n\n(*We must be in love, we must be in love*)\n\n(We must be in love)\nIf forever gonna talk the talk, we gotta walk the walk\n(We must be in love)\nFrom the coast of California all the way down to the hills of New York\n(We must be in love)\nAnd I know some how, some way, we all can make it\n(We must be in love)\nI got a little information might as well and go ahead and take it\n(We must be in...)\n\n\n\n\n  ", 
        "pro": {
            "features": [
                "Pharoahe Monch"
            ], 
            "blocks": {
                "verses": [], 
                "hooks": [], 
                "remainders": [
                    {
                        "header": "[Pharoahe Monch]", 
                        "text hash": "868a6cb03a667a41f4b936c645b02ce4", 
                        "artist": "Pharoahe Monch", 
                        "text": "(We must be in love)\n(We must be in love)\n(We must be in...)\n\nIt's soul music solely for your soul music\nBefore it mattered how much we all sold music\nFrom your fitted to your Nike's sole music\nIt's cheese grits and Filet of Soul music\nThis old music sound good don't it?\n\nI got a message that I might want to share with you\nTo show you that I'm hard and\nImpeach the president and his government\nI voted for God\nAnd I know some how, some way, we all can make it\nI got a little information might as well and go ahead and take it\n\n(We must be in love)\nIf forever gonna talk the talk, we gotta walk the walk\n(We must be in love)\nFrom the coast of California all the way down to the hills of New York\n(We must be in love)\nAnd I know some how, some way, we all can make it\n(We must be in love)\nI got a little information might as well and go ahead and take it\n\n(We must be in)\nOpen your heart I'm sure you'll find a way to truly get this\nThat can cure a man from all his disease and from all his sickness\nOne life, one love, one fight, one struggle, one blood\nHope you can feel it in your bones and if you need it\nYou can use it anytime of day you want it you can choose it hey\nIn the morning, in the evening\nIf you work a 9 to 5 when you leaving\nYou can share it on the train when you reading\n(We must be in love)\nLove music, gospel to thug music\nSome inspire the soul when they write, some abuse it\nI choose to choose what I choose, when I choose it\nPut love in the music cause\n\n(We must be in love)\nIf forever gonna talk the talk, we gotta walk the walk\n(We must be in love)\nFrom the coast of California all the way down to the hills of New York\n(We must be in love)\nAnd I know some how, some way, we all can make it\n(We must be in love)\nI got a little information might as well and go ahead and take it\n\n(We must be in love)\n\nLord\nI know somebody in here feel the love tonight\nPlease\nIf you can feel it in your soul and your spirit let me see one hand in the air\nNow turn to the person to the right of you and you can tell them\nYou can tell them\nYou can say it\n\n(*We must be in love, we must be in love*)\n\n(We must be in love)\nIf forever gonna talk the talk, we gotta walk the walk\n(We must be in love)\nFrom the coast of California all the way down to the hills of New York\n(We must be in love)\nAnd I know some how, some way, we all can make it\n(We must be in love)\nI got a little information might as well and go ahead and take it\n(We must be in...)\n\n\n\n\n  "
                    }
                ]
            }, 
            "order": [
                "[Pharoahe Monch]"
            ], 
            "artist": "J Dilla"
        }
    }
}