{
    "Stay Schemin' (Remix)": {
        "raw": "\n    \n  Intro:\nR.I.P. to all the real niggas worldwide...salute\nReal shit\n\nChorus:\nI ride for my niggas dog...I ride for my niggas\nI slide for my niggas dog..I ride for my niggas\n\nStay scheming..niggas tryna get at me...dog I ride for my niggas\n(i mean its like...i thought ya'll already knew man)\nStay scheming..niggas tryna get at me...dog I ride for my niggas\n(I do it for the team man..i do it for the bean man..i do it for the bridge, if you didn't know.. J. Lye)\n\nVerse:\nIt bothers me when these niggas try to act a little hard\nStart attacking every nigga tryna take a city far\nI stared them in the face, but I ain't never seen a scar\nAnd every nigga tryna rap? guess I'm here raising the bar\nYeah, I told my women that i'd see the cash\nBut they ain't never seeing shit if we don't make it last\nCause every girl that fucked me over, threw them in the past\nSo everytime they try to text, I read that shit and laugh\nYeah, so many lights in the bloody bean\nI seen a lot of fake niggas do it for the green\nBut I dont ever give a fuck, I do it for my team\nI said...I don't give a fuck I do it for my team\nSo thank god for everybody thats repping\nTryna join a group of stars, except for one niggas exception\nLiving out my dreams now, inception\nMake sure you hear me clear, reception\nDial tones, these niggas know my number\nCause I took all of their women and I put them right down under\nAnd they told me that they ride it, and they told me that they drive\nAnd she operate a stick...i told her i'd abide\nYeah, and for my niggas I will die\nYeah, its 617 till I die\nYeah, and thank god for a city\nThat made me who I am, take my real niggas with me (1 day)\n\nChorus\n\n\n\n\n  ", 
        "pro": {
            "features": [
                "French Montana", 
                "Rick Ross"
            ], 
            "blocks": {
                "verses": [], 
                "hooks": [], 
                "intro": [
                    {
                        "header": "    \n  Intro:\nR.I.P. to all the real niggas worldwide...salute\nReal shit\n\nChorus:\nI ride for my niggas dog...I ride for my niggas\nI slide for my niggas dog..I ride for my niggas\n\nStay scheming..niggas tryna get at me...dog I ride for my niggas\n(i mean its like...i thought ya'll already knew man)", 
                        "text hash": "a4aa9dc1c52db55b18894cedb4bcd6cb", 
                        "artist": "I ride for my niggas dog...I ride for my niggas\nI slide for my niggas dog..I ride for my niggas\n\nStay scheming..niggas tryna get at me...dog I ride for my niggas\n(i mean its like...i thought ya'll already knew man)", 
                        "text": "Stay scheming..niggas tryna get at me...dog I ride for my niggas\n"
                    }
                ], 
                "bridge": [
                    {
                        "header": "(I do it for the team man..i do it for the bean man..i do it for the bridge, if you didn't know.. J. Lye)", 
                        "text hash": "19f0d93885715a9860c190ced8fff9af", 
                        "artist": "J Lye", 
                        "text": "Verse:\nIt bothers me when these niggas try to act a little hard\nStart attacking every nigga tryna take a city far\nI stared them in the face, but I ain't never seen a scar\nAnd every nigga tryna rap? guess I'm here raising the bar\nYeah, I told my women that i'd see the cash\nBut they ain't never seeing shit if we don't make it last\nCause every girl that fucked me over, threw them in the past\nSo everytime they try to text, I read that shit and laugh\nYeah, so many lights in the bloody bean\nI seen a lot of fake niggas do it for the green\nBut I dont ever give a fuck, I do it for my team\nI said...I don't give a fuck I do it for my team\nSo thank god for everybody thats repping\nTryna join a group of stars, except for one niggas exception\nLiving out my dreams now, inception\nMake sure you hear me clear, reception\nDial tones, these niggas know my number\nCause I took all of their women and I put them right down under\nAnd they told me that they ride it, and they told me that they drive\nAnd she operate a stick...i told her i'd abide\nYeah, and for my niggas I will die\nYeah, its 617 till I die\nYeah, and thank god for a city\nThat made me who I am, take my real niggas with me "
                    }
                ]
            }, 
            "order": [
                "(i mean its like...i thought ya'll already knew man)", 
                "(I do it for the team man..i do it for the bean man..i do it for the bridge, if you didn't know.. J. Lye)", 
                "(1 day)"
            ], 
            "artist": "J Lye"
        }
    }
}