{
    "The Night": {
        "raw": "\n    \n  [Sample]\n\nComing of the night, coming of the night\nComing of the night, coming of the night\nComing of the night-\nMakes me see the joy!\n\n[Verse 1: Meyhem Lauren]\n\nJust lamping, man, Meyhem Lauren\nOutdoorsmen, nahimsaying?\n\nOutshine a diamond when I'm rhyming\nKid, there's no denying\nNiggas be sweating my techniques\nI call it flow perspiring\nRappers stay rapping about the guns that they be always firing\nI'll wet your block like you was really beefing with Poseidon\nHeavy grinding, I was twenty when I bought my Breitling\nBuilt like a bison\nBagging bitches like I'm Peabo Bryson\nCoincidental, I knock niggas out\nResemble Tyson\nMy life's enticing\nFlipping flows, you know my words enlighten\nClassic when I'm writing\nSmashing like a fucking titan\nIlluminate a walk into the dark and make it bright\n\n[Verse 2: Killa Sha]\n\nYeah, yeah, yeah, yeah, yeah\nYeah, yeah, yeah, c'mon\n\nThe nocturnal, lyrical, verbal competitor\nThe predator, geared up and he raw\nMake one thing here for sure, it's all true\nLate night is when the God do what he do\nTen PM get the checks cut\nLooking for the next cut\nNow, who's next up?\nShoot a nigga vest up\nMidnight scenery at it's best\nGuaranteed to put a nigga to rest\nAnd held cess and maintain\nToo many thoughts in the brain\nHave a nigga damn near insane\nBut this is real life\nA lot of niggas like to move in spite\nBut the God ain't caught with the hype\nSo get it right (yeah!)\n\n[Verse 3: J-Love]\n\nComing of the night\nI transform into a vampire\nHave niggas under pressure like Chris from The Wire\nBut I play the role of Marlo, call me Don Corleone\nOutdoorsmen on the way, I'm like the chaperone\nMy squad's official, like a German luger pistol\nI accumulate stacks and waste hundreds by the fistful\nI'm putting New York in smash\nCall me Giuliani\nLet me blow your mind like Eve and Gwen Stefani\nThe greatest man walking\nSon, a Nighthawk royalty\nOnly give respect when cats give loyalty\nA rare commodity\nSo I focus on the chief\nA lyrical genius and a beatmaking beast\n\n[Verse 4: Take-It]\n\nI'll come again, hold up pistols to the unofficial\nYou pray for Jesus Christ, hoping that the Lord is with you\nI'll lay you in your coffin, cough cause when your mother kiss you\nAnd have your sister on the grind, selling dimes and nickels\nYou full of issues like Sports Illustrated\nNever hated, when you made it\nUnderestimated, Take-It, now\nHe your favorite rapper, gotta adapt to this new chapter\nMake you see the joy and laughter off this lyrical disaster\nSome say \"your majesty,\" some say \"master\"\nSell smoke like cancer, more white than Casper\nCome here, ma, sit on my lap, just like Santa\nAsk you a question, \"who that?\"\n\"Give me that\", answer\nTake-It!\n\n[Verse 5: Action Bronson]\n\nSunday brunch, lovely landscapes\nEating pancakes, sunny sides and a ham steak\nFace full of beard, heart full of malice\nLight up the chalice\nMy index trigger finger's calloused\nYou make it rain, I keep the shotty in the trench\nWhile you're hugged up with your mommy\nLeave your body on the bench\nSo oddly, when I carve the body\nVomit from the stench\nThe lemon essence muffins in the oven\nCovered up the scent (smells good!)\nBack alley Bronson, young Magic Johnson\nSick nigga balling, pay for prosy's just for sporting\nI'm courting African Ray's\nNigga, they're black and they're suede\nCause when I spit this disease\nYou catching African AIDS\n\n[Verse 6: AG Da Coroner]\n\nNight time, that's a nigga favorite part of the day\nWeed smoking on the bench\nFreestyling in hallways\nThere's always a block party\nPopping in the summer, G\nThe dope boys hustle and muscle to make another G\nMoonlight shining right down to my grill\nTransform into a wolf\nAnd the blood start to spill\nIt's all real, the steel keep your cavities filled\nEverybody in the hood had dreams to make mills\nIt's midnight, the two hands touching the one, two\nHouse party we come through\nEven the buds too\nWait for the sun to come back up\nAnd when it go down, the whole Rosa fam ready to strap up\nMob full of spics, they call us the Spic Mob\nContracts on your head, we call it a stick job\nWhat!\n\n[Outro]\n\nComing of the night\nMakes me see the joy!\n\n\n\n\n  ", 
        "pro": {
            "features": [
                "Action Bronson", 
                "AG Da Coroner", 
                "Killa Sha", 
                "Meyhem Lauren", 
                "Take-It"
            ], 
            "producers": [
                "J-Love"
            ], 
            "blocks": {
                "verses": [
                    {
                        "header": "    \n  [Sample]\n\nComing of the night, coming of the night\nComing of the night, coming of the night\nComing of the night-\nMakes me see the joy!\n\n[Verse 1: Meyhem Lauren]\n\nJust lamping, man, Meyhem Lauren\nOutdoorsmen, nahimsaying?\n\nOutshine a diamond when I'm rhyming\nKid, there's no denying\nNiggas be sweating my techniques\nI call it flow perspiring\nRappers stay rapping about the guns that they be always firing\nI'll wet your block like you was really beefing with Poseidon\nHeavy grinding, I was twenty when I bought my Breitling\nBuilt like a bison\nBagging bitches like I'm Peabo Bryson\nCoincidental, I knock niggas out\nResemble Tyson\nMy life's enticing\nFlipping flows, you know my words enlighten\nClassic when I'm writing\nSmashing like a fucking titan\nIlluminate a walk into the dark and make it bright\n\n[Verse 2: Killa Sha]\n\nYeah, yeah, yeah, yeah, yeah\nYeah, yeah, yeah, c'mon\n\nThe nocturnal, lyrical, verbal competitor\nThe predator, geared up and he raw\nMake one thing here for sure, it's all true\nLate night is when the God do what he do\nTen PM get the checks cut\nLooking for the next cut\nNow, who's next up?\nShoot a nigga vest up\nMidnight scenery at it's best\nGuaranteed to put a nigga to rest\nAnd held cess and maintain\nToo many thoughts in the brain\nHave a nigga damn near insane\nBut this is real life\nA lot of niggas like to move in spite\nBut the God ain't caught with the hype\nSo get it right (yeah!)", 
                        "text hash": "0f1ed719a41a0e0faa7ee51fe8c354b9", 
                        "artist": "Meyhem Lauren", 
                        "text": "[Verse 3: J-Love]"
                    }, 
                    {
                        "header": "Coming of the night\nI transform into a vampire\nHave niggas under pressure like Chris from The Wire\nBut I play the role of Marlo, call me Don Corleone\nOutdoorsmen on the way, I'm like the chaperone\nMy squad's official, like a German luger pistol\nI accumulate stacks and waste hundreds by the fistful\nI'm putting New York in smash\nCall me Giuliani\nLet me blow your mind like Eve and Gwen Stefani\nThe greatest man walking\nSon, a Nighthawk royalty\nOnly give respect when cats give loyalty\nA rare commodity\nSo I focus on the chief\nA lyrical genius and a beatmaking beast\n\n[Verse 4: Take-It]\n\nI'll come again, hold up pistols to the unofficial\nYou pray for Jesus Christ, hoping that the Lord is with you\nI'll lay you in your coffin, cough cause when your mother kiss you\nAnd have your sister on the grind, selling dimes and nickels\nYou full of issues like Sports Illustrated\nNever hated, when you made it\nUnderestimated, Take-It, now\nHe your favorite rapper, gotta adapt to this new chapter\nMake you see the joy and laughter off this lyrical disaster\nSome say \"your majesty,\" some say \"master\"\nSell smoke like cancer, more white than Casper\nCome here, ma, sit on my lap, just like Santa\nAsk you a question, \"who that?\"\n\"Give me that\", answer\nTake-It!\n\n[Verse 5: Action Bronson]\n\nSunday brunch, lovely landscapes\nEating pancakes, sunny sides and a ham steak\nFace full of beard, heart full of malice\nLight up the chalice\nMy index trigger finger's calloused\nYou make it rain, I keep the shotty in the trench\nWhile you're hugged up with your mommy\nLeave your body on the bench\nSo oddly, when I carve the body\nVomit from the stench\nThe lemon essence muffins in the oven\nCovered up the scent (smells good!)", 
                        "text hash": "5755e78d0cf94a672b235d53b9e2b7d0", 
                        "artist": "Take-It", 
                        "text": "Back alley Bronson, young Magic Johnson\nSick nigga balling, pay for prosy's just for sporting\nI'm courting African Ray's\nNigga, they're black and they're suede\nCause when I spit this disease\nYou catching African AIDS"
                    }
                ], 
                "hooks": []
            }, 
            "order": [
                "(yeah!)", 
                "(smells good!)"
            ], 
            "artist": "J-Love"
        }
    }
}