{
    "Ride Out (Freestyle)": {
        "raw": "\n    \n  [Intro]\nNew Ransom, French\nShit's called Ride Out\n\n[Ransom]\nLet me stop actin like I'm hardly sane, when I'm spittin bars of flame\nScar your brain, and I'm still smooth enough to massage your dame\nClog a drain, gorilla status, don't let me stomp your frame\nFar as pain, I walk around bloody like I was John McClain\nPalm and aim, you the weakest link and I'm the strongest chain\nPause the game, keep money stacks, as 'bout as long as trains\nAll the blame, place it on him, he don't go hard the same\nGive you the fair 9/11 like I was on the plane\nWild boys flyin in jets, hoppin in foul toys\nMe and Frenchy, Tio and Roma, cocaine cowboys\nYou can smell what I'm sayin homey with no Altoids\nDeep as the Garden on fight night, except without noids\nThe streets give me energy, I speak with intensity\nPolice gon' remember me, cause beast is my pedigree\nI keeps my integrity, increasin it steadily\nYou vegan-ass niggas know beef - that shit'll never be!\n(WOOOOOOO!)\n\n[French Montana]\nI got it from here Ransom, uhh\nHomey put your order down, rich thugs all around\nRoll up, quarter pound, niggas flow watered down\nHomey I'm a block boy, Skittles give you lockjaw\nBe there in the top drawer, stay up in the top floor\nNigga I'm the whole package (package)\nI will have the doctor, sewin yo' ass up like clothes fabrics\nCause nigga I'm the best and I don't know Cali (Cali)\nBall like Michael, Philly, old Mavericks (OLD Mavericks)\nBlock shit twat and your flow garbage (garbage)\nYou ain't shootin shit, you're pressin charges\nI will help you niggas find God\nSurf down sing-song your iPods\nDemolish you niggas\nBill box you out, straight Ben Wallace you niggas\nYou know you better get your money, guns and soldiers\n'Fore you try to diss me to get some exposure\nNigga got my bars up, guns long, stocks high and my scope out\nI'm aimin for the top five, look!\nI'm low-key, picture me hide out\nBlast open the trunk, nigga let's ride out\nBitch nigga!\nMon-TANA! Coke!!\nReal dreamin\nReal dreamin\n(DJ Envy, people's choice)\nY'knahmean? (Let's keep it movin)\nBetter slow down\n\n\n\n\n  ", 
        "pro": {
            "features": [
                "French Montana", 
                "Ransom"
            ], 
            "blocks": {
                "verses": [], 
                "hooks": [], 
                "intro": [
                    {
                        "header": "[Intro]", 
                        "text hash": "fdfa1140acda310d19ee3e6364a49cf7", 
                        "artist": "J. Cardim", 
                        "text": "New Ransom, French\nShit's called Ride Out"
                    }
                ], 
                "remainders": [
                    {
                        "header": "[Ransom]", 
                        "text hash": "e8b98159dae9bb7d57b1c0b891376e4d", 
                        "artist": "Ransom", 
                        "text": "Let me stop actin like I'm hardly sane, when I'm spittin bars of flame\nScar your brain, and I'm still smooth enough to massage your dame\nClog a drain, gorilla status, don't let me stomp your frame\nFar as pain, I walk around bloody like I was John McClain\nPalm and aim, you the weakest link and I'm the strongest chain\nPause the game, keep money stacks, as 'bout as long as trains\nAll the blame, place it on him, he don't go hard the same\nGive you the fair 9/11 like I was on the plane\nWild boys flyin in jets, hoppin in foul toys\nMe and Frenchy, Tio and Roma, cocaine cowboys\nYou can smell what I'm sayin homey with no Altoids\nDeep as the Garden on fight night, except without noids\nThe streets give me energy, I speak with intensity\nPolice gon' remember me, cause beast is my pedigree\nI keeps my integrity, increasin it steadily\nYou vegan-ass niggas know beef - that shit'll never be!\n(WOOOOOOO!)"
                    }, 
                    {
                        "header": "[French Montana]", 
                        "text hash": "2173dad72240b963eb4595163908d227", 
                        "artist": "French Montana", 
                        "text": "I got it from here Ransom, uhh\nHomey put your order down, rich thugs all around\nRoll up, quarter pound, niggas flow watered down\nHomey I'm a block boy, Skittles give you lockjaw\nBe there in the top drawer, stay up in the top floor\nNigga I'm the whole package (package)\nI will have the doctor, sewin yo' ass up like clothes fabrics\nCause nigga I'm the best and I don't know Cali (Cali)\nBall like Michael, Philly, old Mavericks (OLD Mavericks)\nBlock shit twat and your flow garbage (garbage)\nYou ain't shootin shit, you're pressin charges\nI will help you niggas find God\nSurf down sing-song your iPods\nDemolish you niggas\nBill box you out, straight Ben Wallace you niggas\nYou know you better get your money, guns and soldiers\n'Fore you try to diss me to get some exposure\nNigga got my bars up, guns long, stocks high and my scope out\nI'm aimin for the top five, look!\nI'm low-key, picture me hide out\nBlast open the trunk, nigga let's ride out\nBitch nigga!\nMon-TANA! Coke!!\nReal dreamin\nReal dreamin\n(DJ Envy, people's choice)\nY'knahmean? (Let's keep it movin)\nBetter slow down\n\n\n\n\n  "
                    }
                ]
            }, 
            "order": [
                "[Intro]", 
                "[Ransom]", 
                "[French Montana]"
            ], 
            "artist": "J. Cardim"
        }
    }
}