{
    "Made You Look (J. Period Exclusive Remix)": {
        "raw": "\n    \n  [Produced by J. Period]\n\n[Intro]\nWhere them gangster at\nWhere them dimes at\n(J. Period)\n\n[Verse: Nas]\nThis ain't rappin, this is Street-Hop\nNow get up off your ass like your seat's hot\nMy live niggas lit up the reefer\nTrunk of the car we got the Streetsweeper\nDon't start none, won't be none\nNo reason for your mans to panic\nYou don't wanna see no ambulances\nKnock a pimp's drink down in his pimp cup\nThat's the way you get Timberland'd up\nLet the music diffuse all the tension\nBaller convention, free admission\nHustlers, dealers and killers can move swift\nGirls get close, you can feel where the tool's kept\nAll my just-comin' homies, parolees\nGet money, leave the beef alone slowly\nGet out my face, you people so phoney\nPull out my waist, the eagle fo-forty\n\n[Hook: Nas]\nThey shootin'! -- Aw made you look\nYou a slave to a page in my rhyme book\nGettin' big money, playboy your time's up\nWhere them gangstas? Where them dimes at?\n\n[Outro]\nBravehearts!\n(Throw your hands in the sky\nQueens is in the back)\n\n[Verse: Nas]\nI see niggas runnin', yo my mood is real rude\nI lay you out, show you what steel do\nMobsters don't box, my pump shot obliges\nEvery invitation to fight you punk asses\nLike Pun said, \"You ain't even en mi clasa\"\nMaybach Benz, back seat, tv plasma\nLadies lookin for athletes or rappers\nWhatever you choose, whatever you do\nMake sure he a thug and intelligent too\nLike a real thoroughbred is, show me love\nLemme feel how the head is\nFemales whose the sexiest is always the nastiest\nAnd I like a little sassiness, a lotta class\nMommy reach in your bag, pass the fifth\nI'm a leader at last, this a don you wit'\nMy nines'll spit, niggas lose con...\n\n\n\n\n  ", 
        "pro": {
            "features": [
                "Nas", 
                "Pharoahe Monch"
            ], 
            "producers": [
                "J. Period"
            ], 
            "blocks": {
                "verses": [
                    {
                        "header": "[Verse: Nas]", 
                        "text hash": "166b709093e7d620abc3fc3519ce78f9", 
                        "artist": "Nas", 
                        "text": "This ain't rappin, this is Street-Hop\nNow get up off your ass like your seat's hot\nMy live niggas lit up the reefer\nTrunk of the car we got the Streetsweeper\nDon't start none, won't be none\nNo reason for your mans to panic\nYou don't wanna see no ambulances\nKnock a pimp's drink down in his pimp cup\nThat's the way you get Timberland'd up\nLet the music diffuse all the tension\nBaller convention, free admission\nHustlers, dealers and killers can move swift\nGirls get close, you can feel where the tool's kept\nAll my just-comin' homies, parolees\nGet money, leave the beef alone slowly\nGet out my face, you people so phoney\nPull out my waist, the eagle fo-forty"
                    }, 
                    {
                        "header": "[Verse: Nas]", 
                        "text hash": "dddc79c546a3cc56e46f429c7f017a74", 
                        "artist": "Nas", 
                        "text": "I see niggas runnin', yo my mood is real rude\nI lay you out, show you what steel do\nMobsters don't box, my pump shot obliges\nEvery invitation to fight you punk asses\nLike Pun said, \"You ain't even en mi clasa\"\nMaybach Benz, back seat, tv plasma\nLadies lookin for athletes or rappers\nWhatever you choose, whatever you do\nMake sure he a thug and intelligent too\nLike a real thoroughbred is, show me love\nLemme feel how the head is\nFemales whose the sexiest is always the nastiest\nAnd I like a little sassiness, a lotta class\nMommy reach in your bag, pass the fifth\nI'm a leader at last, this a don you wit'\nMy nines'll spit, niggas lose con...\n\n\n\n\n  "
                    }
                ], 
                "hooks": [
                    {
                        "header": "[Hook: Nas]", 
                        "text hash": "396f51fb593d14492ab592a0a4454807", 
                        "artist": "Nas", 
                        "text": "They shootin'! -- Aw made you look\nYou a slave to a page in my rhyme book\nGettin' big money, playboy your time's up\nWhere them gangstas? Where them dimes at?"
                    }
                ], 
                "intro": [
                    {
                        "header": "[Intro]", 
                        "text hash": "db44e889547db30522184bfc9f84aa1c", 
                        "artist": "J. Period", 
                        "text": "Where them gangster at\nWhere them dimes at\n(J. Period)"
                    }
                ], 
                "remainders": [
                    {
                        "header": "[Outro]", 
                        "text hash": "d352c9200b481f25af931d5085f9285f", 
                        "artist": "J. Period", 
                        "text": "Bravehearts!\n(Throw your hands in the sky\nQueens is in the back)"
                    }
                ]
            }, 
            "order": [
                "[Produced by J. Period]", 
                "[Intro]", 
                "[Verse: Nas]", 
                "[Hook: Nas]", 
                "[Outro]", 
                "[Verse: Nas]"
            ], 
            "artist": "J. Period"
        }
    }
}