{
    "New York": {
        "raw": "\n    \n  [Hook - Ja Rule]\nI got a hundred guns, a hundred clips, Nigga I'm from New York (New York)\nI got a semi-automatic that spits next time if you talk (you talk)\nI got a hundred guns, a hundred clips, Nigga I'm from New York (New York)\nI got a semi-automatic that spits next time if you talk (you talk)\n(And I know)\n\n[Verse 1 - Ja Rule]\nY'all niggas is pussy, punani, vagina\nYour Monologue's getting tired, now it's time to ride\nYour Print distrified, you're no longer desired\nSo take off them silly chains, put back on your wire\nI'm on fire\nHarley dipped in octane\nLet east coast bang, let west coast bang\nAnd Rule gonna bring the ghetto gospel\nTo every 'hood possible, pushin through in the sky blue\nBack with the gods you now, preferably the 4 pound\nSlugs flyin at the speed of sound\nTryin to catch the ears of niggas that's runnin their mouths\nI might get my Brooklyn niggas to run in your house\nI don't really understand what the runnin's about\nBut we're hunters, we take pride in airin our prey out\nLeavin 'em layed out, dead, in just a sport\nCause we ain't playin up here in New York\n\n[Hook - Fat Joe]\nI got a hundred guns, a hundred clips, Nigga I'm from New York (New York)\nAnd you can tell the way the homie spit, That nigga, I'm from New York (New York)\nI got a hundred ways to make a grip, Yes, I'm from New York (New York)\nAnd you can tell I get real ignorant, cause nigga, I'm from New York (New York)\n(And this is how we do)\n\n[Verse 2 - Fat Joe]\nNigga I can see the coke in your nose\nThis ain't a movie, even he got his head blown on the globe\nAnd I was just about to find god\nBut now that Ma$e is back, I think I'd much rather find a menage\nAnd everybody talkin' crazy how they're AK spit\nBut we done did some investigatin', and they ain't spray shit\nNot me, I'm the truth homie, got the industry shook like\n\"Naw nigga, Joe gonna let 'em loose on me\"\nTrue Story, I'm bringing the team back\nEven Roy Jones was forced to Lean Back\nMy nigga Dre said grind cook\nNow we killin them hard, niggas said I must of found Pun's rhyme book\nGot bitches on top of the Phantom\nAnd the pinky got bling, like the ring around Saturn\nCook coke, crack, niggas fiend for that\nAnd you already know the x is where the team be at\n\n[Hook - Jadakiss]\nI got a hundred guns, a hundred clips, Nigga I'm from New York (New York)\nRuff Ryde, and D-Block and shit, Nigga fuck what you thought (you thought)\nAnd you can't take shit for granted, because life is too short (too short)\nI got a hundred guns, a hundred clips, Nigga I'm from New York\n(Aha, and this is how we do)\n\n[Verse 3 - Jadakiss]\nI swear it couldn't be sweeter, Life's a bitch\nDepending on how you treat her, you might get rich\nIt's guaranteed you gonna die, you might get missed\nFor maybe 2 or 3 hours, 'til they light their spliffs\nAnd that coke will get you a long time\nBut when I let 'em know the dope is out, it's like America Online\nWise has awoken\nAnd you know they say that you deserved it whenever you die with your eyes open\nI still hold a title, because I'm in the hood like them little motorcycles\nStick up kids, hoppin out with them old rifles\nJust doin shit for nothing, it's so spiteful\nHa I'm just like you\nWord that niggas wanna murk you is in the air\nA double shot of yak and the purple is in the air\nAnd I'm not cocky, I'm confident\nSo when you tell me I'm the best it's a compliment\n\n[Hook - Ja Rule, Jadakiss & Fat Joe]\nI got a hundred guns, a hundred clips, Nigga I'm from New York (New York)\nAnd you can tell the way the homie spit, That nigga, I'm from New York (New York)\nI got a hundred guns, a hundred clips, Nigga I'm from New York (New York)\nI got a semi-automatic that spits next time if you talk (you talk)\n(And this is how we do)\n\n\n\n\n  ", 
        "pro": {
            "features": [
                "Fat Joe", 
                "Jadakiss"
            ], 
            "producers": [
                "Cool", 
                "Dre"
            ], 
            "blocks": {
                "verses": [
                    {
                        "header": "[Verse 1 - Ja Rule]", 
                        "text hash": "997941daba115bdb87dd44a4cc996d7a", 
                        "artist": "Ja Rule", 
                        "text": "Y'all niggas is pussy, punani, vagina\nYour Monologue's getting tired, now it's time to ride\nYour Print distrified, you're no longer desired\nSo take off them silly chains, put back on your wire\nI'm on fire\nHarley dipped in octane\nLet east coast bang, let west coast bang\nAnd Rule gonna bring the ghetto gospel\nTo every 'hood possible, pushin through in the sky blue\nBack with the gods you now, preferably the 4 pound\nSlugs flyin at the speed of sound\nTryin to catch the ears of niggas that's runnin their mouths\nI might get my Brooklyn niggas to run in your house\nI don't really understand what the runnin's about\nBut we're hunters, we take pride in airin our prey out\nLeavin 'em layed out, dead, in just a sport\nCause we ain't playin up here in New York"
                    }, 
                    {
                        "header": "[Verse 2 - Fat Joe]", 
                        "text hash": "346a1267c8184cb2436d9f50b2027b3f", 
                        "artist": "Fat Joe", 
                        "text": "Nigga I can see the coke in your nose\nThis ain't a movie, even he got his head blown on the globe\nAnd I was just about to find god\nBut now that Ma$e is back, I think I'd much rather find a menage\nAnd everybody talkin' crazy how they're AK spit\nBut we done did some investigatin', and they ain't spray shit\nNot me, I'm the truth homie, got the industry shook like\n\"Naw nigga, Joe gonna let 'em loose on me\"\nTrue Story, I'm bringing the team back\nEven Roy Jones was forced to Lean Back\nMy nigga Dre said grind cook\nNow we killin them hard, niggas said I must of found Pun's rhyme book\nGot bitches on top of the Phantom\nAnd the pinky got bling, like the ring around Saturn\nCook coke, crack, niggas fiend for that\nAnd you already know the x is where the team be at"
                    }, 
                    {
                        "header": "[Verse 3 - Jadakiss]", 
                        "text hash": "04c241e4f3c0d973028d3e8347c8e6b2", 
                        "artist": "Jadakiss", 
                        "text": "I swear it couldn't be sweeter, Life's a bitch\nDepending on how you treat her, you might get rich\nIt's guaranteed you gonna die, you might get missed\nFor maybe 2 or 3 hours, 'til they light their spliffs\nAnd that coke will get you a long time\nBut when I let 'em know the dope is out, it's like America Online\nWise has awoken\nAnd you know they say that you deserved it whenever you die with your eyes open\nI still hold a title, because I'm in the hood like them little motorcycles\nStick up kids, hoppin out with them old rifles\nJust doin shit for nothing, it's so spiteful\nHa I'm just like you\nWord that niggas wanna murk you is in the air\nA double shot of yak and the purple is in the air\nAnd I'm not cocky, I'm confident\nSo when you tell me I'm the best it's a compliment"
                    }
                ], 
                "hooks": [
                    {
                        "header": "[Hook - Ja Rule]", 
                        "text hash": "aaf914f75d9ed4939c4584010f8675c2", 
                        "artist": "Ja Rule", 
                        "text": "I got a hundred guns, a hundred clips, Nigga I'm from New York (New York)\nI got a semi-automatic that spits next time if you talk (you talk)\nI got a hundred guns, a hundred clips, Nigga I'm from New York (New York)\nI got a semi-automatic that spits next time if you talk (you talk)\n(And I know)"
                    }, 
                    {
                        "header": "[Hook - Fat Joe]", 
                        "text hash": "a23572722e2e6d69c69950e3981a76f6", 
                        "artist": "Fat Joe", 
                        "text": "I got a hundred guns, a hundred clips, Nigga I'm from New York (New York)\nAnd you can tell the way the homie spit, That nigga, I'm from New York (New York)\nI got a hundred ways to make a grip, Yes, I'm from New York (New York)\nAnd you can tell I get real ignorant, cause nigga, I'm from New York (New York)\n(And this is how we do)"
                    }, 
                    {
                        "header": "[Hook - Jadakiss]", 
                        "text hash": "80abac8c019be50e6d78b8e859d49ecc", 
                        "artist": "Jadakiss", 
                        "text": "I got a hundred guns, a hundred clips, Nigga I'm from New York (New York)\nRuff Ryde, and D-Block and shit, Nigga fuck what you thought (you thought)\nAnd you can't take shit for granted, because life is too short (too short)\nI got a hundred guns, a hundred clips, Nigga I'm from New York\n(Aha, and this is how we do)"
                    }, 
                    {
                        "header": "[Hook - Ja Rule, Jadakiss & Fat Joe]", 
                        "text hash": "5b69cea0a447f75a2e9cc1b8f519dd89", 
                        "artist": "Jadakiss", 
                        "text": "I got a hundred guns, a hundred clips, Nigga I'm from New York (New York)\nAnd you can tell the way the homie spit, That nigga, I'm from New York (New York)\nI got a hundred guns, a hundred clips, Nigga I'm from New York (New York)\nI got a semi-automatic that spits next time if you talk (you talk)\n(And this is how we do)\n\n\n\n\n  "
                    }
                ]
            }, 
            "order": [
                "[Hook - Ja Rule]", 
                "[Verse 1 - Ja Rule]", 
                "[Hook - Fat Joe]", 
                "[Verse 2 - Fat Joe]", 
                "[Hook - Jadakiss]", 
                "[Verse 3 - Jadakiss]", 
                "[Hook - Ja Rule, Jadakiss & Fat Joe]"
            ], 
            "artist": "Ja Rule"
        }
    }
}