{
    "The Apostle's Creed": {
        "raw": "\n    \n  [Apathy the Alien Tongue]\nI sit upon a cloud of nuclear waste\nAnd taste the orgasmic juice of a goddess with her lips spread on my face\nAs I speak in space touching a damaged piece of a satellite\nResembling wrecking remnants of a 2010 soliloquy\nEntity, centuries from the time of man designed a plan\nOf a time span of seconds to an immortal\nTransport immortals in portals toward an Egyptian land\nTo then erect complex architect structures and pyramids\nMelted parted rock with acidic chemical blood samples\nFrom reptilian females' period, I travel like the Iliad\nBut my ship sails amongst cosmic whales and intergalactic pirates\nTelling tales of trails left by the gods\nThrough the center of the sun when they passed the spot\nJesus Christ was really an ancient astronaut\nI attacked mastodons when I crashed upon Earth in the Ice Age\nAnd twice laid [?] with assistance of sound waves\nAnd psycho-kinetics, you can't escape the wrath of Apathetic\nThe time has come for man to die, not project prophetic phonetics\nFugitive prosthetic limbs for hairy [??]\nExoskeleton extensions of cybernetic inventions\nMoving swiftly like a Thundercat, my hunger tracks rats on the train tracks\nAnd when I rap on tracks I attract tremendous energy sources\nChanging force through metamorphose\nI travel darkened corridors with orbs of light and torches\nWe ride away on apocalyptic bear-horses\nAnd disappear as shadows in the forest\nAnd disappear as shadows in the forest\n\n[HOOK]\nNon-conceptual, non-exceptional\nYour whole aura is plexiglas\n\n[Yan the Phenomenon]\nI take hold of truth eludes me like sands through the cracks in my hands\nRetaliatory silhouettes in apocalyptic lands\nNomadic by the second, but I can't let this stress get the best of me\nThough it test me on a daily basis\nAnd traces the tracks of my tears down my cheeks and over my lips\nTaste the freedom but it seems like gravity\nHas me chained to this pathetic land like Satan's left burning lake of Chaos\nBut yet I continue on with no tendencies in my subconscious\nSo right there's a contradiction, because I'm aware of these tendencies\nSo they ain't in my subconscious anymore\nMore like forces that I conversate with, halves thirds and fourths\nThat I sliced my soul into a percentage\nI know you wouldn't recommend it, so I wrote this letter and never sent it\nCus my pain, is my pain, I won't trouble you with my own\nNow I swim through waves of asphalt with no place to call home\nYan on the lonely island and see a plastic smile speaking gibberish\nAt varying frequencies, burn out the radio and television transmissions\nOr simply audible voices who wear the robes of righteousness\nEquilibrium is fucked up from data overload\nEnhanced by the fact that I walk on a narrow road\nThat's more like a tightrope between wisdom and insanity\nSeems like clarity is the ever elusive goal\nWhen insanity has the help of the omnipotent force of gravity\n\n[HOOK - Sampled from \"OC - Time's Up\"]\nNon-conceptual, non-exceptional\nYour whole aura is plexiglas\n\n[Ikon the Verbal Hologram]\nOn the battleground you can go to war like Sudan\nBut I'm half-man and so you have to overstand\nThat the other half of me is made of liquid and steel\nAin't you sick and tired of people screaming \"keep it real\"?\nI'm powered by the ancients, spirit in the soul\nIt's war, and Ikon carries crossbows\nBut I toss foes through the center of the planet\nWhen you battle me, you best be praying like a mantis\nI will send you, through the depths of the Atlantic\nTo study transcripts of rhymes by the enchanted\nHologram, the verbal war paradigm\nTraveling back in time to change the way y'all wack rappers rhyme\nIf I don't succeed you will bleed\nThe just punishment of the Apostle's Creed\nThis is hip-hop kid, shit is straight from the heart\nYou's an actor with a record deal trying to play the part\n\nLike THAT, like that one time like that one time like that one time\nUh, my man Stoupe in the house like that one time like that one time\nMy man, Chico in the house like that one time like that one time\nMy man Yan the Phenomenon, in the house, like that one time one time\nIkon the Verbal Hologram, up in this muthafucka\nOpen up that third eye before I open it for you\nWord is bond, Jedi Mind, '97, '98\nRappers, I decapitate like that\nFUCK all y'all!\n\n\n\n\n  ", 
        "pro": {
            "features": [
                "Apathy", 
                "Yan the Phenomenon"
            ], 
            "producers": [
                "Stoupe The Enemy of Mankind"
            ], 
            "blocks": {
                "verses": [], 
                "hooks": [], 
                "remainders": [
                    {
                        "header": "[Apathy the Alien Tongue]", 
                        "text hash": "b4f431c2eb9fadea1ed67355d82eb980", 
                        "artist": "Apathy", 
                        "text": "I sit upon a cloud of nuclear waste\nAnd taste the orgasmic juice of a goddess with her lips spread on my face\nAs I speak in space touching a damaged piece of a satellite\nResembling wrecking remnants of a 2010 soliloquy\nEntity, centuries from the time of man designed a plan\nOf a time span of seconds to an immortal\nTransport immortals in portals toward an Egyptian land\nTo then erect complex architect structures and pyramids\nMelted parted rock with acidic chemical blood samples\nFrom reptilian females' period, I travel like the Iliad\nBut my ship sails amongst cosmic whales and intergalactic pirates\nTelling tales of trails left by the gods\nThrough the center of the sun when they passed the spot\nJesus Christ was really an ancient astronaut\nI attacked mastodons when I crashed upon Earth in the Ice Age\nAnd twice laid [?] with assistance of sound waves\nAnd psycho-kinetics, you can't escape the wrath of Apathetic\nThe time has come for man to die, not project prophetic phonetics\nFugitive prosthetic limbs for hairy [??]\nExoskeleton extensions of cybernetic inventions\nMoving swiftly like a Thundercat, my hunger tracks rats on the train tracks\nAnd when I rap on tracks I attract tremendous energy sources\nChanging force through metamorphose\nI travel darkened corridors with orbs of light and torches\nWe ride away on apocalyptic bear-horses\nAnd disappear as shadows in the forest\nAnd disappear as shadows in the forest"
                    }, 
                    {
                        "header": "[HOOK]", 
                        "text hash": "5624382a6a6b5cdabf4190f317ffa713", 
                        "artist": "Jedi Mind Tricks", 
                        "text": "Non-conceptual, non-exceptional\nYour whole aura is plexiglas"
                    }, 
                    {
                        "header": "[Yan the Phenomenon]", 
                        "text hash": "44e6301850ac6d35af5f92a224ff3020", 
                        "artist": "Yan the Phenomenon", 
                        "text": "I take hold of truth eludes me like sands through the cracks in my hands\nRetaliatory silhouettes in apocalyptic lands\nNomadic by the second, but I can't let this stress get the best of me\nThough it test me on a daily basis\nAnd traces the tracks of my tears down my cheeks and over my lips\nTaste the freedom but it seems like gravity\nHas me chained to this pathetic land like Satan's left burning lake of Chaos\nBut yet I continue on with no tendencies in my subconscious\nSo right there's a contradiction, because I'm aware of these tendencies\nSo they ain't in my subconscious anymore\nMore like forces that I conversate with, halves thirds and fourths\nThat I sliced my soul into a percentage\nI know you wouldn't recommend it, so I wrote this letter and never sent it\nCus my pain, is my pain, I won't trouble you with my own\nNow I swim through waves of asphalt with no place to call home\nYan on the lonely island and see a plastic smile speaking gibberish\nAt varying frequencies, burn out the radio and television transmissions\nOr simply audible voices who wear the robes of righteousness\nEquilibrium is fucked up from data overload\nEnhanced by the fact that I walk on a narrow road\nThat's more like a tightrope between wisdom and insanity\nSeems like clarity is the ever elusive goal\nWhen insanity has the help of the omnipotent force of gravity"
                    }, 
                    {
                        "header": "[Ikon the Verbal Hologram]", 
                        "text hash": "b1798dbb1894eccfeaeda14e2f836f4a", 
                        "artist": "Jedi Mind Tricks", 
                        "text": "On the battleground you can go to war like Sudan\nBut I'm half-man and so you have to overstand\nThat the other half of me is made of liquid and steel\nAin't you sick and tired of people screaming \"keep it real\"?\nI'm powered by the ancients, spirit in the soul\nIt's war, and Ikon carries crossbows\nBut I toss foes through the center of the planet\nWhen you battle me, you best be praying like a mantis\nI will send you, through the depths of the Atlantic\nTo study transcripts of rhymes by the enchanted\nHologram, the verbal war paradigm\nTraveling back in time to change the way y'all wack rappers rhyme\nIf I don't succeed you will bleed\nThe just punishment of the Apostle's Creed\nThis is hip-hop kid, shit is straight from the heart\nYou's an actor with a record deal trying to play the part\n\nLike THAT, like that one time like that one time like that one time\nUh, my man Stoupe in the house like that one time like that one time\nMy man, Chico in the house like that one time like that one time\nMy man Yan the Phenomenon, in the house, like that one time one time\nIkon the Verbal Hologram, up in this muthafucka\nOpen up that third eye before I open it for you\nWord is bond, Jedi Mind, '97, '98\nRappers, I decapitate like that\nFUCK all y'all!\n\n\n\n\n  "
                    }
                ]
            }, 
            "order": [
                "[Apathy the Alien Tongue]", 
                "[HOOK]", 
                "[Yan the Phenomenon]", 
                "[HOOK - Sampled from \"OC - Time's Up\"]", 
                "[Ikon the Verbal Hologram]"
            ], 
            "artist": "Jedi Mind Tricks"
        }
    },
    "Three Immortals": {
        "raw": "\n    \n  [Intro]\nExplorers... In the further regions of experience...\nDemons to some... angels to others... Now you must come with us...\n\n[Ikon]\nEnter the dragon\nWith 3 immortal surgeons\nArk of the covenant and the holiest excursions\nThe search for the knowledge and the wisdom of the sands\nThe Hologram sends you to the abode of the damned\nImmortal like vampires\nSetting fires in the caverns of the unholy\nOh, the ancients all hope of Abraham\nSend you to the sacred land\nTo change form, the daunting rituals that leave you scorned\nCrown of thorns adorns the unborn in which you spawned\nThere is no shelter from the storm of Babylon's lost children\nI lead millions to the promised land\nThe holy lamb, the planetary Hologram\nBlowing your Chakras' to oblivion\nDigital man, biblical man like Syrian\nVanishing breed, the holy throne\nPresidents of United States are now clones\nThe zones of the virus, the eye of Cyrus\nThe last waltz of the tyrants\nThe harvesting begins now\nInfinite information like Wu Chi Tao\nBut how, would you withstand the power of the helix\nThe crucifixion of the phoenix\nThe black thesis will burn you\nGive to you the darkest of afflictions\nMortal MC's face the verbal crucifixion\n\n[Hook x2]\nI am in fact lacking confusion as to what's real, and what's illusion\n\n[Breath of Judah)\nThe infinite, grand planet\nIsh ka Kha Shalamha, most high\nCalled Ali Aba, astronomer\nRoam the universe like Romulus \u00a0\nIndigenous with consciousness of Sirius\nI am a 7 density light being\nTransmanifest personally\nIn divine nation Atlantis rising\n3 dimension radiation is extremely\nFor difficulty to cope with the body\nExternally, in the centre of the galaxy, Alchemy\nSpirits soul my commitment\nSo that's efficient, receive nine dimensions\nOf cosmic expansion exquisitely\nPhiladelphian church chosen city \u00a0\nAdd instance to vortex's\nPleiadian Sequence Equinox's\nAt the zero point. Dialoguing\nKeeping time flying\nSitting on Khompeten meditating\n3 Immortals... through portals!\n\n[Hook x2]\n\n[Apathy]\nThe plot thickens through psychological crucifixions\nI part red seas and travel lands guiding Christians \u00a0\nMy writtens escape the earth in certain crisis\nI create raps for Christ and 12 righteous tribes\nEducate with positive vibes\nDevastate your dimension and nobody survives\nOut of smoke we rise illuminating eyes and wise\nTeaching lost fools that Yeshua never dies\nI cry, try to cut off my air supply\nImma transport to space, let the mother ship fly\nAnnuni, seven signs, let the Dolphin be the Baptist\nWith self contained underwater breathing apparatus\nIn Atlantis digital image screen enhances\nPhotographs of alien ships upon ya planets\nEmerge from volcanoes, dreadlocks and halo's\nPresto-chango, I morph to tornadoes\nAnd tear up ya major metropolis\nYou fish tank guppies couldn't fuck with the octopus!\n\n\n\n\n  ", 
        "pro": {
            "features": [
                "Apathy", 
                "Breath of Judah"
            ], 
            "producers": [
                "Stoupe The Enemy of Mankind"
            ], 
            "blocks": {
                "verses": [], 
                "hooks": [
                    {
                        "header": "[Hook x2]", 
                        "text hash": "bec2385775ac3f5e80d52750a7e1a7b8", 
                        "artist": "Jedi Mind Tricks", 
                        "text": "I am in fact lacking confusion as to what's real, and what's illusion"
                    }
                ], 
                "intro": [
                    {
                        "header": "[Intro]", 
                        "text hash": "8ee458d08cc043947b69e51beb717303", 
                        "artist": "Jedi Mind Tricks", 
                        "text": "Explorers... In the further regions of experience...\nDemons to some... angels to others... Now you must come with us..."
                    }
                ], 
                "remainders": [
                    {
                        "header": "[Ikon]", 
                        "text hash": "ca63d9f490c5fe5c5440f2515401ead9", 
                        "artist": "Jedi Mind Tricks", 
                        "text": "Enter the dragon\nWith 3 immortal surgeons\nArk of the covenant and the holiest excursions\nThe search for the knowledge and the wisdom of the sands\nThe Hologram sends you to the abode of the damned\nImmortal like vampires\nSetting fires in the caverns of the unholy\nOh, the ancients all hope of Abraham\nSend you to the sacred land\nTo change form, the daunting rituals that leave you scorned\nCrown of thorns adorns the unborn in which you spawned\nThere is no shelter from the storm of Babylon's lost children\nI lead millions to the promised land\nThe holy lamb, the planetary Hologram\nBlowing your Chakras' to oblivion\nDigital man, biblical man like Syrian\nVanishing breed, the holy throne\nPresidents of United States are now clones\nThe zones of the virus, the eye of Cyrus\nThe last waltz of the tyrants\nThe harvesting begins now\nInfinite information like Wu Chi Tao\nBut how, would you withstand the power of the helix\nThe crucifixion of the phoenix\nThe black thesis will burn you\nGive to you the darkest of afflictions\nMortal MC's face the verbal crucifixion"
                    }, 
                    {
                        "header": "[Apathy]", 
                        "text hash": "b7c5c119f73f918123fe618961da473d", 
                        "artist": "Apathy", 
                        "text": "The plot thickens through psychological crucifixions\nI part red seas and travel lands guiding Christians \u00a0\nMy writtens escape the earth in certain crisis\nI create raps for Christ and 12 righteous tribes\nEducate with positive vibes\nDevastate your dimension and nobody survives\nOut of smoke we rise illuminating eyes and wise\nTeaching lost fools that Yeshua never dies\nI cry, try to cut off my air supply\nImma transport to space, let the mother ship fly\nAnnuni, seven signs, let the Dolphin be the Baptist\nWith self contained underwater breathing apparatus\nIn Atlantis digital image screen enhances\nPhotographs of alien ships upon ya planets\nEmerge from volcanoes, dreadlocks and halo's\nPresto-chango, I morph to tornadoes\nAnd tear up ya major metropolis\nYou fish tank guppies couldn't fuck with the octopus!\n\n\n\n\n  "
                    }
                ]
            }, 
            "order": [
                "[Intro]", 
                "[Ikon]", 
                "[Hook x2]", 
                "[Hook x2]", 
                "[Apathy]"
            ], 
            "artist": "Jedi Mind Tricks"
        }
    }
}