{
    "5 senses": {
        "raw": "\n    \n  [Intro:50 cent]\nI'mma be honest with you, I expect you to like me\nI mean what is there not to like, I'm confident\nI got a great sense of humor, I'm fun\nI'm the kind of person you have fun with\n(chuckles)\n\n[Hook: Jeremih]\nIf it look this good\nI wonder how it taste\nBaby if I touch your body\nHear you scream my name\nWould you whisper to me \"It's yours\"\nGirl you smell so gentle and pure\nYou control my senses\nBaby ooohhh my senses\n\n[Verse 1: 50 cent]\nIt's like everything's good\nWhen I touch and you touch (one)\nIt smells like heaven\nWay better than a tulip (two)\nYour love let me taste it\nCome here let me taste it (three)\nTime is of the essence\nBaby don't you waste it\nI tell you what I'm thinking\nYou listen to my thoughts (four)\nSo you could see my vision\nThen you'll never get lost (five)\nIf you follow my lead\nGirl I'll be what you need\nI put my trust in you now\nPut your trust in me\n\n[Hook: Jeremih]\n\n[Verse 2: 50 cent]\nI'll be a true friend\nSomeone to believe in\nI'll give you freedom\nUnconditional meaning\nIf tonight is her night\nIt's her night\nJust get back to me tomorrow, alright?\nI'm not into cuffing\nI'm not into fronting\nI'm into getting paid\nBut blowing paper\nI be stunting\nSee to me its nothing\nLet's get into something\nShould I pick you up or meet you at the tele girlfriend\n\n[Jeremih]\nWould you whisper to me it's yours\nGirl you smell so gentle and pure\nYou control my senses\n\n[Hook:Jeremih]\n\nTouch....\nSee....\nSmell....\nHear....\nTaste....\n\n\n\n\n  ", 
        "pro": {
            "features": [
                "50 Cent"
            ], 
            "blocks": {
                "verses": [
                    {
                        "header": "[Verse 1: 50 cent]", 
                        "text hash": "eb4c3cc9be0f69a2b7cd4bab58b6de03", 
                        "artist": "50 Cent", 
                        "text": "It's like everything's good\nWhen I touch and you touch (one)\nIt smells like heaven\nWay better than a tulip (two)\nYour love let me taste it\nCome here let me taste it (three)\nTime is of the essence\nBaby don't you waste it\nI tell you what I'm thinking\nYou listen to my thoughts (four)\nSo you could see my vision\nThen you'll never get lost (five)\nIf you follow my lead\nGirl I'll be what you need\nI put my trust in you now\nPut your trust in me"
                    }, 
                    {
                        "header": "[Verse 2: 50 cent]", 
                        "text hash": "cc843d3f1b26ff3397bc0cdabcd3d3a7", 
                        "artist": "50 Cent", 
                        "text": "I'll be a true friend\nSomeone to believe in\nI'll give you freedom\nUnconditional meaning\nIf tonight is her night\nIt's her night\nJust get back to me tomorrow, alright?\nI'm not into cuffing\nI'm not into fronting\nI'm into getting paid\nBut blowing paper\nI be stunting\nSee to me its nothing\nLet's get into something\nShould I pick you up or meet you at the tele girlfriend"
                    }, 
                    {
                        "header": "[Jeremih]", 
                        "text hash": "6613b2e10ff3526114ab4b2ac3bfee9c", 
                        "artist": "Jeremih", 
                        "text": "Would you whisper to me it's yours\nGirl you smell so gentle and pure\nYou control my senses"
                    }
                ], 
                "hooks": [
                    {
                        "header": "[Hook: Jeremih]", 
                        "text hash": "027c1ca03baf28dce3911f185931b244", 
                        "artist": "Jeremih", 
                        "text": "If it look this good\nI wonder how it taste\nBaby if I touch your body\nHear you scream my name\nWould you whisper to me \"It's yours\"\nGirl you smell so gentle and pure\nYou control my senses\nBaby ooohhh my senses"
                    }
                ], 
                "intro": [
                    {
                        "header": "[Intro:50 cent]", 
                        "text hash": "ff708e07b52c1e90302961005716790b", 
                        "artist": "50 Cent", 
                        "text": "I'mma be honest with you, I expect you to like me\nI mean what is there not to like, I'm confident\nI got a great sense of humor, I'm fun\nI'm the kind of person you have fun with\n(chuckles)"
                    }
                ]
            }, 
            "order": [
                "[Intro:50 cent]", 
                "[Hook: Jeremih]", 
                "[Verse 1: 50 cent]", 
                "[Hook: Jeremih]", 
                "[Verse 2: 50 cent]", 
                "[Jeremih]", 
                "[Hook:Jeremih]"
            ], 
            "artist": "Jeremih"
        }
    },
    "Down On Me": {
        "raw": "\n    \n  [Intro: 50 Cent] (Jeremih)\nShe want it I can tell she want it\nWant me to push up on it 'fore she know when I'm all on it\nWe get the party goin liquor flowin this is fire\n50 and Jeremih number one there's nothing higher\n(Won't you go and) Get it, get it, work it, work it (I see you baby)\nWork it work it, down, down (Just put it down on me)\nGet it, get it, work it, work it (Put it down on)\nBreak it, break it, down\n\n[Verse One: Jeremih]\nOk she headed to the dancefloor and she slowly start to poppin it\nSomethin like my wrist piece everybody got to watchin it\nGirl you got that secret treasure I'm 'gon put a lock on it\nDon't care what they say I would be stupid to be not on it\nMs. Vicky, heard you got that sticky\nLet's go and take nine shots we'll just call it 50\nAnd I'm gonna licky licky licky 'til her hicky\nHave-have-have her river runnin' keep you gunnin' 'til you empty\n(BANG BANG BANG BANG!!!)\nOh you look so sweet\nWhat you work at Bally's? Look at your physique\nGirl you are a beauty well-well I am a beast\nThey must have been trippin' to have let me off a leash\n\n[Hook: Jeremih]\nI love the way you grind with that booty on me\nShorty you a dime, why you lookin' lonely?\nGo buy another round and it's all on me\nAs long as I'm around put it down on me\nJust put it down on me put it down on me\nDown-down on me put it down on me\nDon't throw it off the mound show me how It's 'gon be\nGirl all I really want is you down on me, put it down on me\n\n[Verse Two: 50 Cent]\nSystem's thumpin party jumpin shorty she's a perfect ten\nShe rock her hips then roll her hips, then drop it down like it's nothin\nShe shaped just like an hour glass, see how fast an hour passed\nTime flies when I'm on that ass but I won't put your shit on blast\nWork it like a pro-pro-pro sit and watch it go-go-go\nDo her thing all on the flo' she bounce it fast and shake it slow\nSo sexual incredible she beautiful she edible\nI got her I won't let her go I ain't seen nothing better yo\nLook at how she twirk it, the way she work it\nMake me wanna hit it hit it heaven when I'm in it in it\nIf I do not fit, I'm gonna make it\nGirl you can take it, don't stop get it get it\n\n[Hook: Jeremih]\n\n[Bridge: Jeremih]\nSay you independent (HEY) Get it from your momma (HEY)\nTell me if you with it (WHAT) Do you really wanna (WANNA)\nBaby when you see me (YEAH) You know I be on it (YEAH)\nCan you keep it up and (Up and) put it down up on me\nSay you independent, get it from your momma\nTell me if you with it, do you really wanna\nBaby when you see me, you know I be on it\nCan you keep it up and, put it down up on me\nDown with that booty on me (On me)\nShorty you a dime, why you lookin' lonely?\nOh baby we can go... go... low...\nLow... Ohh Yeah!\n\n[Hook: Jeremih]\n\n\n\n\n  ", 
        "pro": {
            "features": [
                "50 Cent"
            ], 
            "blocks": {
                "verses": [
                    {
                        "header": "[Verse One: Jeremih]", 
                        "text hash": "45dc9ca87b851520726bf75508640e21", 
                        "artist": "Jeremih", 
                        "text": "Ok she headed to the dancefloor and she slowly start to poppin it\nSomethin like my wrist piece everybody got to watchin it\nGirl you got that secret treasure I'm 'gon put a lock on it\nDon't care what they say I would be stupid to be not on it\nMs. Vicky, heard you got that sticky\nLet's go and take nine shots we'll just call it 50\nAnd I'm gonna licky licky licky 'til her hicky\nHave-have-have her river runnin' keep you gunnin' 'til you empty\n(BANG BANG BANG BANG!!!)\nOh you look so sweet\nWhat you work at Bally's? Look at your physique\nGirl you are a beauty well-well I am a beast\nThey must have been trippin' to have let me off a leash"
                    }, 
                    {
                        "header": "[Verse Two: 50 Cent]", 
                        "text hash": "54fa223386855d265d37834ddd0b7b48", 
                        "artist": "50 Cent", 
                        "text": "System's thumpin party jumpin shorty she's a perfect ten\nShe rock her hips then roll her hips, then drop it down like it's nothin\nShe shaped just like an hour glass, see how fast an hour passed\nTime flies when I'm on that ass but I won't put your shit on blast\nWork it like a pro-pro-pro sit and watch it go-go-go\nDo her thing all on the flo' she bounce it fast and shake it slow\nSo sexual incredible she beautiful she edible\nI got her I won't let her go I ain't seen nothing better yo\nLook at how she twirk it, the way she work it\nMake me wanna hit it hit it heaven when I'm in it in it\nIf I do not fit, I'm gonna make it\nGirl you can take it, don't stop get it get it"
                    }
                ], 
                "hooks": [
                    {
                        "header": "[Hook: Jeremih]", 
                        "text hash": "bfc348e65c8e22d0cb0c99cf349739e0", 
                        "artist": "Jeremih", 
                        "text": "I love the way you grind with that booty on me\nShorty you a dime, why you lookin' lonely?\nGo buy another round and it's all on me\nAs long as I'm around put it down on me\nJust put it down on me put it down on me\nDown-down on me put it down on me\nDon't throw it off the mound show me how It's 'gon be\nGirl all I really want is you down on me, put it down on me"
                    }
                ], 
                "intro": [
                    {
                        "header": "[Intro: 50 Cent]", 
                        "text hash": "6684eaa7da6a91f8c417729d3c9dc8b1", 
                        "artist": "50 Cent", 
                        "text": " (Jeremih)\nShe want it I can tell she want it\nWant me to push up on it 'fore she know when I'm all on it\nWe get the party goin liquor flowin this is fire\n50 and Jeremih number one there's nothing higher\n(Won't you go and) Get it, get it, work it, work it (I see you baby)\nWork it work it, down, down (Just put it down on me)\nGet it, get it, work it, work it (Put it down on)\nBreak it, break it, down"
                    }
                ], 
                "bridge": [
                    {
                        "header": "[Bridge: Jeremih]", 
                        "text hash": "8097c260c5dbee18b5301623a85711f8", 
                        "artist": "Jeremih", 
                        "text": "Say you independent (HEY) Get it from your momma (HEY)\nTell me if you with it (WHAT) Do you really wanna (WANNA)\nBaby when you see me (YEAH) You know I be on it (YEAH)\nCan you keep it up and (Up and) put it down up on me\nSay you independent, get it from your momma\nTell me if you with it, do you really wanna\nBaby when you see me, you know I be on it\nCan you keep it up and, put it down up on me\nDown with that booty on me (On me)\nShorty you a dime, why you lookin' lonely?\nOh baby we can go... go... low...\nLow... Ohh Yeah!"
                    }
                ]
            }, 
            "order": [
                "[Verse One: Jeremih]", 
                "[Hook: Jeremih]", 
                "[Verse Two: 50 Cent]", 
                "[Hook: Jeremih]", 
                "[Bridge: Jeremih]", 
                "[Hook: Jeremih]"
            ], 
            "artist": "Jeremih"
        }
    },
    "Don't Tell Em (Migos Remix)": {
        "raw": "\n    \n  [Produced by DJ Mustard]\n\n[Intro: YG]\nMustard on the beat, ho\n\n[Hook: Jeremih]\nRhythm is a dancer, I need a companion\nGirl I guess that must be you\nBody like the summer, fuck you like no other\nDon't you tell 'em what we do\nDon't tell 'em, don't tell 'em, you ain't even\nDon't tell 'em, don't tell 'em\nYou ain't even, you ain't even gotta tell 'em\nDon't tell 'em, don't tell 'em\nYou ain't even, don't tell 'em, don't tell 'em\nYou ain't even, you ain't even even gotta tell 'em\nDon't tell 'em, don't tell 'em\n\n[Verse 1: Jeremih]\nKnow you say you down with it\nWon\u2019t tell em how you hit the ground with it\nGirl you know I\u2019m from Chicago\nI act a fool, Bobby Brown with it (in it)\nNobody take me out tho\nYou got gifts bring em down the south pole\nMarathon doll gon' puttin' miles\nDon\u2019t you worry bout it might gon' work it out\nOnly is you got me feeling like this oohh why, why, why, why\nLoving while grabbing the rhythm of your hips\nThat\u2019s right, right, right, right, right\n\n[Hook: Jeremih]\n\n[Verse 2: Quavo]\nDon't tell 'em that I beat it up like fight night\nBut she did tell me that you're small like a Mike & Ike\nToo much information, baby, you ain't gotta tell me\nBut everybody know that she selfish\nPull up in Ferraris, my bitch rockin' Versace\nThey already know we fuckin', you ain't gotta hide it\nNobody can find us, we coolin' on islands\nYou ain't gotta tell him that I got you outta Follies\nWhen I pulled up on her, you know she get in\nShe ain't know that I'm handsome and wealthy\nHouse on a hill, got a mansion, come live\nJust don't tell nobody how you got in\n\n[Verse 3: Takeoff]\nBeat it up, don't eat it up, Bentley Mulsanne I speed it up\nWant you to travel around the globe with me, no Expedia\nRockin' a mink chinchilla, fox fur, put in my interior\nSmokin' hookah with Everclear, takin' a trip to Delaware\nMaison Margiela, I shop any weather\nMy girl wanna be a Giuseppe stepper\nPeter Piper, he done piped the pepper\nI'm Michael Phelps, won a gold medal\nHit it with the left then hit it with the right\nKnockout just call me Mayweather\nSo many Benjamins on me\nMight mistake me for a bank teller\n\n[Hook: Jeremih]\n\n[Verse 4: Offset]\nI'm dabbin' in Maison Margielas, don't tell 'em they might get jealous\nHer forehead on my pelvis, I don't cuff 'em, I don't settle\nYou a champion, you deserve a gold medal\nAin't got time on my schedule, gotta go get the cheddar\nYou ain't got time to be worried 'bout them\nKissin' all over you, rubbin' your hip\nI got the Tiffany diamonds all up in your ear\nSmackin' your booty while I'm hittin' it from the rear\nSmackin' a secret, your pussy be drippin' in liquid\nI did a show I cannot leave it, fuck her and then I delete it\nVictoria, she keepin' a secret, don't tell 'em that, no\nMy diamonds, they cold, anemic, and I can't front, no\nI'm finished, you know I need a\n\n[Hook: Jeremih]\n\n\n\n\n  ", 
        "pro": {
            "features": [
                "Migos"
            ], 
            "producers": [
                "DJ Mustard"
            ], 
            "blocks": {
                "verses": [
                    {
                        "header": "[Verse 1: Jeremih]", 
                        "text hash": "1df2fad88593856877926766d862657b", 
                        "artist": "Jeremih", 
                        "text": "Know you say you down with it\nWon\u2019t tell em how you hit the ground with it\nGirl you know I\u2019m from Chicago\nI act a fool, Bobby Brown with it (in it)\nNobody take me out tho\nYou got gifts bring em down the south pole\nMarathon doll gon' puttin' miles\nDon\u2019t you worry bout it might gon' work it out\nOnly is you got me feeling like this oohh why, why, why, why\nLoving while grabbing the rhythm of your hips\nThat\u2019s right, right, right, right, right"
                    }, 
                    {
                        "header": "[Verse 2: Quavo]", 
                        "text hash": "7925b532761dbce083d25d76ea723be2", 
                        "artist": "Quavo", 
                        "text": "Don't tell 'em that I beat it up like fight night\nBut she did tell me that you're small like a Mike & Ike\nToo much information, baby, you ain't gotta tell me\nBut everybody know that she selfish\nPull up in Ferraris, my bitch rockin' Versace\nThey already know we fuckin', you ain't gotta hide it\nNobody can find us, we coolin' on islands\nYou ain't gotta tell him that I got you outta Follies\nWhen I pulled up on her, you know she get in\nShe ain't know that I'm handsome and wealthy\nHouse on a hill, got a mansion, come live\nJust don't tell nobody how you got in"
                    }, 
                    {
                        "header": "[Verse 3: Takeoff]", 
                        "text hash": "5ad290361248123020a568a71a262678", 
                        "artist": "Takeoff", 
                        "text": "Beat it up, don't eat it up, Bentley Mulsanne I speed it up\nWant you to travel around the globe with me, no Expedia\nRockin' a mink chinchilla, fox fur, put in my interior\nSmokin' hookah with Everclear, takin' a trip to Delaware\nMaison Margiela, I shop any weather\nMy girl wanna be a Giuseppe stepper\nPeter Piper, he done piped the pepper\nI'm Michael Phelps, won a gold medal\nHit it with the left then hit it with the right\nKnockout just call me Mayweather\nSo many Benjamins on me\nMight mistake me for a bank teller"
                    }, 
                    {
                        "header": "[Verse 4: Offset]", 
                        "text hash": "3693d7663e8c5655b864435d08a2f68f", 
                        "artist": "Offset", 
                        "text": "I'm dabbin' in Maison Margielas, don't tell 'em they might get jealous\nHer forehead on my pelvis, I don't cuff 'em, I don't settle\nYou a champion, you deserve a gold medal\nAin't got time on my schedule, gotta go get the cheddar\nYou ain't got time to be worried 'bout them\nKissin' all over you, rubbin' your hip\nI got the Tiffany diamonds all up in your ear\nSmackin' your booty while I'm hittin' it from the rear\nSmackin' a secret, your pussy be drippin' in liquid\nI did a show I cannot leave it, fuck her and then I delete it\nVictoria, she keepin' a secret, don't tell 'em that, no\nMy diamonds, they cold, anemic, and I can't front, no\nI'm finished, you know I need a"
                    }
                ], 
                "hooks": [
                    {
                        "header": "[Hook: Jeremih]", 
                        "text hash": "b3f32b034cdd28d388829b95754ca71a", 
                        "artist": "Jeremih", 
                        "text": "Rhythm is a dancer, I need a companion\nGirl I guess that must be you\nBody like the summer, fuck you like no other\nDon't you tell 'em what we do\nDon't tell 'em, don't tell 'em, you ain't even\nDon't tell 'em, don't tell 'em\nYou ain't even, you ain't even gotta tell 'em\nDon't tell 'em, don't tell 'em\nYou ain't even, don't tell 'em, don't tell 'em\nYou ain't even, you ain't even even gotta tell 'em\nDon't tell 'em, don't tell 'em"
                    }
                ], 
                "intro": [
                    {
                        "header": "[Intro: YG]", 
                        "text hash": "3b6cbb8a04fda257c901fcdd4afaf396", 
                        "artist": "YG", 
                        "text": "Mustard on the beat, ho"
                    }
                ]
            }, 
            "order": [
                "[Produced by DJ Mustard]", 
                "[Intro: YG]", 
                "[Hook: Jeremih]", 
                "[Verse 1: Jeremih]", 
                "[Hook: Jeremih]", 
                "[Verse 2: Quavo]", 
                "[Verse 3: Takeoff]", 
                "[Hook: Jeremih]", 
                "[Verse 4: Offset]", 
                "[Hook: Jeremih]"
            ], 
            "artist": "Jeremih"
        }
    },
    "Don't Tell Em (Remix)": {
        "raw": "\n    \n  [Intro]\n(Dolla, Dolla $ign)\nMustard on the beat, ho\n\n[Verse 1: Ty Dolla $ign]\nWhen this song come on do the ratchet\nNo cuffin\u2019 here puff puff pass it\nAy, you know I\u2019m from L.A\nStay ready we ain\u2019t gotta get ready no\nUh, pretty face and a big butt\nTold her toot it then I boot it like the World Cup\nShe make it Wa, Waka-Wa-Waka\nShe let me hit it like pah-pah\n\n[Pre-Hook]\nOnly is you got me feeling like this\nOh why, why, why, why, why?\nLoving while grabbing the rhythm of your hips\nThat\u2019s right, right, right, right, right\n\n[Hook: Jeremih]\nRhythm is a dancer, I need a companion\nGirl I guess that must be you\nBody like the summer, fuck you like no other\nDon\u2019t you tell \u2018em what we do\nDon\u2019t tell \u2018em, don\u2019t tell \u2018em, you ain\u2019t even\nDon\u2019t tell \u2018em, don\u2019t tell \u2018em\nYou ain\u2019t even, you ain\u2019t even gotta tell \u2018em\nDon\u2019t tell \u2018em, don\u2019t tell \u2018em\nYou ain\u2019t even, don\u2019t tell \u2018em, don\u2019t tell \u2018em\nYou ain\u2019t even, you ain\u2019t even even gotta tell \u2018em\nDon\u2019t tell \u2018em, don\u2019t tell \u2018em\n\n[Verse 2: Jeremih]\nKnow you say you down with it\nWon\u2019t tell \u2018em how you hit the ground with it\nGirl you know I\u2019m from Chicago\nI act a fool, Bobby Brown with it (in it)\nNobody take me out though\nYou got gifts bring \u2018em down the South Pole\nMarathon doll, I\u2019m putting miles\nDon\u2019t you worry about it, I can work it out\n\n[Pre-Hook]\n\n[Hook]\n\n[Verse 3: French Montana]\nShawty from the back, met her in the A\nHit it at the \u2018tel, never hit it where I stay, hah\nYou know I act the fool, Bobby Brown with it\nGot her leg shaking, James Brown with it\nDrop it to the ground with it\nHeard the whole town hit it\nHit it then I pass it to my man, D. Brown with it\nYoung rich niggas, uptown\nKeep her close, we snipe, duck down\nAnd you already know\nPull up in the big ass yacht like no\nDon\u2019t tell \u2018em, don\u2019t tell \u2018em\nYou ain\u2019t even gotta tell \u2018em\nWe ain\u2019t kissin\u2019, we ain\u2019t tellin\u2019\nMoney stack to the ceiling, hah\n(Montana!)\n\n[Pre-Hook]\n\n[Hook]\n\n[Outro]\nDon\u2019t tell \u2018em, don\u2019t tell \u2018em no\nRight, right, right, right, right, right, right\nDon\u2019t tell \u2018em, don\u2019t tell \u2018em no\nWhy, why, why, why would you do that, oh\nJust keep the rhythm like that, yeah, yeah, yeah\nPut it on me baby, yeah, yeah, yeah, yeah\nYou know you like that, yeah, yeah, yeah, yeah\nYou know I want it baby, yeah, yeah, yeah, yeah\nOh, oh\u2026\n\n\n\n\n  ", 
        "pro": {
            "features": [
                "French Montana", 
                "Ty Dolla $ign"
            ], 
            "blocks": {
                "verses": [
                    {
                        "header": "[Verse 1: Ty Dolla $ign]", 
                        "text hash": "83861f755f8a31aab822d40528eb64d6", 
                        "artist": "Ty Dolla $ign", 
                        "text": "When this song come on do the ratchet\nNo cuffin\u2019 here puff puff pass it\nAy, you know I\u2019m from L.A\nStay ready we ain\u2019t gotta get ready no\nUh, pretty face and a big butt\nTold her toot it then I boot it like the World Cup\nShe make it Wa, Waka-Wa-Waka\nShe let me hit it like pah-pah"
                    }, 
                    {
                        "header": "[Verse 2: Jeremih]", 
                        "text hash": "847abee73b854af177d9cfd0d8e0a8e3", 
                        "artist": "Jeremih", 
                        "text": "Know you say you down with it\nWon\u2019t tell \u2018em how you hit the ground with it\nGirl you know I\u2019m from Chicago\nI act a fool, Bobby Brown with it (in it)\nNobody take me out though\nYou got gifts bring \u2018em down the South Pole\nMarathon doll, I\u2019m putting miles\nDon\u2019t you worry about it, I can work it out"
                    }, 
                    {
                        "header": "[Verse 3: French Montana]", 
                        "text hash": "e60bbbc6c7c3d38b4c8bc59fdab3c096", 
                        "artist": "French Montana", 
                        "text": "Shawty from the back, met her in the A\nHit it at the \u2018tel, never hit it where I stay, hah\nYou know I act the fool, Bobby Brown with it\nGot her leg shaking, James Brown with it\nDrop it to the ground with it\nHeard the whole town hit it\nHit it then I pass it to my man, D. Brown with it\nYoung rich niggas, uptown\nKeep her close, we snipe, duck down\nAnd you already know\nPull up in the big ass yacht like no\nDon\u2019t tell \u2018em, don\u2019t tell \u2018em\nYou ain\u2019t even gotta tell \u2018em\nWe ain\u2019t kissin\u2019, we ain\u2019t tellin\u2019\nMoney stack to the ceiling, hah\n(Montana!)"
                    }, 
                    {
                        "header": "[Outro]", 
                        "text hash": "5a07a6d2c0088b7342a747332e2f6a65", 
                        "artist": "Jeremih", 
                        "text": "Don\u2019t tell \u2018em, don\u2019t tell \u2018em no\nRight, right, right, right, right, right, right\nDon\u2019t tell \u2018em, don\u2019t tell \u2018em no\nWhy, why, why, why would you do that, oh\nJust keep the rhythm like that, yeah, yeah, yeah\nPut it on me baby, yeah, yeah, yeah, yeah\nYou know you like that, yeah, yeah, yeah, yeah\nYou know I want it baby, yeah, yeah, yeah, yeah\nOh, oh\u2026\n\n\n\n\n  "
                    }
                ], 
                "hooks": [
                    {
                        "header": "[Pre-Hook]", 
                        "text hash": "37649ec64ba4b4c809d9608a01ee47f5", 
                        "artist": "Jeremih", 
                        "text": "Only is you got me feeling like this\nOh why, why, why, why, why?\nLoving while grabbing the rhythm of your hips\nThat\u2019s right, right, right, right, right"
                    }, 
                    {
                        "header": "[Hook: Jeremih]", 
                        "text hash": "fcd6e46865d5db65ff8abfaf19b67744", 
                        "artist": "Jeremih", 
                        "text": "Rhythm is a dancer, I need a companion\nGirl I guess that must be you\nBody like the summer, fuck you like no other\nDon\u2019t you tell \u2018em what we do\nDon\u2019t tell \u2018em, don\u2019t tell \u2018em, you ain\u2019t even\nDon\u2019t tell \u2018em, don\u2019t tell \u2018em\nYou ain\u2019t even, you ain\u2019t even gotta tell \u2018em\nDon\u2019t tell \u2018em, don\u2019t tell \u2018em\nYou ain\u2019t even, don\u2019t tell \u2018em, don\u2019t tell \u2018em\nYou ain\u2019t even, you ain\u2019t even even gotta tell \u2018em\nDon\u2019t tell \u2018em, don\u2019t tell \u2018em"
                    }
                ], 
                "intro": [
                    {
                        "header": "[Intro]", 
                        "text hash": "d90a454208f6a7d5d634d439f1444c90", 
                        "artist": "Jeremih", 
                        "text": "(Dolla, Dolla $ign)\nMustard on the beat, ho"
                    }
                ]
            }, 
            "order": [
                "[Intro]", 
                "[Verse 1: Ty Dolla $ign]", 
                "[Pre-Hook]", 
                "[Hook: Jeremih]", 
                "[Verse 2: Jeremih]", 
                "[Pre-Hook]", 
                "[Hook]", 
                "[Verse 3: French Montana]", 
                "[Pre-Hook]", 
                "[Hook]", 
                "[Outro]"
            ], 
            "artist": "Jeremih"
        }
    },
    "Don't Panic (Remix)": {
        "raw": "\n    \n  [Produced By: DJ Mustard]\n\n[Intro:]\nDon't panic, nigga don't panic\nDon't panic, nigga don't panic\n\n[Hook: French Montana]\nShawty fell in love with a hustler\nMan I took her from a buster\nNiggas keep talkin' like they know something\nI slide on your bitch like she on something\nDon't panic, don't panic\nWe just getting started nigga don't panic\nReal niggas getting cake\nWatch the fake niggas hate\nDon't panic, don't panic\nWe just getting started nigga don't panic\nDon't panic, don't panic\nWe just getting started nigga don't panic\n\n[Verse 1: Jeremih]\nKnow she gettin' tired of broke stress\nWhy there ain't no hoes in your section?\nKnow she with a youngin' feelin' like a milf\nI'm a have to teach her ass a old lesson\nFive weeks #1 nigga, Don't Tell 'Em\nBut I got 5 stars nigga, Joe Jackson\nSince I got time I get a Rolex\nYou know I'm in Supperclub bowflexin'\nHere I come, you ready or not?\nHenne and a lemmy, put it down on the rocks\nThese nigga out here livin' the life\nMet yo' bitch, might hit it, got her taking these shots\n\n[Hook:]\n\n[Verse 2: French Montana]\nI won\u2019t let up, sippin\u2019 that Ciroc amaretto\nReal bitches gon\u2019 wait on me, fake bitches gon\u2019 skate on me\nReal bitches getting cake, fake bitches gon\u2019 hate\nShe a model on the Gram\nGetting swallowed was the plan\nThis young thug need four bitches\nTake her to the crib take no pictures\nAss fat, let me get up on it\nBounce back early in the morning\n\n[Hook:]\n\n[Verse 3: Chris Brown]\nOkay, don't panic\nI see you poppin' that pussy\nI'm try'na lick on the cookie\nI'm eatin' through the panties\nIn and out that booty, ham sandwich\nYoung, new killer\nBitch, you nigga old like BlackPlanet\nStrapped up, pistol with the bandanas\nIt's nearly clear, gotta hide it from the damn cameras\nMan, I'm only smokin' Cali kush\nWhen I'm on the plane, they got your bitch rollin' the blunts\nI call it high standards\nChucks with my lokes on\nPretty girls, tell 'em ugly bitches, \"Go home\"\nYou know, they comin' for the money and the real niggas\nYou know, these thirsty ass thots need a meal ticket\n\n[Hook:]\n\n\n\n\n  ", 
        "pro": {
            "features": [
                "Chris Brown", 
                "French Montana"
            ], 
            "producers": [
                "DJ Mustard"
            ], 
            "blocks": {
                "verses": [
                    {
                        "header": "[Verse 1: Jeremih]", 
                        "text hash": "36c860be898d935630dffa56a912ecd0", 
                        "artist": "Jeremih", 
                        "text": "Know she gettin' tired of broke stress\nWhy there ain't no hoes in your section?\nKnow she with a youngin' feelin' like a milf\nI'm a have to teach her ass a old lesson\nFive weeks #1 nigga, Don't Tell 'Em\nBut I got 5 stars nigga, Joe Jackson\nSince I got time I get a Rolex\nYou know I'm in Supperclub bowflexin'\nHere I come, you ready or not?\nHenne and a lemmy, put it down on the rocks\nThese nigga out here livin' the life\nMet yo' bitch, might hit it, got her taking these shots"
                    }, 
                    {
                        "header": "[Verse 2: French Montana]", 
                        "text hash": "c228669a070b8151b74b02a9e7edae4b", 
                        "artist": "French Montana", 
                        "text": "I won\u2019t let up, sippin\u2019 that Ciroc amaretto\nReal bitches gon\u2019 wait on me, fake bitches gon\u2019 skate on me\nReal bitches getting cake, fake bitches gon\u2019 hate\nShe a model on the Gram\nGetting swallowed was the plan\nThis young thug need four bitches\nTake her to the crib take no pictures\nAss fat, let me get up on it\nBounce back early in the morning"
                    }, 
                    {
                        "header": "[Verse 3: Chris Brown]", 
                        "text hash": "4b230ef12f45d7d1ba7df24e56e06158", 
                        "artist": "Chris Brown", 
                        "text": "Okay, don't panic\nI see you poppin' that pussy\nI'm try'na lick on the cookie\nI'm eatin' through the panties\nIn and out that booty, ham sandwich\nYoung, new killer\nBitch, you nigga old like BlackPlanet\nStrapped up, pistol with the bandanas\nIt's nearly clear, gotta hide it from the damn cameras\nMan, I'm only smokin' Cali kush\nWhen I'm on the plane, they got your bitch rollin' the blunts\nI call it high standards\nChucks with my lokes on\nPretty girls, tell 'em ugly bitches, \"Go home\"\nYou know, they comin' for the money and the real niggas\nYou know, these thirsty ass thots need a meal ticket"
                    }
                ], 
                "hooks": [
                    {
                        "header": "[Hook: French Montana]", 
                        "text hash": "249d5c062fcb1b583b99e93483f380fe", 
                        "artist": "French Montana", 
                        "text": "Shawty fell in love with a hustler\nMan I took her from a buster\nNiggas keep talkin' like they know something\nI slide on your bitch like she on something\nDon't panic, don't panic\nWe just getting started nigga don't panic\nReal niggas getting cake\nWatch the fake niggas hate\nDon't panic, don't panic\nWe just getting started nigga don't panic\nDon't panic, don't panic\nWe just getting started nigga don't panic"
                    }
                ], 
                "intro": [
                    {
                        "header": "[Intro:]", 
                        "text hash": "85a7377fff9240e733d2ca8b58acb435", 
                        "artist": "Jeremih", 
                        "text": "Don't panic, nigga don't panic\nDon't panic, nigga don't panic"
                    }
                ]
            }, 
            "order": [
                "[Produced By: DJ Mustard]", 
                "[Intro:]", 
                "[Hook: French Montana]", 
                "[Verse 1: Jeremih]", 
                "[Hook:]", 
                "[Verse 2: French Montana]", 
                "[Hook:]", 
                "[Verse 3: Chris Brown]", 
                "[Hook:]"
            ], 
            "artist": "Jeremih"
        }
    }
}