{
    "Almost There": {
        "raw": "\n    \n  [Verse 1: Young Buck]\nI'm come from a small town where organized crime is the rule\nYou kill niggas without permission, niggas gon' kill you\nWe bang the rags too, red and blue\nThis shit ain't out only there on the west side fool\nSurrounded by section eight houses in the projects\nA place where you make the wrong turn, you get robbed next\nWe all targets, standin' out on the street corner\nThat's why you see the lil' kids with the heat on 'em\nPolice pull out, hop out but they can't catch us\nThey never even get a chance to say \"Drop your weapons\"\nLiquor stores never close, the whole hood high\nNiggas know when it's war the whole hood ride\nWe on that Bishop in Juice shit\nI put this fo'-five in yo' mouth like a toothpick, you bitch\nThe south ain't safe no mo' so get a gun\nAnd pray to God you make it to see twenty-one\nYou gon' make me crawl through your backyard and cut off your light switch\nKick in your back door and take all that white shit\nNiggas know what to do when I'm around\nGo put your pack up and pick up your fo' pound\n\n[Hook: Lloyd Banks]\nLook at here, ain't nobody 'round here scared\nI'm headin' for the top and I'm almost there\nOh yeeuh, this shiny shit right here\nI'll work magic and make you niggas disappear\n\nLook at here, ain't nobody 'round here scared\nI'm headin' for the top and I'm almost there\nOh yeeuh, this shiny shit right here\nI'll work magic and make you niggas disappear\n\n[Verse 2: Yung Joc]\nIt's just another day at the coffee shop\nWe sellin everything, down to the shoes and watch\nAnd for the right price meet me in the parking lot\nI got a sale on them old school Chevy drops\nNo knock cause we only serve the best\nOh yeah my coffee shop is cheaper than the rest~!\nI'm takin orders, tell me who's next\nOnly cash, no credit, no checks\nWhen your car stop, welcome to Starblocks\nYou wanna triple your knot? Invest in our stock\nAnd now we doin numbers, just like the close-out\nMake sure to shop with me, before it's sold out\nEverybody on the block know my nickname\nGrade A pimp game, you can call me Ben Frank\nAnd all my money get counted when the shifts change\nThen get 211 t-shirt wit'cho picture framed\n\n[Hook: Lloyd Banks]\nLook at here, ain't nobody 'round here scared\nI'm headin' for the top and I'm almost there\nOh yeeuh, this shiny shit right here\nI'll work magic and make you niggas disappear\n\nLook at here, ain't nobody 'round here scared\nI'm headin' for the top and I'm almost there\nOh yeeuh, this shiny shit right here\nI'll work magic and make you niggas disappear\n\n[Verse 3: Jadakiss]\nAyo the dopes and the rice, the cokes and the pyrex\nOver the stove and I'm bout to hit it with the ice\nRunners love to pump the bomb\nAin't no more fair ones, now niggas'll jump your moms\nThe god, minus the 12 disciples\nI pop up, all you see is shells and rifles\nIf I don't like you, I'mma kill you not fight you\nI bite a little piece of your ear off like Mike do\nAnd everybody gon' follow me now\nDown eighth and an oozie mahogany brown\nFaggots want you to kill 'em in a hurry\nIt fucks me up, like they ain't got no money to get buried\nYou could flip, I'll survive m'kay, motherfucker\nIn my block still doin twenty-five a day\nKnow you work out, chest and your back all nice\nBut the twelve gauge'll have your six pack on ice, what\nSinnin or not, I'm grinnin a lot, spendin a knot\nDirty denim and a cinnamon fox\nBitches'll follow, gangsters'll ride, gentlemen watch\nBuy the bar, leave drunk, shoot up the block\n\n[Hook: Lloyd Banks]\nLook at here, ain't nobody 'round here scared\nI'm headin' for the top and I'm almost there\nOh yeeuh, this shiny shit right here\nI'll work magic and make you niggas disappear\n\n\n\n\n  ", 
        "pro": {
            "features": [
                "G-Unit", 
                "Jadakiss", 
                "Yung Joc"
            ], 
            "producers": [
                "Timbaland"
            ], 
            "blocks": {
                "verses": [
                    {
                        "header": "[Verse 1: Young Buck]", 
                        "text hash": "baf64d45386c3665a43296b7b141539b", 
                        "artist": "Young Buck", 
                        "text": "I'm come from a small town where organized crime is the rule\nYou kill niggas without permission, niggas gon' kill you\nWe bang the rags too, red and blue\nThis shit ain't out only there on the west side fool\nSurrounded by section eight houses in the projects\nA place where you make the wrong turn, you get robbed next\nWe all targets, standin' out on the street corner\nThat's why you see the lil' kids with the heat on 'em\nPolice pull out, hop out but they can't catch us\nThey never even get a chance to say \"Drop your weapons\"\nLiquor stores never close, the whole hood high\nNiggas know when it's war the whole hood ride\nWe on that Bishop in Juice shit\nI put this fo'-five in yo' mouth like a toothpick, you bitch\nThe south ain't safe no mo' so get a gun\nAnd pray to God you make it to see twenty-one\nYou gon' make me crawl through your backyard and cut off your light switch\nKick in your back door and take all that white shit\nNiggas know what to do when I'm around\nGo put your pack up and pick up your fo' pound"
                    }, 
                    {
                        "header": "[Verse 2: Yung Joc]", 
                        "text hash": "7f8197a052eae329d34569af281ce513", 
                        "artist": "Yung Joc", 
                        "text": "It's just another day at the coffee shop\nWe sellin everything, down to the shoes and watch\nAnd for the right price meet me in the parking lot\nI got a sale on them old school Chevy drops\nNo knock cause we only serve the best\nOh yeah my coffee shop is cheaper than the rest~!\nI'm takin orders, tell me who's next\nOnly cash, no credit, no checks\nWhen your car stop, welcome to Starblocks\nYou wanna triple your knot? Invest in our stock\nAnd now we doin numbers, just like the close-out\nMake sure to shop with me, before it's sold out\nEverybody on the block know my nickname\nGrade A pimp game, you can call me Ben Frank\nAnd all my money get counted when the shifts change\nThen get 211 t-shirt wit'cho picture framed"
                    }, 
                    {
                        "header": "[Verse 3: Jadakiss]", 
                        "text hash": "73e0eab9b9eaa826f022fd6bccd5d247", 
                        "artist": "Jadakiss", 
                        "text": "Ayo the dopes and the rice, the cokes and the pyrex\nOver the stove and I'm bout to hit it with the ice\nRunners love to pump the bomb\nAin't no more fair ones, now niggas'll jump your moms\nThe god, minus the 12 disciples\nI pop up, all you see is shells and rifles\nIf I don't like you, I'mma kill you not fight you\nI bite a little piece of your ear off like Mike do\nAnd everybody gon' follow me now\nDown eighth and an oozie mahogany brown\nFaggots want you to kill 'em in a hurry\nIt fucks me up, like they ain't got no money to get buried\nYou could flip, I'll survive m'kay, motherfucker\nIn my block still doin twenty-five a day\nKnow you work out, chest and your back all nice\nBut the twelve gauge'll have your six pack on ice, what\nSinnin or not, I'm grinnin a lot, spendin a knot\nDirty denim and a cinnamon fox\nBitches'll follow, gangsters'll ride, gentlemen watch\nBuy the bar, leave drunk, shoot up the block"
                    }
                ], 
                "hooks": [
                    {
                        "header": "[Hook: Lloyd Banks]", 
                        "text hash": "b5261565ace80dca1cf0d076baed3943", 
                        "artist": "Lloyd Banks", 
                        "text": "Look at here, ain't nobody 'round here scared\nI'm headin' for the top and I'm almost there\nOh yeeuh, this shiny shit right here\nI'll work magic and make you niggas disappear\n\nLook at here, ain't nobody 'round here scared\nI'm headin' for the top and I'm almost there\nOh yeeuh, this shiny shit right here\nI'll work magic and make you niggas disappear"
                    }, 
                    {
                        "header": "[Hook: Lloyd Banks]", 
                        "text hash": "4bfe21ed58a101748a4da1ce7ba64895", 
                        "artist": "Lloyd Banks", 
                        "text": "Look at here, ain't nobody 'round here scared\nI'm headin' for the top and I'm almost there\nOh yeeuh, this shiny shit right here\nI'll work magic and make you niggas disappear\n\n\n\n\n  "
                    }
                ]
            }, 
            "order": [
                "[Verse 1: Young Buck]", 
                "[Hook: Lloyd Banks]", 
                "[Verse 2: Yung Joc]", 
                "[Hook: Lloyd Banks]", 
                "[Verse 3: Jadakiss]", 
                "[Hook: Lloyd Banks]"
            ], 
            "artist": "Jim Brown"
        }
    }
}