{
    "Firestarter": {
        "raw": "\n    \n  [Verse 1]\nI'm the trouble starter\nPumpkin instigator\nI'm the fear addicted\nDanger illustrated\n\n[Chorus]\nI'm a twisted\nYou're a twisted\nI'm a twisted\nFire starter\n\n[Verse 2]\nI'm the bitch you hated\nFilth infatuated\nI'm the pain you tasted\nWell intoxicated\n\n[Chorus]\n\n[Verse 3]\nI'm the self inflicted\nMy detonator\nI'm the one inflicted\nTwisted and animated\n\n[Chorus] [x3]\n\n\n\n\n  ", 
        "pro": {
            "producers": [
                "Prodigy"
            ], 
            "blocks": {
                "verses": [
                    {
                        "header": "[Verse 1]", 
                        "text hash": "c19993eeb5efdc3192c9fbd31aef737a", 
                        "artist": "Jimmy Eat World", 
                        "text": "I'm the trouble starter\nPumpkin instigator\nI'm the fear addicted\nDanger illustrated"
                    }, 
                    {
                        "header": "[Verse 2]", 
                        "text hash": "bdf5b6930e270dd3decb986d8d17ac33", 
                        "artist": "Jimmy Eat World", 
                        "text": "I'm the bitch you hated\nFilth infatuated\nI'm the pain you tasted\nWell intoxicated"
                    }, 
                    {
                        "header": "[Verse 3]", 
                        "text hash": "e4aeeb70fdef9cc3595c649c5145bb77", 
                        "artist": "Jimmy Eat World", 
                        "text": "I'm the self inflicted\nMy detonator\nI'm the one inflicted\nTwisted and animated"
                    }
                ], 
                "hooks": [
                    {
                        "header": "[Chorus]", 
                        "text hash": "b76227bded9ca70ad4a5cd20d44f270e", 
                        "artist": "Jimmy Eat World", 
                        "text": "I'm a twisted\nYou're a twisted\nI'm a twisted\nFire starter"
                    }, 
                    {
                        "header": "[Chorus]", 
                        "text hash": "fdda8ec1636936450f2cd4446c2cd68d", 
                        "artist": "Jimmy Eat World", 
                        "text": " [x3]\n\n\n\n\n  "
                    }
                ]
            }, 
            "order": [
                "[Verse 1]", 
                "[Chorus]", 
                "[Verse 2]", 
                "[Chorus]", 
                "[Verse 3]", 
                "[Chorus] [x3]"
            ], 
            "artist": "Jimmy Eat World"
        }
    }
}