{
    "Run (Remix)": {
        "raw": "\n    \n  [Verse 1: Pusha T]\nLike I'm playing run, catch kiss, but he don't miss\nI got my sights on one, he don't fish\nLay it out for my baby, she don't wish\nTake it how I really feel and put a beat on this\nIt's the thrill of the chase, the real from the fake\nA good girl's risk is the chills and the shakes, woo\nYou can't love what you can't hold\nBetter yet you can't tame what you can't mold, Push\n\n[Hook: Joel Compass (Pusha T)]\nI'm gonna let you run, let you run away\nLet you run away, as far as love can take\nAnd I want to let you in, so you can run away\nYou can run away, as far as I can take\nOh, oh (where you running to?) oh\n\n[Link: Joel Compass]\nHow am I supposed to love, when all you ever do is run?\nCause one minute you're there and the next you're gone\n\n[Verse 2: Pusha T]\nLet's just face it, love's not basic\nI won't chase it, let's embrace it\nQuestions are trying my patience\nNo, I won't fuck on that waitress\nI don't know how long I can take this\nRunning in place trying to pace this\nAll I see is time being wasted\nSo I'mma let you run, cause I ain't here to ride you\nListen to the hook, let J. Compass guide you, Push\n\n[Hook]\n\n\n\n\n  ", 
        "pro": {
            "features": [
                "Pusha T"
            ], 
            "blocks": {
                "verses": [
                    {
                        "header": "[Verse 1: Pusha T]", 
                        "text hash": "c0d6113d37c4788646eb2e7e7dd71984", 
                        "artist": "Pusha T", 
                        "text": "Like I'm playing run, catch kiss, but he don't miss\nI got my sights on one, he don't fish\nLay it out for my baby, she don't wish\nTake it how I really feel and put a beat on this\nIt's the thrill of the chase, the real from the fake\nA good girl's risk is the chills and the shakes, woo\nYou can't love what you can't hold\nBetter yet you can't tame what you can't mold, Push"
                    }, 
                    {
                        "header": "[Link: Joel Compass]", 
                        "text hash": "069f79e17d33591cd57c995ebb37b5d1", 
                        "artist": "Joel Compass", 
                        "text": "How am I supposed to love, when all you ever do is run?\nCause one minute you're there and the next you're gone"
                    }, 
                    {
                        "header": "[Verse 2: Pusha T]", 
                        "text hash": "b7a86c8423fec6585bfef68467ba4e16", 
                        "artist": "Pusha T", 
                        "text": "Let's just face it, love's not basic\nI won't chase it, let's embrace it\nQuestions are trying my patience\nNo, I won't fuck on that waitress\nI don't know how long I can take this\nRunning in place trying to pace this\nAll I see is time being wasted\nSo I'mma let you run, cause I ain't here to ride you\nListen to the hook, let J. Compass guide you, Push"
                    }
                ], 
                "hooks": [
                    {
                        "header": "[Hook: Joel Compass (Pusha T)]", 
                        "text hash": "4f98de6629376e0d6fa773c936a005c2", 
                        "artist": "Pusha T", 
                        "text": "I'm gonna let you run, let you run away\nLet you run away, as far as love can take\nAnd I want to let you in, so you can run away\nYou can run away, as far as I can take\nOh, oh (where you running to?) oh"
                    }
                ]
            }, 
            "order": [
                "[Verse 1: Pusha T]", 
                "[Hook: Joel Compass (Pusha T)]", 
                "[Link: Joel Compass]", 
                "[Verse 2: Pusha T]", 
                "[Hook]"
            ], 
            "artist": "Joel Compass"
        }
    }
}