{
    "Lindo": {
        "raw": "\n    \n  [Verse 1: Vince Staples]\nMore money, more problems\nMore killings, more robbing's\nFind us northern, never loitered the corners, we cop dodged it\nNever focused on the image, my niggas just sought profit\nNever chose to play a victim, so niggas just caught bodies\nIf he gotta go, he gotta go, product of the path he chose\nUnderstand I've been a businessman who's made for packing O's\nPlaying in that traffic, smoke? Never I know better\nI seen what they was spending, I ain't wanna be that nigga\nI just wanna be the nigga they paying, never the nigga they playing\nCause niggas know me well\nHit me for the sales on sedation, I got it on the scale, willing and waiting\nJust come prepared with the payment, and you will be feeling amazing\nSee I've been worried 'bout them commas, and never 'bout the karma\nSo sell it to the daughter's, we sell it to the mama's\nShit, you know the medicine not exempt from relative's\nRelative to what you think, I'm really out here selling shit\nBigger guns and better clips, apologize to the most high\nFor my recklessness, brain been gone, need a Range on chrome\nAnd a twelve gauge sawed off\n\n[Verse 2: Joey Fatts]\nLook me in my eyes, and tell me what you see\nA product of these streets, that's moving product, slanging pea's\nI got a couple G's that's down to do bid for me\nIf you ain't home they put a hole up in your kids skullie's\nDirty like rugby when we ride around the town\nHoping that we catch him slipping, chopper's lay his ass down\nPaying my mama rent, hoping that I make her proud\nCause she knowing when she leaving a nigga trapping out her house\nGot birds in the couch, I gotta get this paper\nAnd if they running their mouth, forty get their ass a taper\nSend him to his maker, Do his mom's a favor\nAnd End the life that she never gave him, that semi spray him\nAnd now I'm laying low, dro'ing with a couple hoes\nJust bought a forty-four so tell me what I gotta tell some folk\nIt's like I'm Frank Lucas to these Russell Crowe's\nI got the dope and everybody know\nI got the pills if you down to roll\nI got the dro if you tryna' smoke\nHit my phone, fo' sho' I got the cheapest quote's\n\n\n\n\n  ", 
        "pro": {
            "features": [
                "Vince Staples"
            ], 
            "producers": [
                "Stoney Willis"
            ], 
            "blocks": {
                "verses": [
                    {
                        "header": "[Verse 1: Vince Staples]", 
                        "text hash": "1fcd146d2e6f7a001086cf03aa8f6f43", 
                        "artist": "Vince Staples", 
                        "text": "More money, more problems\nMore killings, more robbing's\nFind us northern, never loitered the corners, we cop dodged it\nNever focused on the image, my niggas just sought profit\nNever chose to play a victim, so niggas just caught bodies\nIf he gotta go, he gotta go, product of the path he chose\nUnderstand I've been a businessman who's made for packing O's\nPlaying in that traffic, smoke? Never I know better\nI seen what they was spending, I ain't wanna be that nigga\nI just wanna be the nigga they paying, never the nigga they playing\nCause niggas know me well\nHit me for the sales on sedation, I got it on the scale, willing and waiting\nJust come prepared with the payment, and you will be feeling amazing\nSee I've been worried 'bout them commas, and never 'bout the karma\nSo sell it to the daughter's, we sell it to the mama's\nShit, you know the medicine not exempt from relative's\nRelative to what you think, I'm really out here selling shit\nBigger guns and better clips, apologize to the most high\nFor my recklessness, brain been gone, need a Range on chrome\nAnd a twelve gauge sawed off"
                    }, 
                    {
                        "header": "[Verse 2: Joey Fatts]", 
                        "text hash": "831723fad945192a81be0a012068fd63", 
                        "artist": "Joey Fatts", 
                        "text": "Look me in my eyes, and tell me what you see\nA product of these streets, that's moving product, slanging pea's\nI got a couple G's that's down to do bid for me\nIf you ain't home they put a hole up in your kids skullie's\nDirty like rugby when we ride around the town\nHoping that we catch him slipping, chopper's lay his ass down\nPaying my mama rent, hoping that I make her proud\nCause she knowing when she leaving a nigga trapping out her house\nGot birds in the couch, I gotta get this paper\nAnd if they running their mouth, forty get their ass a taper\nSend him to his maker, Do his mom's a favor\nAnd End the life that she never gave him, that semi spray him\nAnd now I'm laying low, dro'ing with a couple hoes\nJust bought a forty-four so tell me what I gotta tell some folk\nIt's like I'm Frank Lucas to these Russell Crowe's\nI got the dope and everybody know\nI got the pills if you down to roll\nI got the dro if you tryna' smoke\nHit my phone, fo' sho' I got the cheapest quote's\n\n\n\n\n  "
                    }
                ], 
                "hooks": []
            }, 
            "order": [
                "[Verse 1: Vince Staples]", 
                "[Verse 2: Joey Fatts]"
            ], 
            "artist": "Joey Fatts"
        }
    },
    "Million $ Dreams": {
        "raw": "\n    \n  [Produced by Joey Fatts]\n\n[Verse 1: Vince Staples]\nMillion dollar dreams, hundred dollar nightmares\nStomp him 'til he bleed, my nigga don't fight fair\nIt's OPB, I promise I was right there\nWith my heart on my sleeve and my gun in my hand\nIt's jumpin' when the day end, your block gon' look like Space Jam\nMy momma wasn't prayin' for no reason, scared her baby was deceased\nOut here runnin' from police, it's playin' grown up in these streets\nBut I'm a problem and no nigga breathin' stoppin' that, cock it back\nRidin' with my niggas 'til the tires flat\nRide where you ain't welcome at\nBorn for this shit I think cause ain't nobody takin' action\nGotta make it big or I'll be here if I don't make it happen\nPlus my mama sick and medication cost her Cadillac\nLikely that she'll die before we straight and I ain't havin' that\nNiggas never had it all so don't show it off, I'm grabbin' that\nSippin' [?], I'm just here to get the green\nTryin' to make a hundred thousand off these million dollar dreams\n\n[Hook: Joey Fatts (Vince Staples)]\nEvery dream chasin' figures, late night runnin' the streets\nIt's just me and my niggas with these million dollar dreams\nAnd these my niggas 'til the end, no matter how it seems\nAnd I'm gon' ride for them cause I know they gon' ride for me\n(Me and my niggas) with these million dollar dreams\n(Me and my niggas) Gotta get it by any means\n(Me and my niggas) with these million dollar dreams\n(Me and my niggas) with these million dollar dreams\n\n[Bridge: Joey Fatts]\nRide for my niggas cause I know they'll ride for me and I will\nDie for my niggas cause I know they'll die for me and I'mma\nRide for my niggas cause I know they'll ride for me and I will\nDie for my niggas, I'mma ride for my niggas\n\n[Verse 2: Joey Fatts]\nMy brother just got four years for two gun charges\nAnd still fuck a case I'm strapped regardless\nRun up on me, I'm sparkin', out here sellin' drugs cause niggas is starvin'\nSlangin' trees like Tarzan so hit my phone for the bargain\nTold my momma I'm crippin', she said don't call for a visit\nIf you'll ass do a sentence go right in somebody's prison\nBut I'm thuggin' with my niggas 'til my clock stop on seventh street\nThe poppy block, everybody know how the naughtys rock\nWe fight for whats ours cause all we got is the streets\nCause the streets filled the pot when we ain't have shit to eat\nOut here grindin' 'round the clock, the rent due next week\nI got two halves, a nigga need at least two eighty for these\nI'm tryin' to turn these beats into a hundred thousand\nDamned if I let my mama die up in that public housin', gotta get it\nCause forever all my niggas been without and do whatever for the cheddar\nCatch me lackin', bitch I doubt it\n\n[Hook + Bridge: Joey Fatts (Vince Staples)]\n\n\n\n\n  ", 
        "pro": {
            "features": [
                "Vince Staples"
            ], 
            "producers": [
                "Joey Fatts"
            ], 
            "blocks": {
                "verses": [
                    {
                        "header": "[Verse 1: Vince Staples]", 
                        "text hash": "34c6b02b51adb02a5a1630db08f5046f", 
                        "artist": "Vince Staples", 
                        "text": "Million dollar dreams, hundred dollar nightmares\nStomp him 'til he bleed, my nigga don't fight fair\nIt's OPB, I promise I was right there\nWith my heart on my sleeve and my gun in my hand\nIt's jumpin' when the day end, your block gon' look like Space Jam\nMy momma wasn't prayin' for no reason, scared her baby was deceased\nOut here runnin' from police, it's playin' grown up in these streets\nBut I'm a problem and no nigga breathin' stoppin' that, cock it back\nRidin' with my niggas 'til the tires flat\nRide where you ain't welcome at\nBorn for this shit I think cause ain't nobody takin' action\nGotta make it big or I'll be here if I don't make it happen\nPlus my mama sick and medication cost her Cadillac\nLikely that she'll die before we straight and I ain't havin' that\nNiggas never had it all so don't show it off, I'm grabbin' that\nSippin' [?], I'm just here to get the green\nTryin' to make a hundred thousand off these million dollar dreams"
                    }, 
                    {
                        "header": "[Verse 2: Joey Fatts]", 
                        "text hash": "f194720131899674451dbcdfac01d93a", 
                        "artist": "Joey Fatts", 
                        "text": "My brother just got four years for two gun charges\nAnd still fuck a case I'm strapped regardless\nRun up on me, I'm sparkin', out here sellin' drugs cause niggas is starvin'\nSlangin' trees like Tarzan so hit my phone for the bargain\nTold my momma I'm crippin', she said don't call for a visit\nIf you'll ass do a sentence go right in somebody's prison\nBut I'm thuggin' with my niggas 'til my clock stop on seventh street\nThe poppy block, everybody know how the naughtys rock\nWe fight for whats ours cause all we got is the streets\nCause the streets filled the pot when we ain't have shit to eat\nOut here grindin' 'round the clock, the rent due next week\nI got two halves, a nigga need at least two eighty for these\nI'm tryin' to turn these beats into a hundred thousand\nDamned if I let my mama die up in that public housin', gotta get it\nCause forever all my niggas been without and do whatever for the cheddar\nCatch me lackin', bitch I doubt it"
                    }
                ], 
                "hooks": [
                    {
                        "header": "[Hook: Joey Fatts (Vince Staples)]", 
                        "text hash": "9c1c2cd1da3683b04af74a31b23c1ee8", 
                        "artist": "Vince Staples", 
                        "text": "Every dream chasin' figures, late night runnin' the streets\nIt's just me and my niggas with these million dollar dreams\nAnd these my niggas 'til the end, no matter how it seems\nAnd I'm gon' ride for them cause I know they gon' ride for me\n(Me and my niggas) with these million dollar dreams\n(Me and my niggas) Gotta get it by any means\n(Me and my niggas) with these million dollar dreams\n(Me and my niggas) with these million dollar dreams"
                    }
                ], 
                "bridge": [
                    {
                        "header": "[Bridge: Joey Fatts]", 
                        "text hash": "7756343ad47dd6a66f384df83e9ef852", 
                        "artist": "Joey Fatts", 
                        "text": "Ride for my niggas cause I know they'll ride for me and I will\nDie for my niggas cause I know they'll die for me and I'mma\nRide for my niggas cause I know they'll ride for me and I will\nDie for my niggas, I'mma ride for my niggas"
                    }
                ]
            }, 
            "order": [
                "[Produced by Joey Fatts]", 
                "[Verse 1: Vince Staples]", 
                "[Hook: Joey Fatts (Vince Staples)]", 
                "[Bridge: Joey Fatts]", 
                "[Verse 2: Joey Fatts]", 
                "[Hook + Bridge: Joey Fatts (Vince Staples)]"
            ], 
            "artist": "Joey Fatts"
        }
    },
    "Cutthroat": {
        "raw": "\n    \n  [Hook x2: Joey Fatts]\nChopper shells around your neck, all my niggas cutthroat\nLet my burner do the talking, all these pistols ain't for show\nIf my nigga got a problem, then my nigga it's a go\nNiggas known to catch a body when they hear them semi's blow\n\n[Verse 1: Joey Fatts]\nCreeping down the one way hammered up\nLeave a nigga holey on a Sunday\nLittle homie thirteen, snorting coke, serving 'yay\nTrap that white girl, so you know he keep that Mary K, let it spray\nWhere a nigga stand he will lay, hit him up proper\nGive his ass a chopper to the face, then get out of state\nNiggas bring the drama where you stay\nHit your old head and pop his ho head and burn the place, fucking jake's\nGot a chrome MAC-11, down for a two-eleven\nIf you preaching like a reverend, turn it one eighty-seven\nJoey in the trap, always posted with a strap\nDon't compare me to these niggas, I'm a gangster that rap\nBitch\n\n[Hook]\n\n[Verse 2: Vince Staples]\nAny nigga with a problem get his top chopped off\nWe where the cops don't come, me and Mossberg moss\nFully on it, loaded, selling pints of lean and pounds of marijuana\nMove that methadone ya' till it got a little slower\nBend the one's cause I be selling drugs cuz'\nIf you need the buzz, needa' hit a nigga up cuz'\nTryna' hit a lick, then you got the whole game fucked up cuz'\nCompact forty, niggas gon' get touched cuz'\nIt's no game when you dealing with coldchain\nStill a paid ass criminal dealing that Lo Mein\nNo chicken or chopstick, just Civic's and chop bricks\nMy nigga I got shit, and it's still free Smalls\n\n[Hook]\n\n\n\n\n  ", 
        "pro": {
            "features": [
                "Vince Staples"
            ], 
            "producers": [
                "808 Mafia"
            ], 
            "blocks": {
                "verses": [
                    {
                        "header": "[Verse 1: Joey Fatts]", 
                        "text hash": "323ec3b227cbe5693efbc15f6916010d", 
                        "artist": "Joey Fatts", 
                        "text": "Creeping down the one way hammered up\nLeave a nigga holey on a Sunday\nLittle homie thirteen, snorting coke, serving 'yay\nTrap that white girl, so you know he keep that Mary K, let it spray\nWhere a nigga stand he will lay, hit him up proper\nGive his ass a chopper to the face, then get out of state\nNiggas bring the drama where you stay\nHit your old head and pop his ho head and burn the place, fucking jake's\nGot a chrome MAC-11, down for a two-eleven\nIf you preaching like a reverend, turn it one eighty-seven\nJoey in the trap, always posted with a strap\nDon't compare me to these niggas, I'm a gangster that rap\nBitch"
                    }, 
                    {
                        "header": "[Verse 2: Vince Staples]", 
                        "text hash": "79e36ed48f16de520ac4d2b2466dcd10", 
                        "artist": "Vince Staples", 
                        "text": "Any nigga with a problem get his top chopped off\nWe where the cops don't come, me and Mossberg moss\nFully on it, loaded, selling pints of lean and pounds of marijuana\nMove that methadone ya' till it got a little slower\nBend the one's cause I be selling drugs cuz'\nIf you need the buzz, needa' hit a nigga up cuz'\nTryna' hit a lick, then you got the whole game fucked up cuz'\nCompact forty, niggas gon' get touched cuz'\nIt's no game when you dealing with coldchain\nStill a paid ass criminal dealing that Lo Mein\nNo chicken or chopstick, just Civic's and chop bricks\nMy nigga I got shit, and it's still free Smalls"
                    }
                ], 
                "hooks": [
                    {
                        "header": "[Hook x2: Joey Fatts]", 
                        "text hash": "fe39e0ea14f95a622e7d99a867b1bf9a", 
                        "artist": "Joey Fatts", 
                        "text": "Chopper shells around your neck, all my niggas cutthroat\nLet my burner do the talking, all these pistols ain't for show\nIf my nigga got a problem, then my nigga it's a go\nNiggas known to catch a body when they hear them semi's blow"
                    }
                ]
            }, 
            "order": [
                "[Hook x2: Joey Fatts]", 
                "[Verse 1: Joey Fatts]", 
                "[Hook]", 
                "[Verse 2: Vince Staples]", 
                "[Hook]"
            ], 
            "artist": "Joey Fatts"
        }
    },
    "Live Blasphemous": {
        "raw": "\n    \n  [Verse 1: Joey Fatts]\nLiving life no brakes, all gas\nLooking out for them snakes\nWatchin' that tall grass\nSkipping class no hall pass\nI got to get cash before they evict our ass (the rent due)\nMomma at home stressin' running out of shit to do\nSo im out with my tool, i ain't got shit to loose\nNever trust niggas, my hommies can get it too\nI haven't trusted a bitch since Eve bit that fuckin' fruit\nMy brothers aitnt home, My niggas in jail\nSo im here on my own, just some dope and this scale\nFlippin' work by the zone, hittin' school in the morning\nAnd robbing niggas for phones\nI was young and wildin'\nIn the streets while ya'll was watching gula gula island\nWho would of thought i be rhymin' now when niggas shinin'\nAnd ima go hard like this a nigga last year\nCause they say the best persevere\n\n[Hook]\nI waited my whole life for this\nDie young live blasphemous\nDon't dwell on cash we spent\nCause theres still more cash to get, We gettin' rich\nGet money fuck niggas\nThey see we wining so they trying to fuck with us\nI see them grillin' so never trust niggas\nI was taught to get money fuck niggas\n\n[Action Bronson]\nBeen on the road alone\nIf i dont make it home somebody call my momma\nHand on the llama thinking damn im to old for drama\nYou know the money stay in the case until the product is tested\nLooking asian in the lexus double gold quest on the chest shit\nRolling german suplexes strait into duplexes\nYo calm down you actin' wild, peep the style\nLook shorty down the lake, graduated like a cap and gown\nBlast that pussyclaut clame that carcass like a basset hound\nI throw a child down the stares if needed\nThe next day see me smoking with my fans in Sweden\nWhy are you breathing? Are the questions that i ponder\nAs i sit in the great ? blasting salsa\nI need a doctor, all my wolves like Kevin Costner\nPlay your part like you won seven oscars\nI used to have seven partners\nAnd now we cop choppas\nTo lift you like its heavens opra\nBronson Sinatra\n\n[Hook]\n\n\n\n\n  ", 
        "pro": {
            "features": [
                "Action Bronson"
            ], 
            "producers": [
                "Childish Major"
            ], 
            "blocks": {
                "verses": [
                    {
                        "header": "[Verse 1: Joey Fatts]", 
                        "text hash": "38f0ceaaa5c77ea3d292a8ff0b2a0547", 
                        "artist": "Joey Fatts", 
                        "text": "Living life no brakes, all gas\nLooking out for them snakes\nWatchin' that tall grass\nSkipping class no hall pass\nI got to get cash before they evict our ass (the rent due)\nMomma at home stressin' running out of shit to do\nSo im out with my tool, i ain't got shit to loose\nNever trust niggas, my hommies can get it too\nI haven't trusted a bitch since Eve bit that fuckin' fruit\nMy brothers aitnt home, My niggas in jail\nSo im here on my own, just some dope and this scale\nFlippin' work by the zone, hittin' school in the morning\nAnd robbing niggas for phones\nI was young and wildin'\nIn the streets while ya'll was watching gula gula island\nWho would of thought i be rhymin' now when niggas shinin'\nAnd ima go hard like this a nigga last year\nCause they say the best persevere"
                    }
                ], 
                "hooks": [
                    {
                        "header": "[Hook]", 
                        "text hash": "565af9089e9d90dc5471f80a3de0ee27", 
                        "artist": "Joey Fatts", 
                        "text": "I waited my whole life for this\nDie young live blasphemous\nDon't dwell on cash we spent\nCause theres still more cash to get, We gettin' rich\nGet money fuck niggas\nThey see we wining so they trying to fuck with us\nI see them grillin' so never trust niggas\nI was taught to get money fuck niggas"
                    }
                ], 
                "remainders": [
                    {
                        "header": "[Action Bronson]", 
                        "text hash": "f8fcb8e0f63d709b5bc536c4faf2a520", 
                        "artist": "Action Bronson", 
                        "text": "Been on the road alone\nIf i dont make it home somebody call my momma\nHand on the llama thinking damn im to old for drama\nYou know the money stay in the case until the product is tested\nLooking asian in the lexus double gold quest on the chest shit\nRolling german suplexes strait into duplexes\nYo calm down you actin' wild, peep the style\nLook shorty down the lake, graduated like a cap and gown\nBlast that pussyclaut clame that carcass like a basset hound\nI throw a child down the stares if needed\nThe next day see me smoking with my fans in Sweden\nWhy are you breathing? Are the questions that i ponder\nAs i sit in the great ? blasting salsa\nI need a doctor, all my wolves like Kevin Costner\nPlay your part like you won seven oscars\nI used to have seven partners\nAnd now we cop choppas\nTo lift you like its heavens opra\nBronson Sinatra"
                    }
                ]
            }, 
            "order": [
                "[Verse 1: Joey Fatts]", 
                "[Hook]", 
                "[Action Bronson]", 
                "[Hook]"
            ], 
            "artist": "Joey Fatts"
        }
    }
}