{
    "B4.Da.$$ [Credits]": {
        "raw": "\n    \n  1. SAVE THE CHILDREN\n\n(PRODUCED BY STATIK SELEKTAH)\nMIXED BY STATIK SELEKTAH & NASTEE AT ANOTHER SHOWOFF BASSMENT, BROOKLYN NYC\n\n2. GREENBAX (INTROLUDE)\n\n(PRODUCED BY LEE BANNON)\nMIXED BY ANDREW KRIVONOS\nADDITIONAL VOCALS BY KIRK KNIGHT\n\n3. PAPER TRAIL$\n\n(PRODUCED BY DJ PREMIER)\nMIXED BY DJ PREMIER & PARKS\n\n4. PIECE OF MIND\n\n(PRODUCED BY FREDDIE JOACHIM)\nMIXED BY STATIK SELEKTAH & NASTEE AT ANOTHER SHOWOFF BASSMENT, BROOKLYN NYC\nADDITIONAL VOCALS BY DYEMOND LEWIS\n\n5. BIG DUSTY\n\n(PRODUCED BY KIRK KNIGHT)\nMIXED BY ANDREW KRIVONOS\n\n6. HAZEUS VIEW\n\n(PRODUCED BY KIRK KNIGHT)\nMIXED BY STATIK SELEKTAH & NASTEE AT ANOTHER SHOWOFF BASSMENT, BROOKLYN NYC\nADDITIONAL KEYS BY CAS WEINBREN\nADDITIONAL PRODUCTION BY ADAM PALIN, OF ASTR\nADDITIONAL VOCALS BY FRANCESCA GUZMAN\n\n7. NIGGA LIKE ME\n\nFEAT. BJ THE CHICAGO KID\n(PRODUCED BY J DILLA, WITH ADDITIONAL INSTRUMENTATION BY THE ROOTS)\nMIXED BY STATIK SELEKTAH & NASTEE AT ANOTHER SHOWOFF BASSMENT, BROOKLYN NYC\nADDITIONAL VOCALS BY KIRK KNIGHT\nADDITIONAL PRODUCTION BY ADAM PALIN, OF ASTR\n\n8. BELLY OF THE BEAST\n\nFEAT. CHRONIXX\n(PRODUCED BY HIT-BOY)\nMIXED BY HIT-BOY\n\n9. NO. 99\n\n(PRODUCED BY STATIK SELEKTAH)\nMIXED BY STATIK SELEKTAH & NASTEE AT ANOTHER SHOWOFF BASSMENT, BROOKLYN NYC\nADDITIONAL BASS GUITAR BY BRADY WATTS\nADDITIONAL VOCALS BY HEIROWAYNE\nADDITIONAL PRODUCTION BY ADAM PALIN, OF ASTR\n\n10. CHRIST CONSCIOUS\n\n(PRODUCED BY BASQUIAT)\nMIXED BY STATIK SELEKTAH & NASTEE AT ANOTHER SHOWOFF BASSMENT, BROOKLYN NYC\n\n11. ON AND ON\n\nFEAT. MAVERICK SABRE & DYEMOND LEWIS\n(PRODUCED BY FREDDIE JOACHIM)\nMIXED BY STATIK SELEKTAH & NASTEE AT ANOTHER SHOWOFF BASSMENT, BROOKLYN NYC\n\n12. ESCAPE 120\n\nFEAT. RAURY\n(PRODUCED BY CHUCK STRANGERS)\nMIXED BY STATIK SELEKTAH & NASTEE AT ANOTHER SHOWOFF BASSMENT, BROOKLYN NYC\n\n13. BLACK BEETLES\n\n(PRODUCED BY CHUCK STRANGERS)\nMIXED BY STATIK SELEKTAH & NASTEE AT ANOTHER SHOWOFF BASSMENT, BROOKLYN NYC\nADDITIONAL BASS GUITAR BY BRADY WATTS\nADDITIONAL PRODUCTION BY ADAM PALIN, OF ASTR\n\n14. O.C.B\n\n(PRODUCED BY SAM I AM WITH ADDITIONAL INSTRUMENTATION BY THE SOUL REBELS)\nMIXED BY STATIK SELEKTAH & NASTEE AT ANOTHER SHOWOFF BASSMENT, BROOKLYN NYC\nADDITIONAL HORNS BY THE SOUL REBELS\nADDITIONAL VOCALS BY HEIROWAYNE\n\n15. CURRY CHICKEN\n\n(PRODUCED BY STATIK SELEKTAH)\nMIXED BY STATIK SELEKTAH & NASTEE AT ANOTHER SHOWOFF BASSMENT, BROOKLYN NYC\nADDITIONAL BASS GUITAR BY BRADY WATTS\nADDITIONAL VOCALS BY COLE WILLIAMS\nADDITIONAL PRODUCTION BY ADAM PALIN, OF ASTR\nADDITIONAL PRODUCTION BY ANTHONY MARKEITH REID\n\n16. RUN UP ON YA (BONUS TRACK)\n\nFEAT. ACTION BRONSON & ELLE VARNER\n(PRODUCED BY STATIK SELEKTAH)\nMIXED BY STATIK SELEKTAH & NASTEE AT ANOTHER SHOWOFF BASSMENT, BROOKLYN NYC\nADDITIONAL KEYS BY CAS WEINBREN\n\n17. TEACH ME (BONUS TRACK)\n\nFEAT. KIESZA\n(PRODUCED BY ASTR & CHUCK STRANGERS)\nMIXED BY STATIK SELEKTAH & NASTEE AT ANOTHER SHOWOFF BASSMENT, BROOKLYN NYC\n\n-\n\nFOR WRITER / PUBLISHING INFORMATION & ADDITIONAL CREDITS VISIT: THEPROERA.COM/B4DAMONEYCREDITS\n\nMASTERED BY MARK CHRISTENSEN AT THE ENGINE ROOM, NYC\n\nADDITIONAL RECORDING & SEQUENCING BY ANDREW KRIVONOS AT THE BREWERY, BROOKLYN, NYC\n\nEXEC PRODUCER - EGBERT \"JUNIOR\" OCCULI\nCO EXEC PRODUCERS - JOEY BADA$$ AND JONNY SHIPES\nA&R - JOEY BADA$$, WAYNE \"HEIROWAYNE\" HAREWOOD & STATIK SELEKTAH\nBRAND MARKETING - NATHAN CYR\nONLINE MARKETING - MIKE EPSTEIN & SUR NILES\nPROJECT MANAGER - AMANDA ROSENTHAL\nGENERAL MANAGEMENT - DRU HA & NOAH FRIEDMAN\nLEGAL COUNSEL - EVITA G. KAIGLER & THEODOR SEDIMAYR\nPUBLIC RELATIONS - NICK DEREL & BRADLEY BLEDSOE FOR LIFE OR DEATH\n\nART DIRECTION & DESIGN - ANTONIO \"TONY WHLGN\" ROBINSON FOR THE WHLGN, LLC\nMANAGMENT - CINEMATIC MUSIC GROUP & EGBERT \"JUNIOR\" OCCULI\nDIRECTOR OF PHOTOGRAPHY - DAKARAI \"DEEKNOWS\" FRANCIS\n\n-\n\nWWW.THEPROERA.COM\nTWITTER - @JOEYBADA$$\nINSTRAGRAM - @JOZIFBADMON\n\n\u2117\u00a9 2015 PRO ERA, LLC / CINEMATIC MUSIC GROUP. MANUFACTURED BY RED. MARKETED BY PRO ERA, LLC / CINEMATIC MUSIC GROUP. ALL RIGHTS RESERVED. UNAUTHORIZED DUPLICATION IS A VIOLATION OF APPLICABLE LAWS\n\n\n\n\n  ", 
        "pro": {
            "features": [
                "Action Bronson", 
                "BJ The Chicago Kid", 
                "Chronixx", 
                "Dyemond Lewis", 
                "Elle Varner", 
                "Kiesza", 
                "Maverick Sabre", 
                "Raury"
            ], 
            "producers": [
                "Adam Pallin", 
                "Anthony Markeith Reid", 
                "ASTR", 
                "Basquiat", 
                "Chuck Strangers", 
                "DJ Premier", 
                "Freddie Joachim", 
                "Hit-Boy", 
                "J Dilla", 
                "Kirk Knight", 
                "Lee Bannon", 
                "The Roots", 
                "Sam I Am", 
                "The Soul Rebels", 
                "Statik Selektah"
            ], 
            "blocks": {
                "verses": [], 
                "hooks": [], 
                "remainders": [
                    {
                        "header": "    \n  1. SAVE THE CHILDREN\n\n(PRODUCED BY STATIK SELEKTAH)", 
                        "text hash": "8a435f2a3b8f43940aa99202e4317b1c", 
                        "artist": "Joey BADA$$", 
                        "text": "MIXED BY STATIK SELEKTAH & NASTEE AT ANOTHER SHOWOFF BASSMENT, BROOKLYN NYC"
                    }, 
                    {
                        "header": "(PRODUCED BY LEE BANNON)", 
                        "text hash": "cb9d9963f3d71b70f551150587abdabc", 
                        "artist": "Joey BADA$$", 
                        "text": "MIXED BY ANDREW KRIVONOS\nADDITIONAL VOCALS BY KIRK KNIGHT"
                    }, 
                    {
                        "header": "3. PAPER TRAIL$\n\n(PRODUCED BY DJ PREMIER)", 
                        "text hash": "e6409fda4a8c13c1bf85c11a7c994f26", 
                        "artist": "Joey BADA$$", 
                        "text": "MIXED BY DJ PREMIER & PARKS"
                    }, 
                    {
                        "header": "4. PIECE OF MIND\n\n(PRODUCED BY FREDDIE JOACHIM)", 
                        "text hash": "25b646feb86717a00a1e763d06b93d8c", 
                        "artist": "Joey BADA$$", 
                        "text": "MIXED BY STATIK SELEKTAH & NASTEE AT ANOTHER SHOWOFF BASSMENT, BROOKLYN NYC\nADDITIONAL VOCALS BY DYEMOND LEWIS"
                    }, 
                    {
                        "header": "5. BIG DUSTY\n\n(PRODUCED BY KIRK KNIGHT)", 
                        "text hash": "740b29fb64cc5df1c4f2587ed0690186", 
                        "artist": "Joey BADA$$", 
                        "text": "MIXED BY ANDREW KRIVONOS"
                    }, 
                    {
                        "header": "6. HAZEUS VIEW\n\n(PRODUCED BY KIRK KNIGHT)", 
                        "text hash": "2bb53d6784ebe6cffbc7a21572d8b0d6", 
                        "artist": "Joey BADA$$", 
                        "text": "MIXED BY STATIK SELEKTAH & NASTEE AT ANOTHER SHOWOFF BASSMENT, BROOKLYN NYC\nADDITIONAL KEYS BY CAS WEINBREN\nADDITIONAL PRODUCTION BY ADAM PALIN, OF ASTR\nADDITIONAL VOCALS BY FRANCESCA GUZMAN"
                    }, 
                    {
                        "header": "7. NIGGA LIKE ME\n\nFEAT. BJ THE CHICAGO KID\n(PRODUCED BY J DILLA, WITH ADDITIONAL INSTRUMENTATION BY THE ROOTS)", 
                        "text hash": "ebd051f5d15062d11968d5dec7c5dfdc", 
                        "artist": "BJ The Chicago Kid", 
                        "text": "MIXED BY STATIK SELEKTAH & NASTEE AT ANOTHER SHOWOFF BASSMENT, BROOKLYN NYC\nADDITIONAL VOCALS BY KIRK KNIGHT\nADDITIONAL PRODUCTION BY ADAM PALIN, OF ASTR"
                    }, 
                    {
                        "header": "8. BELLY OF THE BEAST\n\nFEAT. CHRONIXX\n(PRODUCED BY HIT-BOY)", 
                        "text hash": "22f89b4c97d45555353b051a71587a23", 
                        "artist": "Chronixx", 
                        "text": "MIXED BY HIT-BOY"
                    }, 
                    {
                        "header": "9. NO. 99\n\n(PRODUCED BY STATIK SELEKTAH)", 
                        "text hash": "bf641359a7ab857c09c659f2c2b56e41", 
                        "artist": "Joey BADA$$", 
                        "text": "MIXED BY STATIK SELEKTAH & NASTEE AT ANOTHER SHOWOFF BASSMENT, BROOKLYN NYC\nADDITIONAL BASS GUITAR BY BRADY WATTS\nADDITIONAL VOCALS BY HEIROWAYNE\nADDITIONAL PRODUCTION BY ADAM PALIN, OF ASTR"
                    }, 
                    {
                        "header": "13. BLACK BEETLES\n\n(PRODUCED BY CHUCK STRANGERS)", 
                        "text hash": "db5d791847be1252050709fba6966971", 
                        "artist": "Joey BADA$$", 
                        "text": "MIXED BY STATIK SELEKTAH & NASTEE AT ANOTHER SHOWOFF BASSMENT, BROOKLYN NYC\nADDITIONAL BASS GUITAR BY BRADY WATTS\nADDITIONAL PRODUCTION BY ADAM PALIN, OF ASTR"
                    }, 
                    {
                        "header": "14. O.C.B\n\n(PRODUCED BY SAM I AM WITH ADDITIONAL INSTRUMENTATION BY THE SOUL REBELS)", 
                        "text hash": "8ca1e1facd5d3d233a3db054ca7e3142", 
                        "artist": "Joey BADA$$", 
                        "text": "MIXED BY STATIK SELEKTAH & NASTEE AT ANOTHER SHOWOFF BASSMENT, BROOKLYN NYC\nADDITIONAL HORNS BY THE SOUL REBELS\nADDITIONAL VOCALS BY HEIROWAYNE"
                    }, 
                    {
                        "header": "15. CURRY CHICKEN\n\n(PRODUCED BY STATIK SELEKTAH)", 
                        "text hash": "3e66566e3ee1588fbdb13e335439df36", 
                        "artist": "Joey BADA$$", 
                        "text": "MIXED BY STATIK SELEKTAH & NASTEE AT ANOTHER SHOWOFF BASSMENT, BROOKLYN NYC\nADDITIONAL BASS GUITAR BY BRADY WATTS\nADDITIONAL VOCALS BY COLE WILLIAMS\nADDITIONAL PRODUCTION BY ADAM PALIN, OF ASTR\nADDITIONAL PRODUCTION BY ANTHONY MARKEITH REID"
                    }, 
                    {
                        "header": "16. RUN UP ON YA (BONUS TRACK)", 
                        "text hash": "97ed66bd8e437eba1ddbb16817efce0b", 
                        "artist": "Joey BADA$$", 
                        "text": "FEAT. ACTION BRONSON & ELLE VARNER\n"
                    }, 
                    {
                        "header": "(PRODUCED BY STATIK SELEKTAH)", 
                        "text hash": "27709988bd4cb95c43ba2edb64a9230f", 
                        "artist": "Joey BADA$$", 
                        "text": "MIXED BY STATIK SELEKTAH & NASTEE AT ANOTHER SHOWOFF BASSMENT, BROOKLYN NYC\nADDITIONAL KEYS BY CAS WEINBREN"
                    }, 
                    {
                        "header": "17. TEACH ME (BONUS TRACK)", 
                        "text hash": "c9547faf2c6982a9dd89621e5c178bef", 
                        "artist": "Joey BADA$$", 
                        "text": "FEAT. KIESZA\n"
                    }
                ]
            }, 
            "order": [
                "(PRODUCED BY STATIK SELEKTAH)", 
                "(INTROLUDE)", 
                "(PRODUCED BY LEE BANNON)", 
                "(PRODUCED BY DJ PREMIER)", 
                "(PRODUCED BY FREDDIE JOACHIM)", 
                "(PRODUCED BY KIRK KNIGHT)", 
                "(PRODUCED BY KIRK KNIGHT)", 
                "(PRODUCED BY J DILLA, WITH ADDITIONAL INSTRUMENTATION BY THE ROOTS)", 
                "(PRODUCED BY HIT-BOY)", 
                "(PRODUCED BY STATIK SELEKTAH)", 
                "(PRODUCED BY BASQUIAT)", 
                "(PRODUCED BY FREDDIE JOACHIM)", 
                "(PRODUCED BY CHUCK STRANGERS)", 
                "(PRODUCED BY CHUCK STRANGERS)", 
                "(PRODUCED BY SAM I AM WITH ADDITIONAL INSTRUMENTATION BY THE SOUL REBELS)", 
                "(PRODUCED BY STATIK SELEKTAH)", 
                "(BONUS TRACK)", 
                "(PRODUCED BY STATIK SELEKTAH)", 
                "(BONUS TRACK)", 
                "(PRODUCED BY ASTR & CHUCK STRANGERS)"
            ], 
            "artist": "Joey BADA$$"
        }
    },
    "Run Up On Ya": {
        "raw": "\n    \n  [Intro: Joey BADA$$]\nYeah, run up on ya bitch like\nProbably run up on ya bitch like\n\n[Verse 1: Joey BADA$$]\nLord, can I get a bad bitch?\nHigh class whip, be above the average\nHeaded north west, that two seater Kardashian\nType to give me brain up in the red light traffic\nAnd keep ya head up, that 2Pac blasting\nFace two sacks and then we back into this action\nNo time to relax, I need someone to count this cash with\nThat match with, give me what I'm askin'\nThe lady in the streets appear beast on that mattress\nThat's it, you're the only one I'm trying to mack with\nBut you could be a liability or fat (ass)et\nHow real is that ass miss? Bend that shit backwards\nHit one backwood, crack the pussy like a password\nBet that pussy's last word is master\nAsk her, roll my rocker til I made that astronaut\nThat's NASA thought, be that young fly, nasty one\nSwallow the seeds, please, but you can't catch me slipping, hon\n\n[Hook: Elle Varner]\nSo let's just ride away\nWe could die today\nGot no time to waste\nSo just roll with me, baby\nRide or die\nAlways by your side\nUntil the end of time\nDriving me crazy\n\n[Verse 2: Joey BADA$$]\nFirst thing's first, I, Joey\nFreaks all the honeys, mommies, the playboy bunnies\nThe hoes love me, get down before the money\nJust know shit could get ugly, but whether it rain or sunny\nJust never worry, chinchillas in February\nVanilla, that's when you ready\nCheck the itinerary whenever it's necessary\nKeep my baby straight, peep my lady lace\nThe Margiela to Doneva\nFool less it's planned and everything is in control\nSo hit the gas and let's go\nIt's  no sleep til Brooklyn, another beastie boy\nAnd she just can't stop looking, she like it raw\nReal spitter and all and that's the word of mouth\nAnd let her sit in the jaw\nI'm so nasty, please just walk past me\nSo tempted to grab it, I gotta have it\nWe could be living lavish so tell me, girl, right away\nWe could hit the bank then escape to the hideaway\nIs you riding, riding with me?\nIs you riding?\nIs you riding, riding with me?\nIs you riding?\n\n[Hook]\n\n[Verse 3: Action Bronson]\nGetting head in the whip and not crashing it\nFILA Velour shorts set, half Arabic\nI sit in dove room with candle lit\nTell little mama handle it\nOr you could leave the sandals on and pull your skirt up\nI really remember reading Word Up\nTiger Beat, see me on the cover soon, fold out posters\nHanging on your shorties wall\nI still be fucking women half my age when I'm 44\nYoung skin, a winning personality\nHard dick, million dollar salary\nThese cheating refs calling fouls on me\nBreak the fucking whistle off in his ass, now hit the road, Jack\nHop off the bozack, the .44 clap\nYou'll need LoJack to find your whole back\nEuros'll get down, you know that\nSwimming trunks and throwback\nYeah, you know that\n\n[Hook]\n\n\n\n\n  ", 
        "pro": {
            "features": [
                "Action Bronson", 
                "Elle Varner"
            ], 
            "producers": [
                "Statik Selektah"
            ], 
            "blocks": {
                "verses": [
                    {
                        "header": "[Verse 1: Joey BADA$$]", 
                        "text hash": "ee85fa409948b4722a51aaa0e94f1caa", 
                        "artist": "Joey BADA$$", 
                        "text": "Lord, can I get a bad bitch?\nHigh class whip, be above the average\nHeaded north west, that two seater Kardashian\nType to give me brain up in the red light traffic\nAnd keep ya head up, that 2Pac blasting\nFace two sacks and then we back into this action\nNo time to relax, I need someone to count this cash with\nThat match with, give me what I'm askin'\nThe lady in the streets appear beast on that mattress\nThat's it, you're the only one I'm trying to mack with\nBut you could be a liability or fat (ass)et\nHow real is that ass miss? Bend that shit backwards\nHit one backwood, crack the pussy like a password\nBet that pussy's last word is master\nAsk her, roll my rocker til I made that astronaut\nThat's NASA thought, be that young fly, nasty one\nSwallow the seeds, please, but you can't catch me slipping, hon"
                    }, 
                    {
                        "header": "[Verse 2: Joey BADA$$]", 
                        "text hash": "b02e57c05464c2d1dd7e5e9e4f3eeb8d", 
                        "artist": "Joey BADA$$", 
                        "text": "First thing's first, I, Joey\nFreaks all the honeys, mommies, the playboy bunnies\nThe hoes love me, get down before the money\nJust know shit could get ugly, but whether it rain or sunny\nJust never worry, chinchillas in February\nVanilla, that's when you ready\nCheck the itinerary whenever it's necessary\nKeep my baby straight, peep my lady lace\nThe Margiela to Doneva\nFool less it's planned and everything is in control\nSo hit the gas and let's go\nIt's  no sleep til Brooklyn, another beastie boy\nAnd she just can't stop looking, she like it raw\nReal spitter and all and that's the word of mouth\nAnd let her sit in the jaw\nI'm so nasty, please just walk past me\nSo tempted to grab it, I gotta have it\nWe could be living lavish so tell me, girl, right away\nWe could hit the bank then escape to the hideaway\nIs you riding, riding with me?\nIs you riding?\nIs you riding, riding with me?\nIs you riding?"
                    }, 
                    {
                        "header": "[Verse 3: Action Bronson]", 
                        "text hash": "e5fb8b838953da491e715a4fc8a8edac", 
                        "artist": "Action Bronson", 
                        "text": "Getting head in the whip and not crashing it\nFILA Velour shorts set, half Arabic\nI sit in dove room with candle lit\nTell little mama handle it\nOr you could leave the sandals on and pull your skirt up\nI really remember reading Word Up\nTiger Beat, see me on the cover soon, fold out posters\nHanging on your shorties wall\nI still be fucking women half my age when I'm 44\nYoung skin, a winning personality\nHard dick, million dollar salary\nThese cheating refs calling fouls on me\nBreak the fucking whistle off in his ass, now hit the road, Jack\nHop off the bozack, the .44 clap\nYou'll need LoJack to find your whole back\nEuros'll get down, you know that\nSwimming trunks and throwback\nYeah, you know that"
                    }
                ], 
                "hooks": [
                    {
                        "header": "[Hook: Elle Varner]", 
                        "text hash": "b8eeba949d9433294d0cb3c12b715d1d", 
                        "artist": "Elle Varner", 
                        "text": "So let's just ride away\nWe could die today\nGot no time to waste\nSo just roll with me, baby\nRide or die\nAlways by your side\nUntil the end of time\nDriving me crazy"
                    }
                ], 
                "intro": [
                    {
                        "header": "[Intro: Joey BADA$$]", 
                        "text hash": "104fd0cef46ce1e985afdc79ef19dfbe", 
                        "artist": "Joey BADA$$", 
                        "text": "Yeah, run up on ya bitch like\nProbably run up on ya bitch like"
                    }
                ]
            }, 
            "order": [
                "[Intro: Joey BADA$$]", 
                "[Verse 1: Joey BADA$$]", 
                "[Hook: Elle Varner]", 
                "[Verse 2: Joey BADA$$]", 
                "[Hook]", 
                "[Verse 3: Action Bronson]", 
                "[Hook]"
            ], 
            "artist": "Joey BADA$$"
        }
    }
}