{
    "Batmobile": {
        "raw": "\n    \n  [Couplet 1 - Joke]\n\nChaleur sur tes n\u00e9gros\nPrend pas le risque de vouloir m'enlever\nComme un cran d's\u00fbret\u00e9 n\u00e9gro\nLes RG sont sur mes nigga comme Tintin\nJ'parle des Renseignements G\u00e9n\u00e9raux\nH\u00e9 yo, les chiennes m'suivent \u00e0 la trace comme Milou\nCheck Dany Boon, j'perd pas l'Nord biloute\nJ'mets pas un centime j'remplis les gradins #GuyRoux\nCa part en pirou-ette cacahu\u00e8te\nJ'fume pas, j'connais m\u00eame pas l'prix d'la barrette\nThune part, thune vient, tant pis si \u00e7a s'arr\u00eate\nTu m'parles, j'parle que argent...\nAlors parle \u00e0 ma main fils de pute !\nEnfoir\u00e9 m'fais pas r\u00e9p\u00e9ter et r\u00e9p\u00e8te pas\nOn vient foutre la merde comme une classe de SEGPA\nJ'suis avec Metek' papy, paww ! XXX\nViens ramasser ton ch\u00e8que papy, check mamie\nFra\u00eecheur sur mes n\u00e9gros\nOn sort les grosses doudounes double gosse parce qu'on a plum\u00e9 ces n\u00e9gros\nOn est refait gros comme les dents \u00e0 La Fouine\nOn kick \u00e7a, diques-sa comme les seufs \u00e0 ta fille\n\n[Refrain] X2\n\nOn clicke, on ride Paris\nQuand j'suis un MTP, je ride ma ville\nN\u00e9gro c'est sur ce son qu'tu ride ta ville\nN\u00e9gro c'est sur ce son, hooon hooon hoooon\n\n[Couplet 2 - Action Bronson]\n\nXXX\n\n[Refrain] X2\n\n[Couplet 3 - Riski Metekson]\n\nEn live de la cave, Bruce Wayne, Batman\nTout en Noir Fluo, NF Paname\nSeul dans ma jungle, 7-5-0 London\nJ'suis \u00e0 porte de Kingstone, grande berge, une tonne\nRefait comme Janet Jackson, kermesse\nMetek Metek, toujours sur l'bout d'ta langue comme un herp\u00e8s\nSuce \u00e7a, bang bang, d'accord ? Schengen\nSalope, chienne, hy\u00e8ne, galope, qu'elle vienne\nA mon cercle des po\u00e8tes, risky business\nRiski Metekson, je suis le fils \u00e0 Metek\nEt toute la ville klaxonne, mon taxi est une Aston\nMartin XXX Tony\nComme de la kriptonyte, fume le poison conique\nTequila Gin Vodka Orange M\u00e9canique\nSur mon 31 en cellule cubique, ubis\nA bon blabla biblique, very shit, v\u00e9ridique\nPretty much, fuck you\n\n[ It shows us XXX light ]\n\n\n\n\n  ", 
        "pro": {
            "features": [
                "Action Bronson", 
                "Riski Metekson"
            ], 
            "producers": [
                "Rhaft"
            ], 
            "blocks": {
                "verses": [
                    {
                        "header": "[Refrain]", 
                        "text hash": "143d0b18399a0f1ab835a84ece80e1ca", 
                        "artist": "Joke", 
                        "text": " X2\n\nOn clicke, on ride Paris\nQuand j'suis un MTP, je ride ma ville\nN\u00e9gro c'est sur ce son qu'tu ride ta ville\nN\u00e9gro c'est sur ce son, hooon hooon hoooon"
                    }
                ], 
                "hooks": []
            }, 
            "order": [
                "[Couplet 1 - Joke]", 
                "[Couplet 2 - Action Bronson]", 
                "[Couplet 3 - Riski Metekson]", 
                "[ It shows us XXX light ]"
            ], 
            "artist": "Joke"
        }
    },
    "Black Card": {
        "raw": "\n    \n  [Joke - Couplet 1]\nMes n\u00e9gros sont dans la place comme Rosa Parks\nJ'ai l'g\u00e9nie, la taille, la nation d'Bonaparte\nNique sa m\u00e8re le rap, vive les chattes, les black cards\nIls veulent nous voir souffrir comme eux tous ces b\u00e2tards\nMa mine et moi on taff d'arrache pied\nComme Vania on veut l'million en fourrant toutes ces tasses-p\u00e9\nL\u00e0 j'ai oc\u00e9an d'billets c'est c'que j'appelle brasser\nMarie-toi \u00e0 la rue t'auras pas de bague, t'auras le bracelet, nigga\nKonichiwa, Namast\u00e9, Dieu merci j'ai pas d'paparazzi\nJ'peux prendre le th\u00e9 ou m'faire sucer sur ma rasse-t\u00e9\nRien qu'ta gueule elle fout l'seum\nMa ch\u00e9rie tu sais que ma ueue-q va pas se sucer toute seule\nTu pourras t'lever \u00e0 7 heures, ou \u00e0 5 heures\nL'avenir appartient qu'\u00e0 un seul n\u00e9gro dans l'secteur\nBaise la fille, la m\u00e8re, la s\u0153ur d'cet encul\u00e9 d'inspecteur\nTu fais l'gars chaud jusqu'\u00e0 c'que tu prennes un coup d'extincteur\nNigger\n\n[Pont 1]\nJ'te baise devant la glace nique sa race Candyman\n(Joke, no Joke)\nJ'te baise devant la glace nique sa race Candyman\n(Joke, no joke)\nJ'te baise devant la glace nique sa race Candyman\n\n[Pusha T - Couplet 2]\nFlow killer, no nigga fuckin' with the boy\nAlbum of the year, dope dealers jump for joy\nInspired as they battleship and then they foreign toys\nListenin' to the realest nigga makin' all the noise\nMy name is my name, 'cain is to blame\nSlave to the kilo, the chain still remains\nYuugh, the G.O.O.D. Music kingpin\nWindow of opportunity is really shrinkin'\nTrigger finger steady, let these hollows sink in\nYou need an army to test them, the fuck was you thinkin' ?\nWooh, I done seen it all done it all\nShop with every jeweler, sold a ton of raw\nHad the Franck M\u00fcller with the bezel thawed\nMy double pump days had to saw the metal off\nYuugh, it's the life of crime\nThey say it in they raps but this life is mine\nPush\n\n[Pont 2]\nBouge pas, j'ai ta t\u00eate dans la lunette\nRare comme un diamant fran\u00e7ais qui vient pas du bled\nMes n\u00e9gros peuvent faire toute sorte de sale pour des euros\nMes n\u00e9gros peuvent faire toute sorte de sale pour des euros\nB\u00e2tard, j'charbonne pour ma black card\nL'Etat fran\u00e7ais nous doit une black card\nC'est l'argent le cercueil ou le placard\nMes Blancs, mes Noirs, mes Chinois veulent leur black card\n\n[Joke - Couplet 3]\nLe rap j'lui creuse sa tombe \u00e0 mesure qu'j'creuse ma t\u00eate\nLes anciens veulent rena\u00eetre autant que j'veux t'la mettre\nPour copier faut un patron, renoi, c'est moi le patron\nT'as pas besoin d'\u00eatre Michel-Ange pour qu'ton cerveau repeigne le plafond\nJ'me suis lev\u00e9 hier tellement j'me suis lev\u00e9 tr\u00e8s t\u00f4t\nEt vu c'que j'vous pr\u00e9pare j'crois que j'vais devoir me coucher tr\u00e8s tard\nJ'fais glisser ta paire de bas\nJ'donne la main ils prennent le bras\nDonc j'les doigte... et tu connais la suite mon n\u00e9gro\n\n\n\n\n  ", 
        "pro": {
            "features": [
                "Pusha T"
            ], 
            "producers": [
                "Blastar", 
                "Leknifrug"
            ], 
            "blocks": {
                "verses": [
                    {
                        "header": "[Joke - Couplet 1]", 
                        "text hash": "418272ca4abd7cfc1f1d93a06598fa86", 
                        "artist": "Joke", 
                        "text": "Mes n\u00e9gros sont dans la place comme Rosa Parks\nJ'ai l'g\u00e9nie, la taille, la nation d'Bonaparte\nNique sa m\u00e8re le rap, vive les chattes, les black cards\nIls veulent nous voir souffrir comme eux tous ces b\u00e2tards\nMa mine et moi on taff d'arrache pied\nComme Vania on veut l'million en fourrant toutes ces tasses-p\u00e9\nL\u00e0 j'ai oc\u00e9an d'billets c'est c'que j'appelle brasser\nMarie-toi \u00e0 la rue t'auras pas de bague, t'auras le bracelet, nigga\nKonichiwa, Namast\u00e9, Dieu merci j'ai pas d'paparazzi\nJ'peux prendre le th\u00e9 ou m'faire sucer sur ma rasse-t\u00e9\nRien qu'ta gueule elle fout l'seum\nMa ch\u00e9rie tu sais que ma ueue-q va pas se sucer toute seule\nTu pourras t'lever \u00e0 7 heures, ou \u00e0 5 heures\nL'avenir appartient qu'\u00e0 un seul n\u00e9gro dans l'secteur\nBaise la fille, la m\u00e8re, la s\u0153ur d'cet encul\u00e9 d'inspecteur\nTu fais l'gars chaud jusqu'\u00e0 c'que tu prennes un coup d'extincteur\nNigger"
                    }, 
                    {
                        "header": "[Pont 1]", 
                        "text hash": "0d9d426eadf23bbc0bcc83aca4341180", 
                        "artist": "Joke", 
                        "text": "J'te baise devant la glace nique sa race Candyman\n(Joke, no Joke)\nJ'te baise devant la glace nique sa race Candyman\n(Joke, no joke)\nJ'te baise devant la glace nique sa race Candyman"
                    }, 
                    {
                        "header": "[Pusha T - Couplet 2]", 
                        "text hash": "148a44adf3316ed8c72a1d65ce20c745", 
                        "artist": "Pusha T", 
                        "text": "Flow killer, no nigga fuckin' with the boy\nAlbum of the year, dope dealers jump for joy\nInspired as they battleship and then they foreign toys\nListenin' to the realest nigga makin' all the noise\nMy name is my name, 'cain is to blame\nSlave to the kilo, the chain still remains\nYuugh, the G.O.O.D. Music kingpin\nWindow of opportunity is really shrinkin'\nTrigger finger steady, let these hollows sink in\nYou need an army to test them, the fuck was you thinkin' ?\nWooh, I done seen it all done it all\nShop with every jeweler, sold a ton of raw\nHad the Franck M\u00fcller with the bezel thawed\nMy double pump days had to saw the metal off\nYuugh, it's the life of crime\nThey say it in they raps but this life is mine\nPush"
                    }, 
                    {
                        "header": "[Pont 2]", 
                        "text hash": "1d3a11022deeadc3b3e88663c3a7b540", 
                        "artist": "Joke", 
                        "text": "Bouge pas, j'ai ta t\u00eate dans la lunette\nRare comme un diamant fran\u00e7ais qui vient pas du bled\nMes n\u00e9gros peuvent faire toute sorte de sale pour des euros\nMes n\u00e9gros peuvent faire toute sorte de sale pour des euros\nB\u00e2tard, j'charbonne pour ma black card\nL'Etat fran\u00e7ais nous doit une black card\nC'est l'argent le cercueil ou le placard\nMes Blancs, mes Noirs, mes Chinois veulent leur black card"
                    }, 
                    {
                        "header": "[Joke - Couplet 3]", 
                        "text hash": "84373b9793c304ff9a792a4cb98b74a0", 
                        "artist": "Joke", 
                        "text": "Le rap j'lui creuse sa tombe \u00e0 mesure qu'j'creuse ma t\u00eate\nLes anciens veulent rena\u00eetre autant que j'veux t'la mettre\nPour copier faut un patron, renoi, c'est moi le patron\nT'as pas besoin d'\u00eatre Michel-Ange pour qu'ton cerveau repeigne le plafond\nJ'me suis lev\u00e9 hier tellement j'me suis lev\u00e9 tr\u00e8s t\u00f4t\nEt vu c'que j'vous pr\u00e9pare j'crois que j'vais devoir me coucher tr\u00e8s tard\nJ'fais glisser ta paire de bas\nJ'donne la main ils prennent le bras\nDonc j'les doigte... et tu connais la suite mon n\u00e9gro\n\n\n\n\n  "
                    }
                ], 
                "hooks": []
            }, 
            "order": [
                "[Joke - Couplet 1]", 
                "[Pont 1]", 
                "[Pusha T - Couplet 2]", 
                "[Pont 2]", 
                "[Joke - Couplet 3]"
            ], 
            "artist": "Joke"
        }
    }
}