{
    "Fuck The Rap Game (Remix)": {
        "raw": "\n    \n  [Produced by Metro Boomin]\n\n[Hook : Jose Guapo]\nFuck the rap game, fuck the rap game\nFuck the rap game, fuck the rap game\nAll these rappers know they pussies anyway\nAll these rappers know they pussies anyway\nFuck the rap game, fuck the rap game\nFuck the rap game, fuck the rap game\nWhether I rap or not nigga we gon' be straight\nWhether I rap or not nigga we gon' be straight\n\n[Verse 1 : Jose Guapo]\nI think I started kickin' shit the year '06\nSince my heart so cold I had to ice my neck and wrist\nYou know I ran my check up and fucked every bitch\nReal homie what it do? You know I still ain't worried 'bout shit\nPurple bale down a hundred pound we got them truck load nigga\nRidin' around smokin' on Keisha\nGot the F&N tucked in the console nigga\nGot a lotta bands, yea we got them bands\nBrrrr wanna hear a drumroll nigga\nYou know my niggas don give a damn\nDo you want me to unload nigga\nPo' up, po' up, po' up, po' up, po' up\nAll I drink's dirty\nOld ass rapper, I think this nigga forty (Bussin'!)\nStraight drop right out the pot I'm talkin' 36 (Gambino!)\nI keep shooters 'round me foo, Rollie worth a brick!\nI'm in Houston with 2 hoes, lookin' elegant (She bad!)\nGuap-Obama in my city I'm the president (No lie!)\nAll these rappers goin' broke, man they full of shit (Broke)\nJust hit a lick if he ain't on foreign shit (M&M's nigga!)\nMillion dollar kitchen I'm bout' to Forbes list (M&M's nigga!)\nI shitted on my teachers in Rolls Royces\nChico end up dope in Porsches\nThese niggas wifin' hoes, I'm just divorcin'\nIf you ain't worth a mill you ain't important\nAnd these new Giuseppe's cost your mortgage\nFuck these niggas thoughts, Guapo been a boss\nFuck the rap game, servin' out a loft\n\n[Hook]\n\n\n[Verse 2 : Offset]\nI don't fuck with you rappers\nBitin' and takin' my swag when you know I'm the master\nTrapper turned rapper, bando turned mansion\nHannah Montana crowd jumpin' like [?]\nIf I was not artist I wouldn't have a problem with selling Bob Marley\nOr selling Icarly\nI probably be jiggy, finessin' for 50 at [?]\nCheetah my Louboutins, walkin' safari\nYour favorite rapper I'm his favorite artist\nMurder Versace put it in a coffin\nSippin' on Actavis like it was coffee\nQC the label and we independent\nMost of them niggas ain't gettin no Benjis\nThe flow that you spittin' and you know we invented\nThe media sayin' it and all the critics\nFuck the rap game!\n\n[Verse 3 : Takeoff]\nI know real street niggas, fuck the rap game\nStrike for a hundred M's on the dice game\nBlack Corvette, I Forgi my rims and I'm in the fast lane\nI got a noise complain because of the way my mockingbirds sing\nPull my Murci\u00e9lago \"mi Guapo!\"\nYeah that's my vato sellin' Taco\nGet you knocked off and my migo'll chop you\nMy niggas they psycho, but ride with the rifle\nThe world full of devils, I'm readin' my bible\nYou say you the king and I'm takin' your title\nYou niggas wasn't rappin' like this before Migos\nThe ruggedest flow, swiper no swiping\n\n[Hook]\n\n[Verse 4 : Quavo]\nThey know that we settin' the trend, we come in the rap game\nVersace made me take the pot and I threw it away\nI'm still connected in the streets\nMy nigga trapped in the dope game\nI still got some niggas locked up in the chain gang\nFuck the rap game your favorite rapper is bitin' the steelo\nDon't think I'm cray when I hop in the car and I 'rari young Guapo\n\n[Hook]\n\n\n\n\n  ", 
        "pro": {
            "features": [
                "Migos"
            ], 
            "producers": [
                "Metro Boomin"
            ], 
            "blocks": {
                "verses": [
                    {
                        "header": "[Verse 1 : Jose Guapo]", 
                        "text hash": "79817e8597259a64bac6af31991b7e29", 
                        "artist": "Jose Guapo", 
                        "text": "I think I started kickin' shit the year '06\nSince my heart so cold I had to ice my neck and wrist\nYou know I ran my check up and fucked every bitch\nReal homie what it do? You know I still ain't worried 'bout shit\nPurple bale down a hundred pound we got them truck load nigga\nRidin' around smokin' on Keisha\nGot the F&N tucked in the console nigga\nGot a lotta bands, yea we got them bands\nBrrrr wanna hear a drumroll nigga\nYou know my niggas don give a damn\nDo you want me to unload nigga\nPo' up, po' up, po' up, po' up, po' up\nAll I drink's dirty\nOld ass rapper, I think this nigga forty (Bussin'!)\nStraight drop right out the pot I'm talkin' 36 (Gambino!)\nI keep shooters 'round me foo, Rollie worth a brick!\nI'm in Houston with 2 hoes, lookin' elegant (She bad!)\nGuap-Obama in my city I'm the president (No lie!)\nAll these rappers goin' broke, man they full of shit (Broke)\nJust hit a lick if he ain't on foreign shit (M&M's nigga!)\nMillion dollar kitchen I'm bout' to Forbes list (M&M's nigga!)\nI shitted on my teachers in Rolls Royces\nChico end up dope in Porsches\nThese niggas wifin' hoes, I'm just divorcin'\nIf you ain't worth a mill you ain't important\nAnd these new Giuseppe's cost your mortgage\nFuck these niggas thoughts, Guapo been a boss\nFuck the rap game, servin' out a loft"
                    }, 
                    {
                        "header": "[Verse 2 : Offset]", 
                        "text hash": "c00620772272ab7a08693641e7b92353", 
                        "artist": "Offset", 
                        "text": "I don't fuck with you rappers\nBitin' and takin' my swag when you know I'm the master\nTrapper turned rapper, bando turned mansion\nHannah Montana crowd jumpin' like [?]\nIf I was not artist I wouldn't have a problem with selling Bob Marley\nOr selling Icarly\nI probably be jiggy, finessin' for 50 at [?]\nCheetah my Louboutins, walkin' safari\nYour favorite rapper I'm his favorite artist\nMurder Versace put it in a coffin\nSippin' on Actavis like it was coffee\nQC the label and we independent\nMost of them niggas ain't gettin no Benjis\nThe flow that you spittin' and you know we invented\nThe media sayin' it and all the critics\nFuck the rap game!"
                    }, 
                    {
                        "header": "[Verse 3 : Takeoff]", 
                        "text hash": "a8f327cbe0140a2d99e93a9e13bc68e1", 
                        "artist": "Takeoff", 
                        "text": "I know real street niggas, fuck the rap game\nStrike for a hundred M's on the dice game\nBlack Corvette, I Forgi my rims and I'm in the fast lane\nI got a noise complain because of the way my mockingbirds sing\nPull my Murci\u00e9lago \"mi Guapo!\"\nYeah that's my vato sellin' Taco\nGet you knocked off and my migo'll chop you\nMy niggas they psycho, but ride with the rifle\nThe world full of devils, I'm readin' my bible\nYou say you the king and I'm takin' your title\nYou niggas wasn't rappin' like this before Migos\nThe ruggedest flow, swiper no swiping"
                    }, 
                    {
                        "header": "[Verse 4 : Quavo]", 
                        "text hash": "6540326f98eea97466f127f4f9bf07c8", 
                        "artist": "Quavo", 
                        "text": "They know that we settin' the trend, we come in the rap game\nVersace made me take the pot and I threw it away\nI'm still connected in the streets\nMy nigga trapped in the dope game\nI still got some niggas locked up in the chain gang\nFuck the rap game your favorite rapper is bitin' the steelo\nDon't think I'm cray when I hop in the car and I 'rari young Guapo"
                    }
                ], 
                "hooks": [
                    {
                        "header": "[Hook : Jose Guapo]", 
                        "text hash": "66a5b8467f2b68563b69e0b2bb277cdc", 
                        "artist": "Jose Guapo", 
                        "text": "Fuck the rap game, fuck the rap game\nFuck the rap game, fuck the rap game\nAll these rappers know they pussies anyway\nAll these rappers know they pussies anyway\nFuck the rap game, fuck the rap game\nFuck the rap game, fuck the rap game\nWhether I rap or not nigga we gon' be straight\nWhether I rap or not nigga we gon' be straight"
                    }
                ]
            }, 
            "order": [
                "[Produced by Metro Boomin]", 
                "[Hook : Jose Guapo]", 
                "[Verse 1 : Jose Guapo]", 
                "[Hook]", 
                "[Verse 2 : Offset]", 
                "[Verse 3 : Takeoff]", 
                "[Hook]", 
                "[Verse 4 : Quavo]", 
                "[Hook]"
            ], 
            "artist": "Jose Guapo"
        }
    },
    "Y.K.I. (You Know It)": {
        "raw": "\n    \n  [Intro]\nYou know it\nYou know it\nThey know it\nYou know\nYou know\n\n[Hook]\nAll this money on me, I feel like Floyd (too much money)\nI got too much money on me, they can\u2019t ignore me (too much money)\nLook at all this money on me, my appearance they know of it\nThese strippers they gon dance for it, and I\u2019m gon throw it\nShe gon shake her ass for the money, I be living fast for the money\nATL ATL ATL, nigga taking chance for the money\nStill hustle hard for the money, nigga can\u2019t starve for the money\nNigga fuck being broke, nigga fuck being broke, can\u2019t run out of money\n\n[Verse 1 \u2013 Jose Guapo]\nNigga fuck a money counter, nigga fuck ten counter, I count it by myself\nNigaa fuck being broke, nigga it\u2019s young Guapo, I\u2019m handsome and wealth\nWhen I check the forecast, or we changing the weather\nDesigner umbrellas, put some more ice in the bezel\nIf you\u2019re street, we\u2019ll finesse you\nMoney on money, no pressure\nPull up in compressors (foreign)\nAnd we got [?] sweaters\nIt\u2019s bad [?] nat nat\nGuapo he dealt like a crack sack\nNigga fucking up they wrist, those are the niggas we laugh at\n\nFuck up my set get it right back, throw up the money, they like that\nDiamonds been bird, that\u2019s fight night\nThey hitting, the biting like Mike Ty\nUndefeated like Mayweather, pop more shit then AB\nDamn look at your wrist [?], is that a Rolex or AP?\n\n[Hook]\n\n[Verse 2 \u2013 Quavo]\nShe taking her chance for the paper, she fell in love with my money\nFall off in the booth, the club I pull up with a truck load of money\nI\u2019m seeing my nigga with choppas, know that they getting into something\nThen we hit the runway on a PJ, call the country\nMigo gang, OG, head hancho\nYou can catch me in the street [?] with Longway and young Guapo\nWhat nigga you know on the North side made a quarter mil in a goddamn bando\nYoung trap spot nigga, fucking with the migos have your block hot nigga\nYou ain\u2019t never seen a lot of red dots on your bottom looking like a pack of cortisone\nThat\u2019s young homie the reason, my niggas come get you and it\u2019s murder season\nYeah she working for me, remixing for me\nYeah she cooking for me, all this money for me\nHer name is Alicia, her boss got the key\n\n[Hook]\n\n[Verse 2 \u2013 Offset]\nDo anything just to get to the cash\nMama said I\u2019m gonna give her a heart attack\nBitches ain\u2019t shit, they be fucking no cuffing\nShe suck me I\u2019m skeeting all over her eyelash\nYou not from my hood so you don\u2019t get a pass\nI\u2019m on the highway, 50 bricks on the bypass\nCook up a brick, break down a brick\nCoca on my knuckles looking like ash\nHopping out the Bentley, fucking with the chickens\nThrow the money in the air, you got it, ain\u2019t no tricking\nTalking bout you got that money nigga, know you fiction\nBroke and these niggas keep talking but I ain\u2019t gon listen\nThrow the money on the bitches, I done paid tuition\nAll of my niggas, we migos but we don\u2019t wear dickeys\nAll of my clothes are exquisite, all of my bitches long distance\nMinajing these bitches, no Nicki\nVersace my lenses like Biggie\nPussy boy nigga a sissy\nThrowing the money like Frisbees\nFuck you talking, fuck nigga I\u2019m strapped\nYour bitch keep on staring, your bitch gon get kidnapped\nIn the club, Offset keep throwing the racks\nMoney all over the floor to my kneecaps\n\n[Hook]\n\n\n\n\n  ", 
        "pro": {
            "features": [
                "Migos"
            ], 
            "producers": [
                "Marc Beatmonster"
            ], 
            "blocks": {
                "verses": [
                    {
                        "header": "[Verse 1 \u2013 Jose Guapo]", 
                        "text hash": "c04bff720ba14ef24427aef704cdbd26", 
                        "artist": "Jose Guapo", 
                        "text": "Nigga fuck a money counter, nigga fuck ten counter, I count it by myself\nNigaa fuck being broke, nigga it\u2019s young Guapo, I\u2019m handsome and wealth\nWhen I check the forecast, or we changing the weather\nDesigner umbrellas, put some more ice in the bezel\nIf you\u2019re street, we\u2019ll finesse you\nMoney on money, no pressure\nPull up in compressors (foreign)\nAnd we got [?] sweaters\nIt\u2019s bad [?] nat nat\nGuapo he dealt like a crack sack\nNigga fucking up they wrist, those are the niggas we laugh at\n\nFuck up my set get it right back, throw up the money, they like that\nDiamonds been bird, that\u2019s fight night\nThey hitting, the biting like Mike Ty\nUndefeated like Mayweather, pop more shit then AB\nDamn look at your wrist [?], is that a Rolex or AP?"
                    }, 
                    {
                        "header": "[Verse 2 \u2013 Quavo]", 
                        "text hash": "15921a4bef43760f503b5bd30a240fa9", 
                        "artist": "Jose Guapo", 
                        "text": "She taking her chance for the paper, she fell in love with my money\nFall off in the booth, the club I pull up with a truck load of money\nI\u2019m seeing my nigga with choppas, know that they getting into something\nThen we hit the runway on a PJ, call the country\nMigo gang, OG, head hancho\nYou can catch me in the street [?] with Longway and young Guapo\nWhat nigga you know on the North side made a quarter mil in a goddamn bando\nYoung trap spot nigga, fucking with the migos have your block hot nigga\nYou ain\u2019t never seen a lot of red dots on your bottom looking like a pack of cortisone\nThat\u2019s young homie the reason, my niggas come get you and it\u2019s murder season\nYeah she working for me, remixing for me\nYeah she cooking for me, all this money for me\nHer name is Alicia, her boss got the key"
                    }, 
                    {
                        "header": "[Verse 2 \u2013 Offset]", 
                        "text hash": "b62b79c813ef77dd4ddcc483a3610b6b", 
                        "artist": "Jose Guapo", 
                        "text": "Do anything just to get to the cash\nMama said I\u2019m gonna give her a heart attack\nBitches ain\u2019t shit, they be fucking no cuffing\nShe suck me I\u2019m skeeting all over her eyelash\nYou not from my hood so you don\u2019t get a pass\nI\u2019m on the highway, 50 bricks on the bypass\nCook up a brick, break down a brick\nCoca on my knuckles looking like ash\nHopping out the Bentley, fucking with the chickens\nThrow the money in the air, you got it, ain\u2019t no tricking\nTalking bout you got that money nigga, know you fiction\nBroke and these niggas keep talking but I ain\u2019t gon listen\nThrow the money on the bitches, I done paid tuition\nAll of my niggas, we migos but we don\u2019t wear dickeys\nAll of my clothes are exquisite, all of my bitches long distance\nMinajing these bitches, no Nicki\nVersace my lenses like Biggie\nPussy boy nigga a sissy\nThrowing the money like Frisbees\nFuck you talking, fuck nigga I\u2019m strapped\nYour bitch keep on staring, your bitch gon get kidnapped\nIn the club, Offset keep throwing the racks\nMoney all over the floor to my kneecaps"
                    }
                ], 
                "hooks": [
                    {
                        "header": "[Hook]", 
                        "text hash": "868c3abee39c6db6e79314ae8595245c", 
                        "artist": "Jose Guapo", 
                        "text": "All this money on me, I feel like Floyd (too much money)\nI got too much money on me, they can\u2019t ignore me (too much money)\nLook at all this money on me, my appearance they know of it\nThese strippers they gon dance for it, and I\u2019m gon throw it\nShe gon shake her ass for the money, I be living fast for the money\nATL ATL ATL, nigga taking chance for the money\nStill hustle hard for the money, nigga can\u2019t starve for the money\nNigga fuck being broke, nigga fuck being broke, can\u2019t run out of money"
                    }
                ], 
                "intro": [
                    {
                        "header": "[Intro]", 
                        "text hash": "cb9502c393e9537037f87d7487513126", 
                        "artist": "Jose Guapo", 
                        "text": "You know it\nYou know it\nThey know it\nYou know\nYou know"
                    }
                ]
            }, 
            "order": [
                "[Intro]", 
                "[Hook]", 
                "[Verse 1 \u2013 Jose Guapo]", 
                "[Hook]", 
                "[Verse 2 \u2013 Quavo]", 
                "[Hook]", 
                "[Verse 2 \u2013 Offset]", 
                "[Hook]"
            ], 
            "artist": "Jose Guapo"
        }
    }
}