{
    "Bad Guy": {
        "raw": "\n    \n  [Intro: excerpt from the movie \"Scarface\"]\n\u201cYou all a bunch of fucking assholes\nYou know why? You don\u2019t have the guts to be who you wanna be\nYou need people like me\nYou need people like me so you can point your fucking fingers and say\n\"That's the bad guy\"\nSo, what that make you? Good? You\u2019re not good\nYou just know how to hide, how to lie\nMe, I don\u2019t have that problem\u201d\n\n[Hook One: Juelz Santana]\nUh, say hello to the bad guys\nFeds taking pictures, HOPE THEY GOT MY GOOD SIDE\nThe price of life is getting cheaper\nAND I'm JUST GETTIN' RICHER, LIL NIGGA\nNigga talking static I hear feedback; eat that\nNiggas lame and they rejects, I see that\nBelieve that; SHOTTY BOUNCE, BODY COUNT\n28 bodies found, KILLING NIGGAS BY THE OUNCE\n\n[Juelz Santana]\nNiggas get killed trying to play tough (yep)\nNiggas get killed trying to play us (yep)\nWassup, don't be a fucking dumb dumb (dumb)\nI get your whole click hit for a lump sum (BOW)\nBrought guns to the knife war (yeah)\nFuck a nigga trying to fight for (naw)\nWhen that sawed off could knock your jaw off (heh)\nDon't make my young boys knock yours off (WHOOO)\nI know niggas that will shoot you then go to your funeral (yeah)\nI know niggas that will kill you then pay for a mural (yeah)\nJust to stand in front of it and take a picture with ya (damn)\nYou niggas accident murderers, got professionals\nMake it look like it's an accident murderers\nThen I got my reckless murderers\nDropped the gun, cops come, they go gon' tell 'em they murdered ya (tell 'em)\nHarlem's new Bumpy Johnson; protecting my empire, Nucky Thompson\n\n[Hook One]\n\n[Juelz Santana]\nThere's a war going on outside, nobody safe (nope)\nGotta ball to you fall if not life's a waste (yeah)\nGotta watch them niggas, they trying to take your place (watch)\nTell them money hungry niggas my gun is all on the plate (aight)\nClip so long it's hanging off the clay (yeah)\nI got enough for whoever ain't ate (who else)\nExtra clips for a side dish (uh), who want try this (haha)\nStill got bricks, who want try this (this)\nI don't cook coke (nope), I deep fry fish (fish)\nFly nigga, she just wanna see the cockpit (haha)\nHot topic, dead bodies in the courtyard (yard)\nFuck it keep the money coming like porn stars (porn stars)\nI could get you killed for a bag of reefer (reefer)\nI could get you laced for a pair of sneakers (sneakers)\nImagine what these niggas do for a feature (imagine)\nAnd the story gets even deeper (yeah)\n\n[Hook Two: Juelz Santana] + (Jadakiss) + {Both}\nUh, say hello to the bad guys\n(Feds taking pictures) HOPE THEY GOT MY GOOD SIDE\nThe price of life is getting cheaper\n{AND I'm JUST GETTIN' RICHER, LIL NIGGA}\nNigga talking static (I hear feedback) eat that\nNiggas lame and they rejects (I see that)\nBelieve that; SHOTTY BOUNCE, BODY COUNT\n28 bodies found {KILLING NIGGAS BY THE OUNCE}\n\n[Jadakiss]\nUh, AH-HAAEEEH...\nNow what I do go out, get it, try and bring it back (yeah)\nThey always gon' need someone to point they finger at (uh-huh)\nOn me now harder than there was when I was slanging crack\nI'm a tax paying citizen, I ain't slanging jack\nKeep my name in the mix, cuz they know me\nI ain't never hung out with him, we ain't homies\nA lot of the hate really come from being lonely\nAnd I soon as you stop fucking with 'em, you being phony (mmm)\nI ain't paying with 'em (nah), shotties for the youngsters\nGive 'em the whole thing (yep), bodies in the dumpsters\nRoll with niggas who tie niggas up, call 'em the trunksters (mmm)\nThe way I'm on it, it's like a new Gotti is amongst us\nWhat!\n\n[Hook Two]\n\n\n\n\n  ", 
        "pro": {
            "features": [
                "Jadakiss"
            ], 
            "producers": [
                "Dr. Freak"
            ], 
            "blocks": {
                "verses": [
                    {
                        "header": "[Juelz Santana]", 
                        "text hash": "44cd703e8e9b3fb71754d5cdd4a3d5aa", 
                        "artist": "Juelz Santana", 
                        "text": "Niggas get killed trying to play tough (yep)\nNiggas get killed trying to play us (yep)\nWassup, don't be a fucking dumb dumb (dumb)\nI get your whole click hit for a lump sum (BOW)\nBrought guns to the knife war (yeah)\nFuck a nigga trying to fight for (naw)\nWhen that sawed off could knock your jaw off (heh)\nDon't make my young boys knock yours off (WHOOO)\nI know niggas that will shoot you then go to your funeral (yeah)\nI know niggas that will kill you then pay for a mural (yeah)\nJust to stand in front of it and take a picture with ya (damn)\nYou niggas accident murderers, got professionals\nMake it look like it's an accident murderers\nThen I got my reckless murderers\nDropped the gun, cops come, they go gon' tell 'em they murdered ya (tell 'em)\nHarlem's new Bumpy Johnson; protecting my empire, Nucky Thompson"
                    }, 
                    {
                        "header": "[Juelz Santana]", 
                        "text hash": "29e0ba26a72507d4c2572ea6f11f43a5", 
                        "artist": "Juelz Santana", 
                        "text": "There's a war going on outside, nobody safe (nope)\nGotta ball to you fall if not life's a waste (yeah)\nGotta watch them niggas, they trying to take your place (watch)\nTell them money hungry niggas my gun is all on the plate (aight)\nClip so long it's hanging off the clay (yeah)\nI got enough for whoever ain't ate (who else)\nExtra clips for a side dish (uh), who want try this (haha)\nStill got bricks, who want try this (this)\nI don't cook coke (nope), I deep fry fish (fish)\nFly nigga, she just wanna see the cockpit (haha)\nHot topic, dead bodies in the courtyard (yard)\nFuck it keep the money coming like porn stars (porn stars)\nI could get you killed for a bag of reefer (reefer)\nI could get you laced for a pair of sneakers (sneakers)\nImagine what these niggas do for a feature (imagine)\nAnd the story gets even deeper (yeah)"
                    }
                ], 
                "hooks": [
                    {
                        "header": "[Hook One: Juelz Santana]", 
                        "text hash": "5a17318b9c9492f6159ce0e009355bdb", 
                        "artist": "Juelz Santana", 
                        "text": "Uh, say hello to the bad guys\nFeds taking pictures, HOPE THEY GOT MY GOOD SIDE\nThe price of life is getting cheaper\nAND I'm JUST GETTIN' RICHER, LIL NIGGA\nNigga talking static I hear feedback; eat that\nNiggas lame and they rejects, I see that\nBelieve that; SHOTTY BOUNCE, BODY COUNT\n28 bodies found, KILLING NIGGAS BY THE OUNCE"
                    }, 
                    {
                        "header": "[Hook Two: Juelz Santana]", 
                        "text hash": "d37f97b663eff1a4d8ced179986131a0", 
                        "artist": "Juelz Santana", 
                        "text": " + (Jadakiss) + {Both}\nUh, say hello to the bad guys\n(Feds taking pictures) HOPE THEY GOT MY GOOD SIDE\nThe price of life is getting cheaper\n{AND I'm JUST GETTIN' RICHER, LIL NIGGA}\nNigga talking static (I hear feedback) eat that\nNiggas lame and they rejects (I see that)\nBelieve that; SHOTTY BOUNCE, BODY COUNT\n28 bodies found {KILLING NIGGAS BY THE OUNCE}"
                    }
                ], 
                "intro": [
                    {
                        "header": "[Intro: excerpt from the movie \"Scarface\"]", 
                        "text hash": "1f1a41a0ed4a317b3f420a82bc0349e9", 
                        "artist": "excerpt from the movie \"Scarface\"", 
                        "text": "\u201cYou all a bunch of fucking assholes\nYou know why? You don\u2019t have the guts to be who you wanna be\nYou need people like me\nYou need people like me so you can point your fucking fingers and say\n\"That's the bad guy\"\nSo, what that make you? Good? You\u2019re not good\nYou just know how to hide, how to lie\nMe, I don\u2019t have that problem\u201d"
                    }
                ], 
                "remainders": [
                    {
                        "header": "[Jadakiss]", 
                        "text hash": "32797f77728e7ffd3f96b09be5c67a27", 
                        "artist": "Jadakiss", 
                        "text": "Uh, AH-HAAEEEH...\nNow what I do go out, get it, try and bring it back (yeah)\nThey always gon' need someone to point they finger at (uh-huh)\nOn me now harder than there was when I was slanging crack\nI'm a tax paying citizen, I ain't slanging jack\nKeep my name in the mix, cuz they know me\nI ain't never hung out with him, we ain't homies\nA lot of the hate really come from being lonely\nAnd I soon as you stop fucking with 'em, you being phony (mmm)\nI ain't paying with 'em (nah), shotties for the youngsters\nGive 'em the whole thing (yep), bodies in the dumpsters\nRoll with niggas who tie niggas up, call 'em the trunksters (mmm)\nThe way I'm on it, it's like a new Gotti is amongst us\nWhat!"
                    }
                ]
            }, 
            "order": [
                "[Intro: excerpt from the movie \"Scarface\"]", 
                "[Hook One: Juelz Santana]", 
                "[Juelz Santana]", 
                "[Hook One]", 
                "[Juelz Santana]", 
                "[Jadakiss]", 
                "[Hook Two]"
            ], 
            "artist": "Juelz Santana"
        }
    }
}