{
    "Cry Me a River (Remix)": {
        "raw": "\n    \n  [Intro: 50 Cent]\nYeah\nSupposed to have a remix\nThat's how you make\nOne hit record, and then two\nHaha, 50 Cent\nG G G G G-Unit\nI remember when you used to love me\nYou used to kiss and hug me\nI look into your eyes and get lost for a day\nYou love me is what you told me\nAll the time I let you hold me\nHow I in fear you slippin' away\n\n[Verse 1: Justin]\nYou were my sun, you were my earth (Uh huh)\nBut you didn't know all the ways I loved you, no (G G G G G-Unit)\nSo you took a chance, and made other plans (Yeah)\nBut I bet you didn't think that they would come crashing down, no (C'mon)\n\n[Hook 1: Justin]\nYou don't have to say, what you did\nI already know, I found out from, him\nNow there's just no chance\nWith you and me, there'll never be\nDon't it make you sad about it?\n\n[Hook 2: Justin]\nYou told me you love me (Whoo)\nWhy did you leave me all alone?\nNow you tell me you need me\nWhen you call me on the phone (Uh huh, Uh huh)\nGirl I refuse\nYou must have me confused with some other guy (Yeah)\nThe bridges were burned\nNow its your turn, to cry\n\n[Hook: Justin]\nCry me a river\nCry me a river\nCry me a river\nCry me a river\nYeah, yeah (Ahhh)\n\n[Verse 2: Justin]\nYou know that they say somethings are better left unsaid (Uh huh)\nIt wasn't like you only talked to him\nAnd you know it, Don't act like you don't know it (Yeah)\nAll of these things people told me\nKeep messin' with my head (Messin' with my mead)\nShould of picked honesty\nThen you may not have thought it\nYeah (whoo)\n\n[Hook 1: Justin]\nYou don't have to say, what you did\nI already know, I found out from, him\nNow there's just no chance\nWith you and me, there'll never be\nDon't it make you sad about it? (Uh huh)\n\n[Hook 2: Justin]\nYou told me you love me (Whoo)\nWhy did you leave me all alone?\nNow you tell me you need me\nWhen you call me on the phone (Uh huh, yeah)\nGirl I refuse\nYou must have me confused with some other guy (you must got confused)\nThe bridges were burned\nNow its your turn, to cry\n\n[Hook: Justin]\nSo cry me a river (Uh huh)\nCry me a river (C'mon)\nCry me a river (Baby go on and just)\nCry me a river\nYeah, yeah\n\n[Verse 3: 50 Cent]\n50 Cent\nIf you know what I know, you know\nYou ain't gotta say a word\nIt's done in the dark, comes to light, I'm flippin' kick it to curb\nYour smile all up in my face, girl you gotta a lot of nerve\nSituation so absurd\nYou ain't special, you's a bird (Whoo)\nGet yo' shit and hit the do'\nYou ain't welcome here no mo'\nAin't no sense in your cry\nGirl you know I know you lie\nYou must take me for a fool\nThinkin' I'mma stay with you\nFirst gimme back my jewels\nBitch I ain't playin' with you\n\n[Hook 1: Justin]\nYou don't have to say, what you did\nI already know, I found out from, him (Whoo)\nNow there's just no chance (Uh huh)\nWith you and me, there'll never be\nDon't it make you sad about it? (C'mon)\n\n[Hook: Justin]\nCry me a river (Go on and just)\nCry me a river (Baby go on and just)\nCry me a river (You can go on and just)\nCry me a river\nYeah, yeah\nCry me a river (Yeah) (Baby go and just)\nCry me a river (Go on and just) (Oh)\nCry me a river (Already cried) (Haha)\nCry me a river (I don't wanna cry no more) (Yeah)\n\n[Outro: Justin & 50 Cent]\nCry me a river\nCry me a river (Yeah, go ahead)\nCry me a river (Yeah, let her go ahead and cry man, go ahead)\nCry me a river (Go on and cry)\nCry me a river (Britney, hahahaha)\nCry me a river (Go ahead and cry)\nCry me a river (Mess up your mascara and all that girl)\nCry me a river (All that expensive make-up, hahahaha)\nCry me a river\nCry me a river (50 Cent, Justin Timberlake remix, you heard me)\nCry me a river (Cry me a river, hahaha)\nYeah!\n\n\n\n\n  ", 
        "pro": {
            "features": [
                "50 Cent"
            ], 
            "producers": [
                "Timbaland"
            ], 
            "blocks": {
                "verses": [
                    {
                        "header": "[Verse 1: Justin]", 
                        "text hash": "f6593858bba005a8a95031d1660b799d", 
                        "artist": "Justin", 
                        "text": "You were my sun, you were my earth (Uh huh)\nBut you didn't know all the ways I loved you, no (G G G G G-Unit)\nSo you took a chance, and made other plans (Yeah)\nBut I bet you didn't think that they would come crashing down, no (C'mon)"
                    }, 
                    {
                        "header": "[Verse 2: Justin]", 
                        "text hash": "091a840ecc10240876a36c6960909adf", 
                        "artist": "Justin", 
                        "text": "You know that they say somethings are better left unsaid (Uh huh)\nIt wasn't like you only talked to him\nAnd you know it, Don't act like you don't know it (Yeah)\nAll of these things people told me\nKeep messin' with my head (Messin' with my mead)\nShould of picked honesty\nThen you may not have thought it\nYeah (whoo)"
                    }, 
                    {
                        "header": "[Verse 3: 50 Cent]", 
                        "text hash": "88c7fb801fd3328c0aeee7aa88a3c0ca", 
                        "artist": "50 Cent", 
                        "text": "50 Cent\nIf you know what I know, you know\nYou ain't gotta say a word\nIt's done in the dark, comes to light, I'm flippin' kick it to curb\nYour smile all up in my face, girl you gotta a lot of nerve\nSituation so absurd\nYou ain't special, you's a bird (Whoo)\nGet yo' shit and hit the do'\nYou ain't welcome here no mo'\nAin't no sense in your cry\nGirl you know I know you lie\nYou must take me for a fool\nThinkin' I'mma stay with you\nFirst gimme back my jewels\nBitch I ain't playin' with you"
                    }, 
                    {
                        "header": "[Outro: Justin & 50 Cent]", 
                        "text hash": "0fe9e2e1a0b14f8051e9084fd98ecddf", 
                        "artist": "50 Cent", 
                        "text": "Cry me a river\nCry me a river (Yeah, go ahead)\nCry me a river (Yeah, let her go ahead and cry man, go ahead)\nCry me a river (Go on and cry)\nCry me a river (Britney, hahahaha)\nCry me a river (Go ahead and cry)\nCry me a river (Mess up your mascara and all that girl)\nCry me a river (All that expensive make-up, hahahaha)\nCry me a river\nCry me a river (50 Cent, Justin Timberlake remix, you heard me)\nCry me a river (Cry me a river, hahaha)\nYeah!\n\n\n\n\n  "
                    }
                ], 
                "hooks": [
                    {
                        "header": "[Hook 1: Justin]", 
                        "text hash": "5ef7cea292cd75db2ae393ec3dfd6a60", 
                        "artist": "Justin", 
                        "text": "You don't have to say, what you did\nI already know, I found out from, him\nNow there's just no chance\nWith you and me, there'll never be\nDon't it make you sad about it?"
                    }, 
                    {
                        "header": "[Hook 2: Justin]", 
                        "text hash": "f9321ece3cc394e834a832102fd82a27", 
                        "artist": "Justin", 
                        "text": "You told me you love me (Whoo)\nWhy did you leave me all alone?\nNow you tell me you need me\nWhen you call me on the phone (Uh huh, Uh huh)\nGirl I refuse\nYou must have me confused with some other guy (Yeah)\nThe bridges were burned\nNow its your turn, to cry"
                    }, 
                    {
                        "header": "[Hook: Justin]", 
                        "text hash": "0bf0ba3897e7453772cad041a320c9f7", 
                        "artist": "Justin", 
                        "text": "Cry me a river\nCry me a river\nCry me a river\nCry me a river\nYeah, yeah (Ahhh)"
                    }, 
                    {
                        "header": "[Hook 1: Justin]", 
                        "text hash": "fc42727f2e16cb5bbc5fd4ed72f694f6", 
                        "artist": "Justin", 
                        "text": "You don't have to say, what you did\nI already know, I found out from, him\nNow there's just no chance\nWith you and me, there'll never be\nDon't it make you sad about it? (Uh huh)"
                    }, 
                    {
                        "header": "[Hook 2: Justin]", 
                        "text hash": "7a3f631a817e24ad9f7620cc9de8bbca", 
                        "artist": "Justin", 
                        "text": "You told me you love me (Whoo)\nWhy did you leave me all alone?\nNow you tell me you need me\nWhen you call me on the phone (Uh huh, yeah)\nGirl I refuse\nYou must have me confused with some other guy (you must got confused)\nThe bridges were burned\nNow its your turn, to cry"
                    }, 
                    {
                        "header": "[Hook: Justin]", 
                        "text hash": "d32612c1793b44c1298978d50601cdd9", 
                        "artist": "Justin", 
                        "text": "So cry me a river (Uh huh)\nCry me a river (C'mon)\nCry me a river (Baby go on and just)\nCry me a river\nYeah, yeah"
                    }, 
                    {
                        "header": "[Hook 1: Justin]", 
                        "text hash": "7d2498ac89e7f9966653a6df3c8b2d77", 
                        "artist": "Justin", 
                        "text": "You don't have to say, what you did\nI already know, I found out from, him (Whoo)\nNow there's just no chance (Uh huh)\nWith you and me, there'll never be\nDon't it make you sad about it? (C'mon)"
                    }, 
                    {
                        "header": "[Hook: Justin]", 
                        "text hash": "0730eaa4b4b330bc69ff324846975291", 
                        "artist": "Justin", 
                        "text": "Cry me a river (Go on and just)\nCry me a river (Baby go on and just)\nCry me a river (You can go on and just)\nCry me a river\nYeah, yeah\nCry me a river (Yeah) (Baby go and just)\nCry me a river (Go on and just) (Oh)\nCry me a river (Already cried) (Haha)\nCry me a river (I don't wanna cry no more) (Yeah)"
                    }
                ], 
                "intro": [
                    {
                        "header": "[Intro: 50 Cent]", 
                        "text hash": "71bc83177e6a76cff9a1a5c37687951b", 
                        "artist": "50 Cent", 
                        "text": "Yeah\nSupposed to have a remix\nThat's how you make\nOne hit record, and then two\nHaha, 50 Cent\nG G G G G-Unit\nI remember when you used to love me\nYou used to kiss and hug me\nI look into your eyes and get lost for a day\nYou love me is what you told me\nAll the time I let you hold me\nHow I in fear you slippin' away"
                    }
                ]
            }, 
            "order": [
                "[Intro: 50 Cent]", 
                "[Verse 1: Justin]", 
                "[Hook 1: Justin]", 
                "[Hook 2: Justin]", 
                "[Hook: Justin]", 
                "[Verse 2: Justin]", 
                "[Hook 1: Justin]", 
                "[Hook 2: Justin]", 
                "[Hook: Justin]", 
                "[Verse 3: 50 Cent]", 
                "[Hook 1: Justin]", 
                "[Hook: Justin]", 
                "[Outro: Justin & 50 Cent]"
            ], 
            "artist": "Justin Timberlake"
        }
    }
}