{
    "Looking For You": {
        "raw": "\n    \n  [Intro]\nQuavo: Guala!\nBieber: What's up Migos?\nQuavo: What up JB, it's time to go to the club, time to pull those toys out man. Let's do it!\n\n[Verse 1: Justin Bieber]\nHey where the party at? Let's go\nLet's ride, Let's roll\nYea, everywhere I go\nThem girls follow\nNa, na, na, na\nLet everybody know that I'm here tonight\nAs soon as I walk in the door\nPretty lady I think I need you in my life\nIn fact I know I need you for sure\n\n[Pre-Hook: Justin Bieber]\nTonight might be the night\nYou might mess around and fall in love\nAnd I might be the guy\nThat'll make you want to fall in love with him\nGirl, what's your name, happy that you came\nI'm the man in this, stick with me, and gain love\nEverywhere around the world, don't you know, girl that\nI'll be looking for you\n\n[Hook: Quavo]\nIs it her? Lookin' for you, lookin' for you\nI'm not paparazzi or a stalker\nShe right in front of me looking for you, looking for you\nNot the feds or a cop\n\n[Verse 2: Justin Bieber]\nI got money in my pocket and I ain't afraid to spend it\nAin't a problem baby girl, when you\u2019re winning\nTell me what you wanna do, we can make a move now\nGirl you ain't gotta fight the feelin', tell me why you grinning\n(Look at her face)\nI think you're likin' what I'm sayin'\nDo I really gotta say any more?\n(Say no more)\nYou need to know I ain't playin'\n(I ain't playin')\nBaby what are we waitin' for?\n\n[Pre-Hook] + [Hook]\n\n[Verse 3: Quavo]\nBad bitches in the party, alcohol on me\nTell the waitress put the sparklers on my 20 PTs (lean!)\nI asked her what's her name - got the know she said Hannah\nOn the way to the mansion, said she loved the Panamera\nIn the trap with J.Bieber with my phone chirpin' like beepers\nMona Lisa, Anna Mae in the pot when I beat her\nTake her 'cross the country, I got plugs on the Visa\nCut your man off little mama, you don't need him\n\n[Verse 4: Takeoff]\nYeen never seen a nigga like me (TakeOff)\nHopping out, Giussepe steppin, with a mink\nGold chain, Mr. T\nIn the summer, in a V12 Hummer with the leather seats\nWould tell you 'bout my mansion but I think they watchin' me\nI'm a vegetarian, all I want is some lettuce and some broccoli\nMansion out in Beverly, yo bitch call me call me \"Your Majesty\"\n\n[Verse 5: Offset]\nMy bitch is so gorgeous, I might pay her mortgage\nI run to the money like Forrest\nMy life is historic\nTravel 'round the world like I'm in orbit\nI take your bitch and dunk her like Ben Gordon\nI watch her like a telescope\nI beat it and kill it like I'm Lil TerRio\nI got your bitch, she watchin' me like Tyler Perry shows\nI'm young and I'm rich, ridin' in a Phantom Ghost\nI paint a picture for niggas like Michelangelo\n\n[Pre-Hook] + [Hook]\n\n\n\n\n  ", 
        "pro": {
            "features": [
                "Migos"
            ], 
            "blocks": {
                "verses": [
                    {
                        "header": "[Verse 1: Justin Bieber]", 
                        "text hash": "f1f51aa3cf13e1d430f277369cb92cb7", 
                        "artist": "Justin Bieber", 
                        "text": "Hey where the party at? Let's go\nLet's ride, Let's roll\nYea, everywhere I go\nThem girls follow\nNa, na, na, na\nLet everybody know that I'm here tonight\nAs soon as I walk in the door\nPretty lady I think I need you in my life\nIn fact I know I need you for sure"
                    }, 
                    {
                        "header": "[Verse 2: Justin Bieber]", 
                        "text hash": "ca7767c880d1ed58f523a629f194aead", 
                        "artist": "Justin Bieber", 
                        "text": "I got money in my pocket and I ain't afraid to spend it\nAin't a problem baby girl, when you\u2019re winning\nTell me what you wanna do, we can make a move now\nGirl you ain't gotta fight the feelin', tell me why you grinning\n(Look at her face)\nI think you're likin' what I'm sayin'\nDo I really gotta say any more?\n(Say no more)\nYou need to know I ain't playin'\n(I ain't playin')\nBaby what are we waitin' for?"
                    }, 
                    {
                        "header": "[Verse 3: Quavo]", 
                        "text hash": "21cf2282077808e52f8bdb28b5d0ee52", 
                        "artist": "Quavo", 
                        "text": "Bad bitches in the party, alcohol on me\nTell the waitress put the sparklers on my 20 PTs (lean!)\nI asked her what's her name - got the know she said Hannah\nOn the way to the mansion, said she loved the Panamera\nIn the trap with J.Bieber with my phone chirpin' like beepers\nMona Lisa, Anna Mae in the pot when I beat her\nTake her 'cross the country, I got plugs on the Visa\nCut your man off little mama, you don't need him"
                    }, 
                    {
                        "header": "[Verse 4: Takeoff]", 
                        "text hash": "1da39b0740ede4d879c9a440c8eabc2e", 
                        "artist": "Takeoff", 
                        "text": "Yeen never seen a nigga like me (TakeOff)\nHopping out, Giussepe steppin, with a mink\nGold chain, Mr. T\nIn the summer, in a V12 Hummer with the leather seats\nWould tell you 'bout my mansion but I think they watchin' me\nI'm a vegetarian, all I want is some lettuce and some broccoli\nMansion out in Beverly, yo bitch call me call me \"Your Majesty\""
                    }, 
                    {
                        "header": "[Verse 5: Offset]", 
                        "text hash": "415010dec7f75a68a08c63de594bd0f1", 
                        "artist": "Offset", 
                        "text": "My bitch is so gorgeous, I might pay her mortgage\nI run to the money like Forrest\nMy life is historic\nTravel 'round the world like I'm in orbit\nI take your bitch and dunk her like Ben Gordon\nI watch her like a telescope\nI beat it and kill it like I'm Lil TerRio\nI got your bitch, she watchin' me like Tyler Perry shows\nI'm young and I'm rich, ridin' in a Phantom Ghost\nI paint a picture for niggas like Michelangelo"
                    }
                ], 
                "hooks": [
                    {
                        "header": "[Pre-Hook: Justin Bieber]", 
                        "text hash": "963a6243551ea0c3d8aac18c1f01af39", 
                        "artist": "Justin Bieber", 
                        "text": "Tonight might be the night\nYou might mess around and fall in love\nAnd I might be the guy\nThat'll make you want to fall in love with him\nGirl, what's your name, happy that you came\nI'm the man in this, stick with me, and gain love\nEverywhere around the world, don't you know, girl that\nI'll be looking for you"
                    }, 
                    {
                        "header": "[Hook: Quavo]", 
                        "text hash": "e0044f954d4bf308de6dd03dc2687d64", 
                        "artist": "Quavo", 
                        "text": "Is it her? Lookin' for you, lookin' for you\nI'm not paparazzi or a stalker\nShe right in front of me looking for you, looking for you\nNot the feds or a cop"
                    }, 
                    {
                        "header": "[Pre-Hook]", 
                        "text hash": "23e7ee651cb46fb08fc11185520f1fba", 
                        "artist": "Justin Bieber", 
                        "text": " + [Hook]"
                    }, 
                    {
                        "header": "[Pre-Hook]", 
                        "text hash": "2f5d1587faf534b6cc67470956c2bc74", 
                        "artist": "Justin Bieber", 
                        "text": " + [Hook]\n\n\n\n\n  "
                    }
                ], 
                "intro": [
                    {
                        "header": "[Intro]", 
                        "text hash": "841fdfd10e1f0692ee8821cb9d9c7eee", 
                        "artist": "Justin Bieber", 
                        "text": "Quavo: Guala!\nBieber: What's up Migos?\nQuavo: What up JB, it's time to go to the club, time to pull those toys out man. Let's do it!"
                    }
                ]
            }, 
            "order": [
                "[Intro]", 
                "[Verse 1: Justin Bieber]", 
                "[Pre-Hook: Justin Bieber]", 
                "[Hook: Quavo]", 
                "[Verse 2: Justin Bieber]", 
                "[Pre-Hook] + [Hook]", 
                "[Verse 3: Quavo]", 
                "[Verse 4: Takeoff]", 
                "[Verse 5: Offset]", 
                "[Pre-Hook] + [Hook]"
            ], 
            "artist": "Justin Bieber"
        }
    }
}