{
    "Every City We Go": {
        "raw": "\n    \n  [Intro: Migos]\nOh, Migos\nYo, yoo, Kid Ink\n\n[Hook: Kid Ink & Migos]\nThey respect me like the man\nIn every city we go, in every city we go\nPick up a pack soon as we land\nIn every city we go, in every city we go\nAnd every real nigga feel me\nIn every city we go, in every city we go\nThey fall in love with how we livin'\nIn every city we go, we gotta get it and go\nIn every city we go\n\n[Verse 1: Kid Ink]\nEvery city we go, roll up glad I don't gotta see a PO\nKnow I came from the city, block as hot as creole\nIf you made it from the block, take a shot, reload\nRealest mothafucka still, gotta keep a C-note\nI got a million but I'm still smokin' down to the roach\nI came down from the ropes, plastic sticks the glass on coasters\nTo keep couple shotties around me with the posters\nHoping that somebody would get froggy\nJust clean up all them dirty looks\nI see him tighter than a cornrow\nMad cause my poster in they sister's dorm room\nBut in my face\n\n[Hook]\n\n[Verse 2: Quavo]\nEvery city we go, yeah there's a whole lotta hoes\nTop floor cuttin' dope\nEvery city we go, touchdown 50K for a show\n50K for a show yeah\nEvery city we go, we plugged in 26 days you know\n[?] on section\nEvery city we go, we touchdown no Big U\nAnd rollin' sixes you know yeah\nAnd you know we keep it real\nTouchdown in any field yo\nNo soccer home field\nMake a hunnid mil\nYeah I keep it real\n\n[Hook]\n\n[Verse 3: Offset]\nEvery city that I enter it's in my agenda\nI'm a gangster, it's hard but it's part of my gender\nWhen I touchdown they gon' go put you in blenders\nEverywhere I go I got GD on my check like a pendant\nCity to city we gettin' this money repeated\nI flew to your city, laid on your bitch and repeated\nWhen I greet her I beat it and we keep that on a secret\nMoney trees that I seeded, people they can't even leave it\nStarted in bellows and now we ridin' in Phantoms\nPlease pardon the savage because I do not have manners\nI was stuck in my city so I had to keep a hammer\nI was stuck in the bus I knew one day I would go hammer\n\n[Hook]\n\n\n\n\n  ", 
        "pro": {
            "features": [
                "Migos"
            ], 
            "blocks": {
                "verses": [
                    {
                        "header": "[Verse 1: Kid Ink]", 
                        "text hash": "38404587ed61c3aad1517ea36403a165", 
                        "artist": "Kid Ink", 
                        "text": "Every city we go, roll up glad I don't gotta see a PO\nKnow I came from the city, block as hot as creole\nIf you made it from the block, take a shot, reload\nRealest mothafucka still, gotta keep a C-note\nI got a million but I'm still smokin' down to the roach\nI came down from the ropes, plastic sticks the glass on coasters\nTo keep couple shotties around me with the posters\nHoping that somebody would get froggy\nJust clean up all them dirty looks\nI see him tighter than a cornrow\nMad cause my poster in they sister's dorm room\nBut in my face"
                    }, 
                    {
                        "header": "[Verse 2: Quavo]", 
                        "text hash": "e5c5578a410868406541655ba472ebc7", 
                        "artist": "Quavo", 
                        "text": "Every city we go, yeah there's a whole lotta hoes\nTop floor cuttin' dope\nEvery city we go, touchdown 50K for a show\n50K for a show yeah\nEvery city we go, we plugged in 26 days you know"
                    }, 
                    {
                        "header": "[Verse 3: Offset]", 
                        "text hash": "711996f769fa2ceab5b7862f71a15df3", 
                        "artist": "Offset", 
                        "text": "Every city that I enter it's in my agenda\nI'm a gangster, it's hard but it's part of my gender\nWhen I touchdown they gon' go put you in blenders\nEverywhere I go I got GD on my check like a pendant\nCity to city we gettin' this money repeated\nI flew to your city, laid on your bitch and repeated\nWhen I greet her I beat it and we keep that on a secret\nMoney trees that I seeded, people they can't even leave it\nStarted in bellows and now we ridin' in Phantoms\nPlease pardon the savage because I do not have manners\nI was stuck in my city so I had to keep a hammer\nI was stuck in the bus I knew one day I would go hammer"
                    }
                ], 
                "hooks": [
                    {
                        "header": "[Hook: Kid Ink & Migos]", 
                        "text hash": "9f93db504d32a3b055039140f9946ccc", 
                        "artist": "Migos", 
                        "text": "They respect me like the man\nIn every city we go, in every city we go\nPick up a pack soon as we land\nIn every city we go, in every city we go\nAnd every real nigga feel me\nIn every city we go, in every city we go\nThey fall in love with how we livin'\nIn every city we go, we gotta get it and go\nIn every city we go"
                    }
                ], 
                "intro": [
                    {
                        "header": "[Intro: Migos]", 
                        "text hash": "c2267aa6a3681ce95354a13de02c7310", 
                        "artist": "Migos", 
                        "text": "Oh, Migos\nYo, yoo, Kid Ink"
                    }
                ]
            }, 
            "order": [
                "[Intro: Migos]", 
                "[Hook: Kid Ink & Migos]", 
                "[Verse 1: Kid Ink]", 
                "[Hook]", 
                "[Verse 2: Quavo]", 
                "[Hook]", 
                "[Verse 3: Offset]", 
                "[Hook]"
            ], 
            "artist": "Kid Ink"
        }
    },
    "Bossin' Up (SuperMix)": {
        "raw": "\n    \n  [Verse 1: Young Jeezy]\nI\u2019mma show you motherfuckers how to kill a remix\nComin\u2019 all black like I\u2019m hittin\u2019 them licks\nAll black .40 with them ladders hangin\u2019 out\n30-round clips, call them shits chopsticks\nRun up in the booth with a ski mask on\nRun up in the booth make a ski mask song\nRun up the booth, then I hop up in the Coupe\nNow I\u2019m ridin\u2019 in the \u2018Rari with a ski mask on\nI\u2019m too bossed up, I need to turn my boss down\nKing of the Street shit, where the fuck is my crown?\nGraduated from the street with my cap and my gown\nYou the motherfuckin\u2019 man if you servin\u2019 your town\nMy lil\u2019 nigga eat, sleep, shit and deal cocaine\nNot that rap shit, I\u2019m talkin\u2019 real cocaine\nCTE, TBC (what is is, homeboy?) \u201cBoss Yo Life Up Gang\u201d\nWith my boss bitch and she bossed up\nOn that 2Pac, she\u2019s gettin\u2019 tossed up\nCan\u2019t cross me, you\u2019ll get crossed up\nCan\u2019t cross me, I\u2019m too bossed up\nMy name Hefe, I do boss shit\nNo on star, get lost, bitch\nYou a bitch nigga? Then kick rocks\nJust know rich niggas do drop-tops\nYou ain\u2019t shit, I talk shit\nEbola rhymes, my watch sick\nI\u2019m Top Gun, I\u2019m in the cockpit\nGot the game locked, call the locksmith\nNo Stan Smith, I do gourmet\nGiuseppes, new J's\nMy earrings, they cold as fuck\nCall the North Pole, that\u2019s bossin\u2019 up\n\n[Hook]\nValet park my whip, nigga\nHammer time for my chips, nigga\n(Bossin\u2019 up) add it up\nYour girlfriend choosin\u2019 so you mad as fuck\nChillin\u2019 with my coalition, niggas rackin\u2019 up\n(Bossin\u2019 up) add it up\n(Bossin\u2019 up) add it up\nA lil\u2019 Louis, but my bitch want some bags and stuff\n\n[Verse 2: Kid Ink]\nIt go, uhh\nBossin\u2019 up and you downgrade\nLook around and see a bunch of clowns\nTryna represent my town lately (wait)\nI\u2019ve been gone for like 30 days\nI wore every chain, no wedding ring\nGot a boss bitch and she understand\nThat timing is everything\nNah, don\u2019t trip \u2013 put it on the tab\nKnowin\u2019 I\u2019m a G, gotta put it on the bag\nBreak a bitch down, gotta put her in a cast\nShe ain\u2019t got a ride, might put her in a cab\nYou ain\u2019t even know, nigga? Put him in a class\nTrip, Big Chuck might put you in the past\nHit a blunt hard, nigga, put me in the pads\nJust rolled up, but the high don\u2019t last\nRidin\u2019 through the city, hope I don\u2019t crash\nKnow they thought that it wasn\u2019t gon\u2019 last\nYou can\u2019t even tell me why you mad?\nIs it really that bad, is you doin\u2019 that bad?\nWhat you make in a year I pay in taxes\nThe money burnin\u2019 holes in my pocket\nI just need somewhere to ash it\nNah, you ain\u2019t gotta ask, bitch\n\n[Hook]\n\n[Verse 2: French Monatana]\nYou know it's Mr. Haaanhh\nFerg what's happening\nInk what's happening\nOwwww, Hannn\nBossed up in this bitch\nGot my golds up in this bitch\nDon't get tossed up in this bitch\nI'm like owwww, hannnn\nCoke Boys in this bitch (hannn)\nGot Kid Ink up in this bitch (hannn)\nGot ASAP Ferg in this bitch (ay, ay, ay)\nI'm like (owww) hunit on that stage nigga\nHunnit in them them K's nigga\nIn that Porsche, boxed up, stunting 'till-my grave nigga\nStrapped with the 40, shit real out chea\nTalking about the purpose smoking fills outchea (han)\nStingy with the money, but the shells I shed\nAnd my nigga rip the gold off ya grill out chea\nPull up in a tank (tank), cup full of drank (drank)\nMake 10 mill, stuff it in a bank (bank)\n50 on a rollie, 100 on a lane (bling)\nThink you an animal turn you to a mank (woo)\nThrowing dust, throwing bullets (bullt), stunting on the po pull up\nTop-off, car-hooded, this-South-Bronx-boogie\nOwwww\n\n[Hook]\n\n[Verse 3: A$AP Ferg]\nUh\nHarlem nigga with the gold teeth\nHilfiger nigga, only OG\nHilfiger niggas, only 4 deep\nBut for real, a trilla' nigga bring the whole street\nFour trill bitches on my Rollie\nMontana hammer, like I'm Tony\nCocaina \u2018til her nose bleed\nMake a girl wanna cuff like the police\nThat flacko nigga goldie\nMe and Rocky like Apollo Creed\nRelax to the max, no cozy\nBig dogs on the crib but I'm low-key\nDon't f\u00fack with them niggas that be phony\nYoung B XXX don't even know me\nShe all on my wang, Alexander Wang\nYeah, Margiela feel the leather - 4G\nThese Ape's on my feet, make my cypher complete\nMake girls scream \"Lord\" like I am a priest\nI'm a boss nigga, climbing seas\nJust collect cash while designing sneaks\nWhip yo teeth every time I speak\n3 thou for the smile, nigga I'm a G\nBetter talk to me nice, nigga I'm a chief\nYou dealing with a boss, so I need PC\nYeah, I'm bout this bread\nI'm bout this dough\nI'm bout this dough\nOoooo-ooo, ooooo, ooooo\n\n[Hook]\n\n[Verse 3: YG]\nOkay, I\u2019m bossin\u2019 up\n\u2018Cause I done already lost enough\nSee, like\u2026 ever since last year\nEverythin\u2019 I\u2019m buyin\u2019, now it cost one up\nSay, it\u2019s dark as fuck\u2026\nGirl, why you actin\u2019 hard to fuck?\nWhy you got your guards up?\nLike you playin\u2019 ball or somethin\u2019\nPull up in that Porsche Panamera, park it up\nHop out lookin\u2019 sharp as fuck, tint dark as fuck\nBitch, fuck up off\nBut you know we don\u2019t love them hoes\nYeah, me and Young partnerin\u2019 up\nThat\u2019s the talk in all the barbershops, nigga\nShaq height, couldn\u2019t baller block\nProbably invest in all the stocks\nI\u2019m 400, corporate thuggin\u2019, pushin\u2019 at the label\nMama still got bills that\u2019s gotta be paid for\nRemember when mama wasn\u2019t able?\nWith them credit card numbers, I was payin\u2019 cable\nIt\u2019s all respect over here\u2026 we gettin\u2019 checks over here\nAll my homies rap, so all my niggas got next over here\n\n[Hook]\n\n\n\n\n  ", 
        "pro": {
            "features": [
                "A$AP Ferg", 
                "French Montana", 
                "Jeezy", 
                "YG"
            ], 
            "blocks": {
                "verses": [
                    {
                        "header": "[Verse 1: Young Jeezy]", 
                        "text hash": "7575a6352f794d0836319d6e72262007", 
                        "artist": "Jeezy", 
                        "text": "I\u2019mma show you motherfuckers how to kill a remix\nComin\u2019 all black like I\u2019m hittin\u2019 them licks\nAll black .40 with them ladders hangin\u2019 out\n30-round clips, call them shits chopsticks\nRun up in the booth with a ski mask on\nRun up in the booth make a ski mask song\nRun up the booth, then I hop up in the Coupe\nNow I\u2019m ridin\u2019 in the \u2018Rari with a ski mask on\nI\u2019m too bossed up, I need to turn my boss down\nKing of the Street shit, where the fuck is my crown?\nGraduated from the street with my cap and my gown\nYou the motherfuckin\u2019 man if you servin\u2019 your town\nMy lil\u2019 nigga eat, sleep, shit and deal cocaine\nNot that rap shit, I\u2019m talkin\u2019 real cocaine\nCTE, TBC (what is is, homeboy?) \u201cBoss Yo Life Up Gang\u201d\nWith my boss bitch and she bossed up\nOn that 2Pac, she\u2019s gettin\u2019 tossed up\nCan\u2019t cross me, you\u2019ll get crossed up\nCan\u2019t cross me, I\u2019m too bossed up\nMy name Hefe, I do boss shit\nNo on star, get lost, bitch\nYou a bitch nigga? Then kick rocks\nJust know rich niggas do drop-tops\nYou ain\u2019t shit, I talk shit\nEbola rhymes, my watch sick\nI\u2019m Top Gun, I\u2019m in the cockpit\nGot the game locked, call the locksmith\nNo Stan Smith, I do gourmet\nGiuseppes, new J's\nMy earrings, they cold as fuck\nCall the North Pole, that\u2019s bossin\u2019 up"
                    }, 
                    {
                        "header": "[Verse 2: Kid Ink]", 
                        "text hash": "43b41c744b77335644365f91f407ebbc", 
                        "artist": "Kid Ink", 
                        "text": "It go, uhh\nBossin\u2019 up and you downgrade\nLook around and see a bunch of clowns\nTryna represent my town lately (wait)\nI\u2019ve been gone for like 30 days\nI wore every chain, no wedding ring\nGot a boss bitch and she understand\nThat timing is everything\nNah, don\u2019t trip \u2013 put it on the tab\nKnowin\u2019 I\u2019m a G, gotta put it on the bag\nBreak a bitch down, gotta put her in a cast\nShe ain\u2019t got a ride, might put her in a cab\nYou ain\u2019t even know, nigga? Put him in a class\nTrip, Big Chuck might put you in the past\nHit a blunt hard, nigga, put me in the pads\nJust rolled up, but the high don\u2019t last\nRidin\u2019 through the city, hope I don\u2019t crash\nKnow they thought that it wasn\u2019t gon\u2019 last\nYou can\u2019t even tell me why you mad?\nIs it really that bad, is you doin\u2019 that bad?\nWhat you make in a year I pay in taxes\nThe money burnin\u2019 holes in my pocket\nI just need somewhere to ash it\nNah, you ain\u2019t gotta ask, bitch"
                    }, 
                    {
                        "header": "[Verse 2: French Monatana]", 
                        "text hash": "e72adb44871508bc6c24f3ca8224a92a", 
                        "artist": "French Monatana", 
                        "text": "You know it's Mr. Haaanhh\nFerg what's happening\nInk what's happening\nOwwww, Hannn\nBossed up in this bitch\nGot my golds up in this bitch\nDon't get tossed up in this bitch\nI'm like owwww, hannnn\nCoke Boys in this bitch (hannn)\nGot Kid Ink up in this bitch (hannn)\nGot ASAP Ferg in this bitch (ay, ay, ay)\nI'm like (owww) hunit on that stage nigga\nHunnit in them them K's nigga\nIn that Porsche, boxed up, stunting 'till-my grave nigga\nStrapped with the 40, shit real out chea\nTalking about the purpose smoking fills outchea (han)\nStingy with the money, but the shells I shed\nAnd my nigga rip the gold off ya grill out chea\nPull up in a tank (tank), cup full of drank (drank)\nMake 10 mill, stuff it in a bank (bank)\n50 on a rollie, 100 on a lane (bling)\nThink you an animal turn you to a mank (woo)\nThrowing dust, throwing bullets (bullt), stunting on the po pull up\nTop-off, car-hooded, this-South-Bronx-boogie\nOwwww"
                    }, 
                    {
                        "header": "[Verse 3: A$AP Ferg]", 
                        "text hash": "9e8ec95a121768f38a6af6f0d6d8a0c6", 
                        "artist": "A$AP Ferg", 
                        "text": "Uh\nHarlem nigga with the gold teeth\nHilfiger nigga, only OG\nHilfiger niggas, only 4 deep\nBut for real, a trilla' nigga bring the whole street\nFour trill bitches on my Rollie\nMontana hammer, like I'm Tony\nCocaina \u2018til her nose bleed\nMake a girl wanna cuff like the police\nThat flacko nigga goldie\nMe and Rocky like Apollo Creed\nRelax to the max, no cozy\nBig dogs on the crib but I'm low-key\nDon't f\u00fack with them niggas that be phony\nYoung B XXX don't even know me\nShe all on my wang, Alexander Wang\nYeah, Margiela feel the leather - 4G\nThese Ape's on my feet, make my cypher complete\nMake girls scream \"Lord\" like I am a priest\nI'm a boss nigga, climbing seas\nJust collect cash while designing sneaks\nWhip yo teeth every time I speak\n3 thou for the smile, nigga I'm a G\nBetter talk to me nice, nigga I'm a chief\nYou dealing with a boss, so I need PC\nYeah, I'm bout this bread\nI'm bout this dough\nI'm bout this dough\nOoooo-ooo, ooooo, ooooo"
                    }, 
                    {
                        "header": "[Verse 3: YG]", 
                        "text hash": "066aa66fde2fb284de5043d0dd0620e9", 
                        "artist": "YG", 
                        "text": "Okay, I\u2019m bossin\u2019 up\n\u2018Cause I done already lost enough\nSee, like\u2026 ever since last year\nEverythin\u2019 I\u2019m buyin\u2019, now it cost one up\nSay, it\u2019s dark as fuck\u2026\nGirl, why you actin\u2019 hard to fuck?\nWhy you got your guards up?\nLike you playin\u2019 ball or somethin\u2019\nPull up in that Porsche Panamera, park it up\nHop out lookin\u2019 sharp as fuck, tint dark as fuck\nBitch, fuck up off\nBut you know we don\u2019t love them hoes\nYeah, me and Young partnerin\u2019 up\nThat\u2019s the talk in all the barbershops, nigga\nShaq height, couldn\u2019t baller block\nProbably invest in all the stocks\nI\u2019m 400, corporate thuggin\u2019, pushin\u2019 at the label\nMama still got bills that\u2019s gotta be paid for\nRemember when mama wasn\u2019t able?\nWith them credit card numbers, I was payin\u2019 cable\nIt\u2019s all respect over here\u2026 we gettin\u2019 checks over here\nAll my homies rap, so all my niggas got next over here"
                    }
                ], 
                "hooks": [
                    {
                        "header": "[Hook]", 
                        "text hash": "da23c872adb87015824a81db4198a23f", 
                        "artist": "Kid Ink", 
                        "text": "Valet park my whip, nigga\nHammer time for my chips, nigga\n(Bossin\u2019 up) add it up\nYour girlfriend choosin\u2019 so you mad as fuck\nChillin\u2019 with my coalition, niggas rackin\u2019 up\n(Bossin\u2019 up) add it up\n(Bossin\u2019 up) add it up\nA lil\u2019 Louis, but my bitch want some bags and stuff"
                    }
                ]
            }, 
            "order": [
                "[Verse 1: Young Jeezy]", 
                "[Hook]", 
                "[Verse 2: Kid Ink]", 
                "[Hook]", 
                "[Verse 2: French Monatana]", 
                "[Hook]", 
                "[Verse 3: A$AP Ferg]", 
                "[Hook]", 
                "[Verse 3: YG]", 
                "[Hook]"
            ], 
            "artist": "Kid Ink"
        }
    },
    "Bossin' Up (Extended Version)": {
        "raw": "\n    \n  Okay\nBossin' up\nYou, you can check we bossin'\nYeah\n\n[Hook: x2]\nV-v-valet park my whip nigga (uh)\nHammer time for my chips nigga\nBossin' up, add it up\nYour girlfriend choosin' so you mad as fuck, okay\nChillin' with my coalition nigga's rackin' up\nBossin' up, add it up\nBossin' up, add it up\nA lil' Louis but my bitch wants some bags and stuff\n\n[Verse 1: Kid Ink]\nIt go, valet when I park it\nOG when I spark it\nMoney speak when I'm talkin'\nJ-J's on when I'm walking\nStay fired up like arson\nYou can't touch my garments\nUp late nights pass Carson\nDrinkin' large proportions of that turn up, juice\nGot your girlfriend, loose\nShakin' that ass listening to Luke\nGive a nigga all hole no loops\nGive a nigga all brain no lip\nI be at the ball hanging no grip\nPants saggin' on four fifth\nMy security bullets like 4 inches\nKick that shit like four ninjas\nDid that shit for my niggas who\nMade it out the hood to the good side\nB-bossin' up with no tie\nYou heard it through the grapevine\nAnd I was actually there\nYeah, It's clear who's been gettin' to the bread like Panera, ugh\n\n[Hook: x2]\n\n[Verse 2: French Monatana]\nYou know it's Mr. Haaanhh\nFerg what's happening\nInk what's happening\nOwwww, Hannn\nBossed up in this bitch\nGot my golds up in this bitch\nDon't get tossed up in this bitch\nI'm like owwww, hannnn\nCoke Boys in this bitch (hannn)\nGot Kid Ink up in this bitch (hannn)\nGot ASAP Ferg in this bitch (ay, ay, ay)\nI'm like (owww) hunit on that stage nigga\nHunnit in them them K's nigga\nIn that Porsche, boxed up, stunting 'till-my grave nigga\nStrapped with the 40, shit real out chea\nTalking about the purpose smoking fills outchea (han)\nStingy with the money, but the shells I shed\nAnd my nigga rip the gold off ya grill out chea\nPull up in a tank (tank), cup full of drank (drank)\nMake 10 mill, stuff it in a bank (bank)\n50 on a rollie, 100 on a link (bling!)\nThink you an animal turn you to a mank (woo!)\nThrowing dust, throwing bullets (bullet), stunting on the po pull up\nTop-off, car-hooded, this-South-Bronx-boogie\nOwwww\n\n[Hook: (x2)]\n\n[Verse 3: A$AP Ferg]\nUh\nHarlem nigga with the gold teeth\nHilfiger nigga, only OG\nHilfiger niggas, only 4 deep\nBut for real, a trilla' nigga bring the whole street\nFour trill bitches on my Rollie\nMontana hammer, like I'm Tony\nCocaina \u2018til her nose bleed\nMake a girl wanna cuff like the police\nThat flacko nigga goldie\nMe and Rocky like Apollo Creed\nRelax to the max, no cozy\nBig dogs on the crib but I'm low-key\nDon't f\u00fack with them niggas that be phony\nYour BM dont even know me\nShe all on my wang, Alexander Wang\nYeah, Margiela feel the leather - 4G\nThese Ape's on my feet, make my cypher complete\nMake girls scream \"Lord\" like I am a priest\nI'm a boss nigga, climbing seas\nJust collect cash while designing sneaks\nWhite gold teeth every time I speak\n3 thou for the smile, nigga I'm a G\nBetter talk to me nice, nigga I'm a chief\nYou dealing with a boss, so I need PC\nYeah, I'm bout this bread\nI'm bout this dough\nI'm bout this dough\nOoooo-ooo, ooooo, ooooo\n\n[Hook]\n\n[Verse 4: Kid Ink]\nKeep it 1 hunnit\n1 hunnit in one's\nIf you tryna have some fun\nFunds up get you some\nThe sum of it all (all), all this money in my draw (yeah)\nDraw these hoes to my car (egh)\nAdd it up, how I ball (go)\nYeah that's bossin' up, but don't bother us\nSteady poppin' in, so popular\nLove poppin' shit, its Rocketship\nMight take off, so out of here (here)\nHere we go again (gain), given in to sin\nSo sincere since last night, til 6 going in\nSun shine, see the glare (glare), no we ain't playing fare (no)\nAnd you ain't really bout that paper, if it ain't enough to share (what)\nActing like I been on vacation, tell a mother fucker I ain't going no where\nOn my own, playing the cards like the game is solitaire, yeah\n\n[Hook]\n[Outro: fading out ] Bags and stuff (x6)\n\n\n\n\n  ", 
        "pro": {
            "features": [
                "A$AP Ferg", 
                "French Montana"
            ], 
            "producers": [
                "Lifted"
            ], 
            "blocks": {
                "verses": [
                    {
                        "header": "[Verse 1: Kid Ink]", 
                        "text hash": "f269077f33520dcc5e92dab51fc56566", 
                        "artist": "Kid Ink", 
                        "text": "It go, valet when I park it\nOG when I spark it\nMoney speak when I'm talkin'\nJ-J's on when I'm walking\nStay fired up like arson\nYou can't touch my garments\nUp late nights pass Carson\nDrinkin' large proportions of that turn up, juice\nGot your girlfriend, loose\nShakin' that ass listening to Luke\nGive a nigga all hole no loops\nGive a nigga all brain no lip\nI be at the ball hanging no grip\nPants saggin' on four fifth\nMy security bullets like 4 inches\nKick that shit like four ninjas\nDid that shit for my niggas who\nMade it out the hood to the good side\nB-bossin' up with no tie\nYou heard it through the grapevine\nAnd I was actually there\nYeah, It's clear who's been gettin' to the bread like Panera, ugh"
                    }, 
                    {
                        "header": "[Verse 2: French Monatana]", 
                        "text hash": "63cff21986ebcb89e82d7bdb4e473719", 
                        "artist": "French Monatana", 
                        "text": "You know it's Mr. Haaanhh\nFerg what's happening\nInk what's happening\nOwwww, Hannn\nBossed up in this bitch\nGot my golds up in this bitch\nDon't get tossed up in this bitch\nI'm like owwww, hannnn\nCoke Boys in this bitch (hannn)\nGot Kid Ink up in this bitch (hannn)\nGot ASAP Ferg in this bitch (ay, ay, ay)\nI'm like (owww) hunit on that stage nigga\nHunnit in them them K's nigga\nIn that Porsche, boxed up, stunting 'till-my grave nigga\nStrapped with the 40, shit real out chea\nTalking about the purpose smoking fills outchea (han)\nStingy with the money, but the shells I shed\nAnd my nigga rip the gold off ya grill out chea\nPull up in a tank (tank), cup full of drank (drank)\nMake 10 mill, stuff it in a bank (bank)\n50 on a rollie, 100 on a link (bling!)\nThink you an animal turn you to a mank (woo!)\nThrowing dust, throwing bullets (bullet), stunting on the po pull up\nTop-off, car-hooded, this-South-Bronx-boogie\nOwwww"
                    }, 
                    {
                        "header": "[Verse 3: A$AP Ferg]", 
                        "text hash": "6391d08d3920fadaae2e18d96fa3adf8", 
                        "artist": "A$AP Ferg", 
                        "text": "Uh\nHarlem nigga with the gold teeth\nHilfiger nigga, only OG\nHilfiger niggas, only 4 deep\nBut for real, a trilla' nigga bring the whole street\nFour trill bitches on my Rollie\nMontana hammer, like I'm Tony\nCocaina \u2018til her nose bleed\nMake a girl wanna cuff like the police\nThat flacko nigga goldie\nMe and Rocky like Apollo Creed\nRelax to the max, no cozy\nBig dogs on the crib but I'm low-key\nDon't f\u00fack with them niggas that be phony\nYour BM dont even know me\nShe all on my wang, Alexander Wang\nYeah, Margiela feel the leather - 4G\nThese Ape's on my feet, make my cypher complete\nMake girls scream \"Lord\" like I am a priest\nI'm a boss nigga, climbing seas\nJust collect cash while designing sneaks\nWhite gold teeth every time I speak\n3 thou for the smile, nigga I'm a G\nBetter talk to me nice, nigga I'm a chief\nYou dealing with a boss, so I need PC\nYeah, I'm bout this bread\nI'm bout this dough\nI'm bout this dough\nOoooo-ooo, ooooo, ooooo"
                    }, 
                    {
                        "header": "[Verse 4: Kid Ink]", 
                        "text hash": "e53d4508ab294aca1eea34459ac1ff91", 
                        "artist": "Kid Ink", 
                        "text": "Keep it 1 hunnit\n1 hunnit in one's\nIf you tryna have some fun\nFunds up get you some\nThe sum of it all (all), all this money in my draw (yeah)\nDraw these hoes to my car (egh)\nAdd it up, how I ball (go)\nYeah that's bossin' up, but don't bother us\nSteady poppin' in, so popular\nLove poppin' shit, its Rocketship\nMight take off, so out of here (here)\nHere we go again (gain), given in to sin\nSo sincere since last night, til 6 going in\nSun shine, see the glare (glare), no we ain't playing fare (no)\nAnd you ain't really bout that paper, if it ain't enough to share (what)\nActing like I been on vacation, tell a mother fucker I ain't going no where\nOn my own, playing the cards like the game is solitaire, yeah"
                    }
                ], 
                "hooks": [
                    {
                        "header": "[Hook: x2]", 
                        "text hash": "ffbc8649a200b91714ebed2eaf9e4129", 
                        "artist": "x2", 
                        "text": "V-v-valet park my whip nigga (uh)\nHammer time for my chips nigga\nBossin' up, add it up\nYour girlfriend choosin' so you mad as fuck, okay\nChillin' with my coalition nigga's rackin' up\nBossin' up, add it up\nBossin' up, add it up\nA lil' Louis but my bitch wants some bags and stuff"
                    }, 
                    {
                        "header": "[Hook]", 
                        "text hash": "69ffc223d92e0232f7f08b3fc6142989", 
                        "artist": "Kid Ink", 
                        "text": "[Outro: fading out ] Bags and stuff (x6)\n\n\n\n\n  "
                    }
                ]
            }, 
            "order": [
                "[Hook: x2]", 
                "[Verse 1: Kid Ink]", 
                "[Hook: x2]", 
                "[Verse 2: French Monatana]", 
                "[Hook: (x2)]", 
                "[Verse 3: A$AP Ferg]", 
                "[Hook]", 
                "[Verse 4: Kid Ink]", 
                "[Hook]"
            ], 
            "artist": "Kid Ink"
        }
    },
    "Main Chick (Remix 2)": {
        "raw": "\n    \n  [Intro: Chris Brown]\nI told her \"fuck that nigga\"\n(Mustard on the beat ho)\n\n[Hook: Chris Brown]\nI don't know your name, but you've heard my name\nI know why you came...\nTryna get that name, but you've heard my name\nGirl I know you wanna be my main chick, my main chick\nI said fuck whoever you came with, who you came with\nI told her \"Fuck that nigga\"\n(I don't know ya)\n\n[Verse 1: Kid Ink]\nSaid, \u201cI don\u2019t know you\u201d playing\nBut I know you came all the way to the bus so you more than a fan\nTryna get a picture, I\u2019m just saying\nNeed a photobomb for that Instagram\nWoah, went to get high, got a blunt rolled\nI know I see you in the front row, tryna get all my attention\nThrowing your back got me reminiscing\nHotel right around the corner, no mission\nHoes tell real freaks play they position\nStraight to the benches, get too foul\nJust make a decision, is you down?\nLights out, I had way too much to drink\nAll these girls look like the same chick\nBut I don\u2019t know one thing\n\n[Hook]\n\n[Verse 2: French Montana]\nYou know he\u2019s a lame, come around with the game\nSlick Rick chain, shawty wanna be my main\nPlane to the boat then the boat to the plane\n26 on a ride fill up both lanes\nTalk, go outside, we be sitting in the paint\nShawty wanna know my name, but you know my name\nMontana what they call me, champagne, caviar\nDoors up, panites off, and you know I put my city up\nYou know my name, Montana\n(Mustard on the beat ho)\n\n[Hook]\n\n[Verse 3: Tyga]\nAll on my line with the same text\nFresh off the P.Jet trynna get your pussy wet\nYou super ready, shawty I know that\nIf homie got a problem, we address him, tell him hold that\nTote that, all my niggas flame up the yoda\nWe could leave in the roaster\nDoing shit you ain't suppose ta\nRozzay, rolex, sex in your new Lex\nGot a lot of condos I could put you in one\nT-raw I'm something like your papi now, she getting use to me\nShe happy now, watching bridesmaids, think she got it made now\nAss up, face down, puff, pass the weed around\nYoung hitter, she just wanna doggy style\nPumping snoop album now, balling on the balcony\nWhat's your name, Natalie\nI ain't even asking ya, I just know you bad as fuck\nBut I don\u2019t\u2026\n\n[Hook]\n\n[Verse 4: Yo Gotti]\nShe want the bad, want the Cad\nWant the key to the pad, want the lab now that\u2019s a yellow flag\nBlack and white jet, shit look like an oreo\nShawty met your homie, so you know how the story go\nGunned it, ooh kill em, talkin' Terio\nI\u2019m a street nigga, so you know the scenario\nI can\u2019t trust these hoes, I can\u2019t do it\nShawty she a thot, already done been through it\nI want a real chick, I can chill with, count a mil with\nHis and her\u2019s rollies and Glocks, that\u2019s that real shit\nI don\u2019t want your IG or your Twitter\nJust want you for the night but don't be bitter\n\n[Hook]\n\n[Verse 5: Lil Bibby]\nShawty see a young nigga gettin' money\nShe don't even know me and she talkin' 'bout she love me\nLaughin' to the bank, man that shit so funny\nShe know I'm a big dog, nigga, you a little puppy\nMan, hoes all in my section, you a man, she said it to her  best friend\nMess around you will get a ten, get back \u2018fore you meet my Smith and Wesson\nAy, like shawty what it is though? Shout to the spot, I\u2019mma text you the info\nI\u2019m with my niggas so make sure you bring some friends ho\nI call her nanny how she pick up on her kids though\n\n[Hook]\n\n\n\n\n  ", 
        "pro": {
            "features": [
                "Chris Brown", 
                "French Montana", 
                "Lil Bibby", 
                "Tyga", 
                "Yo Gotti"
            ], 
            "producers": [
                "DJ Mustard"
            ], 
            "blocks": {
                "verses": [
                    {
                        "header": "[Verse 1: Kid Ink]", 
                        "text hash": "71c1eff3dac96c09dccd3f110b4db2f9", 
                        "artist": "Kid Ink", 
                        "text": "Said, \u201cI don\u2019t know you\u201d playing\nBut I know you came all the way to the bus so you more than a fan\nTryna get a picture, I\u2019m just saying\nNeed a photobomb for that Instagram\nWoah, went to get high, got a blunt rolled\nI know I see you in the front row, tryna get all my attention\nThrowing your back got me reminiscing\nHotel right around the corner, no mission\nHoes tell real freaks play they position\nStraight to the benches, get too foul\nJust make a decision, is you down?\nLights out, I had way too much to drink\nAll these girls look like the same chick\nBut I don\u2019t know one thing"
                    }, 
                    {
                        "header": "[Verse 2: French Montana]", 
                        "text hash": "d7f7966dbed762d8b49e396597677e53", 
                        "artist": "French Montana", 
                        "text": "You know he\u2019s a lame, come around with the game\nSlick Rick chain, shawty wanna be my main\nPlane to the boat then the boat to the plane\n26 on a ride fill up both lanes\nTalk, go outside, we be sitting in the paint\nShawty wanna know my name, but you know my name\nMontana what they call me, champagne, caviar\nDoors up, panites off, and you know I put my city up\nYou know my name, Montana\n(Mustard on the beat ho)"
                    }, 
                    {
                        "header": "[Verse 3: Tyga]", 
                        "text hash": "30c0c17a879e5b6975f02a269bb44eeb", 
                        "artist": "Tyga", 
                        "text": "All on my line with the same text\nFresh off the P.Jet trynna get your pussy wet\nYou super ready, shawty I know that\nIf homie got a problem, we address him, tell him hold that\nTote that, all my niggas flame up the yoda\nWe could leave in the roaster\nDoing shit you ain't suppose ta\nRozzay, rolex, sex in your new Lex\nGot a lot of condos I could put you in one\nT-raw I'm something like your papi now, she getting use to me\nShe happy now, watching bridesmaids, think she got it made now\nAss up, face down, puff, pass the weed around\nYoung hitter, she just wanna doggy style\nPumping snoop album now, balling on the balcony\nWhat's your name, Natalie\nI ain't even asking ya, I just know you bad as fuck\nBut I don\u2019t\u2026"
                    }, 
                    {
                        "header": "[Verse 4: Yo Gotti]", 
                        "text hash": "7e67d960782aacdb6004980bd685aabe", 
                        "artist": "Yo Gotti", 
                        "text": "She want the bad, want the Cad\nWant the key to the pad, want the lab now that\u2019s a yellow flag\nBlack and white jet, shit look like an oreo\nShawty met your homie, so you know how the story go\nGunned it, ooh kill em, talkin' Terio\nI\u2019m a street nigga, so you know the scenario\nI can\u2019t trust these hoes, I can\u2019t do it\nShawty she a thot, already done been through it\nI want a real chick, I can chill with, count a mil with\nHis and her\u2019s rollies and Glocks, that\u2019s that real shit\nI don\u2019t want your IG or your Twitter\nJust want you for the night but don't be bitter"
                    }, 
                    {
                        "header": "[Verse 5: Lil Bibby]", 
                        "text hash": "bf04a839d82e63e57151e7c90deabff5", 
                        "artist": "Lil Bibby", 
                        "text": "Shawty see a young nigga gettin' money\nShe don't even know me and she talkin' 'bout she love me\nLaughin' to the bank, man that shit so funny\nShe know I'm a big dog, nigga, you a little puppy\nMan, hoes all in my section, you a man, she said it to her  best friend\nMess around you will get a ten, get back \u2018fore you meet my Smith and Wesson\nAy, like shawty what it is though? Shout to the spot, I\u2019mma text you the info\nI\u2019m with my niggas so make sure you bring some friends ho\nI call her nanny how she pick up on her kids though"
                    }
                ], 
                "hooks": [
                    {
                        "header": "[Hook: Chris Brown]", 
                        "text hash": "e09537dfb733069c3d496a6fafdfa0ba", 
                        "artist": "Chris Brown", 
                        "text": "I don't know your name, but you've heard my name\nI know why you came...\nTryna get that name, but you've heard my name\nGirl I know you wanna be my main chick, my main chick\nI said fuck whoever you came with, who you came with\nI told her \"Fuck that nigga\"\n(I don't know ya)"
                    }
                ], 
                "intro": [
                    {
                        "header": "[Intro: Chris Brown]", 
                        "text hash": "913be272b04594473c2f063d27551f4e", 
                        "artist": "Chris Brown", 
                        "text": "I told her \"fuck that nigga\"\n(Mustard on the beat ho)"
                    }
                ]
            }, 
            "order": [
                "[Intro: Chris Brown]", 
                "[Hook: Chris Brown]", 
                "[Verse 1: Kid Ink]", 
                "[Hook]", 
                "[Verse 2: French Montana]", 
                "[Hook]", 
                "[Verse 3: Tyga]", 
                "[Hook]", 
                "[Verse 4: Yo Gotti]", 
                "[Hook]", 
                "[Verse 5: Lil Bibby]", 
                "[Hook]"
            ], 
            "artist": "Kid Ink"
        }
    }
}