{
    "Vortex": {
        "raw": "\n    \n  [Hook: Kid Cudi]\nJust one look at your body girl\nI want to move with your body girl\nI want to live in your vortex\nYou know what is coming next\nI'm close to your body girl\nCan I have it? Can I? Please?\nCan I have it? Can I? Please?\n\n[Verse 1: Pusha T]\nI gots to have it, just let me grab it\nGot an ass so big she gotta drag it\nDon't mean to come off like a savage\nBut this the talk when you tricking like it's magic\nThis is London (YES), this is Harrod's (YES)\nMissed opportunities could be tragic\nAnd once I bag it, you know I bags it\nCeline section of your closet look like a Parrot\nAll colors, all shapes, all sizes\nBows on 'em knowing how you like surprises (YEUGH)\nThe world is yours baby, more or less\nAnything just to lay up in your vortex (GO)\n\n[Hook: Kid Cudi]\n\n[Verse 2: King Chip]\nI've never been so ready to be caught off guard\nHad a menage in a car parked in the yard\nShe a thug, she keep a weapon, she look angelic\nHer skin tone is hypnotizing, let you tell it\nShe Doctor Romaneli my telly and suck me heavy\nShe gross heavy, her net worth is ever steady\nWhen she was young I gave her game, now she cold\nYea she keep them whips, mama live alone\nShe took me shopping, we got it popping, her body nice\nMy time is money, she want to spend it, she got a price\nShe got a home girl just as bad and uber-rich\nThe world usually cold, mama you a glitch\nMy neck hurt from double taking a second look\nEven though you got money, was hoping you could cook\nWas hoping you'd make a nigga squirm on the couch\nPut this in your soul 'til you whisper ouch\n\n[Hook: Kid Cudi]\n\n\n\n\n  ", 
        "pro": {
            "features": [
                "Kid Cudi", 
                "Pusha T"
            ], 
            "producers": [
                "WZRD"
            ], 
            "blocks": {
                "verses": [
                    {
                        "header": "[Verse 1: Pusha T]", 
                        "text hash": "f9b21120b7ef7234598d3ff5163c89fd", 
                        "artist": "Pusha T", 
                        "text": "I gots to have it, just let me grab it\nGot an ass so big she gotta drag it\nDon't mean to come off like a savage\nBut this the talk when you tricking like it's magic\nThis is London (YES), this is Harrod's (YES)\nMissed opportunities could be tragic\nAnd once I bag it, you know I bags it\nCeline section of your closet look like a Parrot\nAll colors, all shapes, all sizes\nBows on 'em knowing how you like surprises (YEUGH)\nThe world is yours baby, more or less\nAnything just to lay up in your vortex (GO)"
                    }, 
                    {
                        "header": "[Verse 2: King Chip]", 
                        "text hash": "f227008b62dc049609c2d7f62c2bbcc3", 
                        "artist": "King Chip", 
                        "text": "I've never been so ready to be caught off guard\nHad a menage in a car parked in the yard\nShe a thug, she keep a weapon, she look angelic\nHer skin tone is hypnotizing, let you tell it\nShe Doctor Romaneli my telly and suck me heavy\nShe gross heavy, her net worth is ever steady\nWhen she was young I gave her game, now she cold\nYea she keep them whips, mama live alone\nShe took me shopping, we got it popping, her body nice\nMy time is money, she want to spend it, she got a price\nShe got a home girl just as bad and uber-rich\nThe world usually cold, mama you a glitch\nMy neck hurt from double taking a second look\nEven though you got money, was hoping you could cook\nWas hoping you'd make a nigga squirm on the couch\nPut this in your soul 'til you whisper ouch"
                    }
                ], 
                "hooks": [
                    {
                        "header": "[Hook: Kid Cudi]", 
                        "text hash": "c53d671da6beba700ca9ffb5d6102649", 
                        "artist": "Kid Cudi", 
                        "text": "Just one look at your body girl\nI want to move with your body girl\nI want to live in your vortex\nYou know what is coming next\nI'm close to your body girl\nCan I have it? Can I? Please?\nCan I have it? Can I? Please?"
                    }
                ]
            }, 
            "order": [
                "[Hook: Kid Cudi]", 
                "[Verse 1: Pusha T]", 
                "[Hook: Kid Cudi]", 
                "[Verse 2: King Chip]", 
                "[Hook: Kid Cudi]"
            ], 
            "artist": "King Chip"
        }
    }
}