{
    "9 to 5": {
        "raw": "\n    \n  (Hook: LaVish)\nEveryday, I'm out here working\nTrying to find my purpose, baby\nAnd when the money comin' slow\nYou talkin'bout you wanna go\nFunny how when I was paid\nYour ass wouldn't stay away but hey\nI ain't tripping cuz I'm on my grind\nFuck being in love, and a 9 to 5\n\n(Verse 1: Vince Staples)\nSo you wanna sit and talk about I ain't got shit\nBut I remember I was broke and you was on my dick\nI fucked up when I bought your stupid ass a Christmas gift\nAnd now you act like I owe you shit\nBitch, well I don't mean to call you that, but\nMy mother taught me judge a woman based on how she acts\nAnd you wanna down a brother cuz he ain't got stacks\nCall it drama, and you wonder why Rihanna got slapped\nBut I won't do that, no I ain't too cool for the extras\nI'd much rather mention, you know I won't forget you\nOops, I smell the cheddar, grab my shit, and then I hurry out\nAsk me where I'm goin', don't worry 'bout my wherabouts\nWho you think you fucking with? was up on some My Girl Ruckus shit\nNow I'm on some Mrs. Celie purple colored grubber shit\nUsed to be the one love in my life\nAnd now you don't mean shit so you must think twice, bye\n\n(hook)\n\n(Verse 2: LaVish)\nIt's like damn, why she wanna stick me for my paper?\nA ho is a ho and I seem to only date 'em\nWhat happened to the girl that's afraid to have sex\nNow you all up in the club with a skimpy ass dress\nYour fake ass breasts, but I don't even stress\nAnd when I draw my team, I don't need a lesson\nYour bunnies in the mall with your friends at Hot Topic\nAnd wait what you doin' with that pamper, the high grits\nMy life is probly likely, don't love you bitch you know that\nAnd I was your people when I asked you \"where the hoes at?\"\nAnd you can find me where the clothes at\nTryna locate me, bitch, fuck a low jack\nCalm your ass down, and buy yourself a Prozac\nAlways in my business, \"fuck you, where the girl at?\"\nYou had a life before, so bitch you need to go back\nAnd I'm just a memory, picture me, and kodak, kodak, yeah\n\n(hook)\n\n\n\n\n  ", 
        "pro": {
            "features": [
                "Vince Staples"
            ], 
            "blocks": {
                "verses": [
                    {
                        "header": "(Verse 1: Vince Staples)", 
                        "text hash": "c932723b5b7cd09affe8a73141456a9e", 
                        "artist": "Vince Staples", 
                        "text": "So you wanna sit and talk about I ain't got shit\nBut I remember I was broke and you was on my dick\nI fucked up when I bought your stupid ass a Christmas gift\nAnd now you act like I owe you shit\nBitch, well I don't mean to call you that, but\nMy mother taught me judge a woman based on how she acts\nAnd you wanna down a brother cuz he ain't got stacks\nCall it drama, and you wonder why Rihanna got slapped\nBut I won't do that, no I ain't too cool for the extras\nI'd much rather mention, you know I won't forget you\nOops, I smell the cheddar, grab my shit, and then I hurry out\nAsk me where I'm goin', don't worry 'bout my wherabouts\nWho you think you fucking with? was up on some My Girl Ruckus shit\nNow I'm on some Mrs. Celie purple colored grubber shit\nUsed to be the one love in my life\nAnd now you don't mean shit so you must think twice, bye"
                    }, 
                    {
                        "header": "(Verse 2: LaVish)", 
                        "text hash": "8df1f308d35c34c2ef1a381af01cffb9", 
                        "artist": "LaVish)", 
                        "text": "It's like damn, why she wanna stick me for my paper?\nA ho is a ho and I seem to only date 'em\nWhat happened to the girl that's afraid to have sex\nNow you all up in the club with a skimpy ass dress\nYour fake ass breasts, but I don't even stress\nAnd when I draw my team, I don't need a lesson\nYour bunnies in the mall with your friends at Hot Topic\nAnd wait what you doin' with that pamper, the high grits\nMy life is probly likely, don't love you bitch you know that\nAnd I was your people when I asked you \"where the hoes at?\"\nAnd you can find me where the clothes at\nTryna locate me, bitch, fuck a low jack\nCalm your ass down, and buy yourself a Prozac\nAlways in my business, \"fuck you, where the girl at?\"\nYou had a life before, so bitch you need to go back\nAnd I'm just a memory, picture me, and kodak, kodak, yeah"
                    }
                ], 
                "hooks": [
                    {
                        "header": "    \n  (Hook: LaVish)", 
                        "text hash": "21986966bc3be5622214abad0a9b884d", 
                        "artist": "LaVish)", 
                        "text": "Everyday, I'm out here working\nTrying to find my purpose, baby\nAnd when the money comin' slow\nYou talkin'bout you wanna go\nFunny how when I was paid\nYour ass wouldn't stay away but hey\nI ain't tripping cuz I'm on my grind\nFuck being in love, and a 9 to 5"
                    }
                ]
            }, 
            "order": [
                "(Hook: LaVish)", 
                "(Verse 1: Vince Staples)", 
                "(hook)", 
                "(Verse 2: LaVish)", 
                "(hook)"
            ], 
            "artist": "Lavish"
        }
    }
}