{
    "Amazing Amy": {
        "raw": "\n    \n  [Intro]\nWhoa, I'm in love with that ho bro\n\n[Verse 1: Lil Wayne]\nShe crazy as fuck but she sexy as fuck\nAnd she just hit me up, she text me \"let's fuck\"\nI'm just waking up but fuck it I'm up\nOoh! I'm on my way (where?)\nGet out my way bump-bump-bump-bump\nI'm Norman Bates and this bitch ain't normal, our kids gon be nuts\nBut when I had the yay\nAnd the police would come she wouldn't give me up\nShe knew what not to say\nAnd when they would leave, she gave me heads up\nLord I feel like Plies, that's my lil' baby\nBut that bitch so crazy\nThat bitch gon kill me, and then she'll be famous, that'll be crazy\nAmazing Amy, amazing Amy, my bitch so crazy\nBut that's my bitch though, I must be crazier, she must be schizo\nFuck it, I love her, fuck it, I love her, don't fuck with my lover\nBoy I'll put you under\nHer last nigga shunned her, she ride me like Honda\nAmazing Amy, amazing Amy, that bitch so crazy\nThat bitch gon' kill me, then she'll be famous\nThat's what's amazing\nBut I'm in love with that ho though\nEven though she loco\nThat pussy got me bozo\nI'm in love with that ho bro\nAmazing Amy, amazing Amy, my bitch so crazy\nThat bitch gon' kill me, then she'll be famous\nThat's so amazing\n\n[Hook: Lil Wayne]\nShe's so amazing\nLord I feel like Plies, that's my lil' baby\nThat bitch gon kill me, that'll be crazy\nBut that's what's amazing, that's my lil' baby\nThat bitch so crazy, amazing Amy\n(Just wait on it, just wait on it)\nAnd this that Sorry 4 The Wait, Amy\n(Just wait on it, just wait on it, just wait on it)\nAnd I'm so sorry for the wait, Amy...\n\n[Verse 2: Quavo]\nShe told me wait on it\nI told her she gon have to put a date on it\nYou already let Tunechi skate on it\nMy hook in the water, lil' mama, she bait on it\nDamn, I mean she bite on it\nKawasaki she can ride on it\nShe too good for me like some vitamins\nShe swallowed the dick like a Heineken\nI love her she came with a frying pan\nHer mama black, her daddy from Japan\nSo amazing she deserve a Birkin bag\nShe so crazy she gonna take all of my cash\nShe in love with my money\nAnd I am so crazy I'm gonna keep spending blue hunnids\nAnd for the jabronis\nWaiting for Migos and Wayne to fall off\nNigga you can wait on it\n\n[Verse 3: Offset]\nChoppa like Tony watch how I do my opponent\nWait on my moment I beat it I own it\nKeep that thang on me you won't catch me lonely\nShe wanna suck and fuck and put it on me\nShe plotting on me trynna get some money\nHad to cut her cause the millions coming\nRun off with the work, started trappin dummies\nCaucasian, Black and Asian you amazing\nWe poppin' them seals we not in the Navy\nWe won't take a deal cause we got the paper\nThat people hate it, we still nominated\nYoung Rich Niggas yeah we graduated\nI got bitches in the kitchen cookin' Sarah Palin\nSmoking up the gas bag you can smell the fragrance\nGot me buying handbags, man this bitch is crazy\n\n[Verse 4: Takeoff]\nAmazing Amy\nAmy wanna have my baby\n(Nah) she been patiently waiting\nWaitin' for me to get famous\nWant me to buy her Mercedes\nI thumb through the check then I looked at her crazy\nI'm focused on the M&M's\nYou want Benjamin Franklins you gotta have patience\nI pull up in the coupe and its disabled\nI'm drinking on maple these bitches watching me on cable\nNigga's trynna copy but they can't be the creator\nI'm a legend, feel like Will Smith, can you be my Jada?\nAnd I'm in the Oakland Audi looking like a Raider\nWhen the Migos in your city we pack out your stadium\nIn the kitchen with the Dominican's I'm creating em'\nTrappin and dabbin', pull up at the bando I'm raiding it!\n\n[Hook: Lil Wayne]\n\n[Outro: Quavo]\nAmazing, amazing, ohh kill me! Crazy!\nAmazing Amy! Oh! Oh!\n\n\n\n\n  ", 
        "pro": {
            "features": [
                "Migos"
            ], 
            "producers": [
                "London on da Track"
            ], 
            "blocks": {
                "verses": [
                    {
                        "header": "[Verse 1: Lil Wayne]", 
                        "text hash": "8d81e3211f57d24f441e754f0d4f704b", 
                        "artist": "Lil Wayne", 
                        "text": "She crazy as fuck but she sexy as fuck\nAnd she just hit me up, she text me \"let's fuck\"\nI'm just waking up but fuck it I'm up\nOoh! I'm on my way (where?)\nGet out my way bump-bump-bump-bump\nI'm Norman Bates and this bitch ain't normal, our kids gon be nuts\nBut when I had the yay\nAnd the police would come she wouldn't give me up\nShe knew what not to say\nAnd when they would leave, she gave me heads up\nLord I feel like Plies, that's my lil' baby\nBut that bitch so crazy\nThat bitch gon kill me, and then she'll be famous, that'll be crazy\nAmazing Amy, amazing Amy, my bitch so crazy\nBut that's my bitch though, I must be crazier, she must be schizo\nFuck it, I love her, fuck it, I love her, don't fuck with my lover\nBoy I'll put you under\nHer last nigga shunned her, she ride me like Honda\nAmazing Amy, amazing Amy, that bitch so crazy\nThat bitch gon' kill me, then she'll be famous\nThat's what's amazing\nBut I'm in love with that ho though\nEven though she loco\nThat pussy got me bozo\nI'm in love with that ho bro\nAmazing Amy, amazing Amy, my bitch so crazy\nThat bitch gon' kill me, then she'll be famous\nThat's so amazing"
                    }, 
                    {
                        "header": "[Verse 2: Quavo]", 
                        "text hash": "c267375db43f9d2f206cc7dca8dbb290", 
                        "artist": "Quavo", 
                        "text": "She told me wait on it\nI told her she gon have to put a date on it\nYou already let Tunechi skate on it\nMy hook in the water, lil' mama, she bait on it\nDamn, I mean she bite on it\nKawasaki she can ride on it\nShe too good for me like some vitamins\nShe swallowed the dick like a Heineken\nI love her she came with a frying pan\nHer mama black, her daddy from Japan\nSo amazing she deserve a Birkin bag\nShe so crazy she gonna take all of my cash\nShe in love with my money\nAnd I am so crazy I'm gonna keep spending blue hunnids\nAnd for the jabronis\nWaiting for Migos and Wayne to fall off\nNigga you can wait on it"
                    }, 
                    {
                        "header": "[Verse 3: Offset]", 
                        "text hash": "2103a44ede44f1b3f493c589e4c74df6", 
                        "artist": "Offset", 
                        "text": "Choppa like Tony watch how I do my opponent\nWait on my moment I beat it I own it\nKeep that thang on me you won't catch me lonely\nShe wanna suck and fuck and put it on me\nShe plotting on me trynna get some money\nHad to cut her cause the millions coming\nRun off with the work, started trappin dummies\nCaucasian, Black and Asian you amazing\nWe poppin' them seals we not in the Navy\nWe won't take a deal cause we got the paper\nThat people hate it, we still nominated\nYoung Rich Niggas yeah we graduated\nI got bitches in the kitchen cookin' Sarah Palin\nSmoking up the gas bag you can smell the fragrance\nGot me buying handbags, man this bitch is crazy"
                    }, 
                    {
                        "header": "[Verse 4: Takeoff]", 
                        "text hash": "cc930e99ed87b251cae6dd15fa6390bb", 
                        "artist": "Takeoff", 
                        "text": "Amazing Amy\nAmy wanna have my baby\n(Nah) she been patiently waiting\nWaitin' for me to get famous\nWant me to buy her Mercedes\nI thumb through the check then I looked at her crazy\nI'm focused on the M&M's\nYou want Benjamin Franklins you gotta have patience\nI pull up in the coupe and its disabled\nI'm drinking on maple these bitches watching me on cable\nNigga's trynna copy but they can't be the creator\nI'm a legend, feel like Will Smith, can you be my Jada?\nAnd I'm in the Oakland Audi looking like a Raider\nWhen the Migos in your city we pack out your stadium\nIn the kitchen with the Dominican's I'm creating em'\nTrappin and dabbin', pull up at the bando I'm raiding it!"
                    }
                ], 
                "hooks": [
                    {
                        "header": "[Hook: Lil Wayne]", 
                        "text hash": "b0fa1f7e6afb57083c48307cf94be38d", 
                        "artist": "Lil Wayne", 
                        "text": "She's so amazing\nLord I feel like Plies, that's my lil' baby\nThat bitch gon kill me, that'll be crazy\nBut that's what's amazing, that's my lil' baby\nThat bitch so crazy, amazing Amy\n(Just wait on it, just wait on it)\nAnd this that Sorry 4 The Wait, Amy\n(Just wait on it, just wait on it, just wait on it)\nAnd I'm so sorry for the wait, Amy..."
                    }
                ], 
                "intro": [
                    {
                        "header": "[Intro]", 
                        "text hash": "784ee88edf60fcb2ec6a46e752c61803", 
                        "artist": "Lil Wayne", 
                        "text": "Whoa, I'm in love with that ho bro"
                    }
                ], 
                "remainders": [
                    {
                        "header": "[Outro: Quavo]", 
                        "text hash": "ff0771591f639089d41d4500a5f580ce", 
                        "artist": "Quavo", 
                        "text": "Amazing, amazing, ohh kill me! Crazy!\nAmazing Amy! Oh! Oh!\n\n\n\n\n  "
                    }
                ]
            }, 
            "order": [
                "[Intro]", 
                "[Verse 1: Lil Wayne]", 
                "[Hook: Lil Wayne]", 
                "[Verse 2: Quavo]", 
                "[Verse 3: Offset]", 
                "[Verse 4: Takeoff]", 
                "[Hook: Lil Wayne]", 
                "[Outro: Quavo]"
            ], 
            "artist": "Lil Wayne"
        }
    }
}