{
    "Lil Niggaz": {
        "raw": "\n    \n  [Produced by Dree The Drummer]\n\n[Intro: Lil Durk]\nYea, let's get it\nYou niggas talk like big niggas\nThese niggas ain't done shit\nWell free my niggas\nYeeeaaaah\nTweak with my squad\nI'm [?] if you tweak with my squad\nDon't tweak with my squad\nLil nigga, lil nigga\nLil nigga, lil nigga\nLet's get it!\n\n[Hook: Lil Durk]\nIt look bad for a nigga, funeral setup, I be all sad for a nigga\n40 Ruger shooters, gave all that I had for a nigga\nWhere you from, what's your past lil nigga?\nAnd you broke and you mad lil nigga?\nFuck a price what the tag lil nigga?\nMy shooters on deck playin' tag lil nigga\nYou can't get a pass lil nigga\nGet caught, that's your ass lil nigga\nYou movin' too fast lil nigga\nYou tweak with the squad, that's your ass lil nigga\nLil nigga, lil nigga, lil nigga, lil nigga\nTweak with my squad, that's your ass lil nigga\n\n[Verse 1: Lil Durk]\nYour niggas wanna tweak with my niggas\nI'm a dog, Imma eat with my niggas\nTwitter beefing, that ain't me lil nigga\nLocation on and we can meet lil nigga\nWifey holding down the street with my niggas\nMy gang claim three lil nigga\nAll this shit, that ain't me lil nigga\nGot killers, every gang with me lil nigga\nOne time, shooters that's four-nine\nPut a murder on bro that's more time\nUp mine, Imma shoot thirty four time\nOr nah, cook a brick or nah?\nNiggas say he ain't snitching but I know he lying\nLil nigga, lil nigga\nGet money, get bigger\nThem niggas ain't with ya'\nTalk loud and get switched lil nigga\nAnd we big niggas, and I lost a lot of shit, nigga (Let's get it)\nSip lean, get the kick, lil nigga\nWho you with lil nigga\nWhere you from? You can't flip lil niggas\nAnd we the shit lil niggas\nI'm gone, how they sick lil niggas\nAnybody tic lil nigga\nWhere you from? You ain't from where I from lil nigga\n\n[Hook: Lil Durk]\n\n[Verse 2: Offset]\nYou a lil nigga and I'm a big dog (huh?)\nYou can die quick, nigga, only one call\nI'm at the top and I'm never gone fall\nHundred round, make it clap like applause\nI pull up with Durk, hop out the vert (skrr, skrr)\n(Braw Kraw!) six feet under the dirt\nMy diamonds is watery, you can come surf (water)\nMy plug is an alien not from this Earth\nI had a dream like Mr. King (dream)\nGeekin', I need some Visine (Get it)\nGettin' money, runnin' all in my jeans (money)\nBack in the day used to serve all the fiends (back Pimp C)\nActavis, I need lean (drink)\nPorsche Panoramic, Forgiatos on the feet (panorama)\nYoung Rich Nigga, you ain't seen what I seen (no)\nI used to trap mid as a team (I did)\nYou niggas be copyin' my swag, you a clone (copy)\nGiuseppe steppin', ain't no Foams (Giuseppe)\nMy bitch just landed here from Rome (bad)\nHop in the 'Rari, we gone (skrr, skrr)\n\n[Hook: Lil Durk]\n\n[Verse 3: Cash Out]\nYou know I get money, I pull up in foreigns, I jump out with shooters\nHe talk about robbin', we lay in these yard and bust his medula (we bustin' his head)\nA million a day, when I'm in the trap I feel like Frank Lucas (I'm feelin' like him)\nI iced out the Rollies, and stepped out the place, I only eat sushi\nYou know what I'm sippin', you know what I'm grippin' (you know what's on call)\nI'm all on that, boss niggas got passes I know that they crippin' (you know what I'm crippin')\nGive 'em the fork and give 'em the bowl, I know they ain't whippin' (I know they ain't in the pot)\nDurk in from [?], I brought 'em to the trap and showed 'em my vision (and show 'em what's up)\nMy shooters no clubbin' (my shooters no clubbin')\nMy shooters straight thuggin' (straight thuggin' forreal)\nYour shooters, they bluffin'\nThey go the feds and give 'em discussions (they give 'em discussions)\nWhip it up, whip it up, baby I'm up in the bowl (I'm up in the bowl)\nBack then, show money on your head, he dead on the stove (he dead on the stove)\n\n[Hook: Lil Durk]\n\n[Verse 4: Quavo]\nNone of my niggas is innocent (nah)\nNone of my niggas is witness (whoo)\nI pull up, unload it, extensions\nWalk in the trap and see pigeons\nBirds (birds)\nMigos, Lil Durk, Cash Out on the curb\nSkippa Da Flippa itching for body, give him the word\nBet you won't bust a move\nAll my niggas got choppers, they'll damage you\nBet you won't bust a move\nHave a nigga floatin' in the Chattahoochee river, fool\nShe cook it so fancy (whip, whip)\nYou niggas can't stand it (ha)\nWhen I whip it, the Jays they love it\nI'm cooking a brick and they call me McLuvin'\nTrap or die nigga, no Jeezy, corporate thuggin'\nAll of my niggas got gas and dirty sticks all out in public\nMy cup is so dirty, I'm drinkin' on Ruxman (lean, lean, dirty)\nYou niggas is soft, lookin' like Telletub-man\n\n[Hook: Lil Durk]\n\n\n\n\n  ", 
        "pro": {
            "features": [
                "Ca$h Out", 
                "Migos"
            ], 
            "producers": [
                "Dree The Drummer"
            ], 
            "blocks": {
                "verses": [
                    {
                        "header": "[Verse 1: Lil Durk]", 
                        "text hash": "06f35bf696d964eb18da7299c63a0c2b", 
                        "artist": "Lil Durk", 
                        "text": "Your niggas wanna tweak with my niggas\nI'm a dog, Imma eat with my niggas\nTwitter beefing, that ain't me lil nigga\nLocation on and we can meet lil nigga\nWifey holding down the street with my niggas\nMy gang claim three lil nigga\nAll this shit, that ain't me lil nigga\nGot killers, every gang with me lil nigga\nOne time, shooters that's four-nine\nPut a murder on bro that's more time\nUp mine, Imma shoot thirty four time\nOr nah, cook a brick or nah?\nNiggas say he ain't snitching but I know he lying\nLil nigga, lil nigga\nGet money, get bigger\nThem niggas ain't with ya'\nTalk loud and get switched lil nigga\nAnd we big niggas, and I lost a lot of shit, nigga (Let's get it)\nSip lean, get the kick, lil nigga\nWho you with lil nigga\nWhere you from? You can't flip lil niggas\nAnd we the shit lil niggas\nI'm gone, how they sick lil niggas\nAnybody tic lil nigga\nWhere you from? You ain't from where I from lil nigga"
                    }, 
                    {
                        "header": "[Verse 2: Offset]", 
                        "text hash": "ae44d9a4b80529250be403159fcc726e", 
                        "artist": "Offset", 
                        "text": "You a lil nigga and I'm a big dog (huh?)\nYou can die quick, nigga, only one call\nI'm at the top and I'm never gone fall\nHundred round, make it clap like applause\nI pull up with Durk, hop out the vert (skrr, skrr)\n(Braw Kraw!) six feet under the dirt\nMy diamonds is watery, you can come surf (water)\nMy plug is an alien not from this Earth\nI had a dream like Mr. King (dream)\nGeekin', I need some Visine (Get it)\nGettin' money, runnin' all in my jeans (money)\nBack in the day used to serve all the fiends (back Pimp C)\nActavis, I need lean (drink)\nPorsche Panoramic, Forgiatos on the feet (panorama)\nYoung Rich Nigga, you ain't seen what I seen (no)\nI used to trap mid as a team (I did)\nYou niggas be copyin' my swag, you a clone (copy)\nGiuseppe steppin', ain't no Foams (Giuseppe)\nMy bitch just landed here from Rome (bad)\nHop in the 'Rari, we gone (skrr, skrr)"
                    }, 
                    {
                        "header": "[Verse 3: Cash Out]", 
                        "text hash": "d2c951069606b53579fa9c5ad0abe859", 
                        "artist": "Cash Out", 
                        "text": "You know I get money, I pull up in foreigns, I jump out with shooters\nHe talk about robbin', we lay in these yard and bust his medula (we bustin' his head)\nA million a day, when I'm in the trap I feel like Frank Lucas (I'm feelin' like him)\nI iced out the Rollies, and stepped out the place, I only eat sushi\nYou know what I'm sippin', you know what I'm grippin' (you know what's on call)\nI'm all on that, boss niggas got passes I know that they crippin' (you know what I'm crippin')\nGive 'em the fork and give 'em the bowl, I know they ain't whippin' (I know they ain't in the pot)\nDurk in from [?], I brought 'em to the trap and showed 'em my vision (and show 'em what's up)\nMy shooters no clubbin' (my shooters no clubbin')\nMy shooters straight thuggin' (straight thuggin' forreal)\nYour shooters, they bluffin'\nThey go the feds and give 'em discussions (they give 'em discussions)\nWhip it up, whip it up, baby I'm up in the bowl (I'm up in the bowl)\nBack then, show money on your head, he dead on the stove (he dead on the stove)"
                    }, 
                    {
                        "header": "[Verse 4: Quavo]", 
                        "text hash": "aa27297bc0606a37843cf3651303bcbb", 
                        "artist": "Quavo", 
                        "text": "None of my niggas is innocent (nah)\nNone of my niggas is witness (whoo)\nI pull up, unload it, extensions\nWalk in the trap and see pigeons\nBirds (birds)\nMigos, Lil Durk, Cash Out on the curb\nSkippa Da Flippa itching for body, give him the word\nBet you won't bust a move\nAll my niggas got choppers, they'll damage you\nBet you won't bust a move\nHave a nigga floatin' in the Chattahoochee river, fool\nShe cook it so fancy (whip, whip)\nYou niggas can't stand it (ha)\nWhen I whip it, the Jays they love it\nI'm cooking a brick and they call me McLuvin'\nTrap or die nigga, no Jeezy, corporate thuggin'\nAll of my niggas got gas and dirty sticks all out in public\nMy cup is so dirty, I'm drinkin' on Ruxman (lean, lean, dirty)\nYou niggas is soft, lookin' like Telletub-man"
                    }
                ], 
                "hooks": [
                    {
                        "header": "[Hook: Lil Durk]", 
                        "text hash": "eaf98093f0f665f8242c5d058166fb80", 
                        "artist": "Lil Durk", 
                        "text": "It look bad for a nigga, funeral setup, I be all sad for a nigga\n40 Ruger shooters, gave all that I had for a nigga\nWhere you from, what's your past lil nigga?\nAnd you broke and you mad lil nigga?\nFuck a price what the tag lil nigga?\nMy shooters on deck playin' tag lil nigga\nYou can't get a pass lil nigga\nGet caught, that's your ass lil nigga\nYou movin' too fast lil nigga\nYou tweak with the squad, that's your ass lil nigga\nLil nigga, lil nigga, lil nigga, lil nigga\nTweak with my squad, that's your ass lil nigga"
                    }
                ], 
                "intro": [
                    {
                        "header": "[Intro: Lil Durk]", 
                        "text hash": "57305f15e55ce4ffd9d3cf472c4a0c34", 
                        "artist": "Lil Durk", 
                        "text": "Yea, let's get it\nYou niggas talk like big niggas\nThese niggas ain't done shit\nWell free my niggas\nYeeeaaaah\nTweak with my squad\nI'm [?] if you tweak with my squad\nDon't tweak with my squad\nLil nigga, lil nigga\nLil nigga, lil nigga\nLet's get it!"
                    }
                ]
            }, 
            "order": [
                "[Produced by Dree The Drummer]", 
                "[Intro: Lil Durk]", 
                "[Hook: Lil Durk]", 
                "[Verse 1: Lil Durk]", 
                "[Hook: Lil Durk]", 
                "[Verse 2: Offset]", 
                "[Hook: Lil Durk]", 
                "[Verse 3: Cash Out]", 
                "[Hook: Lil Durk]", 
                "[Verse 4: Quavo]", 
                "[Hook: Lil Durk]"
            ], 
            "artist": "Lil Durk"
        }
    },
    "Dis Ain't What You Want (Remix)": {
        "raw": "\n    \n  [Verse 1: Rick Ross]\nI got cuban links, Santa Ria\nIn the hood no shirt, no fear\nAaron Hernandez with a verse, no plea deals\nGave your bitch a new purse, new V12\nIt is trickin' if you're worth more than Sprewell\nNiggas snitches screenshot all your emails\nTold them people now your hot\nAll your females, tracking devices on your car, all details\nYoungens watching how I get it I delete em\nI'm in my Bentley in my fitted lotta jewelry on\nNothing less than a brick but to each his own\nBetter ask them other niggas this ain't what you want\n\n[Hook: Lil Durk]\nTell me what's it gon' be, this ain't what you want\nI call it how I see it, so this ain't what you want\nI'm on the road doing shows so well, this ain't what you want\nCause the road you can't go I know, this ain't what you want\nI hear them niggas after me, this ain't what you want\nAnd I guarantee this ain't what you want\nI'm from the land where ain't no lackin' at, this ain't what you want\nI wrap 'em up we get a dark car, this ain't what you want\n\n[Verse 2: French Montana]\nRick the ruler, spent 150 on a bueller\nHow you gon' rob the robber\nHow you gonna shoot the shooter\nNiggas rappin' where the millions at nigga\nBut them cars no ceilings at\nBest front where your killers at nigga\nLeBron James I ain't Trinidad nigga\nRidin' 300 with my nigga Durk\nCoke boy niggas put you in a hearse\nChi town niggas put you on a shirt\nNY I'm the one my nigga\nYou can hate don't frown my nigga\nWith Donald Trump in the trunk my nigga\nWanna buy a car nigga no lease\nNumber one hip hop police\nCoke boys hottest in the whole east\nSmash, out like four weeks\nThis ain't what you want\nI know them streets is watchin'\nI'm bumpin' Hov where you from?\n\n[Hook]\n\n[Verse 3: Lil Durk]\nNiggas claim that they're after me, but this ain't what they want\nCause I hopped into this industry, this ain't what they want\nSee this rap shit ain't shit to me, this ain't what they want\nI got the police all into me, this ain't what they want\nIn my own city they hate on me, put weight on me\nFuck TMZ, fuck Breaking News and ABC\nI can't do no shows cause I terrify my city, they say I terrify my city\nNiggas get slumped, you're the first to get blamed\nA nigga try us, you're the first one to get changed\nThey say you snitch, tryna put dirt on my name\nThey rat on me ask is Lil Durk my name (L's)\n\n[Verse 4: Meek Mill]\nLadders on deck, this ain't what you want\nGot killers in the back, got hitters in the front\nIf I tell my niggas wack, then niggas gettin' slugged\nYou ain't gotta have asthma to get hit with the pump\nIn my own city they hate on me, put weight on me\nTry and snatch my chain, that's breaking news on NBC\nFuck a famous ho, I wake up be on TMZ\nI spent a quarter mill, on my new Rol' that gmt\nI got Piguet\u2019s on the wrist, flex on your bitch\nNiggas can't keep up, send a jet for your bitch\nBaby mama ready, she next on the list\nAnd I vowed to get the paper, never flex on the strip, word up!\n\n[Hook]\n\n\n\n\n  ", 
        "pro": {
            "features": [
                "French Montana", 
                "Meek Mill", 
                "Rick Ross"
            ], 
            "blocks": {
                "verses": [
                    {
                        "header": "[Verse 1: Rick Ross]", 
                        "text hash": "d65a95529c95f351397f2de8c65bdf5a", 
                        "artist": "Rick Ross", 
                        "text": "I got cuban links, Santa Ria\nIn the hood no shirt, no fear\nAaron Hernandez with a verse, no plea deals\nGave your bitch a new purse, new V12\nIt is trickin' if you're worth more than Sprewell\nNiggas snitches screenshot all your emails\nTold them people now your hot\nAll your females, tracking devices on your car, all details\nYoungens watching how I get it I delete em\nI'm in my Bentley in my fitted lotta jewelry on\nNothing less than a brick but to each his own\nBetter ask them other niggas this ain't what you want"
                    }, 
                    {
                        "header": "[Verse 2: French Montana]", 
                        "text hash": "ee08db73d15838b5d4301f1c798cff2e", 
                        "artist": "French Montana", 
                        "text": "Rick the ruler, spent 150 on a bueller\nHow you gon' rob the robber\nHow you gonna shoot the shooter\nNiggas rappin' where the millions at nigga\nBut them cars no ceilings at\nBest front where your killers at nigga\nLeBron James I ain't Trinidad nigga\nRidin' 300 with my nigga Durk\nCoke boy niggas put you in a hearse\nChi town niggas put you on a shirt\nNY I'm the one my nigga\nYou can hate don't frown my nigga\nWith Donald Trump in the trunk my nigga\nWanna buy a car nigga no lease\nNumber one hip hop police\nCoke boys hottest in the whole east\nSmash, out like four weeks\nThis ain't what you want\nI know them streets is watchin'\nI'm bumpin' Hov where you from?"
                    }, 
                    {
                        "header": "[Verse 3: Lil Durk]", 
                        "text hash": "51053e2128297d3f5905f187d0ded168", 
                        "artist": "Lil Durk", 
                        "text": "Niggas claim that they're after me, but this ain't what they want\nCause I hopped into this industry, this ain't what they want\nSee this rap shit ain't shit to me, this ain't what they want\nI got the police all into me, this ain't what they want\nIn my own city they hate on me, put weight on me\nFuck TMZ, fuck Breaking News and ABC\nI can't do no shows cause I terrify my city, they say I terrify my city\nNiggas get slumped, you're the first to get blamed\nA nigga try us, you're the first one to get changed\nThey say you snitch, tryna put dirt on my name\nThey rat on me ask is Lil Durk my name (L's)"
                    }, 
                    {
                        "header": "[Verse 4: Meek Mill]", 
                        "text hash": "1b34811b6170869ea8578a0a0a69051d", 
                        "artist": "Meek Mill", 
                        "text": "Ladders on deck, this ain't what you want\nGot killers in the back, got hitters in the front\nIf I tell my niggas wack, then niggas gettin' slugged\nYou ain't gotta have asthma to get hit with the pump\nIn my own city they hate on me, put weight on me\nTry and snatch my chain, that's breaking news on NBC\nFuck a famous ho, I wake up be on TMZ\nI spent a quarter mill, on my new Rol' that gmt\nI got Piguet\u2019s on the wrist, flex on your bitch\nNiggas can't keep up, send a jet for your bitch\nBaby mama ready, she next on the list\nAnd I vowed to get the paper, never flex on the strip, word up!"
                    }
                ], 
                "hooks": [
                    {
                        "header": "[Hook: Lil Durk]", 
                        "text hash": "6e41dafa5ea575310587447679b11611", 
                        "artist": "Lil Durk", 
                        "text": "Tell me what's it gon' be, this ain't what you want\nI call it how I see it, so this ain't what you want\nI'm on the road doing shows so well, this ain't what you want\nCause the road you can't go I know, this ain't what you want\nI hear them niggas after me, this ain't what you want\nAnd I guarantee this ain't what you want\nI'm from the land where ain't no lackin' at, this ain't what you want\nI wrap 'em up we get a dark car, this ain't what you want"
                    }
                ]
            }, 
            "order": [
                "[Verse 1: Rick Ross]", 
                "[Hook: Lil Durk]", 
                "[Verse 2: French Montana]", 
                "[Hook]", 
                "[Verse 3: Lil Durk]", 
                "[Verse 4: Meek Mill]", 
                "[Hook]"
            ], 
            "artist": "Lil Durk"
        }
    },
    "Fly High": {
        "raw": "\n    \n  [Produced by MeKanics]\n\n[Intro: Sample]\nTaking it slow, feeding my flame\nShuffling the cards of your game\nAnd just in time, in the right place\nSuddenly I will play my ace\n\n[Hook: French Montana]\nSaid it's money on our side, niggas talking 5 shots\nNiggas talking 5\nIt's money on our side, niggas talking 5 shots\nSaid it's money on our side, niggas talking 5 shots\nNiggas talking 5\nTo the top we're flying high\nFlying high, flying high, flying high\n\n[Verse 1: Lil Durk]\nI did two on my first case, next case 21, the worst case\nI was 21 when I really sing the birthday\nI know niggas die before they seen they 10th birthday\nNiggas talk to me about fire\nTold my niggas I'd be rich they called me liar\nAnd now they buyin' fame but get burnt playing with this lighter\nI come through late nights with this 40 and bright they night up\nThey grab number nine for a homicide\nLeft me traumatized, now I'm screamin' fuck the other side\nRider, grab the glizzy, I'mma slide 'em\nFuck all these rumors, I keep my pride on [?]\n\n[Hook: French Montana]\n\n[Verse 2: French Montana]\nGot a million when I bought a Ghost\nI don't date, I rather play the joke\nIn that European riding with a burner\nIf a nigga run up on me I'mma burn him\nNigga make me love it first\nNowhere to turn when niggas turn up\n100 racks, bought 'em on the flyer\n100 clip, don't play with that fire\nThey caught Max for the seven five\nLeft me traumatized, fuck the other side\nChiraq, Southside with Durk\nCoke boy nigga till the dirt\n\n[Hook: French Montana]\n\n\n\n\n  ", 
        "pro": {
            "features": [
                "French Montana"
            ], 
            "producers": [
                "MeKanics"
            ], 
            "blocks": {
                "verses": [
                    {
                        "header": "[Verse 1: Lil Durk]", 
                        "text hash": "f5efea8fe7b9590ef59a3fee70284ac1", 
                        "artist": "Lil Durk", 
                        "text": "I did two on my first case, next case 21, the worst case\nI was 21 when I really sing the birthday\nI know niggas die before they seen they 10th birthday\nNiggas talk to me about fire\nTold my niggas I'd be rich they called me liar\nAnd now they buyin' fame but get burnt playing with this lighter\nI come through late nights with this 40 and bright they night up\nThey grab number nine for a homicide\nLeft me traumatized, now I'm screamin' fuck the other side\nRider, grab the glizzy, I'mma slide 'em\nFuck all these rumors, I keep my pride on [?]"
                    }, 
                    {
                        "header": "[Verse 2: French Montana]", 
                        "text hash": "ec2f54feb867349c6c54cfa81e71c3a4", 
                        "artist": "French Montana", 
                        "text": "Got a million when I bought a Ghost\nI don't date, I rather play the joke\nIn that European riding with a burner\nIf a nigga run up on me I'mma burn him\nNigga make me love it first\nNowhere to turn when niggas turn up\n100 racks, bought 'em on the flyer\n100 clip, don't play with that fire\nThey caught Max for the seven five\nLeft me traumatized, fuck the other side\nChiraq, Southside with Durk\nCoke boy nigga till the dirt"
                    }
                ], 
                "hooks": [
                    {
                        "header": "[Hook: French Montana]", 
                        "text hash": "d9a6a9fa53c24b17f35f203303dc9ac5", 
                        "artist": "French Montana", 
                        "text": "Said it's money on our side, niggas talking 5 shots\nNiggas talking 5\nIt's money on our side, niggas talking 5 shots\nSaid it's money on our side, niggas talking 5 shots\nNiggas talking 5\nTo the top we're flying high\nFlying high, flying high, flying high"
                    }
                ], 
                "intro": [
                    {
                        "header": "[Intro: Sample]", 
                        "text hash": "8db0fdf604328af27ccf17e404e5a0e4", 
                        "artist": "Sample", 
                        "text": "Taking it slow, feeding my flame\nShuffling the cards of your game\nAnd just in time, in the right place\nSuddenly I will play my ace"
                    }
                ]
            }, 
            "order": [
                "[Produced by MeKanics]", 
                "[Intro: Sample]", 
                "[Hook: French Montana]", 
                "[Verse 1: Lil Durk]", 
                "[Hook: French Montana]", 
                "[Verse 2: French Montana]", 
                "[Hook: French Montana]"
            ], 
            "artist": "Lil Durk"
        }
    },
    "Fuk Em": {
        "raw": "\n    \n  [Hook x2: Lil Durk]\nOne thing bout my niggas man my niggas with it\nEven with this money it won't make us different\nMan down, to them niggas I'm a menace\nWhole bird flipping shit like I'm a gymnast\nTell em fuck em, I tell em fuck em\nNiggas fake, bitches fake and I can't trust em\nTell em fuck em, I tell em fuck em\nNiggas snakes, niggas chase, I can't trust them\nLet's get it\n\n[Verse 1: Lil Durk]\nI don't fuck with a lot of niggas, before this deal, on my kids\nI was robbing niggas\nTruckin niggas, them guys ain't want no problems with us\nMy homie thirsty, he the one that called get a with you\nI'm ready, I'm out here with 11, a monster with the gun\nAnd nigga ugly like he's betty\nDon't really need no gloves, my palms ain't never sweaty\nI've been want ta spaz but my bro ain't never let me\nI'm shootin, call action, run up and then I'm clapping\nDon't get caught with this rappin, I make a call you vanish\nNo dj with this cannon, you know I keep this cannon\nNo dj with this cannon, you know I keep this cannon, let's get it\n\n[Hook]\n\n[Verse 2: French Montana]\nI tell em fuck em, black dickies with them choppers\nWe them niggas cause [?] young and born line the\u00e2\u20ac\u00a6\nAll the police trying to cuff us, and they bitches try to fuck us\nAnd the fuck niggas they duck us, told some butter for the\u00e2\u20ac\u00a6\nIt's nothing, nothing ain't changed, nothing but chains\nBut watch us, spend my advance, boss on cocaine\nAnd choppas\nFor the love of money, hustler\u00e2\u20ac\u00a6nigga working with that white bitch corner hustling flow\nNigga, no lie, my 45 and both eyes be low\u00e2\u20ac\u00a6\nNiggas wasn't balling before the rap shit, now keep a real\nAsk about us coke boy, shit for real\n\n[Hook]\n\n[Verse 3: Lil Durk]\nFuck around and get duck tapes, my lil niggas they savage\nRide around with choppers, my lil niggas talk reckless\nThey innocence\u00e2\u20ac\u00a6water whipping my block \u00e2\u20ac\u00a6\nOTF they trapping\nFast cars that panorama, 2 door, fuck a Honda\nRubber grip, fuck condom, \u00e2\u20ac\u00a6get your ass smoke like al back no computer\nWhere that mac at, run up on me get shot back\nOld black where the top at, bad bitch, where the top at\nCooling, out west with my niggas, we telling where the tops at and I do it\nNiggas know they can't fuck around, niggas know when we come around\n\n[Hook]\n\n\n\n\n  ", 
        "pro": {
            "features": [
                "French Montana"
            ], 
            "producers": [
                "Dp Beats", 
                "Lil Keis"
            ], 
            "blocks": {
                "verses": [
                    {
                        "header": "[Verse 1: Lil Durk]", 
                        "text hash": "c7dfb3875e0640dea60f4af070de97c7", 
                        "artist": "Lil Durk", 
                        "text": "I don't fuck with a lot of niggas, before this deal, on my kids\nI was robbing niggas\nTruckin niggas, them guys ain't want no problems with us\nMy homie thirsty, he the one that called get a with you\nI'm ready, I'm out here with 11, a monster with the gun\nAnd nigga ugly like he's betty\nDon't really need no gloves, my palms ain't never sweaty\nI've been want ta spaz but my bro ain't never let me\nI'm shootin, call action, run up and then I'm clapping\nDon't get caught with this rappin, I make a call you vanish\nNo dj with this cannon, you know I keep this cannon\nNo dj with this cannon, you know I keep this cannon, let's get it"
                    }, 
                    {
                        "header": "[Verse 2: French Montana]", 
                        "text hash": "13ee52ff1b3bd809746c50324cdacef9", 
                        "artist": "French Montana", 
                        "text": "I tell em fuck em, black dickies with them choppers\nWe them niggas cause [?] young and born line the\u00e2\u20ac\u00a6\nAll the police trying to cuff us, and they bitches try to fuck us\nAnd the fuck niggas they duck us, told some butter for the\u00e2\u20ac\u00a6\nIt's nothing, nothing ain't changed, nothing but chains\nBut watch us, spend my advance, boss on cocaine\nAnd choppas\nFor the love of money, hustler\u00e2\u20ac\u00a6nigga working with that white bitch corner hustling flow\nNigga, no lie, my 45 and both eyes be low\u00e2\u20ac\u00a6\nNiggas wasn't balling before the rap shit, now keep a real\nAsk about us coke boy, shit for real"
                    }, 
                    {
                        "header": "[Verse 3: Lil Durk]", 
                        "text hash": "1aa6a4e0023c27fe527c380436662412", 
                        "artist": "Lil Durk", 
                        "text": "Fuck around and get duck tapes, my lil niggas they savage\nRide around with choppers, my lil niggas talk reckless\nThey innocence\u00e2\u20ac\u00a6water whipping my block \u00e2\u20ac\u00a6\nOTF they trapping\nFast cars that panorama, 2 door, fuck a Honda\nRubber grip, fuck condom, \u00e2\u20ac\u00a6get your ass smoke like al back no computer\nWhere that mac at, run up on me get shot back\nOld black where the top at, bad bitch, where the top at\nCooling, out west with my niggas, we telling where the tops at and I do it\nNiggas know they can't fuck around, niggas know when we come around"
                    }
                ], 
                "hooks": [
                    {
                        "header": "[Hook x2: Lil Durk]", 
                        "text hash": "75182d08783d0ba960f0a7dd59474dc5", 
                        "artist": "Lil Durk", 
                        "text": "One thing bout my niggas man my niggas with it\nEven with this money it won't make us different\nMan down, to them niggas I'm a menace\nWhole bird flipping shit like I'm a gymnast\nTell em fuck em, I tell em fuck em\nNiggas fake, bitches fake and I can't trust em\nTell em fuck em, I tell em fuck em\nNiggas snakes, niggas chase, I can't trust them\nLet's get it"
                    }
                ]
            }, 
            "order": [
                "[Hook x2: Lil Durk]", 
                "[Verse 1: Lil Durk]", 
                "[Hook]", 
                "[Verse 2: French Montana]", 
                "[Hook]", 
                "[Verse 3: Lil Durk]", 
                "[Hook]"
            ], 
            "artist": "Lil Durk"
        }
    },
    "L's Anthem (Remix)": {
        "raw": "\n    \n  [Hook]\nL's up for them hittaz\nThrow the L's up for them hittaz\nL's up for them hittaz\nThrow the L's up for them hittaz\nL-L-L-L-L-L's up for them hittaz\nThrow the L's up for them hittaz\nL's up for them hittaz\nThrow the L's up for them hittaz\n\n[Verse 1: Lil Durk]\nL's up for them hitta niggas\nGot hitta niggas that a hit a nigga\nCheck a bag with ten niggas\nWe still hit cause we still them niggas\nUnder pressure from the media\nNot knowing that we still some killers\nThrowin' L's, can't take a L cause alot of L's be swisher nigga\nKay Kay still bussin', Tee Tee still bussin'\nGot a deal and my niggas here but I still can't\ufeff trust'em\nMe ain't no duckin'\nThese niggas ain't on nothing\nSee alot of these niggas threats but I ain't worried about nothing\nL's\n\n[Hook]\n\n[Verse 2: French Montana]\nI woke up in some new punani\nGot that Cyrus and that Gwen Stefani\nPut God first then we get that money\nBroke my rear view, fuck who's behind me\nThey ain't pray to God they to pray to Gotti\nWhere I'm from you catch a lick or catch a body\nThat's a 360 Rari Spider\nThat white bitch brought me back like Tiger\n\n[Hook]\n\n[Verse 3: Lil Durk]\nI'm higher than an astronaut, I'm off the shit I'm passin' out\nI don't know what they tellin' 'bout, wearing wires a get 'em got\nWhere I'm from my niggas win, couple niggas that's gone for ten\nCouple guys that's R.I.P., niggas know that we get it in\nLife ain't no joke, nigga L's up for lil Mo, nigga\nLife ain't no joke, nigga L's up for lil Mo, nigga\n\n[Hook]\n\n\n\n\n  ", 
        "pro": {
            "features": [
                "French Montana"
            ], 
            "producers": [
                "Paris Bueller"
            ], 
            "blocks": {
                "verses": [
                    {
                        "header": "[Verse 1: Lil Durk]", 
                        "text hash": "9dfad9625e5c83cdf01888f8c20a2131", 
                        "artist": "Lil Durk", 
                        "text": "L's up for them hitta niggas\nGot hitta niggas that a hit a nigga\nCheck a bag with ten niggas\nWe still hit cause we still them niggas\nUnder pressure from the media\nNot knowing that we still some killers\nThrowin' L's, can't take a L cause alot of L's be swisher nigga\nKay Kay still bussin', Tee Tee still bussin'\nGot a deal and my niggas here but I still can't\ufeff trust'em\nMe ain't no duckin'\nThese niggas ain't on nothing\nSee alot of these niggas threats but I ain't worried about nothing\nL's"
                    }, 
                    {
                        "header": "[Verse 2: French Montana]", 
                        "text hash": "d6aee6bf42a47cdca25dabc7be07b0d9", 
                        "artist": "French Montana", 
                        "text": "I woke up in some new punani\nGot that Cyrus and that Gwen Stefani\nPut God first then we get that money\nBroke my rear view, fuck who's behind me\nThey ain't pray to God they to pray to Gotti\nWhere I'm from you catch a lick or catch a body\nThat's a 360 Rari Spider\nThat white bitch brought me back like Tiger"
                    }, 
                    {
                        "header": "[Verse 3: Lil Durk]", 
                        "text hash": "26006521df99bb5b5b516ac3826c1419", 
                        "artist": "Lil Durk", 
                        "text": "I'm higher than an astronaut, I'm off the shit I'm passin' out\nI don't know what they tellin' 'bout, wearing wires a get 'em got\nWhere I'm from my niggas win, couple niggas that's gone for ten\nCouple guys that's R.I.P., niggas know that we get it in\nLife ain't no joke, nigga L's up for lil Mo, nigga\nLife ain't no joke, nigga L's up for lil Mo, nigga"
                    }
                ], 
                "hooks": [
                    {
                        "header": "[Hook]", 
                        "text hash": "afc79248fe5a2129c3ff11f675c97b99", 
                        "artist": "Lil Durk", 
                        "text": "L's up for them hittaz\nThrow the L's up for them hittaz\nL's up for them hittaz\nThrow the L's up for them hittaz\nL-L-L-L-L-L's up for them hittaz\nThrow the L's up for them hittaz\nL's up for them hittaz\nThrow the L's up for them hittaz"
                    }
                ]
            }, 
            "order": [
                "[Hook]", 
                "[Verse 1: Lil Durk]", 
                "[Hook]", 
                "[Verse 2: French Montana]", 
                "[Hook]", 
                "[Verse 3: Lil Durk]", 
                "[Hook]"
            ], 
            "artist": "Lil Durk"
        }
    }
}