{
    "Feel My Heart Beat": {
        "raw": "\n    \n  [Chorus 2x: 50 Cent (girl)]\nI'mma let you feel my (heart beat)\nChest to chest, can you feel my (heart beat)\nPull up your dress, can you feel my (heart beat)\nWe get this wettin', you can feel my (heart beat)\n\n[LL Cool J]\nBaby, it's time to switch up the way things go\nTonight's the tonight you'll be in control\nI brought you a uniform so you could play the role\nNow here's the stepping stone\nLady, I know before we was going kinda cold\nThe same ol' same always seem to take a toll\nTrying to take you back, sip a little Olde Gold\nAnd try a couple things we ain't never did before\nMaybe you can be a freak for me at the door\nI come up in the crib, you dress ready to go\nGirl, take it down low, make it clap real slow\nI never had so much fun without spending dough\nBaby, you the star of the big boy show\nI love you even more now that you unpredictable\nOnce we in the bedroom, ain't no telling what we'll do\nSo what you wanna do?\n\n[Chorus 2x]\n\n[Hook: girl (LL Cool J)]\nYou like it when your clothes are invisible (uh)\nThis condition is critical (yeah)\nOff to the bedroom, here we go (uh)\nYou alot better than my new girl's underworld (uh-huh)\n\n[LL Cool J]\nYeah, time for you to bust out the new red pumps\nI'mma lick shots make the box spring jump\nGo 'head and play the role, I'mma give you what you want\nSide to side, bring it back to the front\nDress up like the marshalls on a manhunt\nLeave all my jewels, cuz you love it when I stunt\nI'll play any role except being a chump\nMy john ain't little, girl, You know I get it crunk\nYour boy Todd Smith, I\"m the future of the funk\nPretend we little kids, play tag and dry hump\nFilm my home movie, back to work before lunch\nThat's what I want\n\n[Chorus 2x]\n\n[Hook 2x]\n\n\n\n\n  ", 
        "pro": {
            "features": [
                "50 Cent"
            ], 
            "producers": [
                "The Dream Team"
            ], 
            "blocks": {
                "verses": [
                    {
                        "header": "[LL Cool J]", 
                        "text hash": "fa761146e20f28d5f64d806bcccf596e", 
                        "artist": "LL Cool J", 
                        "text": "Baby, it's time to switch up the way things go\nTonight's the tonight you'll be in control\nI brought you a uniform so you could play the role\nNow here's the stepping stone\nLady, I know before we was going kinda cold\nThe same ol' same always seem to take a toll\nTrying to take you back, sip a little Olde Gold\nAnd try a couple things we ain't never did before\nMaybe you can be a freak for me at the door\nI come up in the crib, you dress ready to go\nGirl, take it down low, make it clap real slow\nI never had so much fun without spending dough\nBaby, you the star of the big boy show\nI love you even more now that you unpredictable\nOnce we in the bedroom, ain't no telling what we'll do\nSo what you wanna do?"
                    }, 
                    {
                        "header": "[LL Cool J]", 
                        "text hash": "093f702f0f36e5d0b11e68314cc18a34", 
                        "artist": "LL Cool J", 
                        "text": "Yeah, time for you to bust out the new red pumps\nI'mma lick shots make the box spring jump\nGo 'head and play the role, I'mma give you what you want\nSide to side, bring it back to the front\nDress up like the marshalls on a manhunt\nLeave all my jewels, cuz you love it when I stunt\nI'll play any role except being a chump\nMy john ain't little, girl, You know I get it crunk\nYour boy Todd Smith, I\"m the future of the funk\nPretend we little kids, play tag and dry hump\nFilm my home movie, back to work before lunch\nThat's what I want"
                    }
                ], 
                "hooks": [
                    {
                        "header": "[Chorus 2x: 50 Cent (girl)]", 
                        "text hash": "2b68901bc2a255b4793cdf2b23b4f8ca", 
                        "artist": "50 Cent", 
                        "text": "I'mma let you feel my (heart beat)\nChest to chest, can you feel my (heart beat)\nPull up your dress, can you feel my (heart beat)\nWe get this wettin', you can feel my (heart beat)"
                    }, 
                    {
                        "header": "[Hook: girl (LL Cool J)]", 
                        "text hash": "2e967cef672598ad2bf39d7092da0785", 
                        "artist": "girl (LL Cool J)", 
                        "text": "You like it when your clothes are invisible (uh)\nThis condition is critical (yeah)\nOff to the bedroom, here we go (uh)\nYou alot better than my new girl's underworld (uh-huh)"
                    }
                ]
            }, 
            "order": [
                "[Chorus 2x: 50 Cent (girl)]", 
                "[LL Cool J]", 
                "[Chorus 2x]", 
                "[Hook: girl (LL Cool J)]", 
                "[LL Cool J]", 
                "[Chorus 2x]", 
                "[Hook 2x]"
            ], 
            "artist": "LL Cool J"
        }
    },
    "I Shot Ya (Remix)": {
        "raw": "\n    \n  [Verse 1: Keith Murray]\nI'm here to make a dollar out of 15 cents\nAnd let my balls hang like I'm on a toilet taking a shit\nMy style is all that and a big bag of chips with the dip\nFuck all that sensuous shit\nI represent intellectual violence\nAnd leave your clique holier than the 10 Commandments\nLike Redman I shift with the ruck\nIf your if was a spliff we'd be all fucked up (Word up)\nNo need to ask you who is he, son I get busy\nScuff my Timbs on the boulevard of many ruff cities\n(Chicago, LA, any of 'em) I'll have to Norman Bate you\nI love ta hate you cause youse a freak by nature\nCan't wait to face you, mutilate you\nDrink your style down straight with no chaser\nMy verbal combat's like a mini-Mac to your back\nAs soon as one of you niggas try to over react\nThe L.O.D. love good confrontation or vamp\nBreak your concentration, murder your camp\nFor tha jealous, overzealous, we fellas\nBlow the the spot like Branford Marsalis\nNiggas coming through and acting wild\nY'all commercial niggas better have a coke and a smile, I shot you\n\n[Verse 2: Prodigy]\nI conversate with many men, it's time to begin again\nForgot what I already knew, ayo, you hear me friend\nIlluminati want my mind, soul and my body\nSecret society, trying to keep they eye on me\nBut I'm stay incogni', in places they can't find me\nMake my moves strategically, the G.O.D\nIt's sorta similar but iller than a chess player\nI use my thinker, it coincides with my blinker\nWhile you wondered what we saying on the records real\nYeah, you mothafuckin' right kid you know the deal\nMy Mobb is Infamous just like the fuckin' title read\nYou get back slapped so hard make ya nose bleed\nSome [def] kids feeling guilty 'bout the [space shit]\nThe truth hurts baby girl so just face it (Alright)\nBut anyway, back on the real side of things\nMy niggas sling cracks and wear fat diamond rings\nNot only is it inside the songs that we sing\nEverything is real not just a song that we sing\nFrom my life to the paper, very accurately\nGive you all of my two so maybe you can three\nProdigy will forever will S-H-I-N-E\nMy shit attract millions like the moon attract the sea\nHow dare you ever in your life walk past me\nWithout acknowledging this man as G-O-D, I shot you faggot ass\n\n[Verse 3: Fat Joe]\nNow who the fuck you think you talking to, I pay dues I spray crews\nLook I'm Joey Crack, motherfuckers be like he's bad news\nRunnin this racket, from New York to Montego\nSlaughtering people, bring a ton of keys from Puerto Rico\nI'd rather be feared than loved because the fear lasts longer\nThese bitch-ass niggas know we stronger\nThan these weaklings, seeking for respect that ain't there\nKnuckleheads beware there's mad tension in the air\nTommy guns for fun shotties for block parties\nWhile fresh lead heats up your insides like a fifth of Bacardi\nCall the ambulance, this man's wet\nBullets cut him down from the root up just like a Gillette\nRazor, which I keep hidden in my oral\nReady to spatter at any ad out that wants to quarrel\nThese feds want me for some tax evasion\nMad at the fact that somebody's getting lucci that's not caucasian\nBullets be blazing through these streets filled with torture\nJoey Crack a.k.a. Keyser Soze\n\n[Verse 4: Foxxy Brown]\nThug niggas give they minks to chinks to down\nWe sip drinks rockin' minks, flashing rings and things (What the deal)\nFronting hardcore deep inside the Jeep, mackin\nDoing my thing fly nigga you a Scarface king\nBitches grab ya ta-ta's, get them niggas for they chedda\nFuck it, Gucci sweaters and Armani leathers\nFlossing rocks like the size of Fort Knox\nFour carats, the ice rocks, pussy banging like Versace locs pops\nWant ta the creep, on the light raw ass cheeks\nI'm sexing raw dog without protection, diseaese infested\nItaliano got the Lucciano\nI gets down fucking with Brown Fox extra keys to the drop\nBoo I'm Jingling Baby\nI got crazy Dominicans who pay me to lay low, I play slow\nRoll with The Firm, Mafiaso crime king pin\nIt all real nigga what tha deal, I shot you\n\n[Verse 5: LL Cool J]\nWhat the fuck, I thought I conquered the whole world\nCrushed Moe Dee, Hammer and Ice-T's girl\nBut still, niggas want to instigate shit\nI'll battle any nigga in tha rap game quick\nName the spot, I make it hot for you bitches\nFemale rappers too, I don't give a fuck boo\nWord, I'm here to crush all my peers\nRhymes of the month in The Source for twenty years\nNiggas scared, I'm detrimental to your mental state\nI use my presidential Rolex to be the bait\nNiggas fight, Glock cocked ya temple gets fucked\nMC's, that fuck with LL they gets bucked\nThat's real, what's up with that I Shot Ya deal\nLight shit, niggas slip now how the bullet feel\nNew York appeal, in L.A. they gang bang\nBut if you touch a mic your motherfuckin ass hang\nThat's facts, niggas don't recieve no type of slack\nCause if they do, they ass is always runnin back\nNot this time, but next time I'mma name names\nLL, shitting from on top of the game, I shot you\n\n\n\n\n  ", 
        "pro": {
            "features": [
                "Fat Joe", 
                "Foxy Brown", 
                "Keith Murray", 
                "Prodigy"
            ], 
            "producers": [
                "Trackmasters"
            ], 
            "blocks": {
                "verses": [
                    {
                        "header": "[Verse 1: Keith Murray]", 
                        "text hash": "1be659572913ab1817bf230c3f4bf90e", 
                        "artist": "Keith Murray", 
                        "text": "I'm here to make a dollar out of 15 cents\nAnd let my balls hang like I'm on a toilet taking a shit\nMy style is all that and a big bag of chips with the dip\nFuck all that sensuous shit\nI represent intellectual violence\nAnd leave your clique holier than the 10 Commandments\nLike Redman I shift with the ruck\nIf your if was a spliff we'd be all fucked up (Word up)\nNo need to ask you who is he, son I get busy\nScuff my Timbs on the boulevard of many ruff cities\n(Chicago, LA, any of 'em) I'll have to Norman Bate you\nI love ta hate you cause youse a freak by nature\nCan't wait to face you, mutilate you\nDrink your style down straight with no chaser\nMy verbal combat's like a mini-Mac to your back\nAs soon as one of you niggas try to over react\nThe L.O.D. love good confrontation or vamp\nBreak your concentration, murder your camp\nFor tha jealous, overzealous, we fellas\nBlow the the spot like Branford Marsalis\nNiggas coming through and acting wild\nY'all commercial niggas better have a coke and a smile, I shot you"
                    }, 
                    {
                        "header": "[Verse 2: Prodigy]", 
                        "text hash": "42e2dc6a47b5eac29f873a948c3f04de", 
                        "artist": "Prodigy", 
                        "text": "I conversate with many men, it's time to begin again\nForgot what I already knew, ayo, you hear me friend\nIlluminati want my mind, soul and my body\nSecret society, trying to keep they eye on me\nBut I'm stay incogni', in places they can't find me\nMake my moves strategically, the G.O.D\nIt's sorta similar but iller than a chess player\nI use my thinker, it coincides with my blinker\nWhile you wondered what we saying on the records real\nYeah, you mothafuckin' right kid you know the deal\nMy Mobb is Infamous just like the fuckin' title read\nYou get back slapped so hard make ya nose bleed\nSome [def] kids feeling guilty 'bout the [space shit]\nThe truth hurts baby girl so just face it (Alright)\nBut anyway, back on the real side of things\nMy niggas sling cracks and wear fat diamond rings\nNot only is it inside the songs that we sing\nEverything is real not just a song that we sing\nFrom my life to the paper, very accurately\nGive you all of my two so maybe you can three\nProdigy will forever will S-H-I-N-E\nMy shit attract millions like the moon attract the sea\nHow dare you ever in your life walk past me\nWithout acknowledging this man as G-O-D, I shot you faggot ass"
                    }, 
                    {
                        "header": "[Verse 3: Fat Joe]", 
                        "text hash": "db2b693a1f9ecd2af1f0b18c44c5d887", 
                        "artist": "Fat Joe", 
                        "text": "Now who the fuck you think you talking to, I pay dues I spray crews\nLook I'm Joey Crack, motherfuckers be like he's bad news\nRunnin this racket, from New York to Montego\nSlaughtering people, bring a ton of keys from Puerto Rico\nI'd rather be feared than loved because the fear lasts longer\nThese bitch-ass niggas know we stronger\nThan these weaklings, seeking for respect that ain't there\nKnuckleheads beware there's mad tension in the air\nTommy guns for fun shotties for block parties\nWhile fresh lead heats up your insides like a fifth of Bacardi\nCall the ambulance, this man's wet\nBullets cut him down from the root up just like a Gillette\nRazor, which I keep hidden in my oral\nReady to spatter at any ad out that wants to quarrel\nThese feds want me for some tax evasion\nMad at the fact that somebody's getting lucci that's not caucasian\nBullets be blazing through these streets filled with torture\nJoey Crack a.k.a. Keyser Soze"
                    }, 
                    {
                        "header": "[Verse 4: Foxxy Brown]", 
                        "text hash": "a1e84321b0bf5e3627d7d8c2040eee86", 
                        "artist": "Foxxy Brown", 
                        "text": "Thug niggas give they minks to chinks to down\nWe sip drinks rockin' minks, flashing rings and things (What the deal)\nFronting hardcore deep inside the Jeep, mackin\nDoing my thing fly nigga you a Scarface king\nBitches grab ya ta-ta's, get them niggas for they chedda\nFuck it, Gucci sweaters and Armani leathers\nFlossing rocks like the size of Fort Knox\nFour carats, the ice rocks, pussy banging like Versace locs pops\nWant ta the creep, on the light raw ass cheeks\nI'm sexing raw dog without protection, diseaese infested\nItaliano got the Lucciano\nI gets down fucking with Brown Fox extra keys to the drop\nBoo I'm Jingling Baby\nI got crazy Dominicans who pay me to lay low, I play slow\nRoll with The Firm, Mafiaso crime king pin\nIt all real nigga what tha deal, I shot you"
                    }, 
                    {
                        "header": "[Verse 5: LL Cool J]", 
                        "text hash": "6df66e27dbe822d56bb869ec941ed6ea", 
                        "artist": "LL Cool J", 
                        "text": "What the fuck, I thought I conquered the whole world\nCrushed Moe Dee, Hammer and Ice-T's girl\nBut still, niggas want to instigate shit\nI'll battle any nigga in tha rap game quick\nName the spot, I make it hot for you bitches\nFemale rappers too, I don't give a fuck boo\nWord, I'm here to crush all my peers\nRhymes of the month in The Source for twenty years\nNiggas scared, I'm detrimental to your mental state\nI use my presidential Rolex to be the bait\nNiggas fight, Glock cocked ya temple gets fucked\nMC's, that fuck with LL they gets bucked\nThat's real, what's up with that I Shot Ya deal\nLight shit, niggas slip now how the bullet feel\nNew York appeal, in L.A. they gang bang\nBut if you touch a mic your motherfuckin ass hang\nThat's facts, niggas don't recieve no type of slack\nCause if they do, they ass is always runnin back\nNot this time, but next time I'mma name names\nLL, shitting from on top of the game, I shot you\n\n\n\n\n  "
                    }
                ], 
                "hooks": []
            }, 
            "order": [
                "[Verse 1: Keith Murray]", 
                "[Verse 2: Prodigy]", 
                "[def] kids feeling guilty 'bout the [space shit]", 
                "[Verse 3: Fat Joe]", 
                "[Verse 4: Foxxy Brown]", 
                "[Verse 5: LL Cool J]"
            ], 
            "artist": "LL Cool J"
        }
    },
    "Freeze (Remix)": {
        "raw": "\n    \n  [Intro: LL Cool J] (50 Cent)\nQueens!!!! (G-G-G-G-G-G Mix! G-G-G-G-G Remix! It's the Unit!!!)\nT-T-T-T Todd Smith!! LL!!\n\n[Chorus: LL Cool J] (50 Cent)\nNow when you see me in the club (You can bump this)\nYou ballin out doin it up (You can bump this)\nThe champagne won't buss (You can bump this)\nYou wanna do it like us (You can bump this)\nNow mama after my show, come on and let's roll\nI got places to go, and money to blow\nI got the shorty so I just keep it on the low\nShhhhhh!!!!!!!!!! I said keep it on the low\n\n[Verse 1: LL Cool J]\nYou better check your broad her nips get hard when they play this\nJust like a can of peaches in her draws whan I say this\nI got the recipe I'll leave your bird marinatin\nNow you want beef cause her onion just keep shakin\nMy six pack alone cause grief, cats hatin\nBut I'm still in the Oldsmobile sittin on Dayton's\nStill keep the fiber optic trunk vibratin\nPacked in the club like sardines the youg things is faintin\nFillin the dancefloor like a carpenter\nThat's why I keep greener thumbs than a gardener\nSerious with my pimpin I'm a monster bruh\nWhen I spit they kneel down like larsengers\nNow mama after my show you wanna guzzle twurve oh in the Range Rove\nSkins is like rims you gotta spin 'em on the low hit the big bumps slow\nAnd most of the time they ain't worth the dough\n\n[Chorus: LL Cool J] (50 Cent)\nNow when you see me in the club (You can bump this)\nYou ballin out doin it up (You can bump this)\nThe champagne won't buss (You can bump this)\nYou wanna do it like us (You can bump this)\nNow mama after my show, come on and let's roll\nI got places to go, and money to blow\nI got the shorty so I just keep it on the low\nShhhhhh!!!!!!!!!! I said keep it on the low\n\n[Verse 2: Lloyd Banks]\nHey! You love it when it sounds like this\nThat's why the club crowded better find you a bitch\nShe heard my name and she shouted this is me and my fifth\nAnd we both bout it bout it in a brand new six, with a smoke cloud around it\nNear the square anywhere, no sneakers on the rug\nAnd my system knockin, like the speakers in the club\nLook ma, drop the lame and spend a weekend with a thug\nI'll have you back at the cuzzi geekin of the bud\nWhen I come through I come through sparklin\nSix car garage in you in the apartment, and starvin\nI walk and talk, like I was raised around macks\nNew York native, there's a razor in the hat\nSmooth as Fillmore Slim with gators on the track\nI hit 'em, quit 'em, and dish 'em off like that\nI'm a bring her all of the jewelry cause I don't play the back\nAnd give less to spray now or later on the lac\n\n[Chorus: LL Cool J] (50 Cent)\nNow when you see me in the club (You can bump this)\nYou ballin out doin it up (You can bump this)\nThe champagne won't buss (You can bump this)\nYou wanna do it like us (You can bump this)\nNow mama after my show, come on and let's roll\nI got places to go, and money to blow\nI got the shorty so I just keep it on the low\nShhhhhh!!!!!!!!!! I said keep it on the low\n\n[Verse 3: Hot Rod]\nMan I'm poppin my collar, if you drop that ass\nAnd I'm droppin them dollars, you hopin on that cash\nI'm on that catwalk shorty make that ass drop\nBottom like a apple won't you come sit on my laptop\nYou know you love it mama won't you make that ass pop\nThe Unit drop hot shit Welcome To Jamrock\nMan you know my cash hot I got a stash box\nBar hog legal money no need to pass rocks\nTurn it up and then bump it in yo' hood\nYou see me with yo' bitch then I'm up to no good\nYou wanna come to the team you knowin that you should\nCause we hangin up them placks and you hangin up yo' wood\nMy roof stay on whenever I cruise up in that two door Bent\nWith a chick and we Couped up\nNow get ya money up homey you a loser\nSittin on them eighteens nigga pull yo' shoes up\n\n[Chorus: LL Cool J] (50 Cent)\nNow when you see me in the club (You can bump this)\nYou ballin out doin it up (You can bump this)\nThe champagne won't buss (You can bump this)\nYou wanna do it like us (You can bump this)\nNow mama after my show, come on and let's roll\nI got places to go, and money to blow\nI got the shorty so I just keep it on the low\nShhhhhh!!!!!!!!!! I said keep it on the low\n\n[Outro: 50 Cent]\nYou can bump this, you can bump this, you can bump this, you can bump this\n\n\n\n\n  ", 
        "pro": {
            "features": [
                "50 Cent", 
                "Hot Rod", 
                "Lloyd Banks"
            ], 
            "blocks": {
                "verses": [
                    {
                        "header": "[Verse 1: LL Cool J]", 
                        "text hash": "0ea8a2b103d13ddb9ed6ffe5af296b18", 
                        "artist": "LL Cool J", 
                        "text": "You better check your broad her nips get hard when they play this\nJust like a can of peaches in her draws whan I say this\nI got the recipe I'll leave your bird marinatin\nNow you want beef cause her onion just keep shakin\nMy six pack alone cause grief, cats hatin\nBut I'm still in the Oldsmobile sittin on Dayton's\nStill keep the fiber optic trunk vibratin\nPacked in the club like sardines the youg things is faintin\nFillin the dancefloor like a carpenter\nThat's why I keep greener thumbs than a gardener\nSerious with my pimpin I'm a monster bruh\nWhen I spit they kneel down like larsengers\nNow mama after my show you wanna guzzle twurve oh in the Range Rove\nSkins is like rims you gotta spin 'em on the low hit the big bumps slow\nAnd most of the time they ain't worth the dough"
                    }, 
                    {
                        "header": "[Verse 2: Lloyd Banks]", 
                        "text hash": "7358ece9686bfac63f971fc11c3d0442", 
                        "artist": "Lloyd Banks", 
                        "text": "Hey! You love it when it sounds like this\nThat's why the club crowded better find you a bitch\nShe heard my name and she shouted this is me and my fifth\nAnd we both bout it bout it in a brand new six, with a smoke cloud around it\nNear the square anywhere, no sneakers on the rug\nAnd my system knockin, like the speakers in the club\nLook ma, drop the lame and spend a weekend with a thug\nI'll have you back at the cuzzi geekin of the bud\nWhen I come through I come through sparklin\nSix car garage in you in the apartment, and starvin\nI walk and talk, like I was raised around macks\nNew York native, there's a razor in the hat\nSmooth as Fillmore Slim with gators on the track\nI hit 'em, quit 'em, and dish 'em off like that\nI'm a bring her all of the jewelry cause I don't play the back\nAnd give less to spray now or later on the lac"
                    }, 
                    {
                        "header": "[Verse 3: Hot Rod]", 
                        "text hash": "3e292ed153f4bdfbdf9b09e526b3febc", 
                        "artist": "Hot Rod", 
                        "text": "Man I'm poppin my collar, if you drop that ass\nAnd I'm droppin them dollars, you hopin on that cash\nI'm on that catwalk shorty make that ass drop\nBottom like a apple won't you come sit on my laptop\nYou know you love it mama won't you make that ass pop\nThe Unit drop hot shit Welcome To Jamrock\nMan you know my cash hot I got a stash box\nBar hog legal money no need to pass rocks\nTurn it up and then bump it in yo' hood\nYou see me with yo' bitch then I'm up to no good\nYou wanna come to the team you knowin that you should\nCause we hangin up them placks and you hangin up yo' wood\nMy roof stay on whenever I cruise up in that two door Bent\nWith a chick and we Couped up\nNow get ya money up homey you a loser\nSittin on them eighteens nigga pull yo' shoes up"
                    }
                ], 
                "hooks": [
                    {
                        "header": "[Chorus: LL Cool J]", 
                        "text hash": "dcf42c6ad1c664964ad3d2ff408ba326", 
                        "artist": "LL Cool J", 
                        "text": " (50 Cent)\nNow when you see me in the club (You can bump this)\nYou ballin out doin it up (You can bump this)\nThe champagne won't buss (You can bump this)\nYou wanna do it like us (You can bump this)\nNow mama after my show, come on and let's roll\nI got places to go, and money to blow\nI got the shorty so I just keep it on the low\nShhhhhh!!!!!!!!!! I said keep it on the low"
                    }
                ], 
                "intro": [
                    {
                        "header": "[Intro: LL Cool J]", 
                        "text hash": "3f334dfbc6f5ba738555f3169ace53bd", 
                        "artist": "LL Cool J", 
                        "text": " (50 Cent)\nQueens!!!! (G-G-G-G-G-G Mix! G-G-G-G-G Remix! It's the Unit!!!)\nT-T-T-T Todd Smith!! LL!!"
                    }
                ], 
                "remainders": [
                    {
                        "header": "[Outro: 50 Cent]", 
                        "text hash": "667856bf1eb0ab0d4832c6e69fb10532", 
                        "artist": "50 Cent", 
                        "text": "You can bump this, you can bump this, you can bump this, you can bump this\n\n\n\n\n  "
                    }
                ]
            }, 
            "order": [
                "[Verse 1: LL Cool J]", 
                "[Verse 2: Lloyd Banks]", 
                "[Verse 3: Hot Rod]", 
                "[Outro: 50 Cent]"
            ], 
            "artist": "LL Cool J"
        }
    },
    "Queens Is": {
        "raw": "\n    \n  [Intro]\n\n[Prodigy]\nHit that nigga, man, fuck these niggas\nStraight up, all y'all niggas\n\n[LL Cool J]\nYo, Yo\n\n[Chorus: Prodigy]\nQueens got the vets *click*)\n(Killa Queens, killa killa Queens {Q-U})\nQueens be the best *click* {Yo}\n(Killa Queens, killa killa Queens {Q-U})\nQueens take ya heads {Yo} *click* {Yo}\n(Killa Queens, killa killa Queens {Q-U})\nQueens be the vets {Yo} *click* {Yo}\n(Killa Queens, killa killa Queens)\n\n[Verse 1: LL Cool J]\nUhh, Yeah, Yeah, Uh huh, 'Cord this shit\n'Cuz I'm bout to practice this shit\nI'm here to crack ya cat's skulls open\nFuck ya head up, more than that bullshit ya smokin'\nNiggas buzz you in the door, but I blew it open\nYa rhymes is trash, that verse ain't worth the token\nTry to hop this, monotonous, murderous thoughts\nWhen I'm plottin this, overthrow the government\nBurn the whole metropolis\nLyrical warfare, hip-hip apocalypse\nStrap devils to the chairs\nStart shockin shit, Q U, I chew through\nWe could battle in the projects and give or take the clue\nFlex could take one, too\nThe wait, I'm supplyin'\nMy crew pop they iron from ?HTM? to the peaks of Mount Zion\nI'm ready for the showdown\nMention my name, cowboy, watch it go down\nI blow through your clique like hurricane Floyd\nKeep rappers paranoid, kept your bodies in the game\nIs something I can't avoid\nShit get tricky like Zigfried and Roy\nI seek and destroy\n\n[Chorus]\n\n[Verse 2: LL Cool J]\nUhh, turn me up a little\nI'm a blaze yall niggas and represent queens\nRun up in ya cribs, fill ya tubs qwith gasoline\nSmash ya plaques, tie ya arms back\nWhat's ya worse nightmare, Black? I'm beyond that\nThe mic how I strike it, got 'em dialin' psychics\nRoll with minds, don't give a fuck if you don't like it\nWith niggas that's invited without recited ignited\nIt burn madd slow and that's why - easy to light it\nMe and the ghettos reunited, all the broads is excited\nYour ass looks stupid tryna fight it\nYou wanna get your ass smacked up\nSo you can dig into the stash that I stacked up\nBut when my Queens niggas flashed, then you backed up\nKeep my dogs fed, so they can shit when niggas act up\nIt's the L nigga dot com, dot hot lead red dot on your head, Be\nAnd the rappers you idolized, that idolized me\nI walk in the spot, niggas part like the Red Sea\nAnd Todd sharper horrors, we battle to the death\nTonight there's no tomorrow\nI'm out for revenege, like rebels in Nicaragua\nBut I can take it farther\nTravel back in time, fill ya baby bottle with lava\n\n[Chorus]\n\n[Verse 3: Prodigy]\nFucker, yo, aiyyo\nThis is how we put it down, this is Veteran's Day\nWe work hard so we can play hard and push them big things\nPersistant, we keep comin' like some nigs\nDroppin albums, every few years we rich\nWe the best, we the vets\nWe do this for the love, we thirst for that street shit\nIt's P, nigga, check my record, it's flawless\nDo the knowledge to the chorus\nYeah ya fuckin' right\nWhile I was raised on my fuckin' life\nI did my time on them corners, now I lead the fuckin' life\nLarge dollars, guns and ice\nIs nothin' you know my weight and the price of it\nYou know how the Q dogs do cousin\nWe don't follow trends, we set those, so get up on it\n(So get up on it)\n*click*\n\n[Chorus]\n\n[Chorus till fade - no background]\n\n\n\n\n  ", 
        "pro": {
            "features": [
                "Prodigy"
            ], 
            "producers": [
                "Havoc"
            ], 
            "blocks": {
                "verses": [
                    {
                        "header": "[Verse 1: LL Cool J]", 
                        "text hash": "71713a59ae74fb64a06d3a700cbeda8a", 
                        "artist": "LL Cool J", 
                        "text": "Uhh, Yeah, Yeah, Uh huh, 'Cord this shit\n'Cuz I'm bout to practice this shit\nI'm here to crack ya cat's skulls open\nFuck ya head up, more than that bullshit ya smokin'\nNiggas buzz you in the door, but I blew it open\nYa rhymes is trash, that verse ain't worth the token\nTry to hop this, monotonous, murderous thoughts\nWhen I'm plottin this, overthrow the government\nBurn the whole metropolis\nLyrical warfare, hip-hip apocalypse\nStrap devils to the chairs\nStart shockin shit, Q U, I chew through\nWe could battle in the projects and give or take the clue\nFlex could take one, too\nThe wait, I'm supplyin'\nMy crew pop they iron from ?HTM? to the peaks of Mount Zion\nI'm ready for the showdown\nMention my name, cowboy, watch it go down\nI blow through your clique like hurricane Floyd\nKeep rappers paranoid, kept your bodies in the game\nIs something I can't avoid\nShit get tricky like Zigfried and Roy\nI seek and destroy"
                    }, 
                    {
                        "header": "[Verse 2: LL Cool J]", 
                        "text hash": "3993e73860ac9a18859f616a1ed98001", 
                        "artist": "LL Cool J", 
                        "text": "Uhh, turn me up a little\nI'm a blaze yall niggas and represent queens\nRun up in ya cribs, fill ya tubs qwith gasoline\nSmash ya plaques, tie ya arms back\nWhat's ya worse nightmare, Black? I'm beyond that\nThe mic how I strike it, got 'em dialin' psychics\nRoll with minds, don't give a fuck if you don't like it\nWith niggas that's invited without recited ignited\nIt burn madd slow and that's why - easy to light it\nMe and the ghettos reunited, all the broads is excited\nYour ass looks stupid tryna fight it\nYou wanna get your ass smacked up\nSo you can dig into the stash that I stacked up\nBut when my Queens niggas flashed, then you backed up\nKeep my dogs fed, so they can shit when niggas act up\nIt's the L nigga dot com, dot hot lead red dot on your head, Be\nAnd the rappers you idolized, that idolized me\nI walk in the spot, niggas part like the Red Sea\nAnd Todd sharper horrors, we battle to the death\nTonight there's no tomorrow\nI'm out for revenege, like rebels in Nicaragua\nBut I can take it farther\nTravel back in time, fill ya baby bottle with lava"
                    }, 
                    {
                        "header": "[Verse 3: Prodigy]", 
                        "text hash": "f59290cf3d1298fd893f20221b97fffa", 
                        "artist": "Prodigy", 
                        "text": "Fucker, yo, aiyyo\nThis is how we put it down, this is Veteran's Day\nWe work hard so we can play hard and push them big things\nPersistant, we keep comin' like some nigs\nDroppin albums, every few years we rich\nWe the best, we the vets\nWe do this for the love, we thirst for that street shit\nIt's P, nigga, check my record, it's flawless\nDo the knowledge to the chorus\nYeah ya fuckin' right\nWhile I was raised on my fuckin' life\nI did my time on them corners, now I lead the fuckin' life\nLarge dollars, guns and ice\nIs nothin' you know my weight and the price of it\nYou know how the Q dogs do cousin\nWe don't follow trends, we set those, so get up on it\n(So get up on it)\n*click*"
                    }
                ], 
                "hooks": [
                    {
                        "header": "[Chorus: Prodigy]", 
                        "text hash": "5d1dff08ca5e1e282525c09ad686ae3f", 
                        "artist": "Prodigy", 
                        "text": "Queens got the vets *click*)\n(Killa Queens, killa killa Queens {Q-U})\nQueens be the best *click* {Yo}\n(Killa Queens, killa killa Queens {Q-U})\nQueens take ya heads {Yo} *click* {Yo}\n(Killa Queens, killa killa Queens {Q-U})\nQueens be the vets {Yo} *click* {Yo}\n(Killa Queens, killa killa Queens)"
                    }
                ], 
                "remainders": [
                    {
                        "header": "[Prodigy]", 
                        "text hash": "2d203ae5b31b93f71e0dbdcf63fdeb0f", 
                        "artist": "Prodigy", 
                        "text": "Hit that nigga, man, fuck these niggas\nStraight up, all y'all niggas"
                    }
                ]
            }, 
            "order": [
                "[Intro]", 
                "[Prodigy]", 
                "[LL Cool J]", 
                "[Chorus: Prodigy]", 
                "[Verse 1: LL Cool J]", 
                "[Chorus]", 
                "[Verse 2: LL Cool J]", 
                "[Chorus]", 
                "[Verse 3: Prodigy]", 
                "[Chorus]", 
                "[Chorus till fade - no background]"
            ], 
            "artist": "LL Cool J"
        }
    }
}