{
    "Amen": {
        "raw": "\n    \n  [Produced by Larry Fisherman]\n\n[Verse 1: Da$h]\nSwim in fallopians of Ethiopian women\nThe wheels are spinning, moon is glistening\nFew exquisite, Now if you have witnessed\nThe youth is twisted, off purple liquid made to cure the sickness\nFeel like my vision took a pitch shift\nSmoking that Samson got me lifted\nI'm the one who gave your girl cousin them drugs\nYour little brother's plug, Spit inside your mother's mug\nTake a finest bottle, pour the liquor out for em'\nOnce above, the last shot is for the homie's locked\nLiqour crop, hit the lot, double spinning till the Guinness drop\nPull off in fourth gear, put it in park\nThe whores, they see me, say the lord's here\nMy voice is hoarse for them, pause there\nLike over here, we don't support fear\nRoad to the riches, and the course clear\nI'm riding till the tires sparking an exhaust tear\n\n[Verse 2: Ab-Soul]\nActavis in cactus cooler\nI bit the Apple on the Mac computer, you a loser\nThere ain't a subject I can't tackle, either now or sooner\nAin't got no shoulder pads, but collateral pass to her\nRunning back, running rap, I bet you wish she knew ya'\nBlack Lip Pastor, hallelujah (Soulo, Soulo)\nSoulo in this ho, that mean this church up in this bitch\nGave her a sermon then I hit, god\nI'm an entity into titties, a fat ass, some clean pussy, and some good weed\nKnowledge and wisdom in abundance, infinite energy\nAnd I'll be sure to write night and day, literally\nDeadline snapback, Backwoods in my backpack\nXan with that lean nigga, shit you never seen nigga\nPut that on my team nigga, 3 i's, you see me bruh\nCareful, you know the game's T-D-E us\n\n[Verse 3: Vince Staples]\nI heard they out there praying for the death of me\nI been down to knock, it's my destiny\nI been round the block, it's no testin' me\nWe been ran the north, it's no extra key\nSo whatchu' got on lock my nigga?\nI tried to tell him, they ain't gon' get it\nI been prolific, been on this shit\nYou can check mo millie, that was like 08's\nYou niggas ain't no factors, Just come around cause we ain't no actors\nIt's no scenes cut, just checks\nDon't want 25, but I'll take my time\nIf a nigga come around, tryna' take what's mine\nTryna' take my life? good luck with that\nWe got guns for that, you not coming back\nI got Fade in the bushes, lurkin' & lookin'\nBout' that life, don't get yours took quick\nJust a story of some kids left stranded\nCouple of the homies and a couple automatics\nCome to the hood, get a good pack out\nTombstone RIP, with your hood whacked out\nYou know what he about, at Ramona Park till after dark\nThey drain they pool, we swam with sharks\nWe shooting fools off 7th street\nYou make the bed in which you sleep\nI stay awake like visiting dead\nWith the hammer sitting indiscreet, in the streets\n\n[Verse 4: RetcH]\nSold drugs in your granny building\nIn front' the children\nA piece of shit, I'll be considered the most\nBaby hand on the dinner plate\nI start the meal with a toast\nThree assorted cheeses, then garnish them both\nCut the slices even\nDistribute them to my assemblage of these fucking heathens\nA bunch of demons in these polo fleeces\nI clutch the reapers into bay polices\nI burn the Priest and vanish in the breezes\nI talk to Jesus, reconsidered features\nRain dance on black sanded beaches\nPick from the tree that bare the fruit of peaches\nSlaying these skeezers and it feel the Eden\nThese backwoods got me with the heavy breathing\nConnecting Venus and the shit the cheapest\nI hit the party with the Sherm perm\nEar rings look like strobe lights\nI cop the gold fish platforms for the cold price\nHop out the V in all sequence, fish is Swedish\nSway Padorian, my shit the meanest, you need it\nAnd I'm the founder of this shit\nOn the forty-sixth floor eating flounder with the shrimp\nGot a awfully thick splore and I just pound her with the dick\nGet the dope from out abroad, destroy the county with the shit\nPiece of shit records, where dreams come true\nYou saying fuck me? Nah fuck you\n\n\n\n\n  ", 
        "pro": {
            "features": [
                "Ab-Soul", 
                "Da$h", 
                "Retch", 
                "Vince Staples"
            ], 
            "producers": [
                "Larry Fisherman"
            ], 
            "blocks": {
                "verses": [
                    {
                        "header": "[Verse 1: Da$h]", 
                        "text hash": "30445c5b726b0b41af6771d96b685a17", 
                        "artist": "Da$h", 
                        "text": "Swim in fallopians of Ethiopian women\nThe wheels are spinning, moon is glistening\nFew exquisite, Now if you have witnessed\nThe youth is twisted, off purple liquid made to cure the sickness\nFeel like my vision took a pitch shift\nSmoking that Samson got me lifted\nI'm the one who gave your girl cousin them drugs\nYour little brother's plug, Spit inside your mother's mug\nTake a finest bottle, pour the liquor out for em'\nOnce above, the last shot is for the homie's locked\nLiqour crop, hit the lot, double spinning till the Guinness drop\nPull off in fourth gear, put it in park\nThe whores, they see me, say the lord's here\nMy voice is hoarse for them, pause there\nLike over here, we don't support fear\nRoad to the riches, and the course clear\nI'm riding till the tires sparking an exhaust tear"
                    }, 
                    {
                        "header": "[Verse 2: Ab-Soul]", 
                        "text hash": "434362408103a81382a5adbfb21c1697", 
                        "artist": "Ab-Soul", 
                        "text": "Actavis in cactus cooler\nI bit the Apple on the Mac computer, you a loser\nThere ain't a subject I can't tackle, either now or sooner\nAin't got no shoulder pads, but collateral pass to her\nRunning back, running rap, I bet you wish she knew ya'\nBlack Lip Pastor, hallelujah (Soulo, Soulo)\nSoulo in this ho, that mean this church up in this bitch\nGave her a sermon then I hit, god\nI'm an entity into titties, a fat ass, some clean pussy, and some good weed\nKnowledge and wisdom in abundance, infinite energy\nAnd I'll be sure to write night and day, literally\nDeadline snapback, Backwoods in my backpack\nXan with that lean nigga, shit you never seen nigga\nPut that on my team nigga, 3 i's, you see me bruh\nCareful, you know the game's T-D-E us"
                    }, 
                    {
                        "header": "[Verse 3: Vince Staples]", 
                        "text hash": "d056d608c84855c073ac85551e1f9a3b", 
                        "artist": "Vince Staples", 
                        "text": "I heard they out there praying for the death of me\nI been down to knock, it's my destiny\nI been round the block, it's no testin' me\nWe been ran the north, it's no extra key\nSo whatchu' got on lock my nigga?\nI tried to tell him, they ain't gon' get it\nI been prolific, been on this shit\nYou can check mo millie, that was like 08's\nYou niggas ain't no factors, Just come around cause we ain't no actors\nIt's no scenes cut, just checks\nDon't want 25, but I'll take my time\nIf a nigga come around, tryna' take what's mine\nTryna' take my life? good luck with that\nWe got guns for that, you not coming back\nI got Fade in the bushes, lurkin' & lookin'\nBout' that life, don't get yours took quick\nJust a story of some kids left stranded\nCouple of the homies and a couple automatics\nCome to the hood, get a good pack out\nTombstone RIP, with your hood whacked out\nYou know what he about, at Ramona Park till after dark\nThey drain they pool, we swam with sharks\nWe shooting fools off 7th street\nYou make the bed in which you sleep\nI stay awake like visiting dead\nWith the hammer sitting indiscreet, in the streets"
                    }, 
                    {
                        "header": "[Verse 4: RetcH]", 
                        "text hash": "1a49578a15d98323e836f5d3c31d5921", 
                        "artist": "Retch", 
                        "text": "Sold drugs in your granny building\nIn front' the children\nA piece of shit, I'll be considered the most\nBaby hand on the dinner plate\nI start the meal with a toast\nThree assorted cheeses, then garnish them both\nCut the slices even\nDistribute them to my assemblage of these fucking heathens\nA bunch of demons in these polo fleeces\nI clutch the reapers into bay polices\nI burn the Priest and vanish in the breezes\nI talk to Jesus, reconsidered features\nRain dance on black sanded beaches\nPick from the tree that bare the fruit of peaches\nSlaying these skeezers and it feel the Eden\nThese backwoods got me with the heavy breathing\nConnecting Venus and the shit the cheapest\nI hit the party with the Sherm perm\nEar rings look like strobe lights\nI cop the gold fish platforms for the cold price\nHop out the V in all sequence, fish is Swedish\nSway Padorian, my shit the meanest, you need it\nAnd I'm the founder of this shit\nOn the forty-sixth floor eating flounder with the shrimp\nGot a awfully thick splore and I just pound her with the dick\nGet the dope from out abroad, destroy the county with the shit\nPiece of shit records, where dreams come true\nYou saying fuck me? Nah fuck you\n\n\n\n\n  "
                    }
                ], 
                "hooks": []
            }, 
            "order": [
                "[Produced by Larry Fisherman]", 
                "[Verse 1: Da$h]", 
                "[Verse 2: Ab-Soul]", 
                "[Verse 3: Vince Staples]", 
                "[Verse 4: RetcH]"
            ], 
            "artist": "Mac Miller"
        }
    },
    "Rain": {
        "raw": "\n    \n  [Produced by 9th Wonder]\n\n[Verse 1: Vince Staples]\nTake your time, when talkin' to a nigga I don't waste none\nKnock you off your feet and then I flee before the jakes come\nSick of hearin' cases from these niggas who ain't face none\nBut I'ma be the nigga that they feelin' when the day come\nThirsty for the pay, young niggas led astray\nStray bullet hit my brother in his mothafuckin' face\nWhat's fate when a person don't deserve what he get?\nShootin' reckless at the father almost murdered the kid\nOr is it karma for the shit that both the parents had did?\nAin't embarrassed where I'm livin', we get merit for kills\nFrom a family of niggas that was veteran skilled\nVoted heartless cause my momma made me part of the guild\nDeals made, sellin' thrills paid the bills at the crib\nDrag him down by the river, he'll be missin' for years\nAnd them funerals was usual, ain't sheddin' no tears\nYou could fall and have it better off than most of us did\nCause shit, Heaven knows, Heaven's gates prolly closed\nAnd these hoes in a race for the gold\nWe was raised on that fork in the road\nNo food on our plate, just the meals that we stole\n\n[Verse 2: Mac Miller]\nI spit that prayer hand emoji, that shit that injured Kobe\nThe holiest of holy, Nick Nolte in some Oakley's\nThat's a flex though, cover up the issues that I kept close\nSober I can't deal I'm in the corner with my head low\nRunnin' from my shadow, never ending chase\nEase the pain and the battle that's within me\nSniff the same shit that got Whitney, the high heel depression\nMy temple feel the metal comin' out the Smith & Wesson, bang\nSay a prayer, leave my brains on the tile floor\nMy bitch hate me, always tell me I should smile more\nOff them drugs that hit you in your spinal cord\nThis the shit I need to keep the climate warm\nWish I could get high, space migration\nPretend I can just fly to great vibrations\nThe magazines need a quote\nNow I'm gone, sorry I don't even know\n\n[Outro: Mac Miller]\nAnd this pain, and this pain, and this pain, and this pain\nMixed up with this rain, this rain, this rain, this rain\n\n\n\n\n  ", 
        "pro": {
            "features": [
                "Vince Staples"
            ], 
            "producers": [
                "9th Wonder"
            ], 
            "blocks": {
                "verses": [
                    {
                        "header": "[Verse 1: Vince Staples]", 
                        "text hash": "f811c017aed987ffa1c1bb53b791d7b4", 
                        "artist": "Vince Staples", 
                        "text": "Take your time, when talkin' to a nigga I don't waste none\nKnock you off your feet and then I flee before the jakes come\nSick of hearin' cases from these niggas who ain't face none\nBut I'ma be the nigga that they feelin' when the day come\nThirsty for the pay, young niggas led astray\nStray bullet hit my brother in his mothafuckin' face\nWhat's fate when a person don't deserve what he get?\nShootin' reckless at the father almost murdered the kid\nOr is it karma for the shit that both the parents had did?\nAin't embarrassed where I'm livin', we get merit for kills\nFrom a family of niggas that was veteran skilled\nVoted heartless cause my momma made me part of the guild\nDeals made, sellin' thrills paid the bills at the crib\nDrag him down by the river, he'll be missin' for years\nAnd them funerals was usual, ain't sheddin' no tears\nYou could fall and have it better off than most of us did\nCause shit, Heaven knows, Heaven's gates prolly closed\nAnd these hoes in a race for the gold\nWe was raised on that fork in the road\nNo food on our plate, just the meals that we stole"
                    }, 
                    {
                        "header": "[Verse 2: Mac Miller]", 
                        "text hash": "0a61dcd8e345d855de3027600cf87a60", 
                        "artist": "Mac Miller", 
                        "text": "I spit that prayer hand emoji, that shit that injured Kobe\nThe holiest of holy, Nick Nolte in some Oakley's\nThat's a flex though, cover up the issues that I kept close\nSober I can't deal I'm in the corner with my head low\nRunnin' from my shadow, never ending chase\nEase the pain and the battle that's within me\nSniff the same shit that got Whitney, the high heel depression\nMy temple feel the metal comin' out the Smith & Wesson, bang\nSay a prayer, leave my brains on the tile floor\nMy bitch hate me, always tell me I should smile more\nOff them drugs that hit you in your spinal cord\nThis the shit I need to keep the climate warm\nWish I could get high, space migration\nPretend I can just fly to great vibrations\nThe magazines need a quote\nNow I'm gone, sorry I don't even know"
                    }, 
                    {
                        "header": "[Outro: Mac Miller]", 
                        "text hash": "b3f4b8560a77d34200adf04a958ac5b5", 
                        "artist": "Mac Miller", 
                        "text": "And this pain, and this pain, and this pain, and this pain\nMixed up with this rain, this rain, this rain, this rain\n\n\n\n\n  "
                    }
                ], 
                "hooks": []
            }, 
            "order": [
                "[Produced by 9th Wonder]", 
                "[Verse 1: Vince Staples]", 
                "[Verse 2: Mac Miller]", 
                "[Outro: Mac Miller]"
            ], 
            "artist": "Mac Miller"
        }
    }
}