{
    "Kobe or Ginobili (Remix)": {
        "raw": "\n    \n  [Intro:]\nMack Maine\nFreestyle\nMontana\n102 Baby\nAce Hood\nThis the remix!\nRick Ross!\nMackey Ray Cyrus\nBusta Rhymes\nTell Miley Holla at Me\n\n[Hook: Mack Maine 2x]\nThrow it back like it don't fit or like you owe me\nIf you bout that life then baby girl show me\nBitch I ball hard like Kobe or Ginobili\nBitch I ball hard like Kobe or Ginobili\n\n[Verse 1: Mack Maine]\nNo what's the difference between a real fan and a fake groupie?\nA real fan will let you skeet on her fake boobies\nI don't discriminate, now let me squeeze that fake booty\nTryna see you pop that thang like a baby uzi\nNow back that ass up, I'm feelin like Judy\nIma run through that pussy and Tune gon skate through it\nExcuse my french, but I know I'm the shit\nEvery bitch I done fucked can suck my dick\nThese hoes is like mosquitos: Sucking dick and licking nuts\nCalling my phone from will call to pick tickets up\nWhy you bitchin and willin, I'm on fisherman's island\nSetting it off which Queen Latifah kissin Madonna\nI don't need no subpoena, but come and serve me baby\nI know you listenin, but Ima still ask if ya heard me baby\nNow peep this, G shit, Rich Gang, Remix\nYour bitch wavin so much we get sea sick\n(Ya Heard me)\n\n[Hook:]\nThrow it back like it don't feel it like you owe me\nBitch I ball hard like Kobe or Ginobili\nAin't a game baby girl it ain't Shinobi\nIf you bout that life and baby girl show me\n\n[Verse 2: Rick Ross]\nUh, slidin for my wody\nMan down bang a pistol if you know me\nStand down this little nigga think he Spodee\nYour third round you're in the presence of a Kobe\nRolly, and I'm stuntin like a stole it\nHoly, your favorite rapper wanna hold it\nFacts! So you know a nigga spoke it\nStacks! Got these True Religions pokin\nWody! Time to go to war then\nRidin! With my Rolls from New Orleans\nSwinging nine prayed to the lord and\nI'm getting mine, pray you gettin yours then\n\n[Verse 3: Ace Hood]\nTell shawty pop that pussy like a soda can\nI like my pussy pinker than a summer tan\nThis rolly here? Hmm bout a hundred grand\nKeep it cool, got them shooters in that blue Sedan\nHacked up. You might catch a movie role\nI murk a nigga then write a verse in the studio\nYa, I still be ballin like a motha fucka\nAnd money called bitch I play the road runner\n(Uh) I'm talkin Kobe and Ginobili\nLow life 50 thousand that's the old me\nCheap on 28s I'm in the nose bleed\nPull up the got the shark face emoji\nYa motha fucker where my manners at?\nIma take your bitch, every time you call she never answer back\nProlly ridin this dick\nWhen I'm done I pass to my clique\nWe send her home when she finished this\nAnd you the same nigga she kissed (yuck)\n\n[Hook: 2x]\n\n[Verse 4: French Montana]\nMe and Mack like Duncan and Ginobili\nMix some purple with the yellow call me Kobe\nLemme touch it, gon and buss it open for me\nAnd gon and flip it back, throw it back like you owe me\nAnd I don't care if you was here way before me\nCrunch time get respect you gotta show me\nDun Dada top shotta, ten commas\nTop dollas, 8 bitches, got high mileage\nI be stuntin on them hoes like Bird and Wayne\nBloody red moose thats worth a gain\nPresidential rolly, presidential suite nigga\nCash money coke boys realest in the street nigga\n\n[Verse 5: Busta Rhymes]\nBitch I ball like Kobe or Ginobili\nWhat the fuck every championship ring belong to me\nI don't know if I'll ever die. You know God look over me\nFucking bitches to the point I hurt their ovaries (Damn!)\nI get this bread all of the planet, globally\nAnd you'll respect your only commandment, locally\nBaggin bitches like shopping down at the grocery (Get it!)\nMy niggas busta ya head while I deal with diplomacy\nHopefully you turn out to be what you're possed to be\nEnd up sounding like something sweeter than poetry\nAnd make your broad twerk it twerk it, watch her pose for me\nAnd get back to throwing this money, hold my coat for me\n\n[Hook:]\n\n[Outro: DJ Khaled]\nMack Maine!\nRemix!\n\n\n\n\n  ", 
        "pro": {
            "features": [
                "Ace Hood", 
                "Busta Rhymes", 
                "DJ Khaled", 
                "French Montana", 
                "Rick Ross"
            ], 
            "blocks": {
                "verses": [
                    {
                        "header": "[Verse 1: Mack Maine]", 
                        "text hash": "d9028eaa82da5431b62ab66ab5f7893e", 
                        "artist": "Mack Maine", 
                        "text": "No what's the difference between a real fan and a fake groupie?\nA real fan will let you skeet on her fake boobies\nI don't discriminate, now let me squeeze that fake booty\nTryna see you pop that thang like a baby uzi\nNow back that ass up, I'm feelin like Judy\nIma run through that pussy and Tune gon skate through it\nExcuse my french, but I know I'm the shit\nEvery bitch I done fucked can suck my dick\nThese hoes is like mosquitos: Sucking dick and licking nuts\nCalling my phone from will call to pick tickets up\nWhy you bitchin and willin, I'm on fisherman's island\nSetting it off which Queen Latifah kissin Madonna\nI don't need no subpoena, but come and serve me baby\nI know you listenin, but Ima still ask if ya heard me baby\nNow peep this, G shit, Rich Gang, Remix\nYour bitch wavin so much we get sea sick\n(Ya Heard me)"
                    }, 
                    {
                        "header": "[Verse 2: Rick Ross]", 
                        "text hash": "e87aa9b5fbab4b9bb79f3d841f88b43a", 
                        "artist": "Rick Ross", 
                        "text": "Uh, slidin for my wody\nMan down bang a pistol if you know me\nStand down this little nigga think he Spodee\nYour third round you're in the presence of a Kobe\nRolly, and I'm stuntin like a stole it\nHoly, your favorite rapper wanna hold it\nFacts! So you know a nigga spoke it\nStacks! Got these True Religions pokin\nWody! Time to go to war then\nRidin! With my Rolls from New Orleans\nSwinging nine prayed to the lord and\nI'm getting mine, pray you gettin yours then"
                    }, 
                    {
                        "header": "[Verse 3: Ace Hood]", 
                        "text hash": "76e150ded694b43ca60dfea20f60f9f1", 
                        "artist": "Ace Hood", 
                        "text": "Tell shawty pop that pussy like a soda can\nI like my pussy pinker than a summer tan\nThis rolly here? Hmm bout a hundred grand\nKeep it cool, got them shooters in that blue Sedan\nHacked up. You might catch a movie role\nI murk a nigga then write a verse in the studio\nYa, I still be ballin like a motha fucka\nAnd money called bitch I play the road runner\n(Uh) I'm talkin Kobe and Ginobili\nLow life 50 thousand that's the old me\nCheap on 28s I'm in the nose bleed\nPull up the got the shark face emoji\nYa motha fucker where my manners at?\nIma take your bitch, every time you call she never answer back\nProlly ridin this dick\nWhen I'm done I pass to my clique\nWe send her home when she finished this\nAnd you the same nigga she kissed (yuck)"
                    }, 
                    {
                        "header": "[Verse 4: French Montana]", 
                        "text hash": "bce441371332b4b7672f46084f0a6632", 
                        "artist": "French Montana", 
                        "text": "Me and Mack like Duncan and Ginobili\nMix some purple with the yellow call me Kobe\nLemme touch it, gon and buss it open for me\nAnd gon and flip it back, throw it back like you owe me\nAnd I don't care if you was here way before me\nCrunch time get respect you gotta show me\nDun Dada top shotta, ten commas\nTop dollas, 8 bitches, got high mileage\nI be stuntin on them hoes like Bird and Wayne\nBloody red moose thats worth a gain\nPresidential rolly, presidential suite nigga\nCash money coke boys realest in the street nigga"
                    }, 
                    {
                        "header": "[Verse 5: Busta Rhymes]", 
                        "text hash": "6f54e779925ef9400d9df0c62d61900f", 
                        "artist": "Busta Rhymes", 
                        "text": "Bitch I ball like Kobe or Ginobili\nWhat the fuck every championship ring belong to me\nI don't know if I'll ever die. You know God look over me\nFucking bitches to the point I hurt their ovaries (Damn!)\nI get this bread all of the planet, globally\nAnd you'll respect your only commandment, locally\nBaggin bitches like shopping down at the grocery (Get it!)\nMy niggas busta ya head while I deal with diplomacy\nHopefully you turn out to be what you're possed to be\nEnd up sounding like something sweeter than poetry\nAnd make your broad twerk it twerk it, watch her pose for me\nAnd get back to throwing this money, hold my coat for me"
                    }
                ], 
                "hooks": [
                    {
                        "header": "[Hook: Mack Maine 2x]", 
                        "text hash": "9c2ff0518c0ff0fa01b1c4ecd23b2e58", 
                        "artist": "Mack Maine 2x", 
                        "text": "Throw it back like it don't fit or like you owe me\nIf you bout that life then baby girl show me\nBitch I ball hard like Kobe or Ginobili\nBitch I ball hard like Kobe or Ginobili"
                    }, 
                    {
                        "header": "[Hook:]", 
                        "text hash": "04dd680f01125dd58f5d7bd0f9420e26", 
                        "artist": "Mack Maine", 
                        "text": "Throw it back like it don't feel it like you owe me\nBitch I ball hard like Kobe or Ginobili\nAin't a game baby girl it ain't Shinobi\nIf you bout that life and baby girl show me"
                    }
                ], 
                "intro": [
                    {
                        "header": "[Intro:]", 
                        "text hash": "9647d2d6b543a09d6786be6b6ea51c19", 
                        "artist": "Mack Maine", 
                        "text": "Mack Maine\nFreestyle\nMontana\n102 Baby\nAce Hood\nThis the remix!\nRick Ross!\nMackey Ray Cyrus\nBusta Rhymes\nTell Miley Holla at Me"
                    }
                ], 
                "remainders": [
                    {
                        "header": "[Outro: DJ Khaled]", 
                        "text hash": "70fd3e469e73a41bb30f1c420b47abb4", 
                        "artist": "DJ Khaled", 
                        "text": "Mack Maine!\nRemix!\n\n\n\n\n  "
                    }
                ]
            }, 
            "order": [
                "[Intro:]", 
                "[Hook: Mack Maine 2x]", 
                "[Verse 1: Mack Maine]", 
                "[Hook:]", 
                "[Verse 2: Rick Ross]", 
                "[Verse 3: Ace Hood]", 
                "[Hook: 2x]", 
                "[Verse 4: French Montana]", 
                "[Verse 5: Busta Rhymes]", 
                "[Hook:]", 
                "[Outro: DJ Khaled]"
            ], 
            "artist": "Mack Maine"
        }
    }
}