{
    "Astonishing": {
        "raw": "\n    \n  [Verse 1: Large Professor]\nAstonishing how I flip a mic and start bombin\u2019 shit\nVarnishing, paint on the wall with knowledge and\nWisdom, one, two, dip \u2018em in the holy water\nRip it in the holy war, check \u2018em into post mortem\nDocument, fresh direct Ralph Lauren hoodie\nWhen I be on the West Coast rock with [?]\nThe limelight fry \u2018em like five-fifty Fahrenheit\nFire mics daily with ninety-nine terabytes\nBangers, I pop up with new angles\nIn the maze, navigating this game, so far made loose-\nAnd dead-ends, crystal mint, James Brown, there it is\nWalking it, talking it, making it all connect\nThrough instinct, full of god, Iron Mike in the straight\nMosey up and away, grab your rosary\nHoes be all up in the mix tryna cake off\nOr be left with crumbs in the end while I take all\n\n[Verse 2: Inspectah Deck]\nI\u2019m straight boss, wave of my hand I make \u2018em break North\nI\u2019m paid off, something like Bernie how I made off\nYours truly, got \u2018em jumping like the horror movie\nShit your groupies move to couldn\u2019t hardly move me\nI\u2019m that Beat Street Ramo with fuego\nPounds or pesos, don\u2019t matter it\u2019s all bueno\nPay close attention, mention my name: provoke tension\nBets in the game, there\u2019s no question\nThis is Marco, Rebel on the job with the Large Pro\nLords of the Underground marked with the barcode\nThe Dark Knight, eyes on the city\nDimes on the sticky, overtime on my grissy\nMind on the moola, doola\nStepping with the superfly cougar and the personal Ruger\nI\u2019m through your brain like Hennessy black\nFlow dawg, I\u2019m a menace to rap, but stretching your crack\n\n[Samples]\n\"Create astonishing lines\"\n\"The flow is something amazing\"\n\n[Verse 3: O.C.]\nSimilar to Eastwood, roll in the gauntlet\nBulletproof bust but shots get to sparkin\u2019\nCreate an idea, if there\u2019s a problem I solve it\nMaximize brain cells, glitter like garland\nYou can\u2019t out-rap us, twenty-plus years been at this\nLarge Pro, I-N-S above average\nThis ain\u2019t fire, this is arson\nBig guns pointing at your toes, got rappers doing the Charleston\nBreaking atoms send a spindle round your dome\nWhen I hit \u2018em, if I need help to Deck I shine a Wu emblem\nM-Polo on the boss for dolo, whippin\u2019 it like a Volvo\nPicture this like a group photo\nIt\u2019s a team effort, no need to fly solo\nBear witness, crown over mine, this would be the logo O.C\nBy design it was in the terrace\nSimple A-U combined make it eighteen karat\n\n[Verse 4: Tragedy Khadafi]\nGold bars, Libyan money, bloody the nozz\nWe the verbal gods, blow heat, discreet just to beat the odds\nExotic lodges, m\u00e9nages, Khadaf is\nSingle-handedly murdering soloists and squadrons\nThis is vernacular, my poetry is spectacular\nBram Stoker choke the vocals of an amateur\nAttack like terrorist plot from Afghanistan\nAfrican, we a pack of wolves, y\u2019all a rack of lambs\nSeven-and-one-half ounces of grand thoughts spilled\nI\u2019m like a shark with venom coming out of my gills\nBehind enemy lines, ready for war still\nRhymes like extended clips spitting out of mack mills\nBenevolent martyr, all my Gs scarred up\nMastered the art of these bars, word to the Father\nIndigenous pharaoh, my thoughts travel\nLike a hollow-tip through a barrel\nWatch a universal battle\nThe magnum opus who\u2019ll split an atom when he focused\nWe the titans in the cypher, y\u2019all a bunch of roaches\nTravel the Matrix in a time-portal spaceship\nVisions of Euro stacks, better where my face is\nChampion hoodie, shell-top with no laces\nQueensbridge houses, nostalgic, most graces\n\n\n\n\n  ", 
        "pro": {
            "features": [
                "DJ Revolution", 
                "Inspectah Deck", 
                "Large Professor", 
                "O.C.", 
                "Tragedy Khadafi"
            ], 
            "producers": [
                "Marco Polo"
            ], 
            "blocks": {
                "verses": [
                    {
                        "header": "[Verse 1: Large Professor]", 
                        "text hash": "72a1c8b97fdef01ed51ea8d03699a0a8", 
                        "artist": "Large Professor", 
                        "text": "Astonishing how I flip a mic and start bombin\u2019 shit\nVarnishing, paint on the wall with knowledge and\nWisdom, one, two, dip \u2018em in the holy water\nRip it in the holy war, check \u2018em into post mortem\nDocument, fresh direct Ralph Lauren hoodie\nWhen I be on the West Coast rock with [?]\nThe limelight fry \u2018em like five-fifty Fahrenheit\nFire mics daily with ninety-nine terabytes\nBangers, I pop up with new angles\nIn the maze, navigating this game, so far made loose-\nAnd dead-ends, crystal mint, James Brown, there it is\nWalking it, talking it, making it all connect\nThrough instinct, full of god, Iron Mike in the straight\nMosey up and away, grab your rosary\nHoes be all up in the mix tryna cake off\nOr be left with crumbs in the end while I take all"
                    }, 
                    {
                        "header": "[Verse 2: Inspectah Deck]", 
                        "text hash": "3b43745fb29d7fcd227da7907f9128a9", 
                        "artist": "Inspectah Deck", 
                        "text": "I\u2019m straight boss, wave of my hand I make \u2018em break North\nI\u2019m paid off, something like Bernie how I made off\nYours truly, got \u2018em jumping like the horror movie\nShit your groupies move to couldn\u2019t hardly move me\nI\u2019m that Beat Street Ramo with fuego\nPounds or pesos, don\u2019t matter it\u2019s all bueno\nPay close attention, mention my name: provoke tension\nBets in the game, there\u2019s no question\nThis is Marco, Rebel on the job with the Large Pro\nLords of the Underground marked with the barcode\nThe Dark Knight, eyes on the city\nDimes on the sticky, overtime on my grissy\nMind on the moola, doola\nStepping with the superfly cougar and the personal Ruger\nI\u2019m through your brain like Hennessy black\nFlow dawg, I\u2019m a menace to rap, but stretching your crack"
                    }, 
                    {
                        "header": "[Verse 3: O.C.]", 
                        "text hash": "a6165aa0658c24fc10e019c73ff2ac28", 
                        "artist": "O.C.", 
                        "text": "Similar to Eastwood, roll in the gauntlet\nBulletproof bust but shots get to sparkin\u2019\nCreate an idea, if there\u2019s a problem I solve it\nMaximize brain cells, glitter like garland\nYou can\u2019t out-rap us, twenty-plus years been at this\nLarge Pro, I-N-S above average\nThis ain\u2019t fire, this is arson\nBig guns pointing at your toes, got rappers doing the Charleston\nBreaking atoms send a spindle round your dome\nWhen I hit \u2018em, if I need help to Deck I shine a Wu emblem\nM-Polo on the boss for dolo, whippin\u2019 it like a Volvo\nPicture this like a group photo\nIt\u2019s a team effort, no need to fly solo\nBear witness, crown over mine, this would be the logo O.C\nBy design it was in the terrace\nSimple A-U combined make it eighteen karat"
                    }, 
                    {
                        "header": "[Verse 4: Tragedy Khadafi]", 
                        "text hash": "3e17f4afe8aee4a074c89d8f6982919b", 
                        "artist": "Tragedy Khadafi", 
                        "text": "Gold bars, Libyan money, bloody the nozz\nWe the verbal gods, blow heat, discreet just to beat the odds\nExotic lodges, m\u00e9nages, Khadaf is\nSingle-handedly murdering soloists and squadrons\nThis is vernacular, my poetry is spectacular\nBram Stoker choke the vocals of an amateur\nAttack like terrorist plot from Afghanistan\nAfrican, we a pack of wolves, y\u2019all a rack of lambs\nSeven-and-one-half ounces of grand thoughts spilled\nI\u2019m like a shark with venom coming out of my gills\nBehind enemy lines, ready for war still\nRhymes like extended clips spitting out of mack mills\nBenevolent martyr, all my Gs scarred up\nMastered the art of these bars, word to the Father\nIndigenous pharaoh, my thoughts travel\nLike a hollow-tip through a barrel\nWatch a universal battle\nThe magnum opus who\u2019ll split an atom when he focused\nWe the titans in the cypher, y\u2019all a bunch of roaches\nTravel the Matrix in a time-portal spaceship\nVisions of Euro stacks, better where my face is\nChampion hoodie, shell-top with no laces\nQueensbridge houses, nostalgic, most graces\n\n\n\n\n  "
                    }
                ], 
                "hooks": [], 
                "remainders": [
                    {
                        "header": "[Samples]", 
                        "text hash": "ca6c3879d9b4e5b648e6ae7d7664c3d2", 
                        "artist": "Marco Polo", 
                        "text": "\"Create astonishing lines\"\n\"The flow is something amazing\""
                    }
                ]
            }, 
            "order": [
                "[Verse 1: Large Professor]", 
                "[Verse 2: Inspectah Deck]", 
                "[Samples]", 
                "[Verse 3: O.C.]", 
                "[Verse 4: Tragedy Khadafi]"
            ], 
            "artist": "Marco Polo"
        }
    }
}