{
    "Let Me Love You (Remix)": {
        "raw": "\n    \n  [Intro - Jadakiss] (Mario)\n(Baby you should let me love you, let me love you)\nAh-ha! Scott Storch! Did it again baby!\n(Baby you should let me love you)\n(You should let me love you, let me love you, let me love you)\nT.I.! Mario! Jada! 3rd Street!\n(Baby you should let me love you)\n(You should let me love you, let me love you, let me love you)\nD-Block! Trap Muzik! Double R!\n(Baby you should let me love you)\n(You should let me love you, let me love you, let me love you)\nThis is the remix!\n(Baby you should let me love you)\n\n[Verse - Jadakiss]\nJust relieve your stress (relax)\nChill your ring finger and freeze ya chest\nCop you the new Beemer, the beads is next\nAnd even though it's a want I need the sex\nI hope it's just insecurity\nCause I know she feeling me\nDigging the growth and the maturity\nBut I got hard luck, cause honey keep keeping her guards up\nSo I'm just trying to even the odds up\nAnd that part sucks to have to keep going back in on her\nWhen she know that I been on her\nSince back in the days in Manhattan after the matinee\nWhen she just happened to wave\nThat's when I knew she had the right shine (right shine)\nAnd the right mind (right mind)\nIt's just on me to catch her at the right time (right time)\nWhen I get her I'm a grab her by the wrist\nPull her close to me, hug her and tell her this\n\n[Hook - Mario]\nBaby you should let me love you, let me be the one to\nGive you everything you want and need\nBaby good love and protection\nMake me your selection\nShow you the way love's supposed to be\n\n[Verse - Mario]\nBaby I just don't get it, do you enjoy being hurt?\nI know you smell the perfume, the make up on his shirt\nYou don't believe his stories you know that they're all lies\nBad as you are, stick around and I just don't know why\n(If I was you man) Baby you'd!\n(Never worry bout) What I'd do\n(I'd be coming home) Back to you, every night doing you right\n(Your the type of woman) Deserves good things\n(Fist full of diamonds) Hand full of rings\n(Baby you're a star) I just want to show you\n\n[Hook]\n\n[Bridge - Mario]\nBaby you should let me love you, let me love you\nBaby you should let me love you\nYou should let me love you, let me love you\nBaby you should let me love you\nYou should let me love you, let me love you\nBaby you should let me love you\nYou should let me love you, let me love you\nBaby you should let me love you\n\n[Verse - T.I.]\nDon't you wanna cruise avenues in a ride wit a pair of shoes\nShining like a diamond sitting high with raised latitude\nHeh, listen baby I could change your attitude\nYou chilling with the king you ain't dealing with them rapper dudes\nHey keep it real, kick it with me, is what you'd rather do\nI was popping before you, gonna be the same after you\nI ain't gon chase you, I'd rather replace you\nIn case you wondered, I'm stuntin and way major\nIf the ice don't matter, and the money don't phase you\nCars don't impress you, I bet the sex'll amaze you\nLook you don't want to past the chance (hey!)\nSpend the summer in the bottom half of france\nDon't be alarmed I don't mean no harm\nI'll help you before I hurt you, I'm trying to rebirth you\nI wanna love you, I ain't just have to nail you\nYou already know I can show you\nBetter than I can tell you\n\n[Hook]\n\n[Bridge] w/ Mario ad-libs\n\nHey Scott Storch you crazy for this one!\nThat boy crazy!!\n\n[Scott Storch instrumental outro]\n\n\n\n\n  ", 
        "pro": {
            "features": [
                "Jadakiss", 
                "T.I."
            ], 
            "producers": [
                "Ne-Yo", 
                "Scott Storch"
            ], 
            "blocks": {
                "verses": [
                    {
                        "header": "[Verse - Jadakiss]", 
                        "text hash": "69b1bb65aec0914a61cb3bd75252402f", 
                        "artist": "Jadakiss", 
                        "text": "Just relieve your stress (relax)\nChill your ring finger and freeze ya chest\nCop you the new Beemer, the beads is next\nAnd even though it's a want I need the sex\nI hope it's just insecurity\nCause I know she feeling me\nDigging the growth and the maturity\nBut I got hard luck, cause honey keep keeping her guards up\nSo I'm just trying to even the odds up\nAnd that part sucks to have to keep going back in on her\nWhen she know that I been on her\nSince back in the days in Manhattan after the matinee\nWhen she just happened to wave\nThat's when I knew she had the right shine (right shine)\nAnd the right mind (right mind)\nIt's just on me to catch her at the right time (right time)\nWhen I get her I'm a grab her by the wrist\nPull her close to me, hug her and tell her this"
                    }, 
                    {
                        "header": "[Verse - Mario]", 
                        "text hash": "8f088a478b83c13ff497246342a941aa", 
                        "artist": "Mario", 
                        "text": "Baby I just don't get it, do you enjoy being hurt?\nI know you smell the perfume, the make up on his shirt\nYou don't believe his stories you know that they're all lies\nBad as you are, stick around and I just don't know why\n(If I was you man) Baby you'd!\n(Never worry bout) What I'd do\n(I'd be coming home) Back to you, every night doing you right\n(Your the type of woman) Deserves good things\n(Fist full of diamonds) Hand full of rings\n(Baby you're a star) I just want to show you"
                    }, 
                    {
                        "header": "[Verse - T.I.]", 
                        "text hash": "36f139e748a4db17f2158803d55ca6d1", 
                        "artist": "T.I.", 
                        "text": "Don't you wanna cruise avenues in a ride wit a pair of shoes\nShining like a diamond sitting high with raised latitude\nHeh, listen baby I could change your attitude\nYou chilling with the king you ain't dealing with them rapper dudes\nHey keep it real, kick it with me, is what you'd rather do\nI was popping before you, gonna be the same after you\nI ain't gon chase you, I'd rather replace you\nIn case you wondered, I'm stuntin and way major\nIf the ice don't matter, and the money don't phase you\nCars don't impress you, I bet the sex'll amaze you\nLook you don't want to past the chance (hey!)\nSpend the summer in the bottom half of france\nDon't be alarmed I don't mean no harm\nI'll help you before I hurt you, I'm trying to rebirth you\nI wanna love you, I ain't just have to nail you\nYou already know I can show you\nBetter than I can tell you"
                    }
                ], 
                "hooks": [
                    {
                        "header": "[Hook - Mario]", 
                        "text hash": "614c2cde4148a5ca834f5f369dc0f6dc", 
                        "artist": "Mario", 
                        "text": "Baby you should let me love you, let me be the one to\nGive you everything you want and need\nBaby good love and protection\nMake me your selection\nShow you the way love's supposed to be"
                    }
                ], 
                "intro": [
                    {
                        "header": "[Intro - Jadakiss]", 
                        "text hash": "d481399361955c8378e5eaeb51aec66a", 
                        "artist": "Jadakiss", 
                        "text": " (Mario)\n(Baby you should let me love you, let me love you)\nAh-ha! Scott Storch! Did it again baby!\n(Baby you should let me love you)\n(You should let me love you, let me love you, let me love you)\nT.I.! Mario! Jada! 3rd Street!\n(Baby you should let me love you)\n(You should let me love you, let me love you, let me love you)\nD-Block! Trap Muzik! Double R!\n(Baby you should let me love you)\n(You should let me love you, let me love you, let me love you)\nThis is the remix!\n(Baby you should let me love you)"
                    }
                ], 
                "bridge": [
                    {
                        "header": "[Bridge - Mario]", 
                        "text hash": "47f601011442b3e6a069bc3368b4d388", 
                        "artist": "Mario", 
                        "text": "Baby you should let me love you, let me love you\nBaby you should let me love you\nYou should let me love you, let me love you\nBaby you should let me love you\nYou should let me love you, let me love you\nBaby you should let me love you\nYou should let me love you, let me love you\nBaby you should let me love you"
                    }, 
                    {
                        "header": "[Bridge]", 
                        "text hash": "e3a37d4a0c544abf85fb94dd707094d9", 
                        "artist": "Mario", 
                        "text": " w/ Mario ad-libs\n\nHey Scott Storch you crazy for this one!\nThat boy crazy!!"
                    }
                ]
            }, 
            "order": [
                "[Verse - Jadakiss]", 
                "[Hook - Mario]", 
                "[Verse - Mario]", 
                "[Hook]", 
                "[Bridge - Mario]", 
                "[Verse - T.I.]", 
                "[Hook]", 
                "[Scott Storch instrumental outro]"
            ], 
            "artist": "Mario"
        }
    }
}