{
    "Miss You": {
        "raw": "\n    \n  [Mariah]\nSaid Jermaine likes it, and I like it\n\n[Mariah] (JD) {Jadakiss}\n{Uh, uh huh, yeah}, (uh huh, yeah), uh huh, yeah (uh)\n(Uh huh, yeah, yeah)\nYou know I'm really missing you baby, uh huh, yeah (MC)\nYou know I'm really missing you baby, uh huh, yeah (So So Def)\nYou know I'm really missing you baby, uh huh, yeah\nBaby baby I'm missing you (heh heh, come on)\n\n[Verse One: Mariah]\nLonging for you everyday and I reach for you every night (uh huh, yeah)\nBaby nothing's been the same since the day, we said good-bye\nAnd I can't go on like this for too long\nBaby baby I'm missing you (uh huh, yeah)\nBoy I need you next to me and I'm hungering for your touch\nCaught up in the memories and you're all I'm thinking of (uh huh, yeah)\nCause I can't get past, what we used to have (yeah)\nBaby baby I'm missing you (come on)\n\n[Hook: Mariah]\nI'm talkin' bout how I used to like it when you whispered to me\nTell me that you love me and those beautiful things\nBaby won't you come here cause I'm really in need\nI'm lost in your love and I don't know what to do with myself\nI don't wanna be with nobody else\nI just think about you, think about us, think about how much\nI miss you\n\n[Verse Two: Mariah]\nAll I do is reminisce of the love that we used to share (uh huh, yeah)\nCan't recover from your kiss because nothing, else compares (uh huh, yeah)\nAin't no substitute, when it comes to you (come on)\nBaby baby I'm missing you\nVisions of us hand in hand come to me when I close my eyes (uh huh, yeah)\nBaby I don't understand how we let, it, all slip by\nTell me can we try, baby one more time, baby, baby I miss you\n\n[Hook]\n\n[Mariah] + (JD)\nRemember when, our eyes first met (uh huh)\nI knew I'd never be the same again (this part's sexy right here)\nWhy can't it just be like it was (yeah)\nEnough is enough (yo)\n\n{*whispering*} Ja-da-*MUAH*\n\n[Jadakiss]\nUh, uh huh\nYo, I remember when I first kicked it to you\nWe hit it off well, then I used to whisper to you\nIt was all swell\nSaid you came from a family with money\nMe, I was fresh off the block handling twenties\nWhen I smile was you open or what (uh huh, yeah)\nSay you can't judge a book by the cover 'til you open it up\nPast hot, we was more like lava-ble (uh huh)\nUsed to chill and the smoke didn't bother you\nBeauty of a rose, scent of a flower\nLove when I tell her to, get in the shower, hit it for hours (wooo)\nWhen I thought you was able to cope\nThat's where things fell apart ma, then it stagnated us both\nAnd now the pain is killing you crazy\nWhile all the time in your mind, you knew I was feeling you crazy\nBut Kiss is official boo and I'mma come clean\nYou miss me, well I miss you too, come on\n\n[Hook] - repeat 4X w/ ad libs\n\n\n\n\n  ", 
        "pro": {
            "features": [
                "Jadakiss"
            ], 
            "blocks": {
                "verses": [
                    {
                        "header": "[Mariah]", 
                        "text hash": "b5f7a2a921868786bb4f27a6f5b6c595", 
                        "artist": "Mariah Carey", 
                        "text": "Said Jermaine likes it, and I like it"
                    }, 
                    {
                        "header": "[Mariah]", 
                        "text hash": "eff4aa08c763cad9c19e7adf24a6f07d", 
                        "artist": "Mariah Carey", 
                        "text": " (JD) {Jadakiss}\n{Uh, uh huh, yeah}, (uh huh, yeah), uh huh, yeah (uh)\n(Uh huh, yeah, yeah)\nYou know I'm really missing you baby, uh huh, yeah (MC)\nYou know I'm really missing you baby, uh huh, yeah (So So Def)\nYou know I'm really missing you baby, uh huh, yeah\nBaby baby I'm missing you (heh heh, come on)"
                    }, 
                    {
                        "header": "[Verse One: Mariah]", 
                        "text hash": "a7bc5884ea1d27ae3edfcc92796fd509", 
                        "artist": "Mariah", 
                        "text": "Longing for you everyday and I reach for you every night (uh huh, yeah)\nBaby nothing's been the same since the day, we said good-bye\nAnd I can't go on like this for too long\nBaby baby I'm missing you (uh huh, yeah)\nBoy I need you next to me and I'm hungering for your touch\nCaught up in the memories and you're all I'm thinking of (uh huh, yeah)\nCause I can't get past, what we used to have (yeah)\nBaby baby I'm missing you (come on)"
                    }, 
                    {
                        "header": "[Verse Two: Mariah]", 
                        "text hash": "57794d350cb16e4b5faea004aece035d", 
                        "artist": "Mariah", 
                        "text": "All I do is reminisce of the love that we used to share (uh huh, yeah)\nCan't recover from your kiss because nothing, else compares (uh huh, yeah)\nAin't no substitute, when it comes to you (come on)\nBaby baby I'm missing you\nVisions of us hand in hand come to me when I close my eyes (uh huh, yeah)\nBaby I don't understand how we let, it, all slip by\nTell me can we try, baby one more time, baby, baby I miss you"
                    }, 
                    {
                        "header": "[Mariah]", 
                        "text hash": "f0f92a579023525f55661568d968e944", 
                        "artist": "Mariah Carey", 
                        "text": " + (JD)\nRemember when, our eyes first met (uh huh)\nI knew I'd never be the same again (this part's sexy right here)\nWhy can't it just be like it was (yeah)\nEnough is enough (yo)\n\n{*whispering*} Ja-da-*MUAH*"
                    }
                ], 
                "hooks": [
                    {
                        "header": "[Hook: Mariah]", 
                        "text hash": "f5f51f7f45b37187f65b90d252f4f004", 
                        "artist": "Mariah", 
                        "text": "I'm talkin' bout how I used to like it when you whispered to me\nTell me that you love me and those beautiful things\nBaby won't you come here cause I'm really in need\nI'm lost in your love and I don't know what to do with myself\nI don't wanna be with nobody else\nI just think about you, think about us, think about how much\nI miss you"
                    }, 
                    {
                        "header": "[Hook]", 
                        "text hash": "f7b504bda9e6c7a1047760154e75dde2", 
                        "artist": "Mariah Carey", 
                        "text": " - repeat 4X w/ ad libs\n\n\n\n\n  "
                    }
                ], 
                "remainders": [
                    {
                        "header": "[Jadakiss]", 
                        "text hash": "12abc32505eaa74cca88a539ebd52642", 
                        "artist": "Jadakiss", 
                        "text": "Uh, uh huh\nYo, I remember when I first kicked it to you\nWe hit it off well, then I used to whisper to you\nIt was all swell\nSaid you came from a family with money\nMe, I was fresh off the block handling twenties\nWhen I smile was you open or what (uh huh, yeah)\nSay you can't judge a book by the cover 'til you open it up\nPast hot, we was more like lava-ble (uh huh)\nUsed to chill and the smoke didn't bother you\nBeauty of a rose, scent of a flower\nLove when I tell her to, get in the shower, hit it for hours (wooo)\nWhen I thought you was able to cope\nThat's where things fell apart ma, then it stagnated us both\nAnd now the pain is killing you crazy\nWhile all the time in your mind, you knew I was feeling you crazy\nBut Kiss is official boo and I'mma come clean\nYou miss me, well I miss you too, come on"
                    }
                ]
            }, 
            "order": [
                "[Mariah]", 
                "[Verse One: Mariah]", 
                "[Hook: Mariah]", 
                "[Verse Two: Mariah]", 
                "[Hook]", 
                "[Jadakiss]"
            ], 
            "artist": "Mariah Carey"
        }
    }
}