{
    "I Ain't Tryna": {
        "raw": "\n    \n  [Intro/ Bridge: Max B]\nI ain't tryna stop the ride on my cavalary\nNiggas tried to body me and ain't nobody stoppin' me\nI'm not tryna go ho-whoa-ome\n\n[Verse 1: Max B]\nQuarter mil in that Louis bag, shorty wanna do me bad\nGet a bitch her do, he pull up in sixes boo\nDouble up on that hefty bag, I'm the best dick she had\nIn a long while, momma say all my songs foul\nMomma say all my songs sound provacative\n\"Mommy, how would you know? That shit you do is not marketed\"\nI'm gon' spark again, pour me cups of Cru, get me nice and right\nPussy, like it nice and tight, cookies, like 'em nice and light\nFluffy like them biscuits that my momma, when she pulled 'em out the oven\nSmelled 'em in the air, bullets fly from everywhere\nBet\n\nHe pull out a heavy gear, every year\nI was sittin' in the penitentiary, look at what was sent to me\nLetters from these bitches sayin' \"Bigga you gon' have to go back in for conspiracy\"\nOne thing wasn't clear to me\nCared to be, how can you niggas prepare to be something you can't see, smell or touch or taste\n'09 ma let's up the stakes\n\n[Hook: Max B]\nI got a beautiful thang, mami I'm just tryna change\nI'm in luv wit' you girl, I'm in luv wit' you girl\nBut I'm not tryna go ho-whoa-ome\nI got a beautiful Range, nice pinky ring and a chain\nAnd a nice freaky girl, and a nice freaky girl\nAnd I'm not tryna go ho-whoa-ome\n\n[Verse 2: Max B]\nNow dippin' on that lean, got a half a bird\nDrivin' up the interstate, dinnerplate in my car\nGots to break it down and bag it up, right before I hit the strip\nGotta move low when I tote that 5th, got a new flow wit' a gold 4-5th\nRope that bitch, make her tell me more, basement under the deli store\nI'm rarely hard?, better call the Champ Bailey dog\nPop up on the scene, it's like that nigga on a mission for some cream, reincarnate\nEvery weekend my mom stay\nEvery weekend she go to church, knows the earth\nTake it from your wiz, man I know it hurts, when them stones is on the dirt\nWhen them chromes is on alert, nigga you better talk like a G\nNigga don't be tryna fuck with me\nOww Oww\n\n[Hook]\n\n[Bridge]\n\n[French Montana]\nThey don't wanna see a young nigga do his thang\nStupid niggas don't thank, don't miss or don't blank\nNigga stack dough, black on, you can find me there\nYou can find me there\n\n[Verse 3: French Montana]\nWhat are you, insane, go against the grand\nInterference Number be yo' name\nNigga who to blame when ya fucked up\nNow that you got it, nigga ride it out, better do ya thang\nSick chain when you look at here, lookin' clear\nFeds try take friends of mine, hands of mine\nNiggas skiing to that finishline\nPowder every hour, every minute, while you in it\nGet your money, get up out it, ain't no love in the business\nKeep your niggas close, circles small\nHomie it's luv at the top, but it hurt when ya fall, most of all\nLook homie, if ya ask me, Montana, Max B\nNiggas off the wall like flat screens\n\n\n\nFax me papers with the signature, y'all niggas amateurs\nYa know we back, finish all the business, sir\nShorty gon' do me in, she don't know when she gon' see me 'gain\nAll my niggas play to win\nMontana bitch\n\n[Hook: Max B]\nI got a beautiful thang, mami I'm just tryna change\nI'm in luv wit' you girl, I'm in luv wit' you girl\nBut I'm not tryna go ho-whoa-ome\nI got a beautiful Range, nice pinky ring and a chain\nAnd a nice freaky girl, and a nice freaky girl\nAnd I'm not tryna go ho-ome\n\n\n\n\n  ", 
        "pro": {
            "features": [
                "French Montana"
            ], 
            "blocks": {
                "verses": [
                    {
                        "header": "[Verse 1: Max B]", 
                        "text hash": "9748a1298e19a560996e0c5eb0613990", 
                        "artist": "Max B", 
                        "text": "Quarter mil in that Louis bag, shorty wanna do me bad\nGet a bitch her do, he pull up in sixes boo\nDouble up on that hefty bag, I'm the best dick she had\nIn a long while, momma say all my songs foul\nMomma say all my songs sound provacative\n\"Mommy, how would you know? That shit you do is not marketed\"\nI'm gon' spark again, pour me cups of Cru, get me nice and right\nPussy, like it nice and tight, cookies, like 'em nice and light\nFluffy like them biscuits that my momma, when she pulled 'em out the oven\nSmelled 'em in the air, bullets fly from everywhere\nBet\n\nHe pull out a heavy gear, every year\nI was sittin' in the penitentiary, look at what was sent to me\nLetters from these bitches sayin' \"Bigga you gon' have to go back in for conspiracy\"\nOne thing wasn't clear to me\nCared to be, how can you niggas prepare to be something you can't see, smell or touch or taste\n'09 ma let's up the stakes"
                    }, 
                    {
                        "header": "[Verse 2: Max B]", 
                        "text hash": "946961b6d3a95e58b3af65d7a2cefb3b", 
                        "artist": "Max B", 
                        "text": "Now dippin' on that lean, got a half a bird\nDrivin' up the interstate, dinnerplate in my car\nGots to break it down and bag it up, right before I hit the strip\nGotta move low when I tote that 5th, got a new flow wit' a gold 4-5th\nRope that bitch, make her tell me more, basement under the deli store\nI'm rarely hard?, better call the Champ Bailey dog\nPop up on the scene, it's like that nigga on a mission for some cream, reincarnate\nEvery weekend my mom stay\nEvery weekend she go to church, knows the earth\nTake it from your wiz, man I know it hurts, when them stones is on the dirt\nWhen them chromes is on alert, nigga you better talk like a G\nNigga don't be tryna fuck with me\nOww Oww"
                    }, 
                    {
                        "header": "[Verse 3: French Montana]", 
                        "text hash": "d8e27a67dc7be13912bb88b1edb3a21e", 
                        "artist": "French Montana", 
                        "text": "What are you, insane, go against the grand\nInterference Number be yo' name\nNigga who to blame when ya fucked up\nNow that you got it, nigga ride it out, better do ya thang\nSick chain when you look at here, lookin' clear\nFeds try take friends of mine, hands of mine\nNiggas skiing to that finishline\nPowder every hour, every minute, while you in it\nGet your money, get up out it, ain't no love in the business\nKeep your niggas close, circles small\nHomie it's luv at the top, but it hurt when ya fall, most of all\nLook homie, if ya ask me, Montana, Max B\nNiggas off the wall like flat screens\n\n\n\nFax me papers with the signature, y'all niggas amateurs\nYa know we back, finish all the business, sir\nShorty gon' do me in, she don't know when she gon' see me 'gain\nAll my niggas play to win\nMontana bitch"
                    }
                ], 
                "hooks": [
                    {
                        "header": "[Hook: Max B]", 
                        "text hash": "c1499e1336749f84d0b13accbd6b6aeb", 
                        "artist": "Max B", 
                        "text": "I got a beautiful thang, mami I'm just tryna change\nI'm in luv wit' you girl, I'm in luv wit' you girl\nBut I'm not tryna go ho-whoa-ome\nI got a beautiful Range, nice pinky ring and a chain\nAnd a nice freaky girl, and a nice freaky girl\nAnd I'm not tryna go ho-whoa-ome"
                    }, 
                    {
                        "header": "[Hook: Max B]", 
                        "text hash": "6a2423981336f549d4b0ced69a09d82e", 
                        "artist": "Max B", 
                        "text": "I got a beautiful thang, mami I'm just tryna change\nI'm in luv wit' you girl, I'm in luv wit' you girl\nBut I'm not tryna go ho-whoa-ome\nI got a beautiful Range, nice pinky ring and a chain\nAnd a nice freaky girl, and a nice freaky girl\nAnd I'm not tryna go ho-ome\n\n\n\n\n  "
                    }
                ], 
                "intro": [
                    {
                        "header": "[Intro/ Bridge: Max B]", 
                        "text hash": "a7d5f24277ce963c60dea76264a15730", 
                        "artist": "Max B", 
                        "text": "I ain't tryna stop the ride on my cavalary\nNiggas tried to body me and ain't nobody stoppin' me\nI'm not tryna go ho-whoa-ome"
                    }
                ], 
                "remainders": [
                    {
                        "header": "[French Montana]", 
                        "text hash": "13823d4ce0a4f8e02d4ee196c4fda4e9", 
                        "artist": "French Montana", 
                        "text": "They don't wanna see a young nigga do his thang\nStupid niggas don't thank, don't miss or don't blank\nNigga stack dough, black on, you can find me there\nYou can find me there"
                    }
                ]
            }, 
            "order": [
                "[Intro/ Bridge: Max B]", 
                "[Verse 1: Max B]", 
                "[Hook: Max B]", 
                "[Verse 2: Max B]", 
                "[Hook]", 
                "[Bridge]", 
                "[French Montana]", 
                "[Verse 3: French Montana]", 
                "[Hook: Max B]"
            ], 
            "artist": "Max B"
        }
    }
}