{
    "Contagious": {
        "raw": "\n    \n  [Meek Mill]\nThey don't know a rock from a diamond\nI'm like hold up, hold up, hold up, hold up, hold up\nHold up, hold up, hold up, hold up, hold up, hold up\nWait a minute motherfucker\nI pull in your hood in a brand new Wraith\nTell your bitch fall back nigga we ain't go no space\nAnd your bitch ain't bad nigga you ain't go no taste\nAnd everybody want to be the king...\n\nHalf of my bitches they richer than me\nHoes that you paying I'm hitting for free\nI used to pass up on that pussy my nigga\nYou paying that thot just to give her some D\nGod damn, God damn, I'm with a white bitch named Roxanne\nAnd she ain't home yet cause she got a plan\nAnd y'all hating niggas can't shake my hand\n\n[Hook: Meek Mill & (Quavo)]\nCause that shit contagious\nThese niggas outrageous\nStarted off busting like pagers\nNow I got paper just look at these acres\nI wake up like where is my neighbors\nProlly in Vegas, shooting dice at the table\n(The feds watch me like cable)\nDo me a favor, don't do me no favors\n(A favor can get too contagious)\n\n[Quavo]\nMigo and Meek Milly\nGot stacks in the ceiling\nI got money ties all the way up through Philly\n\n[Takeoff]\nMy plug is a migo\nPull up on a banana boat\nF&N splitting your head like a cantaloupe\n\nBricks coming in from Ohio\nI'm in North Philly I meet with Meek Milly\n\n[Offset]\nFive-hundred K for my appearance\n\nSipping on Actavis we don't need chaser\nQC is the label we [?]\n\n\n\n\n  ", 
        "pro": {
            "features": [
                "Migos"
            ], 
            "producers": [
                "Key Wane"
            ], 
            "blocks": {
                "verses": [
                    {
                        "header": "[Meek Mill]", 
                        "text hash": "3d7cbe90c36b33aa3afb7f672f0b2e9e", 
                        "artist": "Meek Mill", 
                        "text": "They don't know a rock from a diamond\nI'm like hold up, hold up, hold up, hold up, hold up\nHold up, hold up, hold up, hold up, hold up, hold up\nWait a minute motherfucker\nI pull in your hood in a brand new Wraith\nTell your bitch fall back nigga we ain't go no space\nAnd your bitch ain't bad nigga you ain't go no taste\nAnd everybody want to be the king...\n\nHalf of my bitches they richer than me\nHoes that you paying I'm hitting for free\nI used to pass up on that pussy my nigga\nYou paying that thot just to give her some D\nGod damn, God damn, I'm with a white bitch named Roxanne\nAnd she ain't home yet cause she got a plan\nAnd y'all hating niggas can't shake my hand"
                    }
                ], 
                "hooks": [
                    {
                        "header": "[Hook: Meek Mill & (Quavo)]", 
                        "text hash": "c6397dad4df1f82581d6bbbd94b1c6a5", 
                        "artist": "Meek Mill & (Quavo)", 
                        "text": "Cause that shit contagious\nThese niggas outrageous\nStarted off busting like pagers\nNow I got paper just look at these acres\nI wake up like where is my neighbors\nProlly in Vegas, shooting dice at the table\n(The feds watch me like cable)\nDo me a favor, don't do me no favors\n(A favor can get too contagious)"
                    }
                ], 
                "remainders": [
                    {
                        "header": "[Quavo]", 
                        "text hash": "df4057e1607f7076bcc659f42832169d", 
                        "artist": "Meek Mill", 
                        "text": "Migo and Meek Milly\nGot stacks in the ceiling\nI got money ties all the way up through Philly"
                    }, 
                    {
                        "header": "[Takeoff]", 
                        "text hash": "5907dbf318a9f516924355147e9acb83", 
                        "artist": "Meek Mill", 
                        "text": "My plug is a migo\nPull up on a banana boat\nF&N splitting your head like a cantaloupe\n\nBricks coming in from Ohio\nI'm in North Philly I meet with Meek Milly"
                    }, 
                    {
                        "header": "[Offset]", 
                        "text hash": "56c0e1e942b5b116d86dcc2cd01a75c8", 
                        "artist": "Meek Mill", 
                        "text": "Five-hundred K for my appearance\n\nSipping on Actavis we don't need chaser\nQC is the label we [?]\n\n\n\n\n  "
                    }
                ]
            }, 
            "order": [
                "[Meek Mill]", 
                "[Hook: Meek Mill & (Quavo)]", 
                "[Quavo]", 
                "[Takeoff]", 
                "[Offset]"
            ], 
            "artist": "Meek Mill"
        }
    },
    "Bout That Life": {
        "raw": "\n    \n  [Intro: Ric Flair]\nIt's so hard for me to sit back here, in this studio\nLooking at a guy out here hollering my name\nWhen last year I spent more money on spilt liquor\nIn bars from one side of this world to the other, than you made\nYou're talking to the Rolex wearing, diamond ring wearing, kiss stealing (WOO!)\nWheeling dealing, Limousine riding, Jet Flying, son of a gun\n\n[Hook: Meek Mill & French Montana]\nThese pussy ass niggas\nAin't bout that life, ain't bout that life (you ain't bout that life) x8\n\n[Verse 1: Meek Mill]\nNiggas wanna act loco? Who you with? numerous shots from the fo fo\nYoung nigga in the low low\nJumpin' out the thing with a little bad bitch like YOLO\n44 on my hip line, this time ain't no joke\nIn the hood where there ain't no hope\nNow everybody ridin' dirty like there ain't no soap\nEverybody get to rappin' when there ain't no coke\nWhere the money nigga\nCop 44 a bird where I live at\nProbably get the whole load if you get it back\nFish scale when snapped rented rack\nLittle nigga you ain't stuntin' give that rental back, oh\nI like fast cars, fast broads\nAnd my last car was like a Nascar it go vroom, vroom\nThen skrr, skrr before I blast off\nShe go up and down like NASA\nBike life on your bitch nigga\nPop a wheelie all in that pussy\nShe switchin' gears on this dick nigga\nStill young, reckless, and rich nigga, yellow diamonds like piss nigga\nStones they glistening nigga, ya'll suckas don't do it like this nigga\n\n[Hook: Meek Mill & French Montana]\n\n[Verse 2: French Montana]\nThat nigga right there, that nigga right there\nLook at that nigga right there\nThat bitch right there, that bitch right there\nLook at that bitch right there\nYou ain't bout that life, you ain't bout that\nThat price tag you ain't bout that\nThat bitch you love we popped that\nThat shit talk you ain't bout that\nDon't get caught in that traffic\nNiggas ain't bout that action\nYou can keep your chain\nMy niggas don't want that plastic\nNiggas talkin' bout they got mill\nNiggas talkin' bout they got wheels\nNiggas talkin bout they got skill\nHe alright, he not real\nGot a little flow that's cool with me\nGot a little dough that's cool with me\nGot a little watch a little jewelry\nThem Self Made niggas, Volume 3\nThat work get through like woo!\nShorty got that Ric Flair pussy like woo\n\n[Hook: Meek Mill & French Montana]\n\n[Verse 3: K Kutta]\n[?]\nDon't handle your business\nWhen the car pull up\nYa'll niggas slippin', with the window rolled up\nThat choppa with the whipper\nAin't no God, ain't no priest\nJust your body, floating in blood exposed to the street\nI'm bout that life, I don't play no game\nThat snitch shit lame\nIn the booth you know I'm flame\nWhy the fuck you in the game\nMMG, come and get that bang\nThat Marley [?]\nMMG, cut that check\nPlus a rollie and a chain\nYa'll niggas fake like [?]\nRoll the ghost, drop the top\nBad bitch, suck the cock\nIn the crib or in the car\nPussy nigga hatin' cause I'm a star\nPussy nigga hatin' like he a star\nPussy nigga [?] like who ya are\nPussy [?] around my cock\n\n[Hook: Meek Mill & French Montana]\n\n[Verse 4: Torch]\nYou ain't about that ye\nYou ain't never seen a brick roll down a whole tray\nAll I know is gunplay\nHit my nigga gunplay anytime broad day\nI be stackin' that cash\nI be [?] ya'll stay\nI ain't even tryin' to aim everybody in that bitch\nGet that straight y'all can push that drop, I done whip [?]\nI can flip that molly you ain't seen anybody\nI ain't run my dough\nI ain't even seen a nigga who shot em in they own blood\nHad to wipe Mama tears\nShe dreamin' I'm dead\nMy niggas gettin' bread\nMy niggas beat the feds\nEvery night I send they a photo on my bed\nYou ain't bout that life, that life\nKeep a hundred shots in that pipe\n200 on my dash\nThousand grams of that white\nSky Dweller, my watch\n2 kilos, my cuban\nCourtside like Mark cuban\nYou gettin' money then prove it\n\n[Hook: Meek Mill & French Montana]\n\n[Verse 5: Iceberg]\nWhen they sit on sight and they sit on tight\nWith niggas who snipe\nWith a big ol' fire\nNigga sit on down, yous a goddamn joke\nWhatchu out there doin?\nYou goin' get yourself hurt [?]\nThese guns really shoot and these packs really move\nAnd I keep them m's, and ya'll niggas still playin'\nI'm tryin' to build my bread lil nigga\nI can't hear, lil nigga I kill for a grand\nWhat the fuck is you saying\nI'm tryin' to shower my bitches with black box\nNino Brown [?] someone's baby momma\nFuck nigga keep talkin' crazy\nI'mma buy your bitch and start claiming your daughter nigga\nAll my whips are from across the border nigga\nIf you a fuck nigga i'll fuckin' shoot a nigga\nWhen we pull up ho's get starstruck\nThis live house\nMMG, I'mma teach you fuck niggas to boss up\n\n[Verse 6: Diddy]\nMan these niggas ain't bout that life, naw\nAnd this shit they talkin' I got that twice\nBitch I'm Diddy ho fuck your advice\nI said bitch I'm Diddy ho fuck your life\nHo shut your mouth when you in the presence of kings\nI ball like LeBron but I got a couple more rings\nI got love for all my hatin' niggas I heard you said some things\nYou bitch niggas need love too I might take you under my wing\n\n[Verse 7: Rick Ross]\nCar expensive, jack a nigga\nWhat they know? I head crack a nigga\nShots fired dont ask a nigga\nGangsta got killed by a rappin' nigga\nI'm Michael Corleone\nScarface bitch I got it goin' on\nOne time for all the feds watchin'\nGet inside tips when your money long\nGot big, my plan bigger\nI'm a die tryna squeeze my damn trigger\nThink when you touch that 50 m\nVictory white, I got five of them\nPull up on the corner with shinin' rims\nSmiling like a nigga when he got a deal\nDying, always on my mind for real\nEmpire, always what I want to build\n\n\n\n\n  ", 
        "pro": {
            "features": [
                "French Montana", 
                "Iceberg", 
                "K Kutta", 
                "Rick Ross", 
                "Torch"
            ], 
            "producers": [
                "MeKanics"
            ], 
            "blocks": {
                "verses": [
                    {
                        "header": "[Verse 1: Meek Mill]", 
                        "text hash": "1d81d85fcf5d7178dd587842179fe8ab", 
                        "artist": "Meek Mill", 
                        "text": "Niggas wanna act loco? Who you with? numerous shots from the fo fo\nYoung nigga in the low low\nJumpin' out the thing with a little bad bitch like YOLO\n44 on my hip line, this time ain't no joke\nIn the hood where there ain't no hope\nNow everybody ridin' dirty like there ain't no soap\nEverybody get to rappin' when there ain't no coke\nWhere the money nigga\nCop 44 a bird where I live at\nProbably get the whole load if you get it back\nFish scale when snapped rented rack\nLittle nigga you ain't stuntin' give that rental back, oh\nI like fast cars, fast broads\nAnd my last car was like a Nascar it go vroom, vroom\nThen skrr, skrr before I blast off\nShe go up and down like NASA\nBike life on your bitch nigga\nPop a wheelie all in that pussy\nShe switchin' gears on this dick nigga\nStill young, reckless, and rich nigga, yellow diamonds like piss nigga\nStones they glistening nigga, ya'll suckas don't do it like this nigga"
                    }, 
                    {
                        "header": "[Verse 2: French Montana]", 
                        "text hash": "56fdcad54b19643831f30343a5a62dda", 
                        "artist": "French Montana", 
                        "text": "That nigga right there, that nigga right there\nLook at that nigga right there\nThat bitch right there, that bitch right there\nLook at that bitch right there\nYou ain't bout that life, you ain't bout that\nThat price tag you ain't bout that\nThat bitch you love we popped that\nThat shit talk you ain't bout that\nDon't get caught in that traffic\nNiggas ain't bout that action\nYou can keep your chain\nMy niggas don't want that plastic\nNiggas talkin' bout they got mill\nNiggas talkin' bout they got wheels\nNiggas talkin bout they got skill\nHe alright, he not real\nGot a little flow that's cool with me\nGot a little dough that's cool with me\nGot a little watch a little jewelry\nThem Self Made niggas, Volume 3\nThat work get through like woo!\nShorty got that Ric Flair pussy like woo"
                    }, 
                    {
                        "header": "[Verse 3: K Kutta]", 
                        "text hash": "da58312f4d0e8feaec1e62e8a5f7eedb", 
                        "artist": "K Kutta", 
                        "text": "[?]\nDon't handle your business\nWhen the car pull up\nYa'll niggas slippin', with the window rolled up\nThat choppa with the whipper\nAin't no God, ain't no priest\nJust your body, floating in blood exposed to the street\nI'm bout that life, I don't play no game\nThat snitch shit lame\nIn the booth you know I'm flame\nWhy the fuck you in the game\nMMG, come and get that bang\nThat Marley [?]\nMMG, cut that check\nPlus a rollie and a chain\nYa'll niggas fake like [?]\nRoll the ghost, drop the top\nBad bitch, suck the cock\nIn the crib or in the car\nPussy nigga hatin' cause I'm a star\nPussy nigga hatin' like he a star\nPussy nigga [?] like who ya are\nPussy [?] around my cock"
                    }, 
                    {
                        "header": "[Verse 4: Torch]", 
                        "text hash": "004b5db50b71ffff4d6363d41ddff1c0", 
                        "artist": "Torch", 
                        "text": "You ain't about that ye\nYou ain't never seen a brick roll down a whole tray\nAll I know is gunplay\nHit my nigga gunplay anytime broad day\nI be stackin' that cash\nI be [?] ya'll stay\nI ain't even tryin' to aim everybody in that bitch\nGet that straight y'all can push that drop, I done whip [?]\nI can flip that molly you ain't seen anybody\nI ain't run my dough\nI ain't even seen a nigga who shot em in they own blood\nHad to wipe Mama tears\nShe dreamin' I'm dead\nMy niggas gettin' bread\nMy niggas beat the feds\nEvery night I send they a photo on my bed\nYou ain't bout that life, that life\nKeep a hundred shots in that pipe\n200 on my dash\nThousand grams of that white\nSky Dweller, my watch\n2 kilos, my cuban\nCourtside like Mark cuban\nYou gettin' money then prove it"
                    }, 
                    {
                        "header": "[Verse 5: Iceberg]", 
                        "text hash": "0c7f99c8937d642773b27e95b08b25a5", 
                        "artist": "Iceberg", 
                        "text": "When they sit on sight and they sit on tight\nWith niggas who snipe\nWith a big ol' fire\nNigga sit on down, yous a goddamn joke\nWhatchu out there doin?\nYou goin' get yourself hurt [?]\nThese guns really shoot and these packs really move\nAnd I keep them m's, and ya'll niggas still playin'\nI'm tryin' to build my bread lil nigga\nI can't hear, lil nigga I kill for a grand\nWhat the fuck is you saying\nI'm tryin' to shower my bitches with black box\nNino Brown [?] someone's baby momma\nFuck nigga keep talkin' crazy\nI'mma buy your bitch and start claiming your daughter nigga\nAll my whips are from across the border nigga\nIf you a fuck nigga i'll fuckin' shoot a nigga\nWhen we pull up ho's get starstruck\nThis live house\nMMG, I'mma teach you fuck niggas to boss up"
                    }, 
                    {
                        "header": "[Verse 6: Diddy]", 
                        "text hash": "97f1b6ea0bbced4a7645862a2f0a78a8", 
                        "artist": "Diddy", 
                        "text": "Man these niggas ain't bout that life, naw\nAnd this shit they talkin' I got that twice\nBitch I'm Diddy ho fuck your advice\nI said bitch I'm Diddy ho fuck your life\nHo shut your mouth when you in the presence of kings\nI ball like LeBron but I got a couple more rings\nI got love for all my hatin' niggas I heard you said some things\nYou bitch niggas need love too I might take you under my wing"
                    }, 
                    {
                        "header": "[Verse 7: Rick Ross]", 
                        "text hash": "40b98d44323851477b124ea17dfffab8", 
                        "artist": "Rick Ross", 
                        "text": "Car expensive, jack a nigga\nWhat they know? I head crack a nigga\nShots fired dont ask a nigga\nGangsta got killed by a rappin' nigga\nI'm Michael Corleone\nScarface bitch I got it goin' on\nOne time for all the feds watchin'\nGet inside tips when your money long\nGot big, my plan bigger\nI'm a die tryna squeeze my damn trigger\nThink when you touch that 50 m\nVictory white, I got five of them\nPull up on the corner with shinin' rims\nSmiling like a nigga when he got a deal\nDying, always on my mind for real\nEmpire, always what I want to build\n\n\n\n\n  "
                    }
                ], 
                "hooks": [
                    {
                        "header": "[Hook: Meek Mill & French Montana]", 
                        "text hash": "7bd032b61b14445b01d1aa6012e94da4", 
                        "artist": "French Montana", 
                        "text": "These pussy ass niggas\nAin't bout that life, ain't bout that life (you ain't bout that life) x8"
                    }
                ], 
                "intro": [
                    {
                        "header": "[Intro: Ric Flair]", 
                        "text hash": "a5803f99e9c1c44a9f70366082065e0b", 
                        "artist": "Ric Flair", 
                        "text": "It's so hard for me to sit back here, in this studio\nLooking at a guy out here hollering my name\nWhen last year I spent more money on spilt liquor\nIn bars from one side of this world to the other, than you made\nYou're talking to the Rolex wearing, diamond ring wearing, kiss stealing (WOO!)\nWheeling dealing, Limousine riding, Jet Flying, son of a gun"
                    }
                ]
            }, 
            "order": [
                "[Intro: Ric Flair]", 
                "[Hook: Meek Mill & French Montana]", 
                "[Verse 1: Meek Mill]", 
                "[Hook: Meek Mill & French Montana]", 
                "[Verse 2: French Montana]", 
                "[Hook: Meek Mill & French Montana]", 
                "[Verse 3: K Kutta]", 
                "[Hook: Meek Mill & French Montana]", 
                "[Verse 4: Torch]", 
                "[Hook: Meek Mill & French Montana]", 
                "[Verse 5: Iceberg]", 
                "[Verse 6: Diddy]", 
                "[Verse 7: Rick Ross]"
            ], 
            "artist": "Meek Mill"
        }
    },
    "Don't Fuck With Me (Ft. Z-Money)": {
        "raw": "\n    \n  [Verse 1: Meek Mill]\nChampagne Is what I drink all Fuckin' Day\nTry to Get Me to Stop\nHell No, Bitch Neva Gunna Happen\nShe Pull Back that Arm\nLike It's a Loud ass Muthafuckin' Alarm\nGo Shit in the Toilet\nBoi I Fuck Shit and Fuck Hoes\nAll you do Is Shit\nGoddamn It\nDo It like that Brazilian Bitch does It\nYeah I Knew It You Can't Do Shit\nI Don't Know what these Niggas know\nI Don't Give a Fuck What the Hoes Say\nJust let me See that Pussy already Nigga\n[Hook: Z-Money]\nFuck what They Say\nI Told 'Em not To Do It\nAnd they Still Did It\nNow Haters gon hate\nLet me Know if you Get Stuck\nAnd Just Sound like a Fuckin' Duck\nI Told You Not to... Fuck With Me\nDon't Fuck with Me\nDon't Fuck with Me\nDon't Fuck with Me\nI Said not so...\nDon't Fuck with Me\n[Verse 2: Z-Money]\nThis Is what You Get\nMeek They gotta Agree\nBitch doin' It Good\nAnd you Can't even admit to that Shit\nYou Ain't In the Hood\nEven If You Could\nI Still Would\nFuck what my O Bitch Say\n3 Letters Nigga\nS.M.D\nYMCMB\nWanna Fuck with Me\nI'll Knock yo Lights Out\nI'm Tryin' to Impress You\nCuz You Think I'm a Lazy ass Nigga\nWell there's no tryin' to say I'm not\nBitch Try it and You'll get Muthafuckin' Caught\nAnd who's the Last nigga That I Faught\nAnd I Know what that ho as a teacher Would've Taught\nShe Would've talked about the Human Body\nCuz she's An expert\nI've Seen that Pussy Way too Many Times\nDAMN, BITCH\n[Hook: Z-Money]\n[Verse 3: Meek Mill]\nThis Is Real Shit that I'm Talkin'\nBitch You ain't Even Walkin'\nGod Oh God (HA-HA)\nDid Shit when I was 16,17,18,19,20\nDid Shit when I was 6,7,8,9,10\nI Was Young ass Nigga and I Was already Thuggin'\nI'm always Ready to Fuck Up a Niggas Face, Bitch\n[Hook: Z-Money]\n[Hook 2x: Meek Mill]\n\n\n\n\n  ", 
        "pro": {
            "producers": [
                "French Montana"
            ], 
            "blocks": {
                "verses": [
                    {
                        "header": "[Verse 1: Meek Mill]", 
                        "text hash": "cf4b2476b9b1adceb2c73a42dedc824a", 
                        "artist": "Meek Mill", 
                        "text": "Champagne Is what I drink all Fuckin' Day\nTry to Get Me to Stop\nHell No, Bitch Neva Gunna Happen\nShe Pull Back that Arm\nLike It's a Loud ass Muthafuckin' Alarm\nGo Shit in the Toilet\nBoi I Fuck Shit and Fuck Hoes\nAll you do Is Shit\nGoddamn It\nDo It like that Brazilian Bitch does It\nYeah I Knew It You Can't Do Shit\nI Don't Know what these Niggas know\nI Don't Give a Fuck What the Hoes Say\nJust let me See that Pussy already Nigga"
                    }, 
                    {
                        "header": "[Verse 2: Z-Money]", 
                        "text hash": "16b437fd3dc60c63a8e715944b27e185", 
                        "artist": "Z-Money", 
                        "text": "This Is what You Get\nMeek They gotta Agree\nBitch doin' It Good\nAnd you Can't even admit to that Shit\nYou Ain't In the Hood\nEven If You Could\nI Still Would\nFuck what my O Bitch Say\n3 Letters Nigga\nS.M.D\nYMCMB\nWanna Fuck with Me\nI'll Knock yo Lights Out\nI'm Tryin' to Impress You\nCuz You Think I'm a Lazy ass Nigga\nWell there's no tryin' to say I'm not\nBitch Try it and You'll get Muthafuckin' Caught\nAnd who's the Last nigga That I Faught\nAnd I Know what that ho as a teacher Would've Taught\nShe Would've talked about the Human Body\nCuz she's An expert\nI've Seen that Pussy Way too Many Times\nDAMN, BITCH"
                    }
                ], 
                "hooks": [
                    {
                        "header": "[Hook: Z-Money]", 
                        "text hash": "dac4c75ce1fe3e2fefdaa4a24608b92b", 
                        "artist": "Z-Money", 
                        "text": "Fuck what They Say\nI Told 'Em not To Do It\nAnd they Still Did It\nNow Haters gon hate\nLet me Know if you Get Stuck\nAnd Just Sound like a Fuckin' Duck\nI Told You Not to... Fuck With Me\nDon't Fuck with Me\nDon't Fuck with Me\nDon't Fuck with Me\nI Said not so...\nDon't Fuck with Me"
                    }, 
                    {
                        "header": "[Hook: Z-Money]", 
                        "text hash": "cc44ea7c5cd55aee4c8fb78bc68a3da9", 
                        "artist": "Z-Money", 
                        "text": "[Verse 3: Meek Mill]\nThis Is Real Shit that I'm Talkin'\nBitch You ain't Even Walkin'\nGod Oh God (HA-HA)\nDid Shit when I was 16,17,18,19,20\nDid Shit when I was 6,7,8,9,10\nI Was Young ass Nigga and I Was already Thuggin'\nI'm always Ready to Fuck Up a Niggas Face, Bitch"
                    }, 
                    {
                        "header": "[Hook: Z-Money]", 
                        "text hash": "e93e9d4c68da1f2f6d9b8dbc3a1947a1", 
                        "artist": "Z-Money", 
                        "text": "[Hook 2x: Meek Mill]\n\n\n\n\n  "
                    }
                ]
            }, 
            "order": [
                "[Verse 1: Meek Mill]", 
                "[Hook: Z-Money]", 
                "[Verse 2: Z-Money]", 
                "[Hook: Z-Money]", 
                "[Verse 3: Meek Mill]", 
                "[Hook: Z-Money]", 
                "[Hook 2x: Meek Mill]"
            ], 
            "artist": "Meek Mill"
        }
    },
    "It's Me (I Be On That)": {
        "raw": "\n    \n  [Intro: Meek Mill]\nAss so fat I need a lapdance\nSomebody tell the waitress bring some fuckin' racks in\nThe strippers runnin' to the pole when we back in\nAll gold Trinidad James on my Aston\n\n[Hook: French Montana] x2\nIts me ho, its me ho\nWalk up in this bitch, I fuck shit up then I leave ho\nI be on that, I be on that\nI be on that, I be on that\n\n[Verse 1: Meek Mill]\nOkay, I walk up in this bitch, I fuck shit up, then I leave ho\nPay your car note or get some money for that weave ho\nForty-five hundred blow it there go double C's ho\nMichael throw birkin bag if you tell me please ho\nShe gon' make that ass clap, pop that for a real nigga\nI'm gon' throw that cash back, drop that on them real bitches\nMurder on that pussy ho, I can't lie I kill bitches\nYou gon' get like every bag and every shoe if I deal with you\nYoung nigga ballin' like I fuckin hit the lottery\nYou just want the money shorty, you ain't gotta lie to me\nAll these nigga hatin' on me, know they wanna body me\nCause every time you see Meek Milly, I look like a robbery\n\n[Hook]\n\n[Verse 2: Nicki Minaj]\nUhh, Haah?\nThese bitches study my style on the Come Up DVD\nNicki Dibiase, D.D.T\nIt's a rough ride, E.V.E\nBut I win nigga, easy three\nBad Bitch, illegal\nThese ugly bitches is really boostin' my ego\nIt's me ho, it's me ho\nI'm so fucking famous I can't do shit on the D-low\nYa'll got everybody infiltrating negros\nI don't believe 'em they lion like Leos\nEverything these bitches doing I already did it\nWatch my World Star interviews, then they mimic\n\n[Hook]\n\n[Verse 3: Fabolous]\nWalk up in this bitch, I fuck shit up then I leave ho\nBack on my old shit, tell them niggas breathe ho\nCuban on my collar thats a Rollie on my sleeve ho\nThey be swagger jackin taking styles niggas thieves ho\nI fuck then I heave ho\nKilled that shit now grieve ho\nAnd dont expect no gifts tomorrow, this ain't Christmas Eve ho\nI tell her like them pens we gon' get rich you just better believe ho\nI make them gator bags and minked coat pet peeve ho\nI guess thats just me ho\nAsian chick named me-ho\nDo her shit, do my bitch then you come do me ho\nI be on that, representin' where you be born at\nReal niggas can't beat em, gotta join that\nWhere my joint at?\n\n[Hook]\n\n\n\n\n  ", 
        "pro": {
            "features": [
                "Fabolous", 
                "French Montana", 
                "Nicki Minaj"
            ], 
            "producers": [
                "Southside", 
                "TM88"
            ], 
            "blocks": {
                "verses": [
                    {
                        "header": "[Verse 1: Meek Mill]", 
                        "text hash": "4ac72f02ff968dfc2dca611969bc5c2a", 
                        "artist": "Meek Mill", 
                        "text": "Okay, I walk up in this bitch, I fuck shit up, then I leave ho\nPay your car note or get some money for that weave ho\nForty-five hundred blow it there go double C's ho\nMichael throw birkin bag if you tell me please ho\nShe gon' make that ass clap, pop that for a real nigga\nI'm gon' throw that cash back, drop that on them real bitches\nMurder on that pussy ho, I can't lie I kill bitches\nYou gon' get like every bag and every shoe if I deal with you\nYoung nigga ballin' like I fuckin hit the lottery\nYou just want the money shorty, you ain't gotta lie to me\nAll these nigga hatin' on me, know they wanna body me\nCause every time you see Meek Milly, I look like a robbery"
                    }, 
                    {
                        "header": "[Verse 2: Nicki Minaj]", 
                        "text hash": "ff84a351edaaa06e55034b9617403855", 
                        "artist": "Nicki Minaj", 
                        "text": "Uhh, Haah?\nThese bitches study my style on the Come Up DVD\nNicki Dibiase, D.D.T\nIt's a rough ride, E.V.E\nBut I win nigga, easy three\nBad Bitch, illegal\nThese ugly bitches is really boostin' my ego\nIt's me ho, it's me ho\nI'm so fucking famous I can't do shit on the D-low\nYa'll got everybody infiltrating negros\nI don't believe 'em they lion like Leos\nEverything these bitches doing I already did it\nWatch my World Star interviews, then they mimic"
                    }, 
                    {
                        "header": "[Verse 3: Fabolous]", 
                        "text hash": "9f4c00594dcf910907886c4c7299a369", 
                        "artist": "Fabolous", 
                        "text": "Walk up in this bitch, I fuck shit up then I leave ho\nBack on my old shit, tell them niggas breathe ho\nCuban on my collar thats a Rollie on my sleeve ho\nThey be swagger jackin taking styles niggas thieves ho\nI fuck then I heave ho\nKilled that shit now grieve ho\nAnd dont expect no gifts tomorrow, this ain't Christmas Eve ho\nI tell her like them pens we gon' get rich you just better believe ho\nI make them gator bags and minked coat pet peeve ho\nI guess thats just me ho\nAsian chick named me-ho\nDo her shit, do my bitch then you come do me ho\nI be on that, representin' where you be born at\nReal niggas can't beat em, gotta join that\nWhere my joint at?"
                    }
                ], 
                "hooks": [
                    {
                        "header": "[Hook: French Montana]", 
                        "text hash": "dd388598178e985271e67a50bf775b05", 
                        "artist": "French Montana", 
                        "text": " x2\nIts me ho, its me ho\nWalk up in this bitch, I fuck shit up then I leave ho\nI be on that, I be on that\nI be on that, I be on that"
                    }
                ], 
                "intro": [
                    {
                        "header": "[Intro: Meek Mill]", 
                        "text hash": "cb312ad2e13acffbf6f2f67db7c6c178", 
                        "artist": "Meek Mill", 
                        "text": "Ass so fat I need a lapdance\nSomebody tell the waitress bring some fuckin' racks in\nThe strippers runnin' to the pole when we back in\nAll gold Trinidad James on my Aston"
                    }
                ]
            }, 
            "order": [
                "[Intro: Meek Mill]", 
                "[Verse 1: Meek Mill]", 
                "[Hook]", 
                "[Verse 2: Nicki Minaj]", 
                "[Hook]", 
                "[Verse 3: Fabolous]", 
                "[Hook]"
            ], 
            "artist": "Meek Mill"
        }
    },
    "Kilo": {
        "raw": "\n    \n  [Intro: DJ Scream]\nThe Untouchable Maybach Music Group\n(yeah, we was really sellin' that powder, nigga)\nThis a gift to the street accept that with honor\n\n[Hook 1: Louie V Gutta]\nI used to pray to get a kilo, a kilo\n36 O's up that route for my amigo\nThrow it in that water, watch it swim like Nemo\nMan I swear to God I pray to get a kilo\n\n[Hook 2: Louie V Gutta]\nThen I got a kilo, a kilo\nBetter keep that on the low if you got them kilos\nYou might get booked or get murdered for that kilo\nNow I\u2019m steady getting money and this ho wanna fuck cuz she know\nI got a kilo\nShe only want me cause I got bricks\nShe only want me when I got bricks\nBefore a nigga I ain\u2019t had shit (Turn up!)\nShe only want me cause I got kilos\n\n[Verse 1: Meek Mill]\nKilos all on my neck, these niggas ain\u2019t no threat\nSky Dweller gold our plane, and I ain\u2019t comin in no jet\nAnd all I want is straight cash, I ain\u2019t even takin' no checks\nCause these hoes don't do credit and they don\u2019t pop pussy if the money on debit\nI got them kilos - she only want me cause I got bricks\nShe only want me cause I got shit\nBefore a nigga ain\u2019t have shit\nMan she only want me cause I got kilos\n36 O's in the pyrex, I be going HAM in the projects\nGot a bad bitch with me and she all that\nShe ain\u2019t nothing but a jump shot, all that (swish)\nYa'll suckers play foul like Artest, I make a brand new flow, you can burn that\nSelling all these bricks, need a hard hat, I hit your ho one time, never call back\nSay these niggas used to wanna be like Mike, now these niggas wanna be like me\nAnd these hoes twerkin' on Instagram, still talkin like they wanna be like B\nAnd these dudes y'all say getting money, lookin' like groupies in the VIP\nAnd if these dudes got all this paper cause all these niggas wanna be like me, ho!\n\n[Hook 1: Louie V Gutta]\n\n[Verse 3: French Montana]\nHAH! HAH! Ay, ay, ay, ay\nYou ain\u2019t got enough on me nigga, 44\u2019s tucked on me nigga\nLong nose like Ginobili nigga, 5 rings like Kobe nigga (bling!)\nI was flippin kilo after kilo (after kilo)\nRockin that Versace shit way before Migos\nStarted with them grams at the project with a stack\nThen I flipped it to a brick and then I did the Project Pat\nLike, homie what\u2019s the problem? Semi or revolver\nCatch a nigga with the bricks, you know we goin' rob em\nOnce I caught the liquor we was fresh up out the drop\nMan the bitches on the corner watch a player like the scout\nI said all I wanted was a kilo, all them bitches wanna free load\nAll I wanted was a drop with the head cracked like Cee Lo\n36 them O\u2019s nigga, thousand grams on gold nigga\nPower plants at the broke nigga, BC, coke boys nigga\nArmy come, pistol on me, smoking on California\n10 chains, catch pneumonia, yea\n\n[Bridge 2: Yo Gotti]\nAin\u2019t no refunds nigga - wanna get your money back?\nBest bring your guns nigga\nAnd no receipts in the streets, all sales, you know they final nigga\nSo if you lose some then it\u2019s your loss\nIf you don\u2019t way up then scale off, if you trap right it\u2019ll pay off\n\n[Hook 1: Louie V Gutta]\n\n[Hook 2: Louie V Gutta]\n\n\n\n\n  ", 
        "pro": {
            "features": [
                "French Montana", 
                "Louie V Gutta", 
                "Yo Gotti"
            ], 
            "producers": [
                "DJ Spinz"
            ], 
            "blocks": {
                "verses": [
                    {
                        "header": "[Verse 1: Meek Mill]", 
                        "text hash": "a44b375f2fc1a2e4e7cea60d94726222", 
                        "artist": "Meek Mill", 
                        "text": "Kilos all on my neck, these niggas ain\u2019t no threat\nSky Dweller gold our plane, and I ain\u2019t comin in no jet\nAnd all I want is straight cash, I ain\u2019t even takin' no checks\nCause these hoes don't do credit and they don\u2019t pop pussy if the money on debit\nI got them kilos - she only want me cause I got bricks\nShe only want me cause I got shit\nBefore a nigga ain\u2019t have shit\nMan she only want me cause I got kilos\n36 O's in the pyrex, I be going HAM in the projects\nGot a bad bitch with me and she all that\nShe ain\u2019t nothing but a jump shot, all that (swish)\nYa'll suckers play foul like Artest, I make a brand new flow, you can burn that\nSelling all these bricks, need a hard hat, I hit your ho one time, never call back\nSay these niggas used to wanna be like Mike, now these niggas wanna be like me\nAnd these hoes twerkin' on Instagram, still talkin like they wanna be like B\nAnd these dudes y'all say getting money, lookin' like groupies in the VIP\nAnd if these dudes got all this paper cause all these niggas wanna be like me, ho!"
                    }, 
                    {
                        "header": "[Verse 3: French Montana]", 
                        "text hash": "59f897545cd3009c70ba1d998d7b9d34", 
                        "artist": "French Montana", 
                        "text": "HAH! HAH! Ay, ay, ay, ay\nYou ain\u2019t got enough on me nigga, 44\u2019s tucked on me nigga\nLong nose like Ginobili nigga, 5 rings like Kobe nigga (bling!)\nI was flippin kilo after kilo (after kilo)\nRockin that Versace shit way before Migos\nStarted with them grams at the project with a stack\nThen I flipped it to a brick and then I did the Project Pat\nLike, homie what\u2019s the problem? Semi or revolver\nCatch a nigga with the bricks, you know we goin' rob em\nOnce I caught the liquor we was fresh up out the drop\nMan the bitches on the corner watch a player like the scout\nI said all I wanted was a kilo, all them bitches wanna free load\nAll I wanted was a drop with the head cracked like Cee Lo\n36 them O\u2019s nigga, thousand grams on gold nigga\nPower plants at the broke nigga, BC, coke boys nigga\nArmy come, pistol on me, smoking on California\n10 chains, catch pneumonia, yea"
                    }
                ], 
                "hooks": [
                    {
                        "header": "[Hook 1: Louie V Gutta]", 
                        "text hash": "5f8080f6107f5e8ef1f16b26289d039c", 
                        "artist": "Louie V Gutta", 
                        "text": "I used to pray to get a kilo, a kilo\n36 O's up that route for my amigo\nThrow it in that water, watch it swim like Nemo\nMan I swear to God I pray to get a kilo"
                    }, 
                    {
                        "header": "[Hook 2: Louie V Gutta]", 
                        "text hash": "e0c27fc60ca2b8fab1284dcf1a0d4cdf", 
                        "artist": "Louie V Gutta", 
                        "text": "Then I got a kilo, a kilo\nBetter keep that on the low if you got them kilos\nYou might get booked or get murdered for that kilo\nNow I\u2019m steady getting money and this ho wanna fuck cuz she know\nI got a kilo\nShe only want me cause I got bricks\nShe only want me when I got bricks\nBefore a nigga I ain\u2019t had shit (Turn up!)\nShe only want me cause I got kilos"
                    }
                ], 
                "intro": [
                    {
                        "header": "[Intro: DJ Scream]", 
                        "text hash": "9dcf0947ddee53739b7ae1d1e0accaf6", 
                        "artist": "DJ Scream", 
                        "text": "The Untouchable Maybach Music Group\n(yeah, we was really sellin' that powder, nigga)\nThis a gift to the street accept that with honor"
                    }
                ], 
                "bridge": [
                    {
                        "header": "[Bridge 2: Yo Gotti]", 
                        "text hash": "f554e91eeb66711f4f9556b6151b705d", 
                        "artist": "Yo Gotti", 
                        "text": "Ain\u2019t no refunds nigga - wanna get your money back?\nBest bring your guns nigga\nAnd no receipts in the streets, all sales, you know they final nigga\nSo if you lose some then it\u2019s your loss\nIf you don\u2019t way up then scale off, if you trap right it\u2019ll pay off"
                    }
                ]
            }, 
            "order": [
                "[Intro: DJ Scream]", 
                "[Hook 1: Louie V Gutta]", 
                "[Hook 2: Louie V Gutta]", 
                "[Verse 1: Meek Mill]", 
                "[Hook 1: Louie V Gutta]", 
                "[Verse 3: French Montana]", 
                "[Bridge 2: Yo Gotti]", 
                "[Hook 1: Louie V Gutta]", 
                "[Hook 2: Louie V Gutta]"
            ], 
            "artist": "Meek Mill"
        }
    },
    "Right Now": {
        "raw": "\n    \n  [Hook: French Montana]\nLight the motherfucking roof on fire\nKnow you see that coupe when we ride\n(Pull up, pull up, pull up, pull up)\nI'm talkin' right now, right now\nShawty slide, I'm talkin' right now, right now\nLight the motherfucking roof on fire\nSee that coupe when we ride\n\n[Verse 1: Meek Mill]\nYea, ok the roof on fire, let the motherfucker burn (Let it burn)\nYo friend took a molly, it's yo motherfucking turn (Yo turn)\nAnd ya'll know all my money straight (It's straight)\nLike a motherfucking perm (No perm)\nAnd all I get is brain, and still ain't motherfucking learn\nHold up, nigga right now, turn the lights down\nWith a thick bad bitch and she light brown\nAnd she gone make that ass clap, for a real nigga like right now\nOh, and I'm iced down, but that pussy so wet I might drown\nWith my swimwear, I jump in there, like splash\n\n[Hook: French Montana]\n\n[Verse 2: Cory Gunz]\nFuck hoes we don't love those\nNigga you don't live by the thug code\nIt's levels to this shit it's metals in this shit\nAnd several niggas get introduced to the snub nose\nStomp niggas out till the club close, leave a nigga shirt filled with mud holes\nAll my flows they love those, we ain't the same set but you wearing blood clothes\nI'm loaded now, fuck you talking 'bout?\nI just left the judge I just met your bitch that mean it's going down\n\n[Hook: French Montana]\n\n[Verse 3: Mase]\nMan what it look like, being a nigga got the lot of ya'll\nLittle snitch nigga like a fly on the wall\nAnd I'm in a chick head like Tylenol\nAnd I roll up in that black 'Bach, Matte black or that black Lac\nAnd I put another hole in your snapback, step back, act bad\nWho said something I ain't getting on nothing\nNigga picture that\nPop that nigga, stop that nigga\nDrop that nigga, watch that nigga, rock that nigga\nWe get it back\nWhen I turn up niggas wanna chill (Niggas wanna chill?)\nI figured that\nMurder back on that old ish\nPoint me back where the strippers at\n\n[Hook: French Montana]\n\n\n\n\n  ", 
        "pro": {
            "features": [
                "Cory Gunz", 
                "French Montana", 
                "Mase"
            ], 
            "producers": [
                "Rio"
            ], 
            "blocks": {
                "verses": [
                    {
                        "header": "[Verse 1: Meek Mill]", 
                        "text hash": "6158c954695bd312be7df14d5dbf31d4", 
                        "artist": "Meek Mill", 
                        "text": "Yea, ok the roof on fire, let the motherfucker burn (Let it burn)\nYo friend took a molly, it's yo motherfucking turn (Yo turn)\nAnd ya'll know all my money straight (It's straight)\nLike a motherfucking perm (No perm)\nAnd all I get is brain, and still ain't motherfucking learn\nHold up, nigga right now, turn the lights down\nWith a thick bad bitch and she light brown\nAnd she gone make that ass clap, for a real nigga like right now\nOh, and I'm iced down, but that pussy so wet I might drown\nWith my swimwear, I jump in there, like splash"
                    }, 
                    {
                        "header": "[Verse 2: Cory Gunz]", 
                        "text hash": "2c450cf93d9fd997ea9f9d864a1058ee", 
                        "artist": "Cory Gunz", 
                        "text": "Fuck hoes we don't love those\nNigga you don't live by the thug code\nIt's levels to this shit it's metals in this shit\nAnd several niggas get introduced to the snub nose\nStomp niggas out till the club close, leave a nigga shirt filled with mud holes\nAll my flows they love those, we ain't the same set but you wearing blood clothes\nI'm loaded now, fuck you talking 'bout?\nI just left the judge I just met your bitch that mean it's going down"
                    }, 
                    {
                        "header": "[Verse 3: Mase]", 
                        "text hash": "b68797cd877f3ee68b415007d14f1bf4", 
                        "artist": "Mase", 
                        "text": "Man what it look like, being a nigga got the lot of ya'll\nLittle snitch nigga like a fly on the wall\nAnd I'm in a chick head like Tylenol\nAnd I roll up in that black 'Bach, Matte black or that black Lac\nAnd I put another hole in your snapback, step back, act bad\nWho said something I ain't getting on nothing\nNigga picture that\nPop that nigga, stop that nigga\nDrop that nigga, watch that nigga, rock that nigga\nWe get it back\nWhen I turn up niggas wanna chill (Niggas wanna chill?)\nI figured that\nMurder back on that old ish\nPoint me back where the strippers at"
                    }
                ], 
                "hooks": [
                    {
                        "header": "[Hook: French Montana]", 
                        "text hash": "99782b556b42bdf8e74c96b2081e363a", 
                        "artist": "French Montana", 
                        "text": "Light the motherfucking roof on fire\nKnow you see that coupe when we ride\n(Pull up, pull up, pull up, pull up)\nI'm talkin' right now, right now\nShawty slide, I'm talkin' right now, right now\nLight the motherfucking roof on fire\nSee that coupe when we ride"
                    }
                ]
            }, 
            "order": [
                "[Hook: French Montana]", 
                "[Verse 1: Meek Mill]", 
                "[Hook: French Montana]", 
                "[Verse 2: Cory Gunz]", 
                "[Hook: French Montana]", 
                "[Verse 3: Mase]", 
                "[Hook: French Montana]"
            ], 
            "artist": "Meek Mill"
        }
    }
}