{
    "In My Hands": {
        "raw": "\n    \n  [Hook: Quavo]\nPut the birds on a scale, it do a backflip\nPut that money in the street, it do a cartwheel\nAnd my nigga keep them drums lookin' like a ferris wheel\nGot you lookin' down the barrel of my stainless steel\nGot your life in my hands, over a hundred bands\nGot your life in my hands, over a hundred bands\nGot your life in my hands, over a hundred bands\nGot your life in my hands, over a hundred bands\n\n[Verse 1: Quavo]\nYour life in my hands for playin' with my bands\nYou play with my money, I chop off your hands\nMy niggas be trappin', they trappin', they sellin'\nThe molly, the gas I can't stand\nI'm prayin' tonight the enemy stay out of sight\nI'm kickin' and whippin' and trappin' the white\nThe birds, they're flyin' and singin' like Brian McKnight\nHunnit bands on your head, I'll take your life\nYoung rich nigga, pockets on Kelly Price\nFeel like Bill Clinton, Versace linen\nI'm packin' the F&N, see snakes in the trenches\n[?] in the bando\nPut the laser beam on my sniper rifle, I see fuck niggas in camo\nHunnit bands on your head, my nigga, I feel like you're disloyal\nHeard he got them truckloads, I took it and put it in the water\n\n[Hook]\n\n[Verse 2: Takeoff]\nForgiatos on my Murcielago\nBeat that pot like [?]\nWalkin' around with that sack\nI play with them racks, call me Wells Fargo\nYellow diamond, that canary\nSell jawbreakers, Ed, Edd and Eddy\nPullin' up on Masta P, but I got the hookup\nLeanin', my fella is shook up\nTakeoff, they call me NASA\nYe ain't even know I own Delta\nI'm beatin' the pot, Mayweather\nPockets on fat, call me Nutty Professor\nAnd I got your life in my hands\nThe block so hot it need a fan\nGotta keep a gold F&N\nStainless steel all in my pants\nYou play with my money, my nigga, they'll pull out that Tommy\nAnd take it from Clyde and [?]\nThe trap trampoline, it's jumpin'\nYoung nigga, I came from nothin' to somethin'\nNow takin' them trips to Bahamas\nThe molly is bitin', Piranha\nI'm smokin' in [?], my nigga\nThe animals come from the jungle\n\n[Hook]\n\n\n\n\n  ", 
        "pro": {
            "features": [
                "Migos"
            ], 
            "producers": [
                "Mike WiLL Made It"
            ], 
            "blocks": {
                "verses": [
                    {
                        "header": "[Verse 1: Quavo]", 
                        "text hash": "7a7204b0b74a3b76fe5fd1bd27b816f9", 
                        "artist": "Quavo", 
                        "text": "Your life in my hands for playin' with my bands\nYou play with my money, I chop off your hands\nMy niggas be trappin', they trappin', they sellin'\nThe molly, the gas I can't stand\nI'm prayin' tonight the enemy stay out of sight\nI'm kickin' and whippin' and trappin' the white\nThe birds, they're flyin' and singin' like Brian McKnight\nHunnit bands on your head, I'll take your life\nYoung rich nigga, pockets on Kelly Price\nFeel like Bill Clinton, Versace linen\nI'm packin' the F&N, see snakes in the trenches"
                    }, 
                    {
                        "header": "[Verse 2: Takeoff]", 
                        "text hash": "7d00854295c7cdcad58b404841bd36fb", 
                        "artist": "Takeoff", 
                        "text": "Forgiatos on my Murcielago\nBeat that pot like [?]\nWalkin' around with that sack\nI play with them racks, call me Wells Fargo\nYellow diamond, that canary\nSell jawbreakers, Ed, Edd and Eddy\nPullin' up on Masta P, but I got the hookup\nLeanin', my fella is shook up\nTakeoff, they call me NASA\nYe ain't even know I own Delta\nI'm beatin' the pot, Mayweather\nPockets on fat, call me Nutty Professor\nAnd I got your life in my hands\nThe block so hot it need a fan\nGotta keep a gold F&N\nStainless steel all in my pants\nYou play with my money, my nigga, they'll pull out that Tommy\nAnd take it from Clyde and [?]\nThe trap trampoline, it's jumpin'\nYoung nigga, I came from nothin' to somethin'\nNow takin' them trips to Bahamas\nThe molly is bitin', Piranha\nI'm smokin' in [?], my nigga\nThe animals come from the jungle"
                    }
                ], 
                "hooks": [
                    {
                        "header": "[Hook: Quavo]", 
                        "text hash": "9b99529734d7d72290b3db18822e63d9", 
                        "artist": "Quavo", 
                        "text": "Put the birds on a scale, it do a backflip\nPut that money in the street, it do a cartwheel\nAnd my nigga keep them drums lookin' like a ferris wheel\nGot you lookin' down the barrel of my stainless steel\nGot your life in my hands, over a hundred bands\nGot your life in my hands, over a hundred bands\nGot your life in my hands, over a hundred bands\nGot your life in my hands, over a hundred bands"
                    }
                ]
            }, 
            "order": [
                "[Hook: Quavo]", 
                "[Verse 1: Quavo]", 
                "[Hook]", 
                "[Verse 2: Takeoff]", 
                "[Hook]"
            ], 
            "artist": "Mike WiLL Made It"
        }
    },
    "Whippin' a Brick": {
        "raw": "\n    \n  [Hook: Quavo of Migos]\nPots in the pan watch me break the stick\nPull up to the kitchen with that strong arm magic stick\nJ hit the door, and they callin' me Your Majesty\nHit the highway with 50 bricks and a Spanish bitch\nWhippin' a brick\nWhippin' a whippin' a brick\nWhippin' a brick\nWhippin' a brick\nWhippin' a whippin' a brick\nWhippin' a brick\n\n[Verse 1: Quavo of Migos]\nWhippin' a brick, whippin' a whippin' a brick\nI'm tryna break the stick\nTakin' yo bitch, makin' her cook up a brick\nI'm tryna work the bitch\nMy niggas go crazy for babies\nI pull up in drop Mercedes\nGot Biggie Versace lens on but naw my eyes ain't lazy\nMy niggas go crazy for checks\nWhippin' I'm makin' her sweat\nYoung nigga I stay with the Tec\nI pull up in Rovers and Jags\nMy nigga keep mavs just like a cadet\nI'm givin' the molly to Hannah Montana\nI'm pourin' the lean in my Tropicana\nYo bitch bought me a Panamera\nCause her whip game is so special\n\n[Hook]\n\n[Verse 2: Takeoff of Migos]\nWhen I'm in the kitchen I turn to a chemist\nMy wrist just spinnin' I'm doin' my fitness\nThe pots and the pans got dope all in 'em\nThe bitch in the kitchen she washin' them dishes\nThe birds be flyin', the babies be cryin'\nMy diamonds they make you go blind\nGianni Gianni Versace Versace Medusa Medusa no lie\nChristian Louboutin's, like I done committed a crime\nI'm servin' and sellin' and whippin' and rappin'\nMy trap house got a lot\nPackage it, I'm traffickin'\nThem bitches they call me Your Majesty\nLike 50 and Kim I got the magic stick\nYou run up it's gon' be a tragedy\n\n[Hook]\n\n[Verse 3: Wiz Khalifa]\n28 grams, I'm cookin' a zip\nPull up in a white foreign whip\nI'm whippin' a brick, slicker than Rick\nGot your main bitch on my dick\nNigga she stick to the tip\nLickin' her lips\nGoin' so long with the stick\nSwingin' I'm hittin' the fence\nGettin' these chips\nReally got millions of shit\nY'all niggas thinkin' you rich\n[?] my bitch\nGive her that package she takin' that shit on a trip\nNo location on the Instagram, I'm tryna shake the feds\nPlus you know I'm fresh to death, I'm tryna wake the dead\nSip on some shit might take a pic with your bitch\nWhen I visit the vip, might be goin' all the way\nI'm Mike Vick with this shit\nWhippin' up the extras like some eggs in the A.M\nWhippin' a brick, clips gon' start hittin, my car gon' keep dippin\nKeep talkin' we livin'\n\n[Hook]\n\n\n\n\n  ", 
        "pro": {
            "features": [
                "Migos", 
                "Wiz Khalifa"
            ], 
            "producers": [
                "Mike WiLL Made It"
            ], 
            "blocks": {
                "verses": [
                    {
                        "header": "[Verse 1: Quavo of Migos]", 
                        "text hash": "195b3a1eb935e7479f704b236a60bf23", 
                        "artist": "Migos", 
                        "text": "Whippin' a brick, whippin' a whippin' a brick\nI'm tryna break the stick\nTakin' yo bitch, makin' her cook up a brick\nI'm tryna work the bitch\nMy niggas go crazy for babies\nI pull up in drop Mercedes\nGot Biggie Versace lens on but naw my eyes ain't lazy\nMy niggas go crazy for checks\nWhippin' I'm makin' her sweat\nYoung nigga I stay with the Tec\nI pull up in Rovers and Jags\nMy nigga keep mavs just like a cadet\nI'm givin' the molly to Hannah Montana\nI'm pourin' the lean in my Tropicana\nYo bitch bought me a Panamera\nCause her whip game is so special"
                    }, 
                    {
                        "header": "[Verse 2: Takeoff of Migos]", 
                        "text hash": "6d3505e4bba7149635da3faa8e357003", 
                        "artist": "Migos", 
                        "text": "When I'm in the kitchen I turn to a chemist\nMy wrist just spinnin' I'm doin' my fitness\nThe pots and the pans got dope all in 'em\nThe bitch in the kitchen she washin' them dishes\nThe birds be flyin', the babies be cryin'\nMy diamonds they make you go blind\nGianni Gianni Versace Versace Medusa Medusa no lie\nChristian Louboutin's, like I done committed a crime\nI'm servin' and sellin' and whippin' and rappin'\nMy trap house got a lot\nPackage it, I'm traffickin'\nThem bitches they call me Your Majesty\nLike 50 and Kim I got the magic stick\nYou run up it's gon' be a tragedy"
                    }, 
                    {
                        "header": "[Verse 3: Wiz Khalifa]", 
                        "text hash": "6594e905241a66047478c9e9530b6799", 
                        "artist": "Wiz Khalifa", 
                        "text": "28 grams, I'm cookin' a zip\nPull up in a white foreign whip\nI'm whippin' a brick, slicker than Rick\nGot your main bitch on my dick\nNigga she stick to the tip\nLickin' her lips\nGoin' so long with the stick\nSwingin' I'm hittin' the fence\nGettin' these chips\nReally got millions of shit\nY'all niggas thinkin' you rich"
                    }
                ], 
                "hooks": [
                    {
                        "header": "[Hook: Quavo of Migos]", 
                        "text hash": "65f3f5521951d991059850f8e69c02d8", 
                        "artist": "Migos", 
                        "text": "Pots in the pan watch me break the stick\nPull up to the kitchen with that strong arm magic stick\nJ hit the door, and they callin' me Your Majesty\nHit the highway with 50 bricks and a Spanish bitch\nWhippin' a brick\nWhippin' a whippin' a brick\nWhippin' a brick\nWhippin' a brick\nWhippin' a whippin' a brick\nWhippin' a brick"
                    }
                ]
            }, 
            "order": [
                "[Hook: Quavo of Migos]", 
                "[Verse 1: Quavo of Migos]", 
                "[Hook]", 
                "[Verse 2: Takeoff of Migos]", 
                "[Hook]", 
                "[Verse 3: Wiz Khalifa]", 
                "[Hook]"
            ], 
            "artist": "Mike WiLL Made It"
        }
    }
}