{
    "Gold Days": {
        "raw": "\n    \n  [Produced by Neenyo]\n\nChorus:\n\nGold days\nGive them away\nThe whole town was burning, burning, burning\nGold days\nGive them away\nThe whole town was burning, burning, burning\n\n[Verse 1: Mr. Probz]\n\nRiding in this hooptie with the rust stains\nTrying to get a buck off of this cocaine\nI'm day dreaming all day, hoping that I can wake up\nLounging in my castle with the windows all draped up\nAnd my pockets all caked up, no stress\nGuess I'm gonna have to wait until I'm dead to get some rest huh\nYou know the mirror never lies\nMy girl giving me hell because I ain't hearing her cries\nShe call me 5 or 6 times on the phone and I ain't replied\nI'm a young man with dreams, nothing in between\nI told myself one day that I would understand the bigger scheme\nIf you come from where I came from you know what I mean\nThose were them\n\nChorus:\n\nGold days\n(I could never)\nGive them away, away\n(I made sure)\nThe whole town was burning, burning, burning\n(Those were them)\nGold days\n(I could never)\nGive them away, away\n(I made sure)\nThe whole town was burning, burning, burning\n\nVerse 2: Action Bronson]\n\nSunny weather, people with you, when it's clouds they run for cover\nThe one that stood beside me was my motherfucking mother\nMoving on to better days, put my kids through college\nYour mind is young, copping Jordans, eating chicken wings\nTrophy case filled, you fucking with a winner\nI'm at a roaring boil, other suckers simmer\nYou see my shirt it's expensive like the dinner\nThat's why I rock a bib motherfucker because it's linen\nI only talk about what I know and some other shit\nYou on some angel eyes, sneaky undercover shit\nIntricate plots constructed during boredom\nI'm in the streets from Kissena out to Fordham\nPeace to my family I hold you down forever\nI love my children's mother even though we're not together\nAll I ask is honesty, ayo honestly\nFuck around and we could've been a dynasty\n\nChorus\n\nGold days\n(I could never)\nGive them away, away\n(I made sure)\nThe whole town was burning, burning, burning\n(Those were them)\nGold days\n(I could never)\nGive them away, away\n(I made sure)\nThe whole town was burning, burning, burning\n\n\n\n\n  ", 
        "pro": {
            "features": [
                "Action Bronson"
            ], 
            "producers": [
                "Neenyo"
            ], 
            "blocks": {
                "verses": [], 
                "hooks": [
                    {
                        "header": "    \n  [Produced by Neenyo]\n\nChorus:\n\nGold days\nGive them away\nThe whole town was burning, burning, burning\nGold days\nGive them away\nThe whole town was burning, burning, burning\n\n[Verse 1: Mr. Probz]\n\nRiding in this hooptie with the rust stains\nTrying to get a buck off of this cocaine\nI'm day dreaming all day, hoping that I can wake up\nLounging in my castle with the windows all draped up\nAnd my pockets all caked up, no stress\nGuess I'm gonna have to wait until I'm dead to get some rest huh\nYou know the mirror never lies\nMy girl giving me hell because I ain't hearing her cries\nShe call me 5 or 6 times on the phone and I ain't replied\nI'm a young man with dreams, nothing in between\nI told myself one day that I would understand the bigger scheme\nIf you come from where I came from you know what I mean\nThose were them\n\nChorus:\n\nGold days\n(I could never)", 
                        "text hash": "280adf40ed5135fc4a3f71b16f1a1ee7", 
                        "artist": "Gold days\n(I could never)", 
                        "text": "Give them away, away\n"
                    }
                ], 
                "remainders": [
                    {
                        "header": "(I made sure)", 
                        "text hash": "ce7c46bf9f594b477c586774f17672e8", 
                        "artist": "Mr. Probz", 
                        "text": "The whole town was burning, burning, burning\n"
                    }, 
                    {
                        "header": "(Those were them)", 
                        "text hash": "a4c78857ae44a86a77d1c0149c2b6953", 
                        "artist": "Mr. Probz", 
                        "text": "Gold days\n"
                    }, 
                    {
                        "header": "(I could never)", 
                        "text hash": "280adf40ed5135fc4a3f71b16f1a1ee7", 
                        "artist": "Mr. Probz", 
                        "text": "Give them away, away\n"
                    }, 
                    {
                        "header": "(I made sure)", 
                        "text hash": "b8cf9d2eb9b23b4b262cb6c8311071f6", 
                        "artist": "Mr. Probz", 
                        "text": "The whole town was burning, burning, burning"
                    }
                ]
            }, 
            "order": [
                "(I could never)", 
                "(I made sure)", 
                "(Those were them)", 
                "(I could never)", 
                "(I made sure)", 
                "(I could never)", 
                "(I made sure)", 
                "(Those were them)", 
                "(I could never)", 
                "(I made sure)"
            ], 
            "artist": "Mr. Probz"
        }
    }
}