{
    "Just like magic": {
        "raw": "\n    \n  [Intro]\nGyal move up yuh body, captivate mi\nGyal mi love how yuh dweet\nEvery move weh yuh mek gyal yuh body it a speak\nMi want it pon repeat\n\n[Hook] x 2 Mavado:\nYou're just like magic\nThe way you do yuh trick\nThe way yuh body turn and the way yuh body twist\nLike magic, the way yuh move yuh hips\nYea that yea\n\nMavado:\nLove it when you on the floor\nAnd do your thing for a while\nMove that you got to show\nGirl you drive me wild\nAnd if you get on the pole\nYou know that I won't mind\nSo lets jet off this coast\nAnd leave this place behind\n\nFast or slow pick up the tempo\nThe way she a wine is like a go-go\nOne thing for certain\nOne thing for sure\nMy girl you a wine like a pro\n\nFast or slow tun up the tempo\nLove how you a go and a go\nAnd mi seh thing for sure, a this mi know\n\n[Hook] x 2\n\nJadakiss:\n\nYo I can't explain it\u2019s confusing\nFrom what I understand is like your an optical illusion\nThe way you do your tricks\nThe way your body moving\nAnd then you disappear\nYou win some, you lose some\nWe don\u2019t need a tribe\nTogether we a two some\nLove moves mountains\nLets see if we can move some\nI just know I got a habit\nAnd I ain\u2019t ain\u2019t superstitious but it, but it feels like magic\n\n[Hook] x 2\n\nMavado:\n\nLove it when you rock it slow\nAnd move it on the beat\nYou know when the night is done\nWith you I wanna live\nI love the way you body talk\nBody talking to me\nNow listen carefully\nCause my body is gonna speak\n\nFast or slow pick up the tempo\nThe way she a wine is like a go-go\nOne thing for certain\nOne thing for sure\nMy girl you a, my girl\n\nFast or slow tun up the tempo\nLove how u a go and a go\nAnd this a one thing for sure\nA this mi know\n\nHook x 2\n\n\n\n\n  ", 
        "pro": {
            "features": [
                "Jadakiss", 
                "Mavado"
            ], 
            "producers": [
                "Musical Masquerade"
            ], 
            "blocks": {
                "verses": [], 
                "hooks": [
                    {
                        "header": "[Hook]", 
                        "text hash": "afe82827a27f3fd802e338cde65fc081", 
                        "artist": "Musical Masquerade", 
                        "text": " x 2 Mavado:\nYou're just like magic\nThe way you do yuh trick\nThe way yuh body turn and the way yuh body twist\nLike magic, the way yuh move yuh hips\nYea that yea\n\nMavado:\nLove it when you on the floor\nAnd do your thing for a while\nMove that you got to show\nGirl you drive me wild\nAnd if you get on the pole\nYou know that I won't mind\nSo lets jet off this coast\nAnd leave this place behind\n\nFast or slow pick up the tempo\nThe way she a wine is like a go-go\nOne thing for certain\nOne thing for sure\nMy girl you a wine like a pro\n\nFast or slow tun up the tempo\nLove how you a go and a go\nAnd mi seh thing for sure, a this mi know"
                    }, 
                    {
                        "header": "[Hook]", 
                        "text hash": "290701850fbca75f5b0c81ce401905b9", 
                        "artist": "Musical Masquerade", 
                        "text": " x 2\n\nJadakiss:\n\nYo I can't explain it\u2019s confusing\nFrom what I understand is like your an optical illusion\nThe way you do your tricks\nThe way your body moving\nAnd then you disappear\nYou win some, you lose some\nWe don\u2019t need a tribe\nTogether we a two some\nLove moves mountains\nLets see if we can move some\nI just know I got a habit\nAnd I ain\u2019t ain\u2019t superstitious but it, but it feels like magic"
                    }, 
                    {
                        "header": "[Hook]", 
                        "text hash": "0804447339beb7278f4e9001a7196cc2", 
                        "artist": "Musical Masquerade", 
                        "text": " x 2\n\nMavado:\n\nLove it when you rock it slow\nAnd move it on the beat\nYou know when the night is done\nWith you I wanna live\nI love the way you body talk\nBody talking to me\nNow listen carefully\nCause my body is gonna speak\n\nFast or slow pick up the tempo\nThe way she a wine is like a go-go\nOne thing for certain\nOne thing for sure\nMy girl you a, my girl\n\nFast or slow tun up the tempo\nLove how u a go and a go\nAnd this a one thing for sure\nA this mi know\n\nHook x 2\n\n\n\n\n  "
                    }
                ], 
                "intro": [
                    {
                        "header": "[Intro]", 
                        "text hash": "700046c153fa4b5b9ae32929fc13bcf1", 
                        "artist": "Musical Masquerade", 
                        "text": "Gyal move up yuh body, captivate mi\nGyal mi love how yuh dweet\nEvery move weh yuh mek gyal yuh body it a speak\nMi want it pon repeat"
                    }
                ]
            }, 
            "order": [
                "[Intro]"
            ], 
            "artist": "Musical Masquerade"
        }
    }
}