{
    "I Pledge Allegiance": {
        "raw": "\n    \n  [Hook]\nI, pledge alle-giance\nTo all my hom-ies who may ne-ver\nLo-ove a ho and ne-ver will..\nI, give my bo-dyyy\nAnd I give my so-ulll to the funk\nMay the funk, never end\n\n[Verse 1: Nate Dogg]\nI pledge allegiance, to paper chasers\nTo hustlers who be steady pullin capers\nPeace and blessing, may the sun always shine on you\nI'm servin paper, see ya later\nI guess that's one mo' thing, I can't be faded\nYou can test me, get discombobulated\nAin't no question I'm gon' fuck with this\nI do it for the funk of it\n\n[Hook]\n\n[Verse 2: Nate Dogg]\nI pledge allegiance to my - homies who keep it gangsta\nFuck all the haters they can't stop this groove\nI pledge allegiance to the - game cause it got me ballin\nGame don't wait so I'm not stallin\nI'm still dissin, she's still callin\n\n[Verse 3: Pharoahe Monch]\nUhh, what, what, yeah\nUhh, check it out now, uh\nSee this is front line, no turnin back now\nI'm about to score, this is war on the track now (woo!)\nGive me my vest and my ammo and my mac now\nI'm 'bout to spit it, and Lord I'mma get it\nIn the worst WAYYY, slay - competition\nMove the opposition, back wake the fuck up! (uh-huh)\nCause when I get beyond enemy lines\nI might snipe that ass like John Kennedy's mind\nThou shall not get caught, that's the remedy\nDisinfect gun wounds on my last bottle of Hennessy\nBleed to let the seeds remember my memories\nIt's killed or be killed here son that's the penalty\nRIDE for the funk, CRY for the funk\nIn the heat of night, I DIE for the funk\nPharoahe, when I'm six feet deep there's no greivin\nSalute the noblest troop and pledge allegiance cause\n\n[Hook] *\n\n* 1st half alone, 2nd half mixes with Nate Dogg's [Verse 2]\n\n[Hook]\n\n\n\n\n  ", 
        "pro": {
            "features": [
                "Pharoahe Monch"
            ], 
            "producers": [
                "Mel-Man"
            ], 
            "blocks": {
                "verses": [
                    {
                        "header": "[Verse 1: Nate Dogg]", 
                        "text hash": "18739c73aea0e96f219cfa84d087e95b", 
                        "artist": "Nate Dogg", 
                        "text": "I pledge allegiance, to paper chasers\nTo hustlers who be steady pullin capers\nPeace and blessing, may the sun always shine on you\nI'm servin paper, see ya later\nI guess that's one mo' thing, I can't be faded\nYou can test me, get discombobulated\nAin't no question I'm gon' fuck with this\nI do it for the funk of it"
                    }, 
                    {
                        "header": "[Verse 2: Nate Dogg]", 
                        "text hash": "f456b5a022cc8aa7125514909923dea3", 
                        "artist": "Nate Dogg", 
                        "text": "I pledge allegiance to my - homies who keep it gangsta\nFuck all the haters they can't stop this groove\nI pledge allegiance to the - game cause it got me ballin\nGame don't wait so I'm not stallin\nI'm still dissin, she's still callin"
                    }, 
                    {
                        "header": "[Verse 3: Pharoahe Monch]", 
                        "text hash": "7eeb00dabe4a29caa7a7906452a56387", 
                        "artist": "Pharoahe Monch", 
                        "text": "Uhh, what, what, yeah\nUhh, check it out now, uh\nSee this is front line, no turnin back now\nI'm about to score, this is war on the track now (woo!)\nGive me my vest and my ammo and my mac now\nI'm 'bout to spit it, and Lord I'mma get it\nIn the worst WAYYY, slay - competition\nMove the opposition, back wake the fuck up! (uh-huh)\nCause when I get beyond enemy lines\nI might snipe that ass like John Kennedy's mind\nThou shall not get caught, that's the remedy\nDisinfect gun wounds on my last bottle of Hennessy\nBleed to let the seeds remember my memories\nIt's killed or be killed here son that's the penalty\nRIDE for the funk, CRY for the funk\nIn the heat of night, I DIE for the funk\nPharoahe, when I'm six feet deep there's no greivin\nSalute the noblest troop and pledge allegiance cause"
                    }
                ], 
                "hooks": [
                    {
                        "header": "[Hook]", 
                        "text hash": "013852232211bf5b45933d390a87f8b1", 
                        "artist": "Nate Dogg", 
                        "text": "I, pledge alle-giance\nTo all my hom-ies who may ne-ver\nLo-ove a ho and ne-ver will..\nI, give my bo-dyyy\nAnd I give my so-ulll to the funk\nMay the funk, never end"
                    }, 
                    {
                        "header": "[Hook]", 
                        "text hash": "0646b8af254257889eb1d702848f31d5", 
                        "artist": "Nate Dogg", 
                        "text": " *\n\n* 1st half alone, 2nd half mixes with Nate Dogg's [Verse 2]"
                    }
                ]
            }, 
            "order": [
                "[Hook]", 
                "[Verse 1: Nate Dogg]", 
                "[Hook]", 
                "[Verse 2: Nate Dogg]", 
                "[Verse 3: Pharoahe Monch]", 
                "[Verse 2]", 
                "[Hook]"
            ], 
            "artist": "Nate Dogg"
        }
    }
}