{
    "Firm Biz '08": {
        "raw": "\n    \n  [Verse 1: Nicki Minaj]\nYa girl been hot since Corduroys, since quarter waters\nAnd all the boys use to try to be like the corner boys\nCos they heard the pussy wetter than them dorney rides\nFuck with who? Fucks with you\nWhen is them checks cleared like Huxtibles\nI\u2019m known to hang with a thug or two\nNiggas that only do what a thug would do\nAsk about me, the FEDS watch daily\nGettin\u2019 more cheese, more bread than a deli\nAnd I\u2019m getting\u2019 love fam now like Nelly\nAnd I throw it up 12 o\u2019clock when I wheelie\nI\u2019m in the area, scoop my nigga Jada\nYou gotta be brave, you gotta get paid\nAin\u2019t nothin\u2019 worse than being a broke bitch\nI always got crack I tell \u2018em to smoke this\n\n[Verse 2: Jadakiss]\nYo, ya boy been nice since thunder cats\nSince leather boomers and lumber jacks\nCome outside with a hundred stack\nJeans with the sweat pants under that, yeah\nFront on who? Not on me\nNiggas know I keep the seventeen shot on me\nMade a lil something off rap, lot off D\nGet your points off another nigga, not off me\nAir forces, new trues and a crispy tee\nNew coupe nigga CL-63\nCost you nothin\u2019, we get hit for free\nWith Nicki, matter fact, nah, the bitch with me\n\n[Verse 3: Nicki Minaj]\nSo you wanna sip goose and play Nintendo Wii, no\nGet the bricks and flip the ya-yo\nChirp if you looking for the work\n100 dollars of pussy, my misses getting\u2019 busy\nFEDs getting dizzy niggas tryna get me\nSo I change the sizzy combination to the cizzy\nBrand new V that\u2019s what I get for pitchin\nNice little crib, a couch that I could sit in\nUmm I mean sit on, blow piff, fuck a bitch on\nOops I mean feller keeps the umbreller\nAnd I only fuck with them paper makers\nNicki Lewinski LK ta Jada\n\n\n\n\n  ", 
        "pro": {
            "features": [
                "Jadakiss"
            ], 
            "blocks": {
                "verses": [
                    {
                        "header": "[Verse 1: Nicki Minaj]", 
                        "text hash": "f50b6b81b09c56303647c3de0183d8c9", 
                        "artist": "Nicki Minaj", 
                        "text": "Ya girl been hot since Corduroys, since quarter waters\nAnd all the boys use to try to be like the corner boys\nCos they heard the pussy wetter than them dorney rides\nFuck with who? Fucks with you\nWhen is them checks cleared like Huxtibles\nI\u2019m known to hang with a thug or two\nNiggas that only do what a thug would do\nAsk about me, the FEDS watch daily\nGettin\u2019 more cheese, more bread than a deli\nAnd I\u2019m getting\u2019 love fam now like Nelly\nAnd I throw it up 12 o\u2019clock when I wheelie\nI\u2019m in the area, scoop my nigga Jada\nYou gotta be brave, you gotta get paid\nAin\u2019t nothin\u2019 worse than being a broke bitch\nI always got crack I tell \u2018em to smoke this"
                    }, 
                    {
                        "header": "[Verse 2: Jadakiss]", 
                        "text hash": "1957bda22de293f59f7fa992e285656e", 
                        "artist": "Jadakiss", 
                        "text": "Yo, ya boy been nice since thunder cats\nSince leather boomers and lumber jacks\nCome outside with a hundred stack\nJeans with the sweat pants under that, yeah\nFront on who? Not on me\nNiggas know I keep the seventeen shot on me\nMade a lil something off rap, lot off D\nGet your points off another nigga, not off me\nAir forces, new trues and a crispy tee\nNew coupe nigga CL-63\nCost you nothin\u2019, we get hit for free\nWith Nicki, matter fact, nah, the bitch with me"
                    }, 
                    {
                        "header": "[Verse 3: Nicki Minaj]", 
                        "text hash": "b856c9ed9eff51937209a26ceca70231", 
                        "artist": "Nicki Minaj", 
                        "text": "So you wanna sip goose and play Nintendo Wii, no\nGet the bricks and flip the ya-yo\nChirp if you looking for the work\n100 dollars of pussy, my misses getting\u2019 busy\nFEDs getting dizzy niggas tryna get me\nSo I change the sizzy combination to the cizzy\nBrand new V that\u2019s what I get for pitchin\nNice little crib, a couch that I could sit in\nUmm I mean sit on, blow piff, fuck a bitch on\nOops I mean feller keeps the umbreller\nAnd I only fuck with them paper makers\nNicki Lewinski LK ta Jada\n\n\n\n\n  "
                    }
                ], 
                "hooks": []
            }, 
            "order": [
                "[Verse 1: Nicki Minaj]", 
                "[Verse 2: Jadakiss]", 
                "[Verse 3: Nicki Minaj]"
            ], 
            "artist": "Nicki Minaj"
        }
    }
}