{
    "Bangin' (Don't Lie)": {
        "raw": "\n    \n  [Missy]\nTimbaland, I need you to make these motherfuckers get crunk\nI need you to bang em, bang em, bang em in their Jeeps\nTimbaland I need you to make these motherfuckers get crunk\nAnd I need them to bang em bang em bang em bang em in their Jeeps\n\n[Verse 1: Nicole]\nUgh, who you talkin' to\nI wanna know\nIs that chick with you\nDo you love her\nBesta tell the truth\nOr you'll end up in a ICU\nBoy, I got thing for you\nAnd I'd do anything for you\nBut I need to know a thing or two\nAm I the only one you callin' boo\n\n[Chorus]\nDon't lie to me baby\nI would love to be your lady\nBut you be actin' crazy\nAnd I wouldn't do it if you payed me\nI would love to make it alright\nAnd I would love to fuck all night\nBut damn it's not alright\nDamn it's not alright\n\n[Verse 2: Nicole]\nUgh, who you rollin' with\nDo I meet all the benefits\nIs these the only lips that you kiss\nAm I the only one you fuckin' with\nBoy, I got a thing for you\nAnd I've been holdin' it down for you\nAnd I be pissin' around for you\nAm I the only one you callin' boo\n\n[Chorus]\n\n[Bridge]\nAm I\nThe only one that you callin' boo\nCuz I know I will always satisfy you\nAnd nigga don't try to run no games\nCuz I'm so hot I'll take you down in flames..\n\n[Prodigy]\nIs this for real\nWow Nicole Wray\nPleasure to meet you\nI'll be the H-N-I-C\nDamn yeah\nI'm a fan of yours to\nBut damn\nI gotta be honest\nI'm tryna geta at you\nAnd I don't run games\nI'm runnin' witchu\nYou runnin' with P\nWould that be possible\nNow that's a dream team\nYou rockin' R&B\nI got the streets\nAnd it's mad cuz I'm Mobb Deep\nWhat's goin' take to convince you\nWhat a nigga gotta do to get with you\nIt couldn't be more for real\nListen girl\nI couldn't be more sincere\nYou make a nigga wet dream\nGirl c'mon\nI ain't the type that'll hound you\nBut I'ma dog\nAnd I'ma flirt just to sharpen the saw\nSmooth, you see yourself rockin' with a nigga like that\nHere's my cell, your two way crib\nHolla back..\n\n[Prodigy - repeat 2X]\nStay up, stay in peace\nH-N-I-cease\nNicole Wray shit\nTimbaland shit\nWe bangin, bangin, bangin, bangin in the streets\n\n\n\n\n  ", 
        "pro": {
            "features": [
                "Missy Elliott", 
                "Prodigy"
            ], 
            "producers": [
                "Timbaland"
            ], 
            "blocks": {
                "verses": [
                    {
                        "header": "[Verse 1: Nicole]", 
                        "text hash": "cd5394c59e6a83ff333ff7369b5b4740", 
                        "artist": "Nicole", 
                        "text": "Ugh, who you talkin' to\nI wanna know\nIs that chick with you\nDo you love her\nBesta tell the truth\nOr you'll end up in a ICU\nBoy, I got thing for you\nAnd I'd do anything for you\nBut I need to know a thing or two\nAm I the only one you callin' boo"
                    }, 
                    {
                        "header": "[Verse 2: Nicole]", 
                        "text hash": "9af255f105a9ddc86fed81190df83db2", 
                        "artist": "Nicole", 
                        "text": "Ugh, who you rollin' with\nDo I meet all the benefits\nIs these the only lips that you kiss\nAm I the only one you fuckin' with\nBoy, I got a thing for you\nAnd I've been holdin' it down for you\nAnd I be pissin' around for you\nAm I the only one you callin' boo"
                    }
                ], 
                "hooks": [
                    {
                        "header": "[Chorus]", 
                        "text hash": "8c02e773a428fbf79109f6c562c75e4f", 
                        "artist": "Nicole Wray", 
                        "text": "Don't lie to me baby\nI would love to be your lady\nBut you be actin' crazy\nAnd I wouldn't do it if you payed me\nI would love to make it alright\nAnd I would love to fuck all night\nBut damn it's not alright\nDamn it's not alright"
                    }
                ], 
                "remainders": [
                    {
                        "header": "[Missy]", 
                        "text hash": "2fa3ffde2586d6ec3f84f2fabc27cb21", 
                        "artist": "Nicole Wray", 
                        "text": "Timbaland, I need you to make these motherfuckers get crunk\nI need you to bang em, bang em, bang em in their Jeeps\nTimbaland I need you to make these motherfuckers get crunk\nAnd I need them to bang em bang em bang em bang em in their Jeeps"
                    }, 
                    {
                        "header": "[Prodigy]", 
                        "text hash": "89bd66c1135b7ed833040f1831b46bdf", 
                        "artist": "Prodigy", 
                        "text": "Is this for real\nWow Nicole Wray\nPleasure to meet you\nI'll be the H-N-I-C\nDamn yeah\nI'm a fan of yours to\nBut damn\nI gotta be honest\nI'm tryna geta at you\nAnd I don't run games\nI'm runnin' witchu\nYou runnin' with P\nWould that be possible\nNow that's a dream team\nYou rockin' R&B\nI got the streets\nAnd it's mad cuz I'm Mobb Deep\nWhat's goin' take to convince you\nWhat a nigga gotta do to get with you\nIt couldn't be more for real\nListen girl\nI couldn't be more sincere\nYou make a nigga wet dream\nGirl c'mon\nI ain't the type that'll hound you\nBut I'ma dog\nAnd I'ma flirt just to sharpen the saw\nSmooth, you see yourself rockin' with a nigga like that\nHere's my cell, your two way crib\nHolla back.."
                    }, 
                    {
                        "header": "[Prodigy - repeat 2X]", 
                        "text hash": "b7c18a7be193d8da38d4b031f46e03ea", 
                        "artist": "Prodigy", 
                        "text": "Stay up, stay in peace\nH-N-I-cease\nNicole Wray shit\nTimbaland shit\nWe bangin, bangin, bangin, bangin in the streets\n\n\n\n\n  "
                    }
                ], 
                "bridge": [
                    {
                        "header": "[Bridge]", 
                        "text hash": "eedd46c39d331aee8c381404b04a2b9c", 
                        "artist": "Nicole Wray", 
                        "text": "Am I\nThe only one that you callin' boo\nCuz I know I will always satisfy you\nAnd nigga don't try to run no games\nCuz I'm so hot I'll take you down in flames.."
                    }
                ]
            }, 
            "order": [
                "[Missy]", 
                "[Verse 1: Nicole]", 
                "[Chorus]", 
                "[Verse 2: Nicole]", 
                "[Chorus]", 
                "[Bridge]", 
                "[Prodigy]", 
                "[Prodigy - repeat 2X]"
            ], 
            "artist": "Nicole Wray"
        }
    }
}