{
    "Auntie Maria's Crib (The Neapolitan Remix)": {
        "raw": "\n    \n  [Intro]\nThey\u2019re my slippers man\nMammy get my slippers\nAry, where you going?\nCan you fix me some soup before I go?\nNo, you just tell me before I tell what\u2019s it just\nYou\u2019ve got that certain something\nIt really turned me on\nYou can make me do right\nOr you can make do wrong\n\n[Verse 1: Action Bronson]\nDiamonds tastin\u2019, square like the 5 wagon\nPassenger sit on the left\nDrop a little ashes on the thigh muscle\nI'm the doobie scholar\nOld foreign white shooters, Tom Gugliotta\nI'm an aristocrat\nFlow tight like Whoopi character\u2019s pussy in Sister Act\nOr pink razor, baby boy catch you but naked, cookin\u2019 eggs\nFuckin\u2019 with your mother got your sister on the pegs\nDinos, mongooses\nBled line, harrows\nRose Mary toast paddle for the marrow\nGot women of the streets straight a virgin out the shadow\n2 piece like Chris Childs did to Kobe\nCatch me in the corner store, quarters for Shinobe\nBall court, I\u2019m NB\nUp a \u201990 house, chillin\u2019 with the family\n\n[Hook]\nYou\u2019ve got that certain something\nIt really turned me on\nYou can make me do right\nOr you can make do wrong\n\n[Verse 2: Nitty Scott]\nOk this hookah got me cooler than the Buddha\nRap barracuda think it deeper than the scuba\nSpark me up a Cuba\nMe and my auntie Maria, she doing Santeria\nWhile I be blastin\u2019 a classic up in the galleria\nYou know my style, go for miles over miles\nAin\u2019t no tellin\u2019 what a crook is cookin up to see him cook\nHit you with the remix, got your man shook\nBurnin\u2019 higher burnin\u2019, yea I wrote the damn book\nFrench manicure crushing up the sticky\nVery trippy type to get the secret out of pickie\nWe tight fly so, they know how I go\nOnly gettin\u2019 higher them days that when we wild go\nCausin\u2019 me stress, curve you like the letter S\nTake a hit to the chest and I pass the gun to the west\nYea, Nitty, Bronson, tone is so gifted\nPut the flame to the bang and get lifted\n\n[Hook]\n\n[Verse 3: The Kid Daytona]\nYea, were you naughty Maria crib?\nGanja\u2019s bein\u2019 lit\nFog so thick it\u2019s hard for me to see you here\nNeedy gotta lead ya here\nStyle\u2019s cheap in here\nWhile smoking on this rain that was flown in from keira south\nI brought some white bitches, they go the mirror out\nSlice sniffle sane only cuz it\u2019s winter out\nWhen in doubt, halla at your nigga\nNo college experience but get a lot of academics\nMy liver don\u2019t like me too much\n2 cups of mama Juana, really I don\u2019t give a fuck\nShit I\u2019m all short of happy and I line up with some cups\nSo now what\u2019s in the bookings? Conscious for the judge\nTrippy sticks for hash throw\nYou guys sure lookin\u2019 abnormal\nHit my contacts, the past on through\nRegular show cartoon and my tune a nigga rollin\u2019\nGot a 3 bedroom and your geruzza started growin\u2019\n\n[Hook]\n\n\n\n\n  ", 
        "pro": {
            "features": [
                "Action Bronson", 
                "The Kid Daytona"
            ], 
            "blocks": {
                "verses": [
                    {
                        "header": "[Verse 1: Action Bronson]", 
                        "text hash": "981d51801f72b9df7a47d684d0e823df", 
                        "artist": "Action Bronson", 
                        "text": "Diamonds tastin\u2019, square like the 5 wagon\nPassenger sit on the left\nDrop a little ashes on the thigh muscle\nI'm the doobie scholar\nOld foreign white shooters, Tom Gugliotta\nI'm an aristocrat\nFlow tight like Whoopi character\u2019s pussy in Sister Act\nOr pink razor, baby boy catch you but naked, cookin\u2019 eggs\nFuckin\u2019 with your mother got your sister on the pegs\nDinos, mongooses\nBled line, harrows\nRose Mary toast paddle for the marrow\nGot women of the streets straight a virgin out the shadow\n2 piece like Chris Childs did to Kobe\nCatch me in the corner store, quarters for Shinobe\nBall court, I\u2019m NB\nUp a \u201990 house, chillin\u2019 with the family"
                    }, 
                    {
                        "header": "[Verse 2: Nitty Scott]", 
                        "text hash": "7d0e2aade1a5abc15da38dc6b3780963", 
                        "artist": "Nitty Scott", 
                        "text": "Ok this hookah got me cooler than the Buddha\nRap barracuda think it deeper than the scuba\nSpark me up a Cuba\nMe and my auntie Maria, she doing Santeria\nWhile I be blastin\u2019 a classic up in the galleria\nYou know my style, go for miles over miles\nAin\u2019t no tellin\u2019 what a crook is cookin up to see him cook\nHit you with the remix, got your man shook\nBurnin\u2019 higher burnin\u2019, yea I wrote the damn book\nFrench manicure crushing up the sticky\nVery trippy type to get the secret out of pickie\nWe tight fly so, they know how I go\nOnly gettin\u2019 higher them days that when we wild go\nCausin\u2019 me stress, curve you like the letter S\nTake a hit to the chest and I pass the gun to the west\nYea, Nitty, Bronson, tone is so gifted\nPut the flame to the bang and get lifted"
                    }, 
                    {
                        "header": "[Verse 3: The Kid Daytona]", 
                        "text hash": "51d4e55d5e95dde7e05733792fe683ba", 
                        "artist": "The Kid Daytona", 
                        "text": "Yea, were you naughty Maria crib?\nGanja\u2019s bein\u2019 lit\nFog so thick it\u2019s hard for me to see you here\nNeedy gotta lead ya here\nStyle\u2019s cheap in here\nWhile smoking on this rain that was flown in from keira south\nI brought some white bitches, they go the mirror out\nSlice sniffle sane only cuz it\u2019s winter out\nWhen in doubt, halla at your nigga\nNo college experience but get a lot of academics\nMy liver don\u2019t like me too much\n2 cups of mama Juana, really I don\u2019t give a fuck\nShit I\u2019m all short of happy and I line up with some cups\nSo now what\u2019s in the bookings? Conscious for the judge\nTrippy sticks for hash throw\nYou guys sure lookin\u2019 abnormal\nHit my contacts, the past on through\nRegular show cartoon and my tune a nigga rollin\u2019\nGot a 3 bedroom and your geruzza started growin\u2019"
                    }
                ], 
                "hooks": [
                    {
                        "header": "[Hook]", 
                        "text hash": "0decb14c27d09c183283104750f5a950", 
                        "artist": "Nitty Scott", 
                        "text": "You\u2019ve got that certain something\nIt really turned me on\nYou can make me do right\nOr you can make do wrong"
                    }
                ], 
                "intro": [
                    {
                        "header": "[Intro]", 
                        "text hash": "17b09359d90057dc8f05139fc7dfc4af", 
                        "artist": "Nitty Scott", 
                        "text": "They\u2019re my slippers man\nMammy get my slippers\nAry, where you going?\nCan you fix me some soup before I go?\nNo, you just tell me before I tell what\u2019s it just\nYou\u2019ve got that certain something\nIt really turned me on\nYou can make me do right\nOr you can make do wrong"
                    }
                ]
            }, 
            "order": [
                "[Intro]", 
                "[Verse 1: Action Bronson]", 
                "[Hook]", 
                "[Verse 2: Nitty Scott]", 
                "[Hook]", 
                "[Verse 3: The Kid Daytona]", 
                "[Hook]"
            ], 
            "artist": "Nitty Scott"
        }
    }
}