{
    "Cypher": {
        "raw": "\n    \n  Verse 1: Jadakiss\nThis piff got me higher than a chandelier\nClaiming you fly is a risk I'll pull out the 5th like landing gear\nBefore you go against the man in here\nComparing me to you is comparing Godzilla to a panda bear\nThe weaker the coke the darker to stretch\nThe smaller the dog the farther the fetch\nMask on make the face harder to sketch\nIf you don't have a vest bullets harder to catch\nMake you bleed like a female visitor\nAnd it don't matter if life's a bitch if you got naked pictures of her\nI ain't scared of none of you cowards\nSend flowers to your funeral, hoes like flowers\nGo ahead boy place your bets\nGame already over and I ain't even took off my sweats\nKiss your ass goodbye courtesy of Jada\nI'll tower over little niggas like Al-Qaeda\nJokes on you and we laughing at that\nBut when I do it sound like I'm having an asthma attack\n(Wheezing sound)\nWaiting on you to fall\nLast breath tech go spray you like albuterol\nNiggas plans is hysterical\nMoney on the re up so my wardrobe terrible\nBet you won't be laughing when them hollows hit you\nAll them gucci shoes and belts you can't take 'em with you\nI been pushing white since God made light\nTake the snowman and smack him like the US open\nYou big ballers I'll cap your space\nSame hand that daps pound, same smack the face\nLife about 3 things: Money, Power, Respect\nSomething you'll never get you motherfucking reject\nTop 5 dead or alive and if you say something different\nI'll have your mouthpiece hanging out like Blake Griffin\nI can flip a whole pount of cake like a quarter\nNiggas hate me like black girl hair hates water\nSend shots at you like a goalie mitt\nShoot the hell outta you assholes and you really be like holy shit\n\nVerse 2: Fred The Godson\nLook, look, listen\nI'm Fred, they call me The Godson\nYou can get at me @FredThegodson\nSo hot middle name should be arson\nTunes is looney, out of this world Marvin the Martian\nI got a Jay-Z swag, your girl give up the box Marvin Hangler\nAddicted to that white like cocaine\nWhole team run in it, she the grass at a bowl game\nIn the morning tell her walk, no shame\nSmash again she better let us, Romaine\nGet it?\nBetter lettuce, ah never mind\nYou missed that line you a bad kid, you never mind\nTurn cold make her leave like autumn trees\nFlip her in tri-angles, dick game isosceles\nI got a lazy boy, comfortable chair flow\nYou around so much corn must be a scarecrow\nPlus you get no brains Barkley, terrible\nYour album will drop the same time Charles hair grow\nI got the 9 right beside me\nNiggas know I'm the one I look like 19\nI'm swag at 5 feet tall\nI still pull your broad with a gut as big as a mall\nNow see if you can stomach that\nYou 6'8\" with my palm I chop down trees, lumberjack\n(Haha) You old timers is cold miners\nI'm a diamond repeat my punchlines Alzheimer\nYou old timers is cold miners\nI'm a diamond repeat my punchlines, never mind brah\nI like a chick hair wavy as a cruise chip\nSplit your mouth with a bottle of rose, give you tulips\nGet it? Two lips? Ohh shit\nI'm something niggas don't know what to do with, True Grit\nThey come and see me at the stadium\nBeat your whole team by myself, Kobe 81\nI wanna dumb it down, streets tell me to stay clever\nWaiting for that big break, call me 50 and Mayweather\nSee what I did there? 50 in the month of Mayweather?\nHe hot cause he he ain't get to stay with his Game, whatever\nIndustry niggas is fake as a fire drill\nCan't wait to lose, Jenny Craig diet pill\nI'm presently president of administration\nMy flow's major, yall's minor in communication\nGet it? Yours minor in communication\nAh fuck it blood keep flowing, menstruation\nGot a James Harden accuracy\nThunder was in the tropics\nNow it's over you can finally see this star shooting with the Rockets\nJames Harden, accuracy, Rockets, shooting star, tropic thunder, c'mon stop me\n\nVerse 3: Lil Wayne\nI am smoking on them Gans, y'all call it refer\nEat sweet niggas like dessert, then pull yo bitch out like tweezers\nShe gave me head on a plane, I was flying out real quick\nI'm would make a long story short but I be lying on my dick\nI'm on my Chris Brown shit\nBeat that bitch with a Suwoo dick\nEveryday is like Halloween cause I treat myself to tricks\nNews clip, I got 2 chicks\n1 cup but I just won't use it\nCause after I abuse it, the shit shit they know who's it\nMe bitch, I said me bitch\nAin't no Victoria Secret\nDick so good she get teeth with\nI get more pussy than Heathcliff\nGay jokes, ok Marshall do you really wanna take it that far?\nI'll stomp on that bag of M&M's and turn them shits to a flat bar\nSee you got a face lift\nRevenge so sweet I taste it\nI'll spill yo blood all on the floor and leave you white boy wasted\nNiggas so pussy they should douche\nAnd I really don't care about none of y'all niggas George Bush\nCall me the life of the party, if you push my buttons you start me\nBut I'll still wear that ass out Ed Hardy\nMet a whore then headed for the hotel to break down that bed and door\nThat's after I checked her credit score cause I'm cheap as one of my metaphors\nI'm eating everything on my dinner plate\nCall me a big ass, fuck y'all rappers Jenna Shea\nSippin on that lean got me higher than Akeem\nIf my nigga got my back then I call that nigga my spleen\nI bust more than the feds\nGot these birds and I'm giving 'em bread\nWhen I pull my dick out I get more head than the Walking Dead\nI hit you with a punchline\nBurn you like the sunshine\nCops are just like wack pussy fuck one time\nGet her ass some Gucci, she gon' come up out that coochie\nShe told me to hit it raw I said bitch I don't like Sushi, TUNECHI!\n\n\n\n\n  ", 
        "pro": {
            "features": [
                "Fred The Godson", 
                "Jadakiss", 
                "Lil Wayne"
            ], 
            "blocks": {
                "verses": [
                    {
                        "header": "    \n  Verse 1: Jadakiss\nThis piff got me higher than a chandelier\nClaiming you fly is a risk I'll pull out the 5th like landing gear\nBefore you go against the man in here\nComparing me to you is comparing Godzilla to a panda bear\nThe weaker the coke the darker to stretch\nThe smaller the dog the farther the fetch\nMask on make the face harder to sketch\nIf you don't have a vest bullets harder to catch\nMake you bleed like a female visitor\nAnd it don't matter if life's a bitch if you got naked pictures of her\nI ain't scared of none of you cowards\nSend flowers to your funeral, hoes like flowers\nGo ahead boy place your bets\nGame already over and I ain't even took off my sweats\nKiss your ass goodbye courtesy of Jada\nI'll tower over little niggas like Al-Qaeda\nJokes on you and we laughing at that\nBut when I do it sound like I'm having an asthma attack\n(Wheezing sound)", 
                        "text hash": "9fdf0d5155570c3925f3670df96b43a5", 
                        "artist": "Jadakiss", 
                        "text": "Waiting on you to fall\nLast breath tech go spray you like albuterol\nNiggas plans is hysterical\nMoney on the re up so my wardrobe terrible\nBet you won't be laughing when them hollows hit you\nAll them gucci shoes and belts you can't take 'em with you\nI been pushing white since God made light\nTake the snowman and smack him like the US open\nYou big ballers I'll cap your space\nSame hand that daps pound, same smack the face\nLife about 3 things: Money, Power, Respect\nSomething you'll never get you motherfucking reject\nTop 5 dead or alive and if you say something different\nI'll have your mouthpiece hanging out like Blake Griffin\nI can flip a whole pount of cake like a quarter\nNiggas hate me like black girl hair hates water\nSend shots at you like a goalie mitt\nShoot the hell outta you assholes and you really be like holy shit"
                    }, 
                    {
                        "header": "Verse 2: Fred The Godson\nLook, look, listen\nI'm Fred, they call me The Godson\nYou can get at me @FredThegodson\nSo hot middle name should be arson\nTunes is looney, out of this world Marvin the Martian\nI got a Jay-Z swag, your girl give up the box Marvin Hangler\nAddicted to that white like cocaine\nWhole team run in it, she the grass at a bowl game\nIn the morning tell her walk, no shame\nSmash again she better let us, Romaine\nGet it?\nBetter lettuce, ah never mind\nYou missed that line you a bad kid, you never mind\nTurn cold make her leave like autumn trees\nFlip her in tri-angles, dick game isosceles\nI got a lazy boy, comfortable chair flow\nYou around so much corn must be a scarecrow\nPlus you get no brains Barkley, terrible\nYour album will drop the same time Charles hair grow\nI got the 9 right beside me\nNiggas know I'm the one I look like 19\nI'm swag at 5 feet tall\nI still pull your broad with a gut as big as a mall\nNow see if you can stomach that\nYou 6'8\" with my palm I chop down trees, lumberjack\n(Haha)", 
                        "text hash": "65c32b1286f9c9be2adb2991962b2e04", 
                        "artist": "Fred The Godson", 
                        "text": " You old timers is cold miners\nI'm a diamond repeat my punchlines Alzheimer\nYou old timers is cold miners\nI'm a diamond repeat my punchlines, never mind brah\nI like a chick hair wavy as a cruise chip\nSplit your mouth with a bottle of rose, give you tulips\nGet it? Two lips? Ohh shit\nI'm something niggas don't know what to do with, True Grit\nThey come and see me at the stadium\nBeat your whole team by myself, Kobe 81\nI wanna dumb it down, streets tell me to stay clever\nWaiting for that big break, call me 50 and Mayweather\nSee what I did there? 50 in the month of Mayweather?\nHe hot cause he he ain't get to stay with his Game, whatever\nIndustry niggas is fake as a fire drill\nCan't wait to lose, Jenny Craig diet pill\nI'm presently president of administration\nMy flow's major, yall's minor in communication\nGet it? Yours minor in communication\nAh fuck it blood keep flowing, menstruation\nGot a James Harden accuracy\nThunder was in the tropics\nNow it's over you can finally see this star shooting with the Rockets\nJames Harden, accuracy, Rockets, shooting star, tropic thunder, c'mon stop me"
                    }
                ], 
                "hooks": []
            }, 
            "order": [
                "(Wheezing sound)"
            ], 
            "artist": "Page Kennedy"
        }
    }
}