{
    "Prisoner": {
        "raw": "\n    \n  [Intro]\nAttention\nThe Following inmates\nWhen names are called will be transferred\nDue to overcrowded conditions\n\n[Hook]\nWhat am I doing?\nHave been serving time for five long years\nGot no trial in sight\nCause just as they all talk about just keeps my mind\n\n\n[Verse: 1 Prodigy]\nThe D's lied on the stand \"I'm going down this time\"\nTell the kids I won't be home for a while\nTell Mom don't stress, it'll go by fast\nGet my last piece of sex before they ship my ass\nProcess it, down state my stomach on the gate\nSome Rikers island chicken, the last thing I ate\nBreak a breaker, 1-9, 911\nThey called the cops on me, they supposed to be thugs\nNo honor in the hood, how are they all snakes?\nThat's crazy. Fuck it! it is what it was\nGet these years over with\nGet a little size on me\nMake peace with God and grow mentally\nPie peter a few niggas up, we take a few losses\nWe hard headed, we fight till we nauseas\nAnd yeah I want to go home but we ain't going nowhere for a long time bro, In fact\n\n[Hook]\n\n[Verse 2: Papoose]\nConey Island blood in the sand\nRaised fire with some niggas over nickels and grams\nThink you gettin' busy, you given the business a scram\nLook over your shoulder, see the nigga ripping your man\nPolice run up on the scene, he tripping like \"Damn!\"\nHe don't know who did it, he keep it official a man\nLooking for the weapon, you wondering if you should have ran\nHolding the razor so tight that it's ripping your hand\nWhen was the last time that you had to sit on a stand?\nDid you stand with the defendant's or the witnesses' stand?\nGet a wake call crowded can't split with your fam\nShaking like Jelly, cause you never been in a jam\nAll of my niggas clock digits, Cock biscuits and blam\nThey should call us sheep skin cause we live on the lamb\nGun charge, bailed out that's a fact and all that\nThey should call your album snitch, cause you ratted on that\n\n[Hook]\nWhat am I doing?\nHave been serving time for five long years\nGot no trial in sight\nCause just as they all talk about just keeps my mind\n(I'm Not A Prisoner! No, no..)\n\n\n\n\n  ", 
        "pro": {
            "features": [
                "Prodigy"
            ], 
            "producers": [
                "G.U.N. Productions"
            ], 
            "blocks": {
                "verses": [
                    {
                        "header": "[Verse: 1 Prodigy]", 
                        "text hash": "cee6cb38616ac6ff691b43fd87da54c5", 
                        "artist": "Prodigy", 
                        "text": "The D's lied on the stand \"I'm going down this time\"\nTell the kids I won't be home for a while\nTell Mom don't stress, it'll go by fast\nGet my last piece of sex before they ship my ass\nProcess it, down state my stomach on the gate\nSome Rikers island chicken, the last thing I ate\nBreak a breaker, 1-9, 911\nThey called the cops on me, they supposed to be thugs\nNo honor in the hood, how are they all snakes?\nThat's crazy. Fuck it! it is what it was\nGet these years over with\nGet a little size on me\nMake peace with God and grow mentally\nPie peter a few niggas up, we take a few losses\nWe hard headed, we fight till we nauseas\nAnd yeah I want to go home but we ain't going nowhere for a long time bro, In fact"
                    }, 
                    {
                        "header": "[Verse 2: Papoose]", 
                        "text hash": "9ffd616744659073092b5a58ded76b86", 
                        "artist": "Papoose", 
                        "text": "Coney Island blood in the sand\nRaised fire with some niggas over nickels and grams\nThink you gettin' busy, you given the business a scram\nLook over your shoulder, see the nigga ripping your man\nPolice run up on the scene, he tripping like \"Damn!\"\nHe don't know who did it, he keep it official a man\nLooking for the weapon, you wondering if you should have ran\nHolding the razor so tight that it's ripping your hand\nWhen was the last time that you had to sit on a stand?\nDid you stand with the defendant's or the witnesses' stand?\nGet a wake call crowded can't split with your fam\nShaking like Jelly, cause you never been in a jam\nAll of my niggas clock digits, Cock biscuits and blam\nThey should call us sheep skin cause we live on the lamb\nGun charge, bailed out that's a fact and all that\nThey should call your album snitch, cause you ratted on that"
                    }
                ], 
                "hooks": [
                    {
                        "header": "[Hook]", 
                        "text hash": "2ec24547dcda448f6d4a9886f91e6125", 
                        "artist": "Papoose", 
                        "text": "What am I doing?\nHave been serving time for five long years\nGot no trial in sight\nCause just as they all talk about just keeps my mind"
                    }, 
                    {
                        "header": "[Hook]", 
                        "text hash": "ac3624c534d65f28f48bc6aedfd46e94", 
                        "artist": "Papoose", 
                        "text": "What am I doing?\nHave been serving time for five long years\nGot no trial in sight\nCause just as they all talk about just keeps my mind\n(I'm Not A Prisoner! No, no..)\n\n\n\n\n  "
                    }
                ], 
                "intro": [
                    {
                        "header": "[Intro]", 
                        "text hash": "e19f1fb360130a6a424e7cee0957b674", 
                        "artist": "Papoose", 
                        "text": "Attention\nThe Following inmates\nWhen names are called will be transferred\nDue to overcrowded conditions"
                    }
                ]
            }, 
            "order": [
                "[Intro]", 
                "[Hook]", 
                "[Verse: 1 Prodigy]", 
                "[Hook]", 
                "[Verse 2: Papoose]", 
                "[Hook]"
            ], 
            "artist": "Papoose"
        }
    },
    "6 A.M.": {
        "raw": "\n    \n  [Intro]\nI asked him if he wanted me to hustle up his bail, but he said \"No.\"\nHe just didn't give a damn anymore\n\n[Hook]\nSix in the morning, police at my door\nSix in the morning, police at my door\nSix in the morning, police at my door\nSix in the morning, police at my door\n\n[Verse 1: Papoose]\nThey would say \u201cbling-bling,\u201d if my jewels could talk\nSo you can still see me shining when the room gets dark\nI\u2019m like Tony Danza, I\u2019ll show you who\u2019s the boss\nTeach my worker who\u2019s the fiends and who\u2019s the narcs\nIt\u2019s a lot of niggas out trying to prove they hard\n\u2018Til you hit they cousin up, and make them move they aunt\nYo, I would wild out and let the Rug\u2019 just spark\nBut you know how the hood be when someone screwed your start\nAll the basketball tournaments was cool to watch\nBet your money: lose a little, or lose a lot\nThey beat us by one point \u2013 yeah, them dudes was sharp\nBut I\u2019m a sore loser, so I had to shoot up the park\nI wouldn\u2019t of robbed your man if the fool was smart\nBut a fool and his money will soon depart\nThen I went to my crib, went to sleep 'bout four\nWhen I woke up, police was at my door, damn\u2026\n\n[Hook]\n\n[Verse 2: Jadakiss]\nJust aired the dice game out, that\u2019s the truth, babe\n\u2018Bout to hit the crib, take a shower, watch a bootleg\nGlad nothing popped off, got to get the bag out of the crib\nGoose dropped off, so it can get knocked off\nThen I got a sharp pain in my chest\nAbout knowing I ain\u2019t supposed to have it in the place I rest\nYes, but it\u2019s a half a joint in there\nTwo .40 cals with the hollow points in there\nFew bricks of diesel, couple pounds of purple\nGallon of the water, plus a thousand circles\nA man hit me, saying that he\u2019d be here in a minute\nAll I\u2019ve got to do is wrap it, and bring it down to the rented\nBy now, it\u2019s a little past five\nAnd I\u2019m still trying to roll, could barely open my eyes\nNext thing I know, she giving me a massage\nInstead of waking up rich, I woke up to a surprise\n\n[Hook]\n\n[Verse 3: Jim Jones]\nIt goes, \u201cSix in the morning, police at my door\u201d\nAt five in the morning, I was up in this broad\nAt four in the morning, we was out the club door\nA few hours before that, I was getting fresh in the store\nNow a week before that, I was at the car lot\nThinking convertible so I can make the broad drop\nA half a mill in cash off a three-month run\nThem rubber bands stacks in ten-G lump sums\nPolice is on our back \u2018cause we dump guns\nSo when Bird Gang\u2019s outside, motherfucker, just run\nWe just dumb, like the hyphy life\nI told you life was a bitch, not the wifey type\nHelp you get the right bricks, if the price is right\nCatch you standing on the strip in the icy whites\nSeason of heirs, we in the V switching gears\nDropping the top, blowing weed in the air\nShe\u2019s showing her ass, and\nNext think I know, I\u2019ve got a detective all in my face\nAsking me all kinds of questions\nI don\u2019t know shit but get my lawyer\n\n[Hook]\n\n\n\n\n  ", 
        "pro": {
            "features": [
                "Jadakiss", 
                "Jim Jones"
            ], 
            "producers": [
                "StreetRunner"
            ], 
            "blocks": {
                "verses": [
                    {
                        "header": "[Verse 1: Papoose]", 
                        "text hash": "c04b505c0d8ffe08c77bf4d719066188", 
                        "artist": "Papoose", 
                        "text": "They would say \u201cbling-bling,\u201d if my jewels could talk\nSo you can still see me shining when the room gets dark\nI\u2019m like Tony Danza, I\u2019ll show you who\u2019s the boss\nTeach my worker who\u2019s the fiends and who\u2019s the narcs\nIt\u2019s a lot of niggas out trying to prove they hard\n\u2018Til you hit they cousin up, and make them move they aunt\nYo, I would wild out and let the Rug\u2019 just spark\nBut you know how the hood be when someone screwed your start\nAll the basketball tournaments was cool to watch\nBet your money: lose a little, or lose a lot\nThey beat us by one point \u2013 yeah, them dudes was sharp\nBut I\u2019m a sore loser, so I had to shoot up the park\nI wouldn\u2019t of robbed your man if the fool was smart\nBut a fool and his money will soon depart\nThen I went to my crib, went to sleep 'bout four\nWhen I woke up, police was at my door, damn\u2026"
                    }, 
                    {
                        "header": "[Verse 2: Jadakiss]", 
                        "text hash": "b6b9c6da72aed22e02a5af904aed5a23", 
                        "artist": "Jadakiss", 
                        "text": "Just aired the dice game out, that\u2019s the truth, babe\n\u2018Bout to hit the crib, take a shower, watch a bootleg\nGlad nothing popped off, got to get the bag out of the crib\nGoose dropped off, so it can get knocked off\nThen I got a sharp pain in my chest\nAbout knowing I ain\u2019t supposed to have it in the place I rest\nYes, but it\u2019s a half a joint in there\nTwo .40 cals with the hollow points in there\nFew bricks of diesel, couple pounds of purple\nGallon of the water, plus a thousand circles\nA man hit me, saying that he\u2019d be here in a minute\nAll I\u2019ve got to do is wrap it, and bring it down to the rented\nBy now, it\u2019s a little past five\nAnd I\u2019m still trying to roll, could barely open my eyes\nNext thing I know, she giving me a massage\nInstead of waking up rich, I woke up to a surprise"
                    }, 
                    {
                        "header": "[Verse 3: Jim Jones]", 
                        "text hash": "9a72d287e9e1d2c1a17ef8f3a38445f4", 
                        "artist": "Jim Jones", 
                        "text": "It goes, \u201cSix in the morning, police at my door\u201d\nAt five in the morning, I was up in this broad\nAt four in the morning, we was out the club door\nA few hours before that, I was getting fresh in the store\nNow a week before that, I was at the car lot\nThinking convertible so I can make the broad drop\nA half a mill in cash off a three-month run\nThem rubber bands stacks in ten-G lump sums\nPolice is on our back \u2018cause we dump guns\nSo when Bird Gang\u2019s outside, motherfucker, just run\nWe just dumb, like the hyphy life\nI told you life was a bitch, not the wifey type\nHelp you get the right bricks, if the price is right\nCatch you standing on the strip in the icy whites\nSeason of heirs, we in the V switching gears\nDropping the top, blowing weed in the air\nShe\u2019s showing her ass, and\nNext think I know, I\u2019ve got a detective all in my face\nAsking me all kinds of questions\nI don\u2019t know shit but get my lawyer"
                    }
                ], 
                "hooks": [
                    {
                        "header": "[Hook]", 
                        "text hash": "a914a8340bf4d91d56d403aed39c5be7", 
                        "artist": "Papoose", 
                        "text": "Six in the morning, police at my door\nSix in the morning, police at my door\nSix in the morning, police at my door\nSix in the morning, police at my door"
                    }
                ], 
                "intro": [
                    {
                        "header": "[Intro]", 
                        "text hash": "86a423d966fea3b6f5084a5de12ecb40", 
                        "artist": "Papoose", 
                        "text": "I asked him if he wanted me to hustle up his bail, but he said \"No.\"\nHe just didn't give a damn anymore"
                    }
                ]
            }, 
            "order": [
                "[Intro]", 
                "[Hook]", 
                "[Verse 1: Papoose]", 
                "[Hook]", 
                "[Verse 2: Jadakiss]", 
                "[Hook]", 
                "[Verse 3: Jim Jones]", 
                "[Hook]"
            ], 
            "artist": "Papoose"
        }
    }
}