{
    "Trap": {
        "raw": "\n    \n  [Intro]\nTurn me up Josh, Josh engineering\nMigo! Wooh!\nI'M RICH!\n\n[Hook x2: Rich The Kid]\nTrap (x6)\nAll my young niggas\nTrap (x4)\nHit it wit the remix, re-rock\nNo straight drop, my whole hood trap\n\n[Verse 1: Pedro Fernando]\nMy diamonds is dancing\nI pull up in Phantoms\nI trap out a mansion\nMy bitches they come cross the border\nThey naked no bra or no panties\nI flour the fish and I flour the fish\nAnd I whip and I'm breaking my wrist\nMy ice from the glacier\nI'm sipping the Lakers\nI'm rich like the mayor\nFuck a nigga's feelings, bitch I'm Pedro, I don't give a damn\nI just fucked a nigga baby momma off of Instagram\nTrapping and trapping it turned into rapping\nI don't even know how it happened\nThe money is coming in an orderly fashion\nYoung nigga I'm capping and trapping\nFlipping the work wit' no spatula\nPull up in 'Rarri, I'm crawling tarantula\nMy nigga got choppers, berettas and uzis\nI promise they'll damage ya\nMigo gang, pull up flexin' 30 chains\nLamb no brains, got it off of cocaine\n\n[Hook]\n\n[Verse 2: Offset]\nHow does it feel to be broke?\nWhite diamonds like coke\nWrapping the brick up like mummies\n100 bricks coming on monday\nJust a young ass nigga, thats 15\nChapo wit' the red beam\nNo Rockets I got Yao Mings\nYadda Mean?\nI'm speaking bilingual\nI'm talking in spanish\nThat Mota', coca'\nBaking soda\nFeeling like Pablo Escobar\nTrapping in Louis V Loafers\nSo much got damn cash\nI feel like a Bank of America broker\nGot shooters wit me nigga\nI thought I told ya\nThe game is not checkers it's chess\nNo spades it's poker\nI travel the world, you local\nMo bags then Krogers\nYoung nigga, with a hundred rounds\nBitch it's over\n\n[Hook]\n\n[Verse 3: Quavo]\nWhite (Coca), bricks\nWrap 'em up, ship 'em out\nMy whole hood trap, my whole hood trap (Huh!)\nIs ya trapping?\nWalk in the hood wit tha K's out\nYoung nigga finna blow ya brains out\nTornado arms\nPlay wit the water like thunderstorm\nI play with the bombs\nSo please do not call me Saddam\nYou bitch like my cum\nSo I skeet a lil bit on her tongue\n12 hit the block, 12 hit the block\nWhat ya gone do? Better run\nIs ya trapping?\nTrap with extension across the map\nWork in the trunk\nHunnids in the back\nI ain't never seen hunnid racks look this flat\nBlue benjis!\nTrap in the maybach with curtains in it\nQC we winning\nTrappa turned rappa I meant it\n\n[Hook]\n\n\n\n\n  ", 
        "pro": {
            "features": [
                "Migos", 
                "Rich The Kid"
            ], 
            "producers": [
                "Zaytoven"
            ], 
            "blocks": {
                "verses": [
                    {
                        "header": "[Verse 1: Pedro Fernando]", 
                        "text hash": "b3cb3587c071425804499433fa9af0b0", 
                        "artist": "Pedro Fernando", 
                        "text": "My diamonds is dancing\nI pull up in Phantoms\nI trap out a mansion\nMy bitches they come cross the border\nThey naked no bra or no panties\nI flour the fish and I flour the fish\nAnd I whip and I'm breaking my wrist\nMy ice from the glacier\nI'm sipping the Lakers\nI'm rich like the mayor\nFuck a nigga's feelings, bitch I'm Pedro, I don't give a damn\nI just fucked a nigga baby momma off of Instagram\nTrapping and trapping it turned into rapping\nI don't even know how it happened\nThe money is coming in an orderly fashion\nYoung nigga I'm capping and trapping\nFlipping the work wit' no spatula\nPull up in 'Rarri, I'm crawling tarantula\nMy nigga got choppers, berettas and uzis\nI promise they'll damage ya\nMigo gang, pull up flexin' 30 chains\nLamb no brains, got it off of cocaine"
                    }, 
                    {
                        "header": "[Verse 2: Offset]", 
                        "text hash": "6bbfe891230596ccf60ce5828c9aeb8b", 
                        "artist": "Offset", 
                        "text": "How does it feel to be broke?\nWhite diamonds like coke\nWrapping the brick up like mummies\n100 bricks coming on monday\nJust a young ass nigga, thats 15\nChapo wit' the red beam\nNo Rockets I got Yao Mings\nYadda Mean?\nI'm speaking bilingual\nI'm talking in spanish\nThat Mota', coca'\nBaking soda\nFeeling like Pablo Escobar\nTrapping in Louis V Loafers\nSo much got damn cash\nI feel like a Bank of America broker\nGot shooters wit me nigga\nI thought I told ya\nThe game is not checkers it's chess\nNo spades it's poker\nI travel the world, you local\nMo bags then Krogers\nYoung nigga, with a hundred rounds\nBitch it's over"
                    }, 
                    {
                        "header": "[Verse 3: Quavo]", 
                        "text hash": "0b731a9a0102c1d2d2e3afe6daf97ef2", 
                        "artist": "Quavo", 
                        "text": "White (Coca), bricks\nWrap 'em up, ship 'em out\nMy whole hood trap, my whole hood trap (Huh!)\nIs ya trapping?\nWalk in the hood wit tha K's out\nYoung nigga finna blow ya brains out\nTornado arms\nPlay wit the water like thunderstorm\nI play with the bombs\nSo please do not call me Saddam\nYou bitch like my cum\nSo I skeet a lil bit on her tongue\n12 hit the block, 12 hit the block\nWhat ya gone do? Better run\nIs ya trapping?\nTrap with extension across the map\nWork in the trunk\nHunnids in the back\nI ain't never seen hunnid racks look this flat\nBlue benjis!\nTrap in the maybach with curtains in it\nQC we winning\nTrappa turned rappa I meant it"
                    }
                ], 
                "hooks": [
                    {
                        "header": "[Hook x2: Rich The Kid]", 
                        "text hash": "ac4e2f4d0098b86fe0411f5c9d3679a1", 
                        "artist": "Rich The Kid", 
                        "text": "Trap (x6)\nAll my young niggas\nTrap (x4)\nHit it wit the remix, re-rock\nNo straight drop, my whole hood trap"
                    }
                ], 
                "intro": [
                    {
                        "header": "[Intro]", 
                        "text hash": "0d9ae7de2dd25d3e9362a02ba45027cd", 
                        "artist": "Pedro Fernando", 
                        "text": "Turn me up Josh, Josh engineering\nMigo! Wooh!\nI'M RICH!"
                    }
                ]
            }, 
            "order": [
                "[Intro]", 
                "[Hook x2: Rich The Kid]", 
                "[Verse 1: Pedro Fernando]", 
                "[Hook]", 
                "[Verse 2: Offset]", 
                "[Hook]", 
                "[Verse 3: Quavo]", 
                "[Hook]"
            ], 
            "artist": "Pedro Fernando"
        }
    }
}