{
    "Break My Wrist": {
        "raw": "\n    \n  [Intro : Young Thug]\nHuh, Thugger, Longway\nStoner, Stoner !\n\n[Pre-Hook : Young Thug]\nWhen I whip dope I'm looking to break my wrist\nWhen I whip dope I'm looking to break my wrist\nWhen I whip dope I smell the venomous fish\nI'm Donald Trump, you think I won't fire my bitch\n\n[Hook x4 : PeeWee Longway]\nBreak it down, speed it up, break it down, speed it up\nBreaking my wrist tryna double up\n\n[PeeWee Longway]\nWhippin' the fuck out the dough with the beater\nI'm breaking my wrist tryna double up\nSpeed it up, break it down, speed it up\nI'm shifting the gears in the Bentley truck\nI'm Donald Trump I just fire my bitch\nThese bitches know that I don't give a fuck\nI call Young Thugger to hit 'em up\nI told 'em buck fifty now big ups\n\n[Young Thug]\nI got 'em son, like I'm from New-York\nSixty-five hundred for her brand New-York\nLouis scarf wrap me, I'm Jamaican tough\nDouble cup [?] I pour with the [?]\nNigga drop down on you with that wagon\nAnd you do not shoot it, boy you know you get stuck\nAin't talkin' fit, but I just bought a truck\nRan up my money, broke boy call it luck\n\n[PeeWee Longway]\nThe brick wrapped in ribbon, these black powder incence\nMy trap house is boomin' I slow it up, speed it up\nMC Hammer diamonds dancin' VV'd up\nOG batch stuffed in the pantry, gon' beat it up\nBitch look like Marilyn Monroe from the feet up\nMy bitch want me to bare-back her when I beat it up\nMy clip got a double stack'a who want beef'a ?\n[?] for the reefer\nLongway\n\n[Pre-Hook]\n\n[Hook x4]\n\n[Verse 2]\n\n[Offset]\nBreaking my wrist tryna double up\nPourin' up Actavis double cup\nWanna take a ride with me then buckle up\nI'm number one, you niggas runner-up\n\n[Quavo]\nQuavo coolin' on the boat on Bermuda\nShe takin' the molly, reboot like computers\nStackin' a hundred that longer than rulers\nI'm callin' up Skip and your flip on my shooter\n\n[Offset]\nBreak it down, speed it up, re-it-up\nI cop a Bentley, Lamborghini truck\nThe trap the gas station, get filled up\nNo deal but I'm still worth a million\n\n[Quavo]\nHe got the gas and I got the white\nTouchdown on them birds, singing like McKnight\nThe 3 amigos in my chain like to fight\nThe 3 amigos in my chain like to fight !\n\n[Offset]\nIn the lab, feel like a scientist\nThey callin' me King, Your Highness, my dope is the finest\nI'm righteous, you niggas pockets on [?]\nI bought my two chains, I'mma start up a riot\n\n[Quavo]\nLongway it's been a long day\nI'm tired of the trap in the hall ways\nNigga pulled up on me say that he gotta be jugg\nWhatever my dog say (Hurr !)\n\n[Pre-Hook]\n\n[Hook x4]\n\n\n\n\n  ", 
        "pro": {
            "features": [
                "Migos", 
                "Young Thug"
            ], 
            "producers": [
                "Dun Deal"
            ], 
            "blocks": {
                "verses": [
                    {
                        "header": "[PeeWee Longway]", 
                        "text hash": "83e363bbd33cb4f579e54fbb4b71316b", 
                        "artist": "PeeWee Longway", 
                        "text": "Whippin' the fuck out the dough with the beater\nI'm breaking my wrist tryna double up\nSpeed it up, break it down, speed it up\nI'm shifting the gears in the Bentley truck\nI'm Donald Trump I just fire my bitch\nThese bitches know that I don't give a fuck\nI call Young Thugger to hit 'em up\nI told 'em buck fifty now big ups"
                    }, 
                    {
                        "header": "[PeeWee Longway]", 
                        "text hash": "738406a4b51456a9728cffe967da4932", 
                        "artist": "PeeWee Longway", 
                        "text": "The brick wrapped in ribbon, these black powder incence\nMy trap house is boomin' I slow it up, speed it up\nMC Hammer diamonds dancin' VV'd up\nOG batch stuffed in the pantry, gon' beat it up\nBitch look like Marilyn Monroe from the feet up\nMy bitch want me to bare-back her when I beat it up\nMy clip got a double stack'a who want beef'a ?"
                    }
                ], 
                "hooks": [
                    {
                        "header": "[Pre-Hook : Young Thug]", 
                        "text hash": "5998e1ad9b29a7f82b830e68763c8bae", 
                        "artist": "Young Thug", 
                        "text": "When I whip dope I'm looking to break my wrist\nWhen I whip dope I'm looking to break my wrist\nWhen I whip dope I smell the venomous fish\nI'm Donald Trump, you think I won't fire my bitch"
                    }, 
                    {
                        "header": "[Hook x4 : PeeWee Longway]", 
                        "text hash": "725c1efe684ec354cc36a8f7d704848e", 
                        "artist": "PeeWee Longway", 
                        "text": "Break it down, speed it up, break it down, speed it up\nBreaking my wrist tryna double up"
                    }
                ], 
                "intro": [
                    {
                        "header": "[Intro : Young Thug]", 
                        "text hash": "50fa2666232a8f63ef6a246a4ee7757b", 
                        "artist": "Young Thug", 
                        "text": "Huh, Thugger, Longway\nStoner, Stoner !"
                    }
                ], 
                "remainders": [
                    {
                        "header": "[Young Thug]", 
                        "text hash": "943b514bf048371b9208e571ec8c6e99", 
                        "artist": "Young Thug", 
                        "text": "I got 'em son, like I'm from New-York\nSixty-five hundred for her brand New-York\nLouis scarf wrap me, I'm Jamaican tough\nDouble cup [?] I pour with the [?]\nNigga drop down on you with that wagon\nAnd you do not shoot it, boy you know you get stuck\nAin't talkin' fit, but I just bought a truck\nRan up my money, broke boy call it luck"
                    }, 
                    {
                        "header": "[Offset]", 
                        "text hash": "c6af68d4931624a2c2134a2045aa99b4", 
                        "artist": "PeeWee Longway", 
                        "text": "Breaking my wrist tryna double up\nPourin' up Actavis double cup\nWanna take a ride with me then buckle up\nI'm number one, you niggas runner-up"
                    }, 
                    {
                        "header": "[Quavo]", 
                        "text hash": "11ca0fdd4e123c497b30247d91c9da61", 
                        "artist": "PeeWee Longway", 
                        "text": "Quavo coolin' on the boat on Bermuda\nShe takin' the molly, reboot like computers\nStackin' a hundred that longer than rulers\nI'm callin' up Skip and your flip on my shooter"
                    }, 
                    {
                        "header": "[Offset]", 
                        "text hash": "fb3153444d69003fd3620fe22a1cb008", 
                        "artist": "PeeWee Longway", 
                        "text": "Break it down, speed it up, re-it-up\nI cop a Bentley, Lamborghini truck\nThe trap the gas station, get filled up\nNo deal but I'm still worth a million"
                    }, 
                    {
                        "header": "[Quavo]", 
                        "text hash": "1a5cfadc25958edf46cde71c31ae29d4", 
                        "artist": "PeeWee Longway", 
                        "text": "He got the gas and I got the white\nTouchdown on them birds, singing like McKnight\nThe 3 amigos in my chain like to fight\nThe 3 amigos in my chain like to fight !"
                    }, 
                    {
                        "header": "[Offset]", 
                        "text hash": "2b8f175da331c9f3a02aded9609c5459", 
                        "artist": "PeeWee Longway", 
                        "text": "In the lab, feel like a scientist\nThey callin' me King, Your Highness, my dope is the finest\nI'm righteous, you niggas pockets on [?]\nI bought my two chains, I'mma start up a riot"
                    }, 
                    {
                        "header": "[Quavo]", 
                        "text hash": "df95bd45b4daa6dd395e876d120b66a9", 
                        "artist": "PeeWee Longway", 
                        "text": "Longway it's been a long day\nI'm tired of the trap in the hall ways\nNigga pulled up on me say that he gotta be jugg\nWhatever my dog say (Hurr !)"
                    }
                ]
            }, 
            "order": [
                "[Intro : Young Thug]", 
                "[Pre-Hook : Young Thug]", 
                "[Hook x4 : PeeWee Longway]", 
                "[PeeWee Longway]", 
                "[Young Thug]", 
                "[?] I pour with the [?]", 
                "[PeeWee Longway]", 
                "[Pre-Hook]", 
                "[Hook x4]", 
                "[Verse 2]", 
                "[Offset]", 
                "[Quavo]", 
                "[Offset]", 
                "[Quavo]", 
                "[Offset]", 
                "[Quavo]", 
                "[Pre-Hook]", 
                "[Hook x4]"
            ], 
            "artist": "PeeWee Longway"
        }
    }
}