{
    "Just Do It": {
        "raw": "\n    \n  [Hook 1: Pharoahe Monch (Pete Rock)]\n(Yeah), uhh, (uhh), yes\nYes, uhh, come on, (do it), yeah, uhh\nYou want that iced out watch don't ya (right)\nYou want a brand new Glock don't ya (right)\nYou want to hold the block down for ya mens locked down\nTill they get back home, Just Do It (Just Do It)\nYou want to start the revolution right (right)\nYou wanna burn the constitution right (right)\nYou want a solution for wack motherfuckers on the mic\nAnyday all day, Just Do It, (just do it), just do it\n(Live long, stay strong, just do it)\n\n[Verse 1: Pharoahe Monch]\nI get attacked by a wack marine rap machine\nOr some brilliant current team seem when I dream\nFuck those individually iMac's on wide screen\nSpace shit from the basement like ?fyleens?, I mean\nFor real dog how you fuckin' with my team\nWe gleam shine like 7-45 high beam\nYou seem fine like menage a trois the fly scenes\nLike you wait the sirenes and then I scheme to see\nNiggas online for coke and do line\nMake a thousand a line man I ain't lyin'\nThat's sixteen g's a verse without tryin'\nIf you failed mathematics then press rewind\nPlease, do not get it twisted like rubik\nGot emcees runnin' back for their teams like Mike Ruic\nYou wanna obtain things pursue it\nFor in the game remain strong and just do it\n\n[Hook 2: Pete Rock]\nJust do it anyway you pursue it\nPete Rock Pharoahe Monch can't be touched along\n(Just do it,) just do it cause we roll right through it\nShow love how we do this move back and pursue it kid\n(Come on just do it,) just do it cause the street music\nCome on bounce to it your body's movin'\n(Just do it,) just do it cause there's nothing else to it\nLive long stay strong, just do it\n\n[Verse 2: Pharoahe Monch (singin till -)]\nIn this world today, too many people tryin' to maintain\nWe gon' take the liberty to explain something to you\nAin't nothing to it, your dreams just pursue it\nLord lord lord lord come on just -\nBrace yourself for the awesome in wear\nPete Rock, Pharoahe in your atmos..\nI'mma survive the desert of Queens like cactus\nMaxin' in the cut with a vaccin for wackness\nWhy I react tactical flows with rap madness\nMy weaponry is definitely not average\nPut a astrofist by my name for bein' passive\nThe bassist in the game should've been got they ass kicked\nOn the Pete Rock tip, we hit the streets\nLike we rock classic Pete Rock funk or then the jazz shit\nIt's digitally remastered\nCritically acclaimed black funk soul from the past hits\nPete's my numero uno soul a mano\nI'm mister Jameson I set it off like Serreano\nWith the disco fluid from Queens to Frisco\nSet it off, just do it\n\n[Hook 1]\n\n[Hook 2]\n\n[Outro: Pete Rock]\nJust do it, yeah, Pete Rock, 2003 come on\n\n\n\n\n  ", 
        "pro": {
            "features": [
                "Pharoahe Monch"
            ], 
            "producers": [
                "Pete Rock"
            ], 
            "blocks": {
                "verses": [
                    {
                        "header": "[Verse 1: Pharoahe Monch]", 
                        "text hash": "8750c90879d29eac06e11dad021dc14e", 
                        "artist": "Pharoahe Monch", 
                        "text": "I get attacked by a wack marine rap machine\nOr some brilliant current team seem when I dream\nFuck those individually iMac's on wide screen\nSpace shit from the basement like ?fyleens?, I mean\nFor real dog how you fuckin' with my team\nWe gleam shine like 7-45 high beam\nYou seem fine like menage a trois the fly scenes\nLike you wait the sirenes and then I scheme to see\nNiggas online for coke and do line\nMake a thousand a line man I ain't lyin'\nThat's sixteen g's a verse without tryin'\nIf you failed mathematics then press rewind\nPlease, do not get it twisted like rubik\nGot emcees runnin' back for their teams like Mike Ruic\nYou wanna obtain things pursue it\nFor in the game remain strong and just do it"
                    }, 
                    {
                        "header": "[Verse 2: Pharoahe Monch (singin till -)]", 
                        "text hash": "46ea60a24470188e30659626ffa87358", 
                        "artist": "Pharoahe Monch", 
                        "text": "In this world today, too many people tryin' to maintain\nWe gon' take the liberty to explain something to you\nAin't nothing to it, your dreams just pursue it\nLord lord lord lord come on just -\nBrace yourself for the awesome in wear\nPete Rock, Pharoahe in your atmos..\nI'mma survive the desert of Queens like cactus\nMaxin' in the cut with a vaccin for wackness\nWhy I react tactical flows with rap madness\nMy weaponry is definitely not average\nPut a astrofist by my name for bein' passive\nThe bassist in the game should've been got they ass kicked\nOn the Pete Rock tip, we hit the streets\nLike we rock classic Pete Rock funk or then the jazz shit\nIt's digitally remastered\nCritically acclaimed black funk soul from the past hits\nPete's my numero uno soul a mano\nI'm mister Jameson I set it off like Serreano\nWith the disco fluid from Queens to Frisco\nSet it off, just do it"
                    }, 
                    {
                        "header": "[Outro: Pete Rock]", 
                        "text hash": "238f6e4c73630c18f658efbbef0e4804", 
                        "artist": "Pete Rock", 
                        "text": "Just do it, yeah, Pete Rock, 2003 come on\n\n\n\n\n  "
                    }
                ], 
                "hooks": [
                    {
                        "header": "[Hook 1: Pharoahe Monch (Pete Rock)]", 
                        "text hash": "a51f15f8f7740348709509d4a3e9b1d9", 
                        "artist": "Pharoahe Monch", 
                        "text": "(Yeah), uhh, (uhh), yes\nYes, uhh, come on, (do it), yeah, uhh\nYou want that iced out watch don't ya (right)\nYou want a brand new Glock don't ya (right)\nYou want to hold the block down for ya mens locked down\nTill they get back home, Just Do It (Just Do It)\nYou want to start the revolution right (right)\nYou wanna burn the constitution right (right)\nYou want a solution for wack motherfuckers on the mic\nAnyday all day, Just Do It, (just do it), just do it\n(Live long, stay strong, just do it)"
                    }, 
                    {
                        "header": "[Hook 2: Pete Rock]", 
                        "text hash": "ca2cc96915d5f5b056e20711ba5108d1", 
                        "artist": "Pete Rock", 
                        "text": "Just do it anyway you pursue it\nPete Rock Pharoahe Monch can't be touched along\n(Just do it,) just do it cause we roll right through it\nShow love how we do this move back and pursue it kid\n(Come on just do it,) just do it cause the street music\nCome on bounce to it your body's movin'\n(Just do it,) just do it cause there's nothing else to it\nLive long stay strong, just do it"
                    }
                ]
            }, 
            "order": [
                "[Hook 1: Pharoahe Monch (Pete Rock)]", 
                "[Verse 1: Pharoahe Monch]", 
                "[Hook 2: Pete Rock]", 
                "[Verse 2: Pharoahe Monch (singin till -)]", 
                "[Hook 1]", 
                "[Hook 2]", 
                "[Outro: Pete Rock]"
            ], 
            "artist": "Pete Rock"
        }
    },
    "Tru Master": {
        "raw": "\n    \n  [Inspectah Deck]\nYour highness, live from the bricks, one six\nPete Rock bang your head, break the drumsticks\nVerbal assault, rhymes rippin through the mix\nSpecialist, with the smash hits that can flip\nSavagely attack this, clash with, accurate aim\nSpark the flame, burn this inside the vein\nRide tracks like the Soul Train, hold ya brain\nIn the state of shock, make em drop hits of cocaine\nI bang with the big boys, those who hold name\nAmateurs get hung with they own gold chains\nI swing blades, best bring grenades against\nA Tru Master, way beyond your freshman attempts\nSpit rounds on the floor, evidence of the war\nIt's on til the death til we settle the score\nYou can never measure, to the standard, of the most\nPopular demanded, rap classics\nPop corks while the style knock your tops off\nGhetto summer jam's got the streets blocked off\nPlots to knock me off get stopped short\nArmed with my thoughts, move the world with an unknown force\n\n[Pete Rock]\nAiyyo, we had the bass pound speakers, shell toed Adidas (uh-huh)\nOriginal rap with new school leaders (true)\nGraffiti art names with fat gold chains\nShock the world cousin, while hip-hop remains\n\n\"I'm a true master, you can check my credentials\" - Jeru\n\"Master in the MC field\" - Parrish Smith\n\"Master, preacher, poet, a teacher\" - O.C\n\"From the master.. from the master\" - Biggie Smalls\n\n[Pete Rock]\nYo I drop jewels like hail, rap rides the third rail\nTransmit def styles with sign language in braille\nIn hot pursuit of Donald Trump rap loot\nProduce what you feel with Navy Seal mic troops\nSpark the S-P, slaughter, Pete Rock of Gibraltar\nMiraculous lyrics that tread water\nA rap nigga, show respect, write rhymes that connect\nCollaborate, break bread with Kurupt and Deck\nKeep my feet blessed, fresh with the Scottie Pippen's\nIn the game of life, I play all positions\nStop look and listen, total package, yes a true master\nProduce rhymes, slang hits faster\nThe master of the game, solo artist by name\nPaint the masterpiece that lies inside the frame\nPassionate bright colors, the number one Soul Brother\nAll eyes on us, guard your grill and take cover\n\nAiyyo, we had the bass pound speakers, shell toed Adidas (uh-huh)\nOriginal rap with new school leaders (true)\nGraffiti art names with fat gold chains\nShock the world cousin, while hip-hop remains\n\n\"I'm a true master, you can check my credentials\" - Jeru The Damaja\n\"Master in the MC field\" - Parrish Smith\n\"Master, preacher, poet, a teacher\" - O.C\n\"From the master.. from the master\" - Biggie Smalls\n\n[Kurupt]\nI'm the epicenter of this natural disaster\nI'm disastrous with smashes, cold and hot flashin\nMasters of self, a whole carload of explosives\nLike Zorro your host is\nDeath with the intellect from wizards to warlocks\nI'm sore ock, I'm raw ock with four Glocks, smallpox\nMore ways to get paid, more ways to display\nMore rhymes to say, more AK's to spray\nGod is good growin up in the hood\nDone some things bad, done some things good\nMe and Pete is like rhymes to chemicals, clash\nAtom bombs to mustard gas\nWe intervene, I break ya, take ya to a whole difference scene\nAR-15's and beams\nGot em jumpin like I swallowed a gang of jumpin beans\nExplode and reload, we dumps machines\nRadical in war, Kurupt's a mad star\nI'm a hard dogg, raw dogg, hog with the gold paw\nDogg Pound Gangstaz -- D.P.G\nI'm a Dogg Pound Gangsta -- D.P.G\nI'm a Dogg Pound Gangsta -- D.P.G\nInspectah Deck and Kurupt and Pete Rock to drop the beat\n\n\"Masters of art\" - KRS-One\n\"Be the sharpest motherfucker\nWith the beats, with the rhymes\" - Method\n\n\"Check this out...\"\n\n\n\n\n  ", 
        "pro": {
            "features": [
                "Inspectah Deck", 
                "Kurupt"
            ], 
            "producers": [
                "Pete Rock"
            ], 
            "blocks": {
                "verses": [
                    {
                        "header": "[Pete Rock]", 
                        "text hash": "09fd525c768e3d81182c970a0b067a65", 
                        "artist": "Pete Rock", 
                        "text": "Aiyyo, we had the bass pound speakers, shell toed Adidas (uh-huh)\nOriginal rap with new school leaders (true)\nGraffiti art names with fat gold chains\nShock the world cousin, while hip-hop remains\n\n\"I'm a true master, you can check my credentials\" - Jeru\n\"Master in the MC field\" - Parrish Smith\n\"Master, preacher, poet, a teacher\" - O.C\n\"From the master.. from the master\" - Biggie Smalls"
                    }, 
                    {
                        "header": "[Pete Rock]", 
                        "text hash": "35b9c1cc66f88ee6a05fba6a99204951", 
                        "artist": "Pete Rock", 
                        "text": "Yo I drop jewels like hail, rap rides the third rail\nTransmit def styles with sign language in braille\nIn hot pursuit of Donald Trump rap loot\nProduce what you feel with Navy Seal mic troops\nSpark the S-P, slaughter, Pete Rock of Gibraltar\nMiraculous lyrics that tread water\nA rap nigga, show respect, write rhymes that connect\nCollaborate, break bread with Kurupt and Deck\nKeep my feet blessed, fresh with the Scottie Pippen's\nIn the game of life, I play all positions\nStop look and listen, total package, yes a true master\nProduce rhymes, slang hits faster\nThe master of the game, solo artist by name\nPaint the masterpiece that lies inside the frame\nPassionate bright colors, the number one Soul Brother\nAll eyes on us, guard your grill and take cover\n\nAiyyo, we had the bass pound speakers, shell toed Adidas (uh-huh)\nOriginal rap with new school leaders (true)\nGraffiti art names with fat gold chains\nShock the world cousin, while hip-hop remains\n\n\"I'm a true master, you can check my credentials\" - Jeru The Damaja\n\"Master in the MC field\" - Parrish Smith\n\"Master, preacher, poet, a teacher\" - O.C\n\"From the master.. from the master\" - Biggie Smalls"
                    }
                ], 
                "hooks": [], 
                "remainders": [
                    {
                        "header": "[Inspectah Deck]", 
                        "text hash": "d5918d99e48e672d9adc25e7857b7b03", 
                        "artist": "Inspectah Deck", 
                        "text": "Your highness, live from the bricks, one six\nPete Rock bang your head, break the drumsticks\nVerbal assault, rhymes rippin through the mix\nSpecialist, with the smash hits that can flip\nSavagely attack this, clash with, accurate aim\nSpark the flame, burn this inside the vein\nRide tracks like the Soul Train, hold ya brain\nIn the state of shock, make em drop hits of cocaine\nI bang with the big boys, those who hold name\nAmateurs get hung with they own gold chains\nI swing blades, best bring grenades against\nA Tru Master, way beyond your freshman attempts\nSpit rounds on the floor, evidence of the war\nIt's on til the death til we settle the score\nYou can never measure, to the standard, of the most\nPopular demanded, rap classics\nPop corks while the style knock your tops off\nGhetto summer jam's got the streets blocked off\nPlots to knock me off get stopped short\nArmed with my thoughts, move the world with an unknown force"
                    }, 
                    {
                        "header": "[Kurupt]", 
                        "text hash": "5669b4186b63ea4d92b9d551c783d4cd", 
                        "artist": "Kurupt", 
                        "text": "I'm the epicenter of this natural disaster\nI'm disastrous with smashes, cold and hot flashin\nMasters of self, a whole carload of explosives\nLike Zorro your host is\nDeath with the intellect from wizards to warlocks\nI'm sore ock, I'm raw ock with four Glocks, smallpox\nMore ways to get paid, more ways to display\nMore rhymes to say, more AK's to spray\nGod is good growin up in the hood\nDone some things bad, done some things good\nMe and Pete is like rhymes to chemicals, clash\nAtom bombs to mustard gas\nWe intervene, I break ya, take ya to a whole difference scene\nAR-15's and beams\nGot em jumpin like I swallowed a gang of jumpin beans\nExplode and reload, we dumps machines\nRadical in war, Kurupt's a mad star\nI'm a hard dogg, raw dogg, hog with the gold paw\nDogg Pound Gangstaz -- D.P.G\nI'm a Dogg Pound Gangsta -- D.P.G\nI'm a Dogg Pound Gangsta -- D.P.G\nInspectah Deck and Kurupt and Pete Rock to drop the beat\n\n\"Masters of art\" - KRS-One\n\"Be the sharpest motherfucker\nWith the beats, with the rhymes\" - Method\n\n\"Check this out...\"\n\n\n\n\n  "
                    }
                ]
            }, 
            "order": [
                "[Inspectah Deck]", 
                "[Pete Rock]", 
                "[Pete Rock]", 
                "[Kurupt]"
            ], 
            "artist": "Pete Rock"
        }
    },
    "Tha Game": {
        "raw": "\n    \n  [Intro]\n\nNBA Finals 1992 MJ \"The Shrug\" sample\n\n[Raekwon]\nWall to wall.. that's my word\nI own approximately.. everything you got\nThe verdict.. that's right\n\nYo...\nCall me the black champion Guess down, wanna test now\nSo let's grab the mack and vest, bless him if he stressed out\nAmazin glazin Purple Haze patients\nBlazin asians in Mercedes Benz stations\nYo moving through the tavern, guns that burn, sons that learn\nStabbin an intern, corporate book of words\nIceatollah Motorolas, gun reloaders, broads with rollers\nWhen wet lense stolers, Lex glowers who owe us\nCall up Comissionary Gordon, son go warn the Warden\nThat the lord is back, rollin with his sword again\nMixtape, masturbation mate rate plates ice traits\nGuns wit bitches jumpin outta white cakes\nIt's on for real, indeed, Lex Leonardo\nShells that's hollow, six whipper through the 52 globe of horror\nCarry the stainless steel armor\nNurture the church avenue drama, yo, African gold from Ghana\nPuffin these marijuanas make Allah catch Alzheimers\nFeedin bread to birds yellin fuck old timers\n\n[Hook: Raekwon]\nIt's called game, I'll get ya life killed, game recognize\nRight wills, game slight chills things stay the same\nGame, subliminary mills, smash grills night chills\nRegardless what pah things won't be the same again\nI'll get ya life killed, game rcognize\nRight wills, game slight chills things stay the same\nGame, subliminary mills, smash grills night chills\nMic skills baby pah won't be the same again\n\n\n(check this out, one two, yeah yeah this is me P no doubt)\n\n[Prodigy]\nSegregate those fake punks\nSeparate the bullshit from the authentic\nVintage rhyme division got the globe listening\nMy rap scroll belittled your goals and visions\nProhibition got my whole block pissin Christians\nOne-fifty-one Dunn'll have you off balance walkin\nDon't let your e-motions get involved talkin\nTo the wrong culprit, the killer be the soft spoken\nSo what's ya intentions, you want to glow for the moment?\nThrow on ya two pennys then you boltin\nI rock for the few chosen, who got they third minds open\nWrite a page that'll engage war and encite fights\nBe on the look for the bright lights and North Winds\nThe trumpets be the mics ya size malevolent\nYou don't belong in my eyesight, P's a powerful soldier\nOf the light and things won't be the same again\nIt's over!\n\n[Hook]\n\n[Ghostface]\nMC Ultra high-brolic bank roll alcahol vulture\nGarlic balls dice the shield of ocre\nTally ho pitty-pat backgammon pro\nPink salmon five spring rolls know me, you love my intro\nHalf a face wig sewed together like Manhattan Chase\nLookin like statue of praise, check behind the drapes\nCastor Troy layin for Travolta mic gun pump\nLayin on the floor Clark's bleedin watermelon chunks\nHold up... sprinkle the hash, Tony Chapstick\nSnatch RZA last piece of fish right off the glass dish\nButter roll beats bagel tracks wavey hair decks\nLay it down straw hat style, Butterball crown\nTime life investments, when broke I wrote the old testament\nCrashed domes now perform excellence\nWords with the President, brunch with Yeltsin\nGorbachev under Meth's nuts, he out in Belgium\nSix and a half monkeys, twelve nazis\nFour disappear, three eight two one flash to thin air\nGod's replica no wheel drive motionless mind cresica\nTilt the hat like Esther\n\n[Hook]\n\n[Pete Rock]\nAiyyo, I rumble into action, son I'm right on target\nLegendary status with the way the track started\nIt's on, at any second with the high stakes\nDrama, the game's teeth sharp like pirahnas\nThere's a million style biters who try to create\nMake no mistake real niggas challenge the fake\nMost valuable SP-1200 gold medals\nRae Progidy Ghost rhyme professional\nThe original, Pete Rock is like Soul on Ice\nDynamite with the mic device\nNow roll the dice, for the game of death\nSnake eyes baby pah, the Boy Wonder's a threat\n\n\n\n\n  ", 
        "pro": {
            "features": [
                "Ghostface Killah", 
                "Prodigy", 
                "Raekwon"
            ], 
            "producers": [
                "Pete Rock"
            ], 
            "blocks": {
                "verses": [
                    {
                        "header": "[Pete Rock]", 
                        "text hash": "a3db20b9078f9b167670a50061296857", 
                        "artist": "Pete Rock", 
                        "text": "Aiyyo, I rumble into action, son I'm right on target\nLegendary status with the way the track started\nIt's on, at any second with the high stakes\nDrama, the game's teeth sharp like pirahnas\nThere's a million style biters who try to create\nMake no mistake real niggas challenge the fake\nMost valuable SP-1200 gold medals\nRae Progidy Ghost rhyme professional\nThe original, Pete Rock is like Soul on Ice\nDynamite with the mic device\nNow roll the dice, for the game of death\nSnake eyes baby pah, the Boy Wonder's a threat\n\n\n\n\n  "
                    }
                ], 
                "hooks": [
                    {
                        "header": "[Hook: Raekwon]", 
                        "text hash": "310fdb44c1622612d59b2c6963d02a79", 
                        "artist": "Raekwon", 
                        "text": "It's called game, I'll get ya life killed, game recognize\nRight wills, game slight chills things stay the same\nGame, subliminary mills, smash grills night chills\nRegardless what pah things won't be the same again\nI'll get ya life killed, game rcognize\nRight wills, game slight chills things stay the same\nGame, subliminary mills, smash grills night chills\nMic skills baby pah won't be the same again\n\n\n(check this out, one two, yeah yeah this is me P no doubt)"
                    }
                ], 
                "remainders": [
                    {
                        "header": "[Raekwon]", 
                        "text hash": "7072efd6d9be03f73648fc0a365b5762", 
                        "artist": "Raekwon", 
                        "text": "Wall to wall.. that's my word\nI own approximately.. everything you got\nThe verdict.. that's right\n\nYo...\nCall me the black champion Guess down, wanna test now\nSo let's grab the mack and vest, bless him if he stressed out\nAmazin glazin Purple Haze patients\nBlazin asians in Mercedes Benz stations\nYo moving through the tavern, guns that burn, sons that learn\nStabbin an intern, corporate book of words\nIceatollah Motorolas, gun reloaders, broads with rollers\nWhen wet lense stolers, Lex glowers who owe us\nCall up Comissionary Gordon, son go warn the Warden\nThat the lord is back, rollin with his sword again\nMixtape, masturbation mate rate plates ice traits\nGuns wit bitches jumpin outta white cakes\nIt's on for real, indeed, Lex Leonardo\nShells that's hollow, six whipper through the 52 globe of horror\nCarry the stainless steel armor\nNurture the church avenue drama, yo, African gold from Ghana\nPuffin these marijuanas make Allah catch Alzheimers\nFeedin bread to birds yellin fuck old timers"
                    }, 
                    {
                        "header": "[Prodigy]", 
                        "text hash": "0546a846a7325e751495465c616ff3c6", 
                        "artist": "Prodigy", 
                        "text": "Segregate those fake punks\nSeparate the bullshit from the authentic\nVintage rhyme division got the globe listening\nMy rap scroll belittled your goals and visions\nProhibition got my whole block pissin Christians\nOne-fifty-one Dunn'll have you off balance walkin\nDon't let your e-motions get involved talkin\nTo the wrong culprit, the killer be the soft spoken\nSo what's ya intentions, you want to glow for the moment?\nThrow on ya two pennys then you boltin\nI rock for the few chosen, who got they third minds open\nWrite a page that'll engage war and encite fights\nBe on the look for the bright lights and North Winds\nThe trumpets be the mics ya size malevolent\nYou don't belong in my eyesight, P's a powerful soldier\nOf the light and things won't be the same again\nIt's over!"
                    }, 
                    {
                        "header": "[Ghostface]", 
                        "text hash": "c7ff386c2a49e11c4ce6faefc9563405", 
                        "artist": "Pete Rock", 
                        "text": "MC Ultra high-brolic bank roll alcahol vulture\nGarlic balls dice the shield of ocre\nTally ho pitty-pat backgammon pro\nPink salmon five spring rolls know me, you love my intro\nHalf a face wig sewed together like Manhattan Chase\nLookin like statue of praise, check behind the drapes\nCastor Troy layin for Travolta mic gun pump\nLayin on the floor Clark's bleedin watermelon chunks\nHold up... sprinkle the hash, Tony Chapstick\nSnatch RZA last piece of fish right off the glass dish\nButter roll beats bagel tracks wavey hair decks\nLay it down straw hat style, Butterball crown\nTime life investments, when broke I wrote the old testament\nCrashed domes now perform excellence\nWords with the President, brunch with Yeltsin\nGorbachev under Meth's nuts, he out in Belgium\nSix and a half monkeys, twelve nazis\nFour disappear, three eight two one flash to thin air\nGod's replica no wheel drive motionless mind cresica\nTilt the hat like Esther"
                    }
                ]
            }, 
            "order": [
                "[Intro]", 
                "[Raekwon]", 
                "[Hook: Raekwon]", 
                "[Prodigy]", 
                "[Hook]", 
                "[Ghostface]", 
                "[Hook]", 
                "[Pete Rock]"
            ], 
            "artist": "Pete Rock"
        }
    }
}