{
    "Stay With Me": {
        "raw": "\n    \n  [Intro: Both]\nFly shit\nTurn me up some more\nPusha, Skateboard P\nGive it to 'em\n\n[Verse 1 - Pharrell]\nYou're that girl\nWho thinks the world\nIs something beautiful\nAnd that's all baby\nBut you're lookin' far abroad\nWishing upon the wrong star\nCause it don't know\nThat's not how it goes\nSo, I can't explain\nWhy things are made the same and others change\nHe made it that way\nBut the perplexities of the world\nLeaves more oysters and pearls\nAnd I don't know\nIt's just the way it goes\nBut I know you can\n\n[Hook]\nStay with me\nLock the door\nTake the key\nI am yours\nFeel the BAPE\nIt is yours\nIt is yours\nIt is yours (Hey!)\n\n[Verse 2 - Pharrell]\nDon't take the time\nTo relax your mind\nSo unusual, oh baby\nPut your priorities on the shelf\nBut your emotions and your health just don't go\nYour body says no, so\nI can't conceive\nThat leaves would grow on trees\nAnd blow with the breeze\nAnd come back next spring\nBut the perplexities of life\nBrings more days that form new skies\nSo who's to know\nI suppose that you could\n\n[Hook]\n\n[Bridge - Pharrell]\nUp, up and away\nI be the wind that blows yourself\nThe pixie dust of tinkerbell\nUp, up and away\nI be the wind beneath your wings\nLiving color comes with you\n\n[Bridge - Pusha T]\nP, I think we got one baby\nPusha, let's go\n\n[Pusha T Verse]\nBaby, let's pour it up\nLift them Gallardo doors up\nParis for them Louis as soon as the tour's up\nThe million dollar frames is his and her the same\nI took it on the chin when I heard about the lame\nI ain't here to try to rewrite your past, no\nThat don't measure up to the nights that we laughed\nWhen considering love, you take the good with the bad\nI've been disappointed by every bitch I ever had\nEither she was dick crazy or cheddar mad\nShame what they did for them jeans and them leather bags\nReverse it, I want perfect\nThat was half the reason I bought half them purses\nThat chapter is over, it was worth it\nMy new angel surface\nShe ain't have to rehearse it\nMy baby's real\nThat's why I put the chill on her\nSo good make a nigga wanna kneel on her, not yet\n\n[Hook]\n\n\n\n\n  ", 
        "pro": {
            "features": [
                "Pusha T"
            ], 
            "producers": [
                "Pharrell Williams"
            ], 
            "blocks": {
                "verses": [
                    {
                        "header": "[Verse 1 - Pharrell]", 
                        "text hash": "0a667df2721a5b72d186c3fd32680e3b", 
                        "artist": "Pharrell Williams", 
                        "text": "You're that girl\nWho thinks the world\nIs something beautiful\nAnd that's all baby\nBut you're lookin' far abroad\nWishing upon the wrong star\nCause it don't know\nThat's not how it goes\nSo, I can't explain\nWhy things are made the same and others change\nHe made it that way\nBut the perplexities of the world\nLeaves more oysters and pearls\nAnd I don't know\nIt's just the way it goes\nBut I know you can"
                    }, 
                    {
                        "header": "[Verse 2 - Pharrell]", 
                        "text hash": "ebada0331fce7fc6407fde3c8dcb8564", 
                        "artist": "Pharrell Williams", 
                        "text": "Don't take the time\nTo relax your mind\nSo unusual, oh baby\nPut your priorities on the shelf\nBut your emotions and your health just don't go\nYour body says no, so\nI can't conceive\nThat leaves would grow on trees\nAnd blow with the breeze\nAnd come back next spring\nBut the perplexities of life\nBrings more days that form new skies\nSo who's to know\nI suppose that you could"
                    }, 
                    {
                        "header": "[Pusha T Verse]", 
                        "text hash": "15d3160c78b61a13e09165852afefa2c", 
                        "artist": "Pusha T", 
                        "text": "Baby, let's pour it up\nLift them Gallardo doors up\nParis for them Louis as soon as the tour's up\nThe million dollar frames is his and her the same\nI took it on the chin when I heard about the lame\nI ain't here to try to rewrite your past, no\nThat don't measure up to the nights that we laughed\nWhen considering love, you take the good with the bad\nI've been disappointed by every bitch I ever had\nEither she was dick crazy or cheddar mad\nShame what they did for them jeans and them leather bags\nReverse it, I want perfect\nThat was half the reason I bought half them purses\nThat chapter is over, it was worth it\nMy new angel surface\nShe ain't have to rehearse it\nMy baby's real\nThat's why I put the chill on her\nSo good make a nigga wanna kneel on her, not yet"
                    }
                ], 
                "hooks": [
                    {
                        "header": "[Hook]", 
                        "text hash": "ee2cdf6932d6f0b188f23569cdbb1838", 
                        "artist": "Pharrell Williams", 
                        "text": "Stay with me\nLock the door\nTake the key\nI am yours\nFeel the BAPE\nIt is yours\nIt is yours\nIt is yours (Hey!)"
                    }
                ], 
                "intro": [
                    {
                        "header": "[Intro: Both]", 
                        "text hash": "75c25c8e6a38a720e7f671ea2f97f33c", 
                        "artist": "Both", 
                        "text": "Fly shit\nTurn me up some more\nPusha, Skateboard P\nGive it to 'em"
                    }
                ], 
                "bridge": [
                    {
                        "header": "[Bridge - Pharrell]", 
                        "text hash": "af0254a68a0ccee919ae9b461341122c", 
                        "artist": "Pharrell Williams", 
                        "text": "Up, up and away\nI be the wind that blows yourself\nThe pixie dust of tinkerbell\nUp, up and away\nI be the wind beneath your wings\nLiving color comes with you"
                    }, 
                    {
                        "header": "[Bridge - Pusha T]", 
                        "text hash": "f097633132ac9e258dcf4e1b9c184420", 
                        "artist": "Pusha T", 
                        "text": "P, I think we got one baby\nPusha, let's go"
                    }
                ]
            }, 
            "order": [
                "[Intro: Both]", 
                "[Verse 1 - Pharrell]", 
                "[Hook]", 
                "[Verse 2 - Pharrell]", 
                "[Hook]", 
                "[Bridge - Pharrell]", 
                "[Bridge - Pusha T]", 
                "[Pusha T Verse]", 
                "[Hook]"
            ], 
            "artist": "Pharrell Williams"
        }
    }
}