{
    "It's the Pee '97": {
        "raw": "\n    \n  (PMD)\nYea, Check 1,2, One time for ya mind\n2 times for ya mind, PMD going braceline, bassline\nProdigy, Hit Squad and the Mobb. 9-7, check it out\n\nHey, yo, six foot and change, I still do my thang\nYou niggas is game, blacker skills wit the hand swing\nTime to black out, you act out, blow ya back out\nThe P wit the no-look pass like Iverson and Stackhouse\n\n(Prodigy)\nHey, yo, painkiller key raps, get dope off of this here shit\nWriting prescriptions for your addiction\nWe doing it, yo, P, this shit is off the meter\nNeither him nor his man neither can top this shit hit\n\n(Chorus)(PMD)\nIt's the P-double E-M-D-E-E(yo, it's the P)\nE-double pushing up lex bubble(3 1/2x)\n\nCheck P, the rap vet, freak the rap tech\nPeep the black tech, ass bent, run, some will leave your back wet\nSo Pmd and Prodigy will hit you hard\nLace P wit the plan and let the Mobb do the phucking job\n\n(Prodigy)\nI kick, shit that you can feel like you're holding it\nGrab a hold of this, rip tight like it's your last bit\nFuturistic, hi-tech computer chip\nLyric that's beyond the year 2000\nThe dominant, confident niggas is conquering\nOverminding, my mom done did it again\nVertical rap, straight up and down this wolf pack\nOr go at the whole globe, attack the map\nAmbassador P, we strengthly strip his sleeves of his stripes\nGranted for the rest of your life\nNow you can sit back and cherish the time that we spent\nThe foul memory of Timb boots, rights and lefts\n\n(PMD)\nNow who's the kid claiming death wit the S on his chest\nSmoking cess, sounding like Meth, i guess he need press\nAnd yes, he must be insane wit no brain, on that cocaine\nLying on your dick, saying you hit Jane\nThe Punk Doctor, I gotcha, so get the boz-ile\nYou little hostile, you end up missing like Hoffa\nMy style's proper, extraordinaire, quite rare\nExcellent to the ear, so kid, you never compare\n\nChorus\n\n\n\n\n  ", 
        "pro": {
            "features": [
                "Prodigy"
            ], 
            "blocks": {
                "verses": [
                    {
                        "header": "    \n  (PMD)\nYea, Check 1,2, One time for ya mind\n2 times for ya mind, PMD going braceline, bassline\nProdigy, Hit Squad and the Mobb. 9-7, check it out\n\nHey, yo, six foot and change, I still do my thang\nYou niggas is game, blacker skills wit the hand swing\nTime to black out, you act out, blow ya back out\nThe P wit the no-look pass like Iverson and Stackhouse\n\n(Prodigy)", 
                        "text hash": "cc63ab2481b95b26bebbd400d1d5a26b", 
                        "artist": "Prodigy", 
                        "text": "Hey, yo, painkiller key raps, get dope off of this here shit\nWriting prescriptions for your addiction\nWe doing it, yo, P, this shit is off the meter\nNeither him nor his man neither can top this shit hit"
                    }, 
                    {
                        "header": "(yo, it's the P)", 
                        "text hash": "cd12e04891fd13916e3c476bdb7e1208", 
                        "artist": "PMD", 
                        "text": "E-double pushing up lex bubble"
                    }, 
                    {
                        "header": "(3 1/2x)", 
                        "text hash": "3e187b66670813c193ffa436a0839981", 
                        "artist": "PMD", 
                        "text": "Check P, the rap vet, freak the rap tech\nPeep the black tech, ass bent, run, some will leave your back wet\nSo Pmd and Prodigy will hit you hard\nLace P wit the plan and let the Mobb do the phucking job"
                    }, 
                    {
                        "header": "(Prodigy)", 
                        "text hash": "ee13c4fdab76928bbd7db6e812d8a2c1", 
                        "artist": "Prodigy", 
                        "text": "I kick, shit that you can feel like you're holding it\nGrab a hold of this, rip tight like it's your last bit\nFuturistic, hi-tech computer chip\nLyric that's beyond the year 2000\nThe dominant, confident niggas is conquering\nOverminding, my mom done did it again\nVertical rap, straight up and down this wolf pack\nOr go at the whole globe, attack the map\nAmbassador P, we strengthly strip his sleeves of his stripes\nGranted for the rest of your life\nNow you can sit back and cherish the time that we spent\nThe foul memory of Timb boots, rights and lefts"
                    }
                ], 
                "hooks": [
                    {
                        "header": "(Chorus)(PMD)", 
                        "text hash": "7e6d15682c0e4c5d4d9f80986c14a850", 
                        "artist": "PMD", 
                        "text": "It's the P-double E-M-D-E-E"
                    }
                ]
            }, 
            "order": [
                "(Prodigy)", 
                "(Chorus)(PMD)", 
                "(yo, it's the P)", 
                "(3 1/2x)", 
                "(Prodigy)"
            ], 
            "artist": "PMD"
        }
    }
}