{
    "Hustle": {
        "raw": "\n    \n  [Intro: Popcaan]\nAye hear what mi a say (\u2018traight)\nMi a do this one fi the real hustler them\nAye Dinero, Aye Dre Skull\nWatch \u2018ya!\nReal thugs..\n\n[Chorus: Popcaan]\nHustle fi the money\nHustle fi the money, hustle fi the money\nYeah, yeah we hustle fi the money, hustle fi the money\nYou na do nothing for me\n\n\n[Verse 1: Popcaan]\nGhetto youths want house pon the hill with big cars and\nSail out pon mi yatch and things\nInvite girl pon the block, them piss them skin\nAnd swear them in foreign\nMi wish mi would\u2019ve go me bed go a mi home and sleep one night and rich before morning\nTired fi hear ghetto people balling\nWhen poor knock mi door na let that in\nThat\u2019s why mi..\n\n[Chorus:]\n\n[Verse 2: Pusha T]\nSitting at the table, connect like the cable guy\nGloves on, trying not to catch a table high\nMen lie, women lie, numbers don\u2019t\nMoney counter ding, something every nigga won't\nMac-11 ring, what you niggas never want\nAnd [?] sing when them jail cells come to haunt (Yuugh)\nYeah, 80 kilos every month\nEvery bitch I ever wanted\nEvery level watch him stuntin'\nThe avatar blue-faced Prezi on his wrist\nThe proof that it\u2019s blue magic within every brick\nThe heat from the blue flame cook it as I mix\nI hustle till the death, you ain\u2019t got to question this (Yuugh)\n\n[Chorus:]\n\n[Verse 2: Popcaan]\nEvery ghetto youth fi, turn billionaire\nRich(er) than Chamillionaire\nPounds and Euro talk loud, make a nigga hear\nDollar sign pon mi Benz stick, where you shift the gear\nNothing pon the Earth nuh fi ever dear\nWork hard fi G's, and mi get that too\n\u2018Cause certain things Hotskull na do\nNo boy can\u2019t play with me like marble\nMi rather stay broke with mi life hardened\n\n[Chorus:]\n\n\n\n\n  ", 
        "pro": {
            "features": [
                "Pusha T"
            ], 
            "producers": [
                "Dre Skull"
            ], 
            "blocks": {
                "verses": [
                    {
                        "header": "[Verse 1: Popcaan]", 
                        "text hash": "3cdb74c3ab90393a6afd8e7fc33770e4", 
                        "artist": "Popcaan", 
                        "text": "Ghetto youths want house pon the hill with big cars and\nSail out pon mi yatch and things\nInvite girl pon the block, them piss them skin\nAnd swear them in foreign\nMi wish mi would\u2019ve go me bed go a mi home and sleep one night and rich before morning\nTired fi hear ghetto people balling\nWhen poor knock mi door na let that in\nThat\u2019s why mi.."
                    }, 
                    {
                        "header": "[Verse 2: Pusha T]", 
                        "text hash": "242cbfce565bc4f84bc03dea9e99d3e2", 
                        "artist": "Pusha T", 
                        "text": "Sitting at the table, connect like the cable guy\nGloves on, trying not to catch a table high\nMen lie, women lie, numbers don\u2019t\nMoney counter ding, something every nigga won't\nMac-11 ring, what you niggas never want\nAnd [?] sing when them jail cells come to haunt (Yuugh)\nYeah, 80 kilos every month\nEvery bitch I ever wanted\nEvery level watch him stuntin'\nThe avatar blue-faced Prezi on his wrist\nThe proof that it\u2019s blue magic within every brick\nThe heat from the blue flame cook it as I mix\nI hustle till the death, you ain\u2019t got to question this (Yuugh)"
                    }, 
                    {
                        "header": "[Verse 2: Popcaan]", 
                        "text hash": "768e8027edb7ff9b198b739a1852e559", 
                        "artist": "Popcaan", 
                        "text": "Every ghetto youth fi, turn billionaire\nRich(er) than Chamillionaire\nPounds and Euro talk loud, make a nigga hear\nDollar sign pon mi Benz stick, where you shift the gear\nNothing pon the Earth nuh fi ever dear\nWork hard fi G's, and mi get that too\n\u2018Cause certain things Hotskull na do\nNo boy can\u2019t play with me like marble\nMi rather stay broke with mi life hardened"
                    }
                ], 
                "hooks": [
                    {
                        "header": "[Chorus: Popcaan]", 
                        "text hash": "a7cdb2a2a2a677a26ef3b1b446d552c1", 
                        "artist": "Popcaan", 
                        "text": "Hustle fi the money\nHustle fi the money, hustle fi the money\nYeah, yeah we hustle fi the money, hustle fi the money\nYou na do nothing for me"
                    }
                ], 
                "intro": [
                    {
                        "header": "[Intro: Popcaan]", 
                        "text hash": "bcc84f3f6e0ba084aece0f002560ea6b", 
                        "artist": "Popcaan", 
                        "text": "Aye hear what mi a say (\u2018traight)\nMi a do this one fi the real hustler them\nAye Dinero, Aye Dre Skull\nWatch \u2018ya!\nReal thugs.."
                    }
                ]
            }, 
            "order": [
                "[Intro: Popcaan]", 
                "[Chorus: Popcaan]", 
                "[Verse 1: Popcaan]", 
                "[Chorus:]", 
                "[Verse 2: Pusha T]", 
                "[Chorus:]", 
                "[Verse 2: Popcaan]", 
                "[Chorus:]"
            ], 
            "artist": "Popcaan"
        }
    }
}