{
    "Everything's Ok": {
        "raw": "\n    \n  [Paris - Verse 1]\nB to the ... you ask lay low or die slow\nIf you ain't feeling how I roll\nYou should stop worry bout shit you can't control\nI live like a queen, you live like a flin\nMoney in the bank bitch my crib got wings\nI don't call them haters, call them hallucinators\nI only talk dollars, calling the translators\nMy face move gators crocodile or ostrich\nLike they held George Cleverly hostage\nThey hold me down like a harness\nPushing up more classes than college\n\n[Chorus 50 Cent]\nHey, hey, everything is hey, ok\nI stunt when I want, I'm on now I'm balling, hey\nBring us some Don ... more way, hey\nBring us some ... and rose, Hey\nEverything is hey, ok, everything is hey, ok\nEverything is hey, ok, I'm on now\nEverything is hey, ok\n\n[Paris - Verse 2]\nSweetheart, ask about me New York to...\nWe are, we enforcing the circle like reborn\nNobody crushing the game like we are\nNot for a New York minute and my gimmicks...\nLuxury condos, ocean view, that's the shit I'm used to\nMy yacht seen a lot like longitude, latitude, bitch with an attitude\nMy box, they got a ...\nQueen's native, sleeping is sedative\nMake it easy, fit ... when you see me\nI ain't like these other brizzies\n\nInfrared on your head like ...\n\n[Chorus 50 Cent]\nHey, hey, everything is hey, ok\nI stunt when I want, I'm on now I'm balling, hey\nBring us some Don ... more way, hey\nBring us some ... and rose, Hey\nEverything is hey, ok, everything is hey, ok\nEverything is hey, ok, I'm on now\nEverything is hey, ok\n\n[Paris - Verse 3]\nExcuse me, excuse me, I like diamonds an rubies\nLike them ... fucking nice with the...\nGotta make me laugh, gotta ... me\nGotta keep me in the ass than Martins with...\nI'm worthy observe me, hungry never thirsty\nNervous type of bitch who love them ... stay dirty\nThug's policy, firearms, promise me\nWhere I'm from, there's a part of me\nStraight shots to your artery, leave them wobbly\nMolly picking at you pottery\nDon't become and ... for a robbery\nIt's mine, it's mine, and yours is mine\nIf I aim I don't miss bitch I'm nice with mine\n\n[Chorus 50 Cent]\nHey, hey, everything is hey, ok\nI stunt when I want, I'm on now I'm balling, hey\nBring us some Don ... more way, hey\nBring us some ... and rose, Hey\nEverything is hey, ok, everything is hey, ok\nEverything is hey, ok, I'm on now\nEverything is hey, ok\n\n\n\n\n  ", 
        "pro": {
            "features": [
                "50 Cent"
            ], 
            "blocks": {
                "verses": [
                    {
                        "header": "[Paris - Verse 1]", 
                        "text hash": "d854be83137ce4a75e127f7aae174cfe", 
                        "artist": "Precious Paris", 
                        "text": "B to the ... you ask lay low or die slow\nIf you ain't feeling how I roll\nYou should stop worry bout shit you can't control\nI live like a queen, you live like a flin\nMoney in the bank bitch my crib got wings\nI don't call them haters, call them hallucinators\nI only talk dollars, calling the translators\nMy face move gators crocodile or ostrich\nLike they held George Cleverly hostage\nThey hold me down like a harness\nPushing up more classes than college"
                    }, 
                    {
                        "header": "[Paris - Verse 2]", 
                        "text hash": "f87ec15832f08e37bcf325c29c2a9b45", 
                        "artist": "Precious Paris", 
                        "text": "Sweetheart, ask about me New York to...\nWe are, we enforcing the circle like reborn\nNobody crushing the game like we are\nNot for a New York minute and my gimmicks...\nLuxury condos, ocean view, that's the shit I'm used to\nMy yacht seen a lot like longitude, latitude, bitch with an attitude\nMy box, they got a ...\nQueen's native, sleeping is sedative\nMake it easy, fit ... when you see me\nI ain't like these other brizzies\n\nInfrared on your head like ..."
                    }, 
                    {
                        "header": "[Paris - Verse 3]", 
                        "text hash": "c186dad59021dbd9d0892e2136ebce81", 
                        "artist": "Precious Paris", 
                        "text": "Excuse me, excuse me, I like diamonds an rubies\nLike them ... fucking nice with the...\nGotta make me laugh, gotta ... me\nGotta keep me in the ass than Martins with...\nI'm worthy observe me, hungry never thirsty\nNervous type of bitch who love them ... stay dirty\nThug's policy, firearms, promise me\nWhere I'm from, there's a part of me\nStraight shots to your artery, leave them wobbly\nMolly picking at you pottery\nDon't become and ... for a robbery\nIt's mine, it's mine, and yours is mine\nIf I aim I don't miss bitch I'm nice with mine"
                    }
                ], 
                "hooks": [
                    {
                        "header": "[Chorus 50 Cent]", 
                        "text hash": "2f65a0db4bb9ab043005950e9aabb9ae", 
                        "artist": "50 Cent", 
                        "text": "Hey, hey, everything is hey, ok\nI stunt when I want, I'm on now I'm balling, hey\nBring us some Don ... more way, hey\nBring us some ... and rose, Hey\nEverything is hey, ok, everything is hey, ok\nEverything is hey, ok, I'm on now\nEverything is hey, ok"
                    }, 
                    {
                        "header": "[Chorus 50 Cent]", 
                        "text hash": "327d20a7d3485eaead53dceb0ca514ed", 
                        "artist": "50 Cent", 
                        "text": "Hey, hey, everything is hey, ok\nI stunt when I want, I'm on now I'm balling, hey\nBring us some Don ... more way, hey\nBring us some ... and rose, Hey\nEverything is hey, ok, everything is hey, ok\nEverything is hey, ok, I'm on now\nEverything is hey, ok\n\n\n\n\n  "
                    }
                ]
            }, 
            "order": [
                "[Paris - Verse 1]", 
                "[Chorus 50 Cent]", 
                "[Paris - Verse 2]", 
                "[Chorus 50 Cent]", 
                "[Paris - Verse 3]", 
                "[Chorus 50 Cent]"
            ], 
            "artist": "Precious Paris"
        }
    }
}