{
    "The One": {
        "raw": "\n    \n  [Verse 1: Prodigy]\nThese niggas know the deal, it's easy to get killed\nWet that pussy up, see now you got the chills\nYour bright idea shooting at me, the fuck yeah\nBright idea, 'til I blew out his light bulb\nI'm more than a hip hop legend, I'm iconic\nMy sixteen is strong as fuck, I'm bionic\nApparently...you a parody of real nigga shit\nPop your forehead like a zit\nI don't fuck with no snitches so I need to know who telling\nAnd I need to know who they told on so I can fact check it\nThe alpha and omega, Mobb nigga I'm a fixture\nBlack culture, bougie niggas get they bitch took\nLike bad bitches get they body shook\nFrom Jamaica Ave. to the boulevard in Hollywood\nFrom the projects, Nam and Oslo\nRocketman Elton John, call me P-iano\n\n[Hook: Prodigy]\nYeah now I'm on my shit, got me on my shit\nI'll hit a nigga with the clipper\nAnd fade a nigga real quick, see\nKeep me on my shit, wiling on that shit\nI will ruin your life, I promise you that shit\n\n[Verse 2: Action Bronson]\nSwedish features through the window of a Lincoln on the Bell swerving\nI felt certain I was born to be the best Earthling\nFelt worthless, so many Xs and circles\nOn my mother neck I know I serve a purpose\nSmoke the same shit that turns a normal turtle to a ninja turtle\nNeo-ninja doing ? on Myrtle\nThe motherfucker making a drug look like Urkel\nForward shooters like T\u00fcrko\u011flu\n740 with the curtain and set to 1020 degrees\nEyes closed switching speeds, hitting the weave\nI shapeshift to a disease, attack your lung and cripple your knees\nR&b chicks are twisted with ease, blitzkrieg\nYou still posing for your little-league pictures\nI'm drinking beer straight out the pitcher\nI'll put your moms in an armbar at the bar-mitzvah\nIrish linen on the king\nI'm guaranteed I'm gonna win another ring\n\n[Hook]\n\n[Verse 3: Prodigy]\nI supercede that crap, now bitches want this hard shit\nNiggas want this crack, them songs you got that's garbage\nParalyze your ears, stop talking, this P rapping\nBeen doing this for years, know money I keep racking, up\nCome with it nigga, get beat the fuck, up\nNext to me you're chuck meat\nYeah, we just committed suicide\nWith this swammi I get busy B; do or die\nBig bar champion, the Henny and the rap flow\nThe great black shark, you just a little mackeral\nMy bitch appetite for power surpass yours\nNow imagine my thoughts while I'm alone and you paused\nThat's 600 horses stomping on your neck strap\nThat's me, g-leaning with the pistol on my lap\nGot a 3:00 your death, I could pencil you in\nYa'll niggas is chow, my gun fit to dig in\n\n[Hook]\n\n\n\n\n  ", 
        "pro": {
            "features": [
                "Action Bronson"
            ], 
            "producers": [
                "The Alchemist"
            ], 
            "blocks": {
                "verses": [
                    {
                        "header": "[Verse 1: Prodigy]", 
                        "text hash": "1feffb771444c17756a6f47f13709b25", 
                        "artist": "Prodigy", 
                        "text": "These niggas know the deal, it's easy to get killed\nWet that pussy up, see now you got the chills\nYour bright idea shooting at me, the fuck yeah\nBright idea, 'til I blew out his light bulb\nI'm more than a hip hop legend, I'm iconic\nMy sixteen is strong as fuck, I'm bionic\nApparently...you a parody of real nigga shit\nPop your forehead like a zit\nI don't fuck with no snitches so I need to know who telling\nAnd I need to know who they told on so I can fact check it\nThe alpha and omega, Mobb nigga I'm a fixture\nBlack culture, bougie niggas get they bitch took\nLike bad bitches get they body shook\nFrom Jamaica Ave. to the boulevard in Hollywood\nFrom the projects, Nam and Oslo\nRocketman Elton John, call me P-iano"
                    }, 
                    {
                        "header": "[Verse 2: Action Bronson]", 
                        "text hash": "c766c32b4c77ac2dec79b530f4caa30b", 
                        "artist": "Action Bronson", 
                        "text": "Swedish features through the window of a Lincoln on the Bell swerving\nI felt certain I was born to be the best Earthling\nFelt worthless, so many Xs and circles\nOn my mother neck I know I serve a purpose\nSmoke the same shit that turns a normal turtle to a ninja turtle\nNeo-ninja doing ? on Myrtle\nThe motherfucker making a drug look like Urkel\nForward shooters like T\u00fcrko\u011flu\n740 with the curtain and set to 1020 degrees\nEyes closed switching speeds, hitting the weave\nI shapeshift to a disease, attack your lung and cripple your knees\nR&b chicks are twisted with ease, blitzkrieg\nYou still posing for your little-league pictures\nI'm drinking beer straight out the pitcher\nI'll put your moms in an armbar at the bar-mitzvah\nIrish linen on the king\nI'm guaranteed I'm gonna win another ring"
                    }, 
                    {
                        "header": "[Verse 3: Prodigy]", 
                        "text hash": "4c2e914a8ea8aaf1582bb60c7f84b620", 
                        "artist": "Prodigy", 
                        "text": "I supercede that crap, now bitches want this hard shit\nNiggas want this crack, them songs you got that's garbage\nParalyze your ears, stop talking, this P rapping\nBeen doing this for years, know money I keep racking, up\nCome with it nigga, get beat the fuck, up\nNext to me you're chuck meat\nYeah, we just committed suicide\nWith this swammi I get busy B; do or die\nBig bar champion, the Henny and the rap flow\nThe great black shark, you just a little mackeral\nMy bitch appetite for power surpass yours\nNow imagine my thoughts while I'm alone and you paused\nThat's 600 horses stomping on your neck strap\nThat's me, g-leaning with the pistol on my lap\nGot a 3:00 your death, I could pencil you in\nYa'll niggas is chow, my gun fit to dig in"
                    }
                ], 
                "hooks": [
                    {
                        "header": "[Hook: Prodigy]", 
                        "text hash": "b056c337e670034df92da94015912e83", 
                        "artist": "Prodigy", 
                        "text": "Yeah now I'm on my shit, got me on my shit\nI'll hit a nigga with the clipper\nAnd fade a nigga real quick, see\nKeep me on my shit, wiling on that shit\nI will ruin your life, I promise you that shit"
                    }
                ]
            }, 
            "order": [
                "[Verse 1: Prodigy]", 
                "[Hook: Prodigy]", 
                "[Verse 2: Action Bronson]", 
                "[Hook]", 
                "[Verse 3: Prodigy]", 
                "[Hook]"
            ], 
            "artist": "Prodigy & Alchemist"
        }
    }
}