{
    "Freestyles on Sway in the Morning": {
        "raw": "\n    \n  They think that they know\nSomething 'bout my life\nNot in the same class\nNot on the same flight\n\nMaybe the same club\nJust not the same lights\nBoth fucked the same bitch\nJust not the same night\n\nYou just took her phone number\nI just took her home with her\n\nAnother bitch\nM\u00e9nage\nBoomerang\nStron'jay\n\nLipstick on my collar\nOscar de la renta(y)\nYo hijo - peque\u00f1o\nMy nachos - bell grande\n\nStay sippin' that Andre\nSpent 3 stacks - that's Andre\n\nThat Balmain\nThat Phillip Lim\nThey say i'm dressing like Kanye\n\nI'm everything that my rhymes say:\nBreadwinner\nBrand owner\nPlay clothes\nMillionaire\nTrendsetter\nLandowner\n\nHope your bitch don't land on him\nDrink in his hand with the sand on him\nYou small niggas - you Hyundai's\nYou couch niggas - we stand on him\n\n*#&%#\nDope money with a band on it\nHalf gold we got a hand on it\nD-boys still ball the same\nJust gotta little bit of glam on it\nDAMN!\n\n\n\n\n  ", 
        "pro": {
            "producers": [
                "Salih Williams", 
                "Swishahouse"
            ], 
            "blocks": {
                "verses": [], 
                "hooks": []
            }, 
            "order": [], 
            "artist": "Pusha T"
        }
    },
    "Everything That Glitters": {
        "raw": "\n    \n  [Hook: French Montana]\nBetter know who you is\nWhen you lookin' in the mirror\nCause everything that glitters, it ain't gold\nI'm gettin' low from the hater\nCameras in action, tell all my niggas what's happenin'\nRidin' with my niggas\nCause everything that glitters, it ain't gold\nI'm gettin' low, hold me from the haters\nCameras in action, tell my niggas what's happenin'\nRolling smoke, getting high, high, high\nJust another day getting by, by, by\n\n[Verse 1: Pusha T]\nFor every brick broke down it's one stepped on\nFor every known rat, it's one slept on\nFor every loyal nigga fronted, one kept owin'\nFor every bitch I showed the way, it's one that kept hoin'\nSo let's blow through this money as we pour bottles\nLet me drop another classic and a tour follows\nLet's get pissy drunk and let the whores swallow\nMy niggas embrace guns and ignore Bibles\nNot to glorify it, you can't ignore the lines\nThe new jury can be you, ghetto law-abiding\nBetter know who that is looking in the mirror\nThe truth lies, and your soul can't see it clearer\n\n[Hook]\n\n[Verse 2: Pusha T]\nI just can't leave it alone, I just can't leave it alone\nThey're handing out football numbers after tappin' your phone\nOr you watchin' for the drop as they clappin' they chrome\nTook a brick and I turned it to stone\n5 into 10, the Return of the Clones\nThen I took my experience and turned it to poems\nAs we took single engines and turned 'em to Boeings\nPanamera blood red symbolize bloodshed\nLoss lot of niggas, some in Club Fed\nFew still reminiscin' in they CL\nSelling Pete Rock, cruisin' in they V-12\n\n[Hook]\n\n\n\n\n  ", 
        "pro": {
            "features": [
                "French Montana"
            ], 
            "producers": [
                "A-Traxx"
            ], 
            "blocks": {
                "verses": [
                    {
                        "header": "[Verse 1: Pusha T]", 
                        "text hash": "37c4aed3aa8accf69ba56aa4a7763f86", 
                        "artist": "Pusha T", 
                        "text": "For every brick broke down it's one stepped on\nFor every known rat, it's one slept on\nFor every loyal nigga fronted, one kept owin'\nFor every bitch I showed the way, it's one that kept hoin'\nSo let's blow through this money as we pour bottles\nLet me drop another classic and a tour follows\nLet's get pissy drunk and let the whores swallow\nMy niggas embrace guns and ignore Bibles\nNot to glorify it, you can't ignore the lines\nThe new jury can be you, ghetto law-abiding\nBetter know who that is looking in the mirror\nThe truth lies, and your soul can't see it clearer"
                    }, 
                    {
                        "header": "[Verse 2: Pusha T]", 
                        "text hash": "ab02d1fc100f6065d6ab8db304f5f647", 
                        "artist": "Pusha T", 
                        "text": "I just can't leave it alone, I just can't leave it alone\nThey're handing out football numbers after tappin' your phone\nOr you watchin' for the drop as they clappin' they chrome\nTook a brick and I turned it to stone\n5 into 10, the Return of the Clones\nThen I took my experience and turned it to poems\nAs we took single engines and turned 'em to Boeings\nPanamera blood red symbolize bloodshed\nLoss lot of niggas, some in Club Fed\nFew still reminiscin' in they CL\nSelling Pete Rock, cruisin' in they V-12"
                    }
                ], 
                "hooks": [
                    {
                        "header": "[Hook: French Montana]", 
                        "text hash": "328a6b064516aafd1f162dedea139c74", 
                        "artist": "French Montana", 
                        "text": "Better know who you is\nWhen you lookin' in the mirror\nCause everything that glitters, it ain't gold\nI'm gettin' low from the hater\nCameras in action, tell all my niggas what's happenin'\nRidin' with my niggas\nCause everything that glitters, it ain't gold\nI'm gettin' low, hold me from the haters\nCameras in action, tell my niggas what's happenin'\nRolling smoke, getting high, high, high\nJust another day getting by, by, by"
                    }
                ]
            }, 
            "order": [
                "[Hook: French Montana]", 
                "[Verse 1: Pusha T]", 
                "[Hook]", 
                "[Verse 2: Pusha T]", 
                "[Hook]"
            ], 
            "artist": "Pusha T"
        }
    },
    "Intro- Fear of God": {
        "raw": "\n    \n  [Intro: excerpt from \"Scarface\"]\n\n[Minolo and Tony]\n\nDon't fucking go crazy on me, okay?\nJust remember last year at this time\nWe were in a fucking cage, okay?\n(You remember\nI'd like to forget that)\nI say be happy with what you've got\n(You be happy\nMe, I want what's coming to me)\nOh, well what's coming to you?\n(The world chico\nAnd everything in it)\n\n\n\n\n  ", 
        "pro": {
            "blocks": {
                "verses": [], 
                "hooks": []
            }, 
            "order": [], 
            "artist": "Pusha T"
        }
    },
    "I'ma Boss Freestyle": {
        "raw": "\n    \n  [Verse 1: Pusha T]\nI earned my name just like Marlo\nGripped every wheel at a Flex car show\nI declare war, letting all you rappers know\nRed light, yellow light, green light, go\nCheckered flag shit, matching bag shit\nMonaco Grand Prix snap back backwards\nDon C joint with the python accents\nThe bitch still hissing, snake charmers magic\nSome shit dont change, ya life ain't like mine\nMissin' dope money sends chills up my spine\nClosed the motorised blinds\nGot a seal and a stamp, papi notarized mines\nB.O. double S's, that Camaro ain't mine\nThat Phantom's double breasted\nGot me feeling like Hov in that bubble Lexus\nBack when Dame dropped the duffle off with the records\nYes!\n\n\n\n\n  ", 
        "pro": {
            "blocks": {
                "verses": [
                    {
                        "header": "[Verse 1: Pusha T]", 
                        "text hash": "817cb4b8438b9573f53cebae8468d58f", 
                        "artist": "Pusha T", 
                        "text": "I earned my name just like Marlo\nGripped every wheel at a Flex car show\nI declare war, letting all you rappers know\nRed light, yellow light, green light, go\nCheckered flag shit, matching bag shit\nMonaco Grand Prix snap back backwards\nDon C joint with the python accents\nThe bitch still hissing, snake charmers magic\nSome shit dont change, ya life ain't like mine\nMissin' dope money sends chills up my spine\nClosed the motorised blinds\nGot a seal and a stamp, papi notarized mines\nB.O. double S's, that Camaro ain't mine\nThat Phantom's double breasted\nGot me feeling like Hov in that bubble Lexus\nBack when Dame dropped the duffle off with the records\nYes!\n\n\n\n\n  "
                    }
                ], 
                "hooks": []
            }, 
            "order": [
                "[Verse 1: Pusha T]"
            ], 
            "artist": "Pusha T"
        }
    },
    "Let Me Love You": {
        "raw": "\n    \n  [Hook: Kelly Rowland]\nBoy, you got that 6 in the morning\nYou got that thing that'll make a girl feel high\nOh I say boy, you got me lonely\nJust say the words, I'll do anything you want\nBoy, let me love you\n\n[Verse 1: Pusha T]\nUh, I know that you think I'm the one, but who doesn't?\nIt comes with the territory when you buzzin'\nA ball player sold you a dream, ain't do nothing\nA couple rappers under your belt, but who's judging?\nI ain't trying to guide you, hand on bible\nBut Instagram pics show more than side views\n30 dollar nude catsuits is not cute\nAnd 50 comments on ass is not fluke\nSo, no cuffing, no buns in the oven\nIf my girl call your phone she's just bluffin'\nAs long as you and I both know we just fuckin'\nIf anybody else do ask, we just nothing\n\n[Hook]\n\n[Verse 2: Pusha T]\nHey mama come fuck with the shotta\nWith the Givenchy toppa, shoe Balenciaga\nIf you act right, I can match you up proper\nIf it's about a dolla' thing, big like Poppa\nIntroduce your exes to my choppa\nDon't listen to your best friend, she don't matter\nYou know she wanna be you in that vehicle\nRiding in see-through V1 V2\nChanel or Celine, however I see you\nChristians or Chloe, damn them C's too\nYou know I play fair, I'm Daddy Day Care\nI know it ain't cheap for you to lay here\n\n[Hook]\n\n[Verse 3: Pusha T]\nLet's get past the nonsense and be honest\nAll the ones I sponsored clear my conscience\nCan't commit the crime without accomplice\nWe both to blame, let's push the shame behind us\nOn the DL, pushin' my brother\u2019s CL\nMeet you at the spot, you had tint on the TL\nIt\u2019s only right you shake them phony types\nAnd embrace the kid, like my bracelets did\nUh, I\u2019m from the era where the money come fast\nBlow it all cause the money don\u2019t last\nAll them broke niggas lookin puppy-dog sad\nShe in that new purse, sayin \u201choney don\u2019t ask\u201d\n\n[Hook]\n\n\n\n\n  ", 
        "pro": {
            "features": [
                "Kelly Rowland"
            ], 
            "producers": [
                "Glass John", 
                "The-Dream"
            ], 
            "blocks": {
                "verses": [
                    {
                        "header": "[Verse 1: Pusha T]", 
                        "text hash": "6681449033f3c869b1445b040f961239", 
                        "artist": "Pusha T", 
                        "text": "Uh, I know that you think I'm the one, but who doesn't?\nIt comes with the territory when you buzzin'\nA ball player sold you a dream, ain't do nothing\nA couple rappers under your belt, but who's judging?\nI ain't trying to guide you, hand on bible\nBut Instagram pics show more than side views\n30 dollar nude catsuits is not cute\nAnd 50 comments on ass is not fluke\nSo, no cuffing, no buns in the oven\nIf my girl call your phone she's just bluffin'\nAs long as you and I both know we just fuckin'\nIf anybody else do ask, we just nothing"
                    }, 
                    {
                        "header": "[Verse 2: Pusha T]", 
                        "text hash": "7a3870b44d718f6af6ba4129439cb474", 
                        "artist": "Pusha T", 
                        "text": "Hey mama come fuck with the shotta\nWith the Givenchy toppa, shoe Balenciaga\nIf you act right, I can match you up proper\nIf it's about a dolla' thing, big like Poppa\nIntroduce your exes to my choppa\nDon't listen to your best friend, she don't matter\nYou know she wanna be you in that vehicle\nRiding in see-through V1 V2\nChanel or Celine, however I see you\nChristians or Chloe, damn them C's too\nYou know I play fair, I'm Daddy Day Care\nI know it ain't cheap for you to lay here"
                    }, 
                    {
                        "header": "[Verse 3: Pusha T]", 
                        "text hash": "b656cb94c764c262d3dee75799a85c34", 
                        "artist": "Pusha T", 
                        "text": "Let's get past the nonsense and be honest\nAll the ones I sponsored clear my conscience\nCan't commit the crime without accomplice\nWe both to blame, let's push the shame behind us\nOn the DL, pushin' my brother\u2019s CL\nMeet you at the spot, you had tint on the TL\nIt\u2019s only right you shake them phony types\nAnd embrace the kid, like my bracelets did\nUh, I\u2019m from the era where the money come fast\nBlow it all cause the money don\u2019t last\nAll them broke niggas lookin puppy-dog sad\nShe in that new purse, sayin \u201choney don\u2019t ask\u201d"
                    }
                ], 
                "hooks": [
                    {
                        "header": "[Hook: Kelly Rowland]", 
                        "text hash": "ee20cc7f14a8ce8a511def6344100325", 
                        "artist": "Kelly Rowland", 
                        "text": "Boy, you got that 6 in the morning\nYou got that thing that'll make a girl feel high\nOh I say boy, you got me lonely\nJust say the words, I'll do anything you want\nBoy, let me love you"
                    }
                ]
            }, 
            "order": [
                "[Hook: Kelly Rowland]", 
                "[Verse 1: Pusha T]", 
                "[Hook]", 
                "[Verse 2: Pusha T]", 
                "[Hook]", 
                "[Verse 3: Pusha T]", 
                "[Hook]"
            ], 
            "artist": "Pusha T"
        }
    },
    "I Still Wanna": {
        "raw": "\n    \n  [Intro: Pusha T]\nIt's like an itch you can't scratch\nIt's like a bitch you can't shake\nI still wanna\n\n[Verse 1: Pusha T]\nSleeping with the finest, the thread count is bindless\nSecurity blanket of cocaine, I am Linus\nIn this climate I\u2019m Kareem Burke tied in\nThe Roc's silent partner I ain't throwing up the diamond\nThrowing on the shearling, collars up, bottles up\nSparkles to the table, got him feeling like he\u2019s Merlin\nWhirlwind, powder makes your world spin\nLearn from OGs, Alfa Romeos and Sterlings\nUpdated that, upgraded that\nSuffocation blue, in the inside's potato sack\nYeah, talk money, shit, I\u2019m made of that\nCocaine parties like the 70's, I cater that\nYou know what fame is?\nSitting with the woman of your dreams and forgetting what her name is\nYou know what pain is?\nFlushing two bricks and trying to have a nigga strain it out the drainage\n\n[Hook]\nSee my face on the news and it ain't Tivo'd\nI still wanna sell kilos\nIt\u2019s like I\u2019m throwing rocks at the Pen begging for the Rico\nI still wanna sell kilos\nSearching for the fishscale like I\u2019m tryna find Nemo\nI still wanna sell kilos\nThat's what happens when you Michael and they try to treat you like Tito\nI still wanna sell kilos\n\n[Verse 2: Rick Ross]\nGrew up watching momma car repo'd\nA little nigga staring through the peep hole\nHow you think I felt knowing daddy wasn\u2019t there\nRecycling cans cause nobody ever cared\nGet it how you live, always echoed in the streets\nWhen we talking business, talking on the phone cease\nFeds listening to conversations through my OnStar\nPiecing puzzles together solving homicides of I's\nDice game chatter, better bring your stash out\nRed velour, I\u2019m in the white glass house\nHalf a ticket bitches quick to drop it on the scale\nCity of dope where real nigga sell yay'\nEveryday a nigga dies and we can\u2019t ask why\nShowing more love to bitches fucked on the side\nTony Montana, tailor made suits in the church\nRolls Royce Corniche, trunk full of work\n\n[Hook]\n\n[Verse 3: Ab-Liva]\nTestarossa top models, G4s\nGucci pass the crease off, everything I climb in, I win\nRichard Mille Tourbillon, remarkable timing\nBlack label everything, logos in the lining\nBell Biv DeVoe push poison like a copper head\nPowder falls, smoke clears through the walking dead\nThe Ros\u00e9 bottles pour for the champions\nYou'd think it was a Grammy win, celebration spills\nThrough the morning like an Ambien, bitches love my ambience\nChain swinging, ticker taping like it\u2019s Mardi Gras\nThousand niggas deep, never needed body guards\nThousand ki's that I\u2019m about to do Pilates on\nWear the king's crown like the grill a Maserati\u2019s on\nCatty corner parked, doors ajar, on a stripper\nBlew a fuse and caught a body on, cocaine storaging\nLiva living dreams, y'all DeLoreans is pouring in\n\n[Hook]\n\n\n\n\n  ", 
        "pro": {
            "features": [
                "Ab-Liva", 
                "Rick Ross"
            ], 
            "producers": [
                "Lee-Major"
            ], 
            "blocks": {
                "verses": [
                    {
                        "header": "[Verse 1: Pusha T]", 
                        "text hash": "e919fa38daa3fc36c72a4edb53920edc", 
                        "artist": "Pusha T", 
                        "text": "Sleeping with the finest, the thread count is bindless\nSecurity blanket of cocaine, I am Linus\nIn this climate I\u2019m Kareem Burke tied in\nThe Roc's silent partner I ain't throwing up the diamond\nThrowing on the shearling, collars up, bottles up\nSparkles to the table, got him feeling like he\u2019s Merlin\nWhirlwind, powder makes your world spin\nLearn from OGs, Alfa Romeos and Sterlings\nUpdated that, upgraded that\nSuffocation blue, in the inside's potato sack\nYeah, talk money, shit, I\u2019m made of that\nCocaine parties like the 70's, I cater that\nYou know what fame is?\nSitting with the woman of your dreams and forgetting what her name is\nYou know what pain is?\nFlushing two bricks and trying to have a nigga strain it out the drainage"
                    }, 
                    {
                        "header": "[Verse 2: Rick Ross]", 
                        "text hash": "60a5d12c2d05976737132d3ff15f37c5", 
                        "artist": "Rick Ross", 
                        "text": "Grew up watching momma car repo'd\nA little nigga staring through the peep hole\nHow you think I felt knowing daddy wasn\u2019t there\nRecycling cans cause nobody ever cared\nGet it how you live, always echoed in the streets\nWhen we talking business, talking on the phone cease\nFeds listening to conversations through my OnStar\nPiecing puzzles together solving homicides of I's\nDice game chatter, better bring your stash out\nRed velour, I\u2019m in the white glass house\nHalf a ticket bitches quick to drop it on the scale\nCity of dope where real nigga sell yay'\nEveryday a nigga dies and we can\u2019t ask why\nShowing more love to bitches fucked on the side\nTony Montana, tailor made suits in the church\nRolls Royce Corniche, trunk full of work"
                    }, 
                    {
                        "header": "[Verse 3: Ab-Liva]", 
                        "text hash": "ee0a0d59ecf6deba38cc58138af65571", 
                        "artist": "Ab-Liva", 
                        "text": "Testarossa top models, G4s\nGucci pass the crease off, everything I climb in, I win\nRichard Mille Tourbillon, remarkable timing\nBlack label everything, logos in the lining\nBell Biv DeVoe push poison like a copper head\nPowder falls, smoke clears through the walking dead\nThe Ros\u00e9 bottles pour for the champions\nYou'd think it was a Grammy win, celebration spills\nThrough the morning like an Ambien, bitches love my ambience\nChain swinging, ticker taping like it\u2019s Mardi Gras\nThousand niggas deep, never needed body guards\nThousand ki's that I\u2019m about to do Pilates on\nWear the king's crown like the grill a Maserati\u2019s on\nCatty corner parked, doors ajar, on a stripper\nBlew a fuse and caught a body on, cocaine storaging\nLiva living dreams, y'all DeLoreans is pouring in"
                    }
                ], 
                "hooks": [
                    {
                        "header": "[Hook]", 
                        "text hash": "2d9dd117060b88a8fc3a9fa553fe5e95", 
                        "artist": "Pusha T", 
                        "text": "See my face on the news and it ain't Tivo'd\nI still wanna sell kilos\nIt\u2019s like I\u2019m throwing rocks at the Pen begging for the Rico\nI still wanna sell kilos\nSearching for the fishscale like I\u2019m tryna find Nemo\nI still wanna sell kilos\nThat's what happens when you Michael and they try to treat you like Tito\nI still wanna sell kilos"
                    }
                ], 
                "intro": [
                    {
                        "header": "[Intro: Pusha T]", 
                        "text hash": "351dcf00e07c5893db3074c801c499c0", 
                        "artist": "Pusha T", 
                        "text": "It's like an itch you can't scratch\nIt's like a bitch you can't shake\nI still wanna"
                    }
                ]
            }, 
            "order": [
                "[Intro: Pusha T]", 
                "[Verse 1: Pusha T]", 
                "[Hook]", 
                "[Verse 2: Rick Ross]", 
                "[Hook]", 
                "[Verse 3: Ab-Liva]", 
                "[Hook]"
            ], 
            "artist": "Pusha T"
        }
    },
    "Everything That Glitters": {
        "raw": "\n    \n  [Hook: French Montana]\nBetter know who you is\nWhen you lookin' in the mirror\nCause everything that glitters, it ain't gold\nI'm gettin' low from the hater\nCameras in action, tell all my niggas what's happenin'\nRidin' with my niggas\nCause everything that glitters, it ain't gold\nI'm gettin' low, hold me from the haters\nCameras in action, tell my niggas what's happenin'\nRolling smoke, getting high, high, high\nJust another day getting by, by, by\n\n[Verse 1: Pusha T]\nFor every brick broke down it's one stepped on\nFor every known rat, it's one slept on\nFor every loyal nigga fronted, one kept owin'\nFor every bitch I showed the way, it's one that kept hoin'\nSo let's blow through this money as we pour bottles\nLet me drop another classic and a tour follows\nLet's get pissy drunk and let the whores swallow\nMy niggas embrace guns and ignore Bibles\nNot to glorify it, you can't ignore the lines\nThe new jury can be you, ghetto law-abiding\nBetter know who that is looking in the mirror\nThe truth lies, and your soul can't see it clearer\n\n[Hook]\n\n[Verse 2: Pusha T]\nI just can't leave it alone, I just can't leave it alone\nThey're handing out football numbers after tappin' your phone\nOr you watchin' for the drop as they clappin' they chrome\nTook a brick and I turned it to stone\n5 into 10, the Return of the Clones\nThen I took my experience and turned it to poems\nAs we took single engines and turned 'em to Boeings\nPanamera blood red symbolize bloodshed\nLoss lot of niggas, some in Club Fed\nFew still reminiscin' in they CL\nSelling Pete Rock, cruisin' in they V-12\n\n[Hook]\n\n\n\n\n  ", 
        "pro": {
            "features": [
                "French Montana"
            ], 
            "producers": [
                "A-Traxx"
            ], 
            "blocks": {
                "verses": [
                    {
                        "header": "[Verse 1: Pusha T]", 
                        "text hash": "37c4aed3aa8accf69ba56aa4a7763f86", 
                        "artist": "Pusha T", 
                        "text": "For every brick broke down it's one stepped on\nFor every known rat, it's one slept on\nFor every loyal nigga fronted, one kept owin'\nFor every bitch I showed the way, it's one that kept hoin'\nSo let's blow through this money as we pour bottles\nLet me drop another classic and a tour follows\nLet's get pissy drunk and let the whores swallow\nMy niggas embrace guns and ignore Bibles\nNot to glorify it, you can't ignore the lines\nThe new jury can be you, ghetto law-abiding\nBetter know who that is looking in the mirror\nThe truth lies, and your soul can't see it clearer"
                    }, 
                    {
                        "header": "[Verse 2: Pusha T]", 
                        "text hash": "ab02d1fc100f6065d6ab8db304f5f647", 
                        "artist": "Pusha T", 
                        "text": "I just can't leave it alone, I just can't leave it alone\nThey're handing out football numbers after tappin' your phone\nOr you watchin' for the drop as they clappin' they chrome\nTook a brick and I turned it to stone\n5 into 10, the Return of the Clones\nThen I took my experience and turned it to poems\nAs we took single engines and turned 'em to Boeings\nPanamera blood red symbolize bloodshed\nLoss lot of niggas, some in Club Fed\nFew still reminiscin' in they CL\nSelling Pete Rock, cruisin' in they V-12"
                    }
                ], 
                "hooks": [
                    {
                        "header": "[Hook: French Montana]", 
                        "text hash": "328a6b064516aafd1f162dedea139c74", 
                        "artist": "French Montana", 
                        "text": "Better know who you is\nWhen you lookin' in the mirror\nCause everything that glitters, it ain't gold\nI'm gettin' low from the hater\nCameras in action, tell all my niggas what's happenin'\nRidin' with my niggas\nCause everything that glitters, it ain't gold\nI'm gettin' low, hold me from the haters\nCameras in action, tell my niggas what's happenin'\nRolling smoke, getting high, high, high\nJust another day getting by, by, by"
                    }
                ]
            }, 
            "order": [
                "[Hook: French Montana]", 
                "[Verse 1: Pusha T]", 
                "[Hook]", 
                "[Verse 2: Pusha T]", 
                "[Hook]"
            ], 
            "artist": "Pusha T"
        }
    },
    "Lunch Money": {
        "raw": "\n    \n  [Produced by Kanye West and Charlie Heat]\n\n[Hook]\nYeah, I'm taking niggas' lunch money\nToo bad, I was fucking hungry\nReal niggas don't notice you\nI'm the only dopeboy quotable\n\n[Verse 1]\nMami tryna land a Sinatra\nSo she don't fuck niggas with Apple watches\nCause Rolex shopping is more exciting\nShout out to dopeboy lit 16 swipers\nHoward homecoming kingpins\nMovie on my neck with the screen gems\nMe and my nigga havin' bottle wars\n40 thousand on the floor when them bottles pour (Spill, nigga)\nA Blu Ray to your DVD\nYou might've caught me on TMZ\nCameo tryna sue a nigga (Fuck 'em)\nCause I party hard like it's three of me\nAmerica's still abusing us\nAnd 9/11 is the Ku Klux\nSo why wouldn't I fire back\nWhen everyday them niggas shooting us?\nTrue enough, I'm out of line\nYou better stand for something 'fore you out of time\nThis is crime by design\nIf the crown ain't mine, tell me who am I behind\n\n[Hook]\n\n[Verse 2]\nPoppy get me everything I want\nRiding 'round with Miguel Cotto in the trunk\nWhat I'm cooking in the kitchen, niggas\nBobby Brown, New Edition, niggas\nWhat I'm wearing in this blizzard, nigga\nMink, leather or it's lizard, nigga\nSt. Laurent, I'm in all layers\nThe mannequin to you ballplayers\nShout out my Mac 11 monster\nGrew up on Nintendo playing Contra\nAnd though that nigga only 5'9\"\n100 bodies on his timeline\nWhat's the price of success?\nLost my bitch, bought a chef\nThe 911 cost 211\nWatch looking like a jeweler's heaven\nHottest 7, I'm so alive\nYour bank account Swiss, nigga, so is mine\nThis is crime by design\nIf the crown ain't mine, tell me who am I behind\n\n[Hook]\n\n\n\n\n  ", 
        "pro": {
            "producers": [
                "Charlie Heat", 
                "Kanye West"
            ], 
            "blocks": {
                "verses": [
                    {
                        "header": "[Verse 1]", 
                        "text hash": "d1f8493f1b9755320b4a438ceda11e1c", 
                        "artist": "Pusha T", 
                        "text": "Mami tryna land a Sinatra\nSo she don't fuck niggas with Apple watches\nCause Rolex shopping is more exciting\nShout out to dopeboy lit 16 swipers\nHoward homecoming kingpins\nMovie on my neck with the screen gems\nMe and my nigga havin' bottle wars\n40 thousand on the floor when them bottles pour (Spill, nigga)\nA Blu Ray to your DVD\nYou might've caught me on TMZ\nCameo tryna sue a nigga (Fuck 'em)\nCause I party hard like it's three of me\nAmerica's still abusing us\nAnd 9/11 is the Ku Klux\nSo why wouldn't I fire back\nWhen everyday them niggas shooting us?\nTrue enough, I'm out of line\nYou better stand for something 'fore you out of time\nThis is crime by design\nIf the crown ain't mine, tell me who am I behind"
                    }, 
                    {
                        "header": "[Verse 2]", 
                        "text hash": "ba956aacd06cf19c9c305baaef11ab59", 
                        "artist": "Pusha T", 
                        "text": "Poppy get me everything I want\nRiding 'round with Miguel Cotto in the trunk\nWhat I'm cooking in the kitchen, niggas\nBobby Brown, New Edition, niggas\nWhat I'm wearing in this blizzard, nigga\nMink, leather or it's lizard, nigga\nSt. Laurent, I'm in all layers\nThe mannequin to you ballplayers\nShout out my Mac 11 monster\nGrew up on Nintendo playing Contra\nAnd though that nigga only 5'9\"\n100 bodies on his timeline\nWhat's the price of success?\nLost my bitch, bought a chef\nThe 911 cost 211\nWatch looking like a jeweler's heaven\nHottest 7, I'm so alive\nYour bank account Swiss, nigga, so is mine\nThis is crime by design\nIf the crown ain't mine, tell me who am I behind"
                    }
                ], 
                "hooks": [
                    {
                        "header": "[Hook]", 
                        "text hash": "d4c405a05fd50e2d04f88e8e14d77489", 
                        "artist": "Pusha T", 
                        "text": "Yeah, I'm taking niggas' lunch money\nToo bad, I was fucking hungry\nReal niggas don't notice you\nI'm the only dopeboy quotable"
                    }
                ]
            }, 
            "order": [
                "[Produced by Kanye West and Charlie Heat]", 
                "[Hook]", 
                "[Verse 1]", 
                "[Hook]", 
                "[Verse 2]", 
                "[Hook]"
            ], 
            "artist": "Pusha T"
        }
    },
    "No Flex Zone": {
        "raw": "\n    \n  [Hook]\nNo flex zone, No flex zone\nThey know better, they know better\nNo flex zone, No flex zone\nThey know better, they know better\nWon a gold medal\nAnd a gold bezel\nI treat it so special\nNow your ho jealous\nFreak Hoes, got several\nThey tens or better\nI'm a trendsetter\nI'm a go-getter\n\n[Verse 1]\nWho ain't waiting on King Push?\nGot niggas checking for them new flows\nSold more dope than the old Jigga\nNow niggas calling me the new Hov\nLet the coupe go, planetarium\nLet the roof go like Cesarean\nClear my section nigga, no flexing nigga\nJust a hunnid bottles they carrying\nCross the border like I lost a daughter\nThis foreign nigga, he ain't know better\nHim pick and choose where them bullets fly\nI lose the plane on this fool nigga\nBought dope with my album budget\nPlay Cloths was the blueprint\nFour million in four seasons\nFuck who care for my fashion sense\nTell a ho come and swim in the money (splash)\nBroke niggas just stop at the heel\nI could body paint you in them name brands\nAnd put a red bow on the wheels\nSee I'm just in and out, I call a rent a mouth\nSuck the ice out of a bezel\nUse my rap persona, fuck baby mommas\nStill killin' haters, God bless em'\n\n[Hook]\n\n\n\n\n  ", 
        "pro": {
            "features": [
                "Rae Sremmurd"
            ], 
            "producers": [
                "Mike WiLL Made It"
            ], 
            "blocks": {
                "verses": [
                    {
                        "header": "[Verse 1]", 
                        "text hash": "1e48dc6c0e8268d18b259c5fcb1c3b4c", 
                        "artist": "Pusha T", 
                        "text": "Who ain't waiting on King Push?\nGot niggas checking for them new flows\nSold more dope than the old Jigga\nNow niggas calling me the new Hov\nLet the coupe go, planetarium\nLet the roof go like Cesarean\nClear my section nigga, no flexing nigga\nJust a hunnid bottles they carrying\nCross the border like I lost a daughter\nThis foreign nigga, he ain't know better\nHim pick and choose where them bullets fly\nI lose the plane on this fool nigga\nBought dope with my album budget\nPlay Cloths was the blueprint\nFour million in four seasons\nFuck who care for my fashion sense\nTell a ho come and swim in the money (splash)\nBroke niggas just stop at the heel\nI could body paint you in them name brands\nAnd put a red bow on the wheels\nSee I'm just in and out, I call a rent a mouth\nSuck the ice out of a bezel\nUse my rap persona, fuck baby mommas\nStill killin' haters, God bless em'"
                    }
                ], 
                "hooks": [
                    {
                        "header": "[Hook]", 
                        "text hash": "bfd0306ea6dc225b6ada54589c6da77b", 
                        "artist": "Pusha T", 
                        "text": "No flex zone, No flex zone\nThey know better, they know better\nNo flex zone, No flex zone\nThey know better, they know better\nWon a gold medal\nAnd a gold bezel\nI treat it so special\nNow your ho jealous\nFreak Hoes, got several\nThey tens or better\nI'm a trendsetter\nI'm a go-getter"
                    }
                ]
            }, 
            "order": [
                "[Hook]", 
                "[Verse 1]", 
                "[Hook]"
            ], 
            "artist": "Pusha T"
        }
    },
    "My Name Is My Name [Credits]": {
        "raw": "\n    \n  1. KING PUSH  (T. THORNTON, K. WEST, S. SARTOR) (BMI/SEBASTIAN SARTOR PUBLISHING DESIGNEE) PRODUCED BY KANYE WEST AND SEBASTIAN SARTOR RECORDED BY PAUL BAILEY AT THOMAS CROWN STUDIOS, VIRGINIA BEACH VA MIXED BY NOAH GOLDSTEIN AT NO NAME STUDIO, NYC ADDITIONAL MUSIC BY KEN LEWIS AND BRENT KOLATALO\n\n2. NUMBERS ON THE BOARDS  (T. THORNTON, D. CANNON, K. WEST, C. NJAPA, B. SIGLER, S. CARTER, C. MARTIN, A KING, J. MATTHEWS) (BMI/ASCAP) PRODUCED BY DON CANNON FOR CANNON MUSIC, LLC AND KANYE WEST. ADDITIONAL PRODUCTION BY CHARLES M. NJAPA PKA 88-KEYS RECORDED BY ANTHONY KILHOFFER AT STUDIO SEINE, PARIS AND DON CANNON AT MEAN STREET STUDIOS, AT LANTA, GA MIXED BY NOAH GOLDSTEIN AT NO NAME HOTEL, PARIS PRODUCTION COORDINATION FOR CANNON MUSIC BY KEKE AND AMY FOR COOKIES AND MILK. CONTAINS SAMPLES OF \u201cSHAKE YOUR BOOTY\u201d PERFORMED BY BUNNY SIGLER, USED COURTESY OF SONY MUSIC ENTERTAINMENT. WRITTEN BY B. SIGLER AND PUBLISHED BY WARNER-TAMERLANE PUBLISHING CORP. (BMI). USED BY PERMISSION. ALL RIGHTS RESERVED. CONTAINS SAMPLES OF THE RECORDING \u201cINTRO/A MILLION AND ONE QUESTIONS/RHYME NO MORE\u201d PERFORMED BY JAY Z. COURTESY OF THE ISLAND DEF JAM MUSIC GROUP, UNDER LICENSE FROM UNIVERSAL MUSIC ENTERPRISES. WRITTEN BY S. CARTER AND C. MARTIN, PUBLISHED BY EMI BLACKWOOD MUSIC INC. (BMI)/EMI APRIL MUSIC INC. (ASCAP)/LIL LU LU PUBLISHING (ASCAP)/GIFTED PEARL MUSIC INC. (ASCAP). USED BY PERMISSION. ALL RIGHTS RESERVED CONTAINS SAMPLES OF \u201cPOTS AND PANS\u201d PERFORMED BY LUKE VIBERT, USED COURTESY OF UNIVERSAL MUSIC PUBLISHING LIMITED. WRITTEN BY A. KING AND J MATTHEWS, PUBLISHED BY UNIVERSAL MUSIC PUBLISHING LIMITED\n\n3. SWEET SERENADE FEAT. CHRIS BROWN  (T THORNTON, K. DEAN, K. WEST, C. BROWN)(BMI/SESAC) PRODUCED BY SWIZZ BEATZ FOR SWIZZ BEATZ PRODUCTIONS, INC. AND MONSTER MUSIC GROUP ADDITIONAL PRODUCTION BY KANYE WEST RECORDED BY PAUL BAILEY AT THOMAS CROWN STUDIOS, VIRGINIA BEACH, VA MIXED BY ANTHONY KILHOFFER AT THE SPOT STUDIOS, LOS ANGELES, CA MIX ASSISTED BY KYLE ROSS CHRIS BROWN APPEARS COURTESY OF RCA RECORDS\n\n4. HOLD ON FEAT. RICK ROSS  (T. THORNTON, K. WEST, R. BIRCHARD, W. ROBERTS, M. HAWKINS, J. HUTSON, L HUTSON, J. REAVES, W. NORMAN) (BMI/ASCAP) PRODUCED BY KANYE WEST AND HUDSON MOHAWKE RECORDED BY NOAH GOLDSTEIN AT ISLAND SOUND STUDIOS, HAWAII MIXED BY NOAH GOLDSTEIN AT NO NAME STUDIO, NYC KEYS: DARHYL \u201cDJ\u201d CAMPER CONTAINS SAMPLES OF \u201cGHET-TO-FUNK\u201d PERFORMED BY DURALCHA, USED COURTESY OF THE NUMERO GROUP. WRITTEN BY W. NORMAN, PUBLISHED BY DUST INDEX (BMI)\n\n5. SUICIDE FEAT. AB-LIVA  (T. THORNTON, P. WILLIAMS, R. EAST) (BMI/ASCAP) PRODUCED BY PHARRELL WILLIAMS RECORDED BY MIKE LARSON FOR I AM OTHER ENTERTAINMENT AND PAUL BAILEY RECORDED AT CIRCLE HOUSE STUDIOS, MIAMI FL AND THOMAS CROWN STUDIOS, VIRGINIA BEACH, VA ASSISTED BY MATTHEW DESRAMEAUX AND GENNARO SCHIANO DIGITAL ARRANGEMENT AND EDITING BY MIKE LARSON MIXED BY MIKE LARSON FOR I AM OTHER ENTERTAINMENT AT SETAI RECORDING STUDIO, MIAMI BEACH, FL ASSISTED BY ALEKS WHITE\n\n6. 40 ACRES FEAT. THE- DREAM  (T. THORNTON, R. LAMARRE, T. NASH) PRODUCED BY RICO BEATS FOR STARLIFE ENT. & WILLIAM VICTOR MANAGEMENT AND TERIUS \u201cTHE DREAM\u201d NASH FOR RADIOKILLARECORDS.COM SINCE 1977 RECORDED BY PATRICK THRALL AT SETAI STUDIOS, MIAMI BEACH, FL MIXED BY NOAH GOLDSTEIN AT NO NAME STUDIO, NYC\n\n7. NO REGRETS FEAT. JEEZY AND KEVIN COSSOM  (T. THORNTON, R. BIRCHARD, B. YEWAH, J. JENKINS, K. COSSOM) (BMI/ASCAP/WARNER TAMERLANE MUSIC PUBLISHING) PRODUCED BY HUDSON MOHAWKE CO-PRODUCED BY BOBBY \u201cBEEWIRKS\u201d YEWAH RECORDED BY NOAH GOLDSTEIN AT ISLAND SOUND STUDIOS, HAWAII; PAUL BAILEY AT THOMAS CROWN STUDIOS, VIRGINIA BEACH, VA; AND TONY REY AT EASY LOVE STUDIOS, AT LANTA, GA MIXED BY ANTHONY KILHOFFER AT THE SPOT STUDIOS, LOS ANGELES, CA AND NOAH GOLDSTEIN AT NO NAME STUDIO, NYC MIX ASSISTED BY KYLE ROSS\n\n8. LET ME LOVE YOU FEAT. KELLY ROWLAND  (T. THORNTON, T. NASH, J. GLASS, J THYBO, N. JOHNSEN) (BMI/ASCAP/JEPPE THYBO PUBLISHING DESIGNEE (KODA)/NICK MARCUS PUBLISHING DESIGNEE (KODA) PRODUCED BY TERIUS \u201cTHE-DREAM\u201d NASH FOR RADIOKILLARECORDS.COM SINCE 1977 ADDITIONAL PRODUCTION BY GLASS JOHN RECORDED BY BART SCHOUDEL AT SILENT SOUND STUDIOS, AT LANTA GA AND SETAI STUDIOS, MIAMI, FL MIXED BY NOAH GOLDSTEIN AT NO NAME STUDIO, NYC KELLY ROWLAND APPEARS COURTESY OF UNIVERSAL REPUBLIC RECORDS CONTAINS SAMPLES OF \u201cAUDITION\u201d PERFORMED BY THE ROBOTBOYS, USED COURTESY OF ROBOTSOUNDS. WRITTEN BY J. THYBO AND N. JOHNSEN, PUBLISHED BY PUBLISHING DESIGNEE OF JEPPE THYBO (KODA)/PUBLISHING DESIGNEE OF NICK MARCUS JOHNSEN (KODA)\n\n9. WHO I AM FEAT. 2 CHAINZ AND BIG SEAN  (T. THORNTON, K. WEST, E. NICKERSON, T. EPPS, S. ANDERSON, D SCROGGINS, S. KWESI) (BMI/ASCAP) PRODUCED BY KANYE WEST FOR VERY GOOD BEATS AND MANO FOR TREATED CREW RECORDED BY NOAH GOLDSTEIN AT STUDIO DE LA SEINE, PARIS MIXED BY ANTHONY KILHOFFER AT THE SPOT STUDIOS, LOS ANGELES, CA MIX ASSISTED BY KYLE ROSS 2 CHAINZ VOCALS RECORDED AND MIXED BY FINIS \u201cKY\u201d WHITE FOR KY RECORDINGS AT DEUCE STATION, AT LANTA, GA 2 CHAINZ APPEARS COURTESY OF THE REAL UNIVERSITY (T.R.U.)/THE ISLAND DEF JAM MUSIC GROUP CONTAINS A SAMPLE OF \u201cU.F.O\u201d PERFORMED BY ESG USED COURTESY OF FIRE RECORDS. WRITTEN BY D. SCROGGINS, PUBLISHED BY FIRE PUBLISHING. CONTAINS SAMPLES OF \u201cLGOYH\u201d PERFORMED BY KWES, USED COURTESY OF WARP RECORDS. USED BY PERMISSION WRITTEN BY SEY KWESI, COURTESY OF WARP MUSIC LIMITED (ASCAP). ALL RIGHTS RESERVED\n\n10. NOSETALGIA FEAT KENDRICK LAMAR  (T. THORNTON, K. WEST, D. LAMB, A. KHAN, K.DUCKWORTH, S. LAROCK, L. PARKER, H. BANKS C. HAMPTON, R. JACKSON, T. HORN, M. MCLAREN) (BMI/ASCAP) PRODUCED BY KANYE WEST AND NOTTZ ADDITIONAL PRODUCTION BY TWILITE TONE RECORDED BY NOAH GOLDSTEIN AT STUDIO DE LA SEINE, PARIS MIXED BY NOAH GOLDSTEIN AT NO NAME STUDIO, NYC KENDRICK LAMAR APPEARS COURTESY OF TOP DAWG ENTERTAINMENT AFTERMATH ENTERTAINMENT/INTERSCOPE RECORDS CONTAINS SAMPLES OF \u201cTHE BRIDGE IS OVER\u201d PERFORMED BY BOOGIE DOWN PRODUCTIONS, USED COURTESY OF PHASE ONE NETWORK, INC. WRITTEN BY S. LAROCK AND K. PARKER, PUBLISHED BY UNIVERSAL MUSIC-Z TUNES LLC (ASCAP). USED BY PERMISSION. ALL RIGHTS RESERVED CONTAINS SAMPLES OF \u201c(IF LOVING YOU IS WRONG) I DON\u2019T WANT TO BE RIGHT\u201d AS PERFORMED BY BOBBY BLAND. COURTESY OF GEFFEN RECORDS, INC. UNDER LICENSE FROM UNIVERSAL MUSIC ENTERPRISES. WRITTEN BY HOMER BANKS, CARL HAMPTON AND RAYMOND JACKSON, PUBLISHED BY IRVING MUSIC, INC. (BMI). USED BY PERMISSION. ALL RIGHTS RESERVED. CONTAINS SAMPLES OF \u201cDO YOU LIKE SCRATCHIN\u2019\u201d PERFORMED BY MALCOLM MCLAREN, USED COURTESY OF UNIVERSAL MUSIC UK LIMITED. WRITTEN BY T. HORN AND M. MCLAREN PUBLISHED BY SONGS OF PEER LTD . (ASCAP)/DOWNTOWN MUSIC PUBLISHING (BMI). USED BY PERMISSION. ALL RIGHTS RESERVED\n\n11. PAIN FEAT. FUTURE  (T. THORNTON, K. WEST, N. WILBURN, L. PYARELAL, A. BAKSHI) (BMI/ASCAP) PRODUCED BY KANYE WEST CO-PRODUCED BY NO I.D. RECORDED BY ANTHONY KILHOFFER AND NOAH GOLDSTEIN AT STRATOSPHERE STUDIOS, NYC & JUNGLE CITY STUDIOS, NYC ASSISTED BY KEITH PARRY AT JUNGLE CITY STUDIOS MIXED BY NOAH GOLDSTEIN AT STUDIOS DE LA SEINE, PARIS ADDITIONAL PROGRAMMING BY NOAH GOLDSTEIN AND CHE POPE ADDITIONAL INSTRUMENTS BY JEFF BHASKER ADDITIONAL VOCALS BY SHAWN \u201cPECAS\u201d COSTNER FUTURE APPEARS COURTESY OF A1/FREEBANDZ/EPIC RECORDS CONTAINS SAMPLES OF THE RECORDING \u201cMY NAME IS ANTHONY GONSALVES\u201d AS PERFORMED BY KISHMORE KUMAR. COURTESY OF FONTANA INDIA, UNDER LICENSE FROM UNIVERSAL MUSIC INDIA PVT. LTD . USED BY PERMISSION. ALL RIGHTS RESERVED WRITTEN BY L. PYARELAL AND A. BAKSHI AND PUBLISHED BY UNIVERSAL POLYGRAM INTERNATIONAL, INC. (ASCAP) CONTAINS SAMPLES FROM \u201cB\u00d4DAS DE SANGUE\u201d BY MARCOS VALLE, USED COURTESY OF EMI RECORDS (BRAZIL)\nUNDER LICENSE FROM EMI MUSIC MARKETING. WRITTEN BY M. VALLE, PUBLISHED BY COLGEMS-EMI MUSIC INC (ASCAP)\n\n12. S.N.I.T.C.H. FEAT. PHARRELL  (T. THORNTON, P. WILLIAMS) (BMI/ASCAP) PRODUCED BY PHARRELL WILLIAMS RECORDED BY MIKE LARSON FOR I AM OTHER ENTERTAINMENT AND PAUL BAILEY RECORDED AT CIRCLE HOUSE STUDIOS, MIAMI, FL AND THOMAS CROWN STUDIOS, VIRGINIA BEACH, VA ASSISTED BY MATTHEW DESRAMEAUX AND GENNARO SCHIANO DIGITAL ARRANGEMENT AND EDITING BY MIKE LARSON MIXED BY MIKE LARSON FOR I AM OTHER ENTERTAINMENT AT SETAI RECORDING STUDIO, MIAMI BEACH, FL ASSISTED BY ALEKS WHITE PHARRELL APPEARS COURTESY OF COLUMBIA RECORDS\n\nEXECUTIVE PRODUCER: KANYE WEST EXECUTIVE PRODUCERS: TERRENCE \u201cPUSHA T\u201d THORNTON AND STEVEN VICTOR A&R; TERIUS \u201cTHE-DREAM\u201d NASH A&R FOR RE-UP GANG: RENNARD \u201cAB-LIVA\u201d EAST A&R FOR G.O.O.D. MUSIC: CH\u00c9 POPE A&R ADMINISTRATION: TERESE JOSEPH A&R; COORDINATION: LEESA D. BRUNSON AND SCOTT MARCUS MASTERED BY VLADO MELLER AT MASTERDISK NYC MARKETING: AKINAH RAHMAAN MANAGEMENT: STEVEN VICTOR DONDA CREATIVE DIRECTOR \u2013 VIRGIL ABLOH PROJECT CREATIVE DIRECTOR AND GRAPHIC DESIGN \u2013 JOE PEREZ ASSITANT GRAPHIC DESIGN - GEO PHOTOGRAPHY \u2013 FA BIEN MONTIQUE CREATIVE DIRECTOR OF GOOD MUSIC \u2013 MATTHEW WILLIAMS DONDA ART DIRECTOR \u2013 JUSTIN SAUNDERS COVER CONCEPT: JESSE KANDA MARKETING & CREATIVE DIRECTION FOR PUSHA T: CAPRICORN CLARKE ART & PHOTOGRAPHY PRODUCTION: KRISTEN YIENGST AND TAI LINZIE PACKAGE PRODUCTION: ANDY PROCTOR LEGAL COUNSEL: THEO SEDLMAYR, LISA DONINI AND CHARLIE SCOTT FOR SEDLMAYR & ASSOCIATES, P.C. CLEARANCES: ERIC WEISSMAN MUSIC LICENSING INC. BUSINESS AFFAIRS: NICOLE WYSKOARKO, IAN ALLEN, ANTOINETTE TROTMAN, VOL S. DAVIS, III \u2117&\u00a9 2013 GETTING OUT OUR DREAMS INC THE ISLAND DEF JAM MUSIC GROUP A DIVISION OF UMG RECORDINGS INC 1755 BROADWAY NEW YORK NEW YORK 10019 DISTRIBUTED BY UNIVERSAL MUSIC DISTRIBUTION ALL RIGHTS RESERVED B0018704-02 WWW.PUSHA-T.COM WWW.DEFJAM.COM\n\n\n\n\n  ", 
        "pro": {
            "producers": [
                "Kanye West"
            ], 
            "blocks": {
                "verses": [], 
                "hooks": [], 
                "remainders": [
                    {
                        "header": "    \n  1. KING PUSH  (T. THORNTON, K. WEST, S. SARTOR) (BMI/SEBASTIAN SARTOR PUBLISHING DESIGNEE)", 
                        "text hash": "606f4bcf42f2dc4b5c5dc1bd49ec0f13", 
                        "artist": "Pusha T", 
                        "text": " PRODUCED BY KANYE WEST AND SEBASTIAN SARTOR RECORDED BY PAUL BAILEY AT THOMAS CROWN STUDIOS, VIRGINIA BEACH VA MIXED BY NOAH GOLDSTEIN AT NO NAME STUDIO, NYC ADDITIONAL MUSIC BY KEN LEWIS AND BRENT KOLATALO"
                    }, 
                    {
                        "header": "2. NUMBERS ON THE BOARDS  (T. THORNTON, D. CANNON, K. WEST, C. NJAPA, B. SIGLER, S. CARTER, C. MARTIN, A KING, J. MATTHEWS) (BMI/ASCAP) PRODUCED BY DON CANNON FOR CANNON MUSIC, LLC AND KANYE WEST. ADDITIONAL PRODUCTION BY CHARLES M. NJAPA PKA 88-KEYS RECORDED BY ANTHONY KILHOFFER AT STUDIO SEINE, PARIS AND DON CANNON AT MEAN STREET STUDIOS, AT LANTA, GA MIXED BY NOAH GOLDSTEIN AT NO NAME HOTEL, PARIS PRODUCTION COORDINATION FOR CANNON MUSIC BY KEKE AND AMY FOR COOKIES AND MILK. CONTAINS SAMPLES OF \u201cSHAKE YOUR BOOTY\u201d PERFORMED BY BUNNY SIGLER, USED COURTESY OF SONY MUSIC ENTERTAINMENT. WRITTEN BY B. SIGLER AND PUBLISHED BY WARNER-TAMERLANE PUBLISHING CORP. (BMI). USED BY PERMISSION. ALL RIGHTS RESERVED. CONTAINS SAMPLES OF THE RECORDING \u201cINTRO/A MILLION AND ONE QUESTIONS/RHYME NO MORE\u201d PERFORMED BY JAY Z. COURTESY OF THE ISLAND DEF JAM MUSIC GROUP, UNDER LICENSE FROM UNIVERSAL MUSIC ENTERPRISES. WRITTEN BY S. CARTER AND C. MARTIN, PUBLISHED BY EMI BLACKWOOD MUSIC INC. (BMI)/EMI APRIL MUSIC INC. (ASCAP)/LIL LU LU PUBLISHING (ASCAP)/GIFTED PEARL MUSIC INC. (ASCAP)", 
                        "text hash": "e101e5e7d8eaadb26fb1c52c02c08520", 
                        "artist": "Pusha T", 
                        "text": ". USED BY PERMISSION. ALL RIGHTS RESERVED CONTAINS SAMPLES OF \u201cPOTS AND PANS\u201d PERFORMED BY LUKE VIBERT, USED COURTESY OF UNIVERSAL MUSIC PUBLISHING LIMITED. WRITTEN BY A. KING AND J MATTHEWS, PUBLISHED BY UNIVERSAL MUSIC PUBLISHING LIMITED"
                    }, 
                    {
                        "header": "3. SWEET SERENADE FEAT. CHRIS BROWN  (T THORNTON, K. DEAN, K. WEST, C. BROWN)(BMI/SESAC)", 
                        "text hash": "79430010c1b3160a03ae214fa94b2f06", 
                        "artist": "Pusha T", 
                        "text": " PRODUCED BY SWIZZ BEATZ FOR SWIZZ BEATZ PRODUCTIONS, INC. AND MONSTER MUSIC GROUP ADDITIONAL PRODUCTION BY KANYE WEST RECORDED BY PAUL BAILEY AT THOMAS CROWN STUDIOS, VIRGINIA BEACH, VA MIXED BY ANTHONY KILHOFFER AT THE SPOT STUDIOS, LOS ANGELES, CA MIX ASSISTED BY KYLE ROSS CHRIS BROWN APPEARS COURTESY OF RCA RECORDS"
                    }, 
                    {
                        "header": "4. HOLD ON FEAT. RICK ROSS  (T. THORNTON, K. WEST, R. BIRCHARD, W. ROBERTS, M. HAWKINS, J. HUTSON, L HUTSON, J. REAVES, W. NORMAN) (BMI/ASCAP) PRODUCED BY KANYE WEST AND HUDSON MOHAWKE RECORDED BY NOAH GOLDSTEIN AT ISLAND SOUND STUDIOS, HAWAII MIXED BY NOAH GOLDSTEIN AT NO NAME STUDIO, NYC KEYS: DARHYL \u201cDJ\u201d CAMPER CONTAINS SAMPLES OF \u201cGHET-TO-FUNK\u201d PERFORMED BY DURALCHA, USED COURTESY OF THE NUMERO GROUP. WRITTEN BY W. NORMAN, PUBLISHED BY DUST INDEX (BMI)", 
                        "text hash": "0b075ebcfb634ebe84bca952867c59b7", 
                        "artist": "DARHYL \u201cDJ\u201d CAMPER CONTAINS SAMPLES OF \u201cGHET-TO-FUNK\u201d PERFORMED BY DURALCHA, USED COURTESY OF THE NUMERO GROUP. WRITTEN BY W. NORMAN, PUBLISHED BY DUST INDEX (BMI)", 
                        "text": "5. SUICIDE FEAT. AB-LIVA  "
                    }, 
                    {
                        "header": "(T. THORNTON, P. WILLIAMS, R. EAST) (BMI/ASCAP)", 
                        "text hash": "83718d49c1f304b7bfac06238354c00f", 
                        "artist": "Pusha T", 
                        "text": " PRODUCED BY PHARRELL WILLIAMS RECORDED BY MIKE LARSON FOR I AM OTHER ENTERTAINMENT AND PAUL BAILEY RECORDED AT CIRCLE HOUSE STUDIOS, MIAMI FL AND THOMAS CROWN STUDIOS, VIRGINIA BEACH, VA ASSISTED BY MATTHEW DESRAMEAUX AND GENNARO SCHIANO DIGITAL ARRANGEMENT AND EDITING BY MIKE LARSON MIXED BY MIKE LARSON FOR I AM OTHER ENTERTAINMENT AT SETAI RECORDING STUDIO, MIAMI BEACH, FL ASSISTED BY ALEKS WHITE"
                    }, 
                    {
                        "header": "6. 40 ACRES FEAT. THE- DREAM  (T. THORNTON, R. LAMARRE, T. NASH)", 
                        "text hash": "ad84e9c72cda7aa0e7bbb48df6e62a40", 
                        "artist": "Pusha T", 
                        "text": " PRODUCED BY RICO BEATS FOR STARLIFE ENT. & WILLIAM VICTOR MANAGEMENT AND TERIUS \u201cTHE DREAM\u201d NASH FOR RADIOKILLARECORDS.COM SINCE 1977 RECORDED BY PATRICK THRALL AT SETAI STUDIOS, MIAMI BEACH, FL MIXED BY NOAH GOLDSTEIN AT NO NAME STUDIO, NYC"
                    }, 
                    {
                        "header": "7. NO REGRETS FEAT. JEEZY AND KEVIN COSSOM  (T. THORNTON, R. BIRCHARD, B. YEWAH, J. JENKINS, K. COSSOM) (BMI/ASCAP/WARNER TAMERLANE MUSIC PUBLISHING)", 
                        "text hash": "8afeb1c0b4e87a3b8fa7d00d4b272c3c", 
                        "artist": "Pusha T", 
                        "text": " PRODUCED BY HUDSON MOHAWKE CO-PRODUCED BY BOBBY \u201cBEEWIRKS\u201d YEWAH RECORDED BY NOAH GOLDSTEIN AT ISLAND SOUND STUDIOS, HAWAII; PAUL BAILEY AT THOMAS CROWN STUDIOS, VIRGINIA BEACH, VA; AND TONY REY AT EASY LOVE STUDIOS, AT LANTA, GA MIXED BY ANTHONY KILHOFFER AT THE SPOT STUDIOS, LOS ANGELES, CA AND NOAH GOLDSTEIN AT NO NAME STUDIO, NYC MIX ASSISTED BY KYLE ROSS"
                    }, 
                    {
                        "header": "8. LET ME LOVE YOU FEAT. KELLY ROWLAND  (T. THORNTON, T. NASH, J. GLASS, J THYBO, N. JOHNSEN) (BMI/ASCAP/JEPPE THYBO PUBLISHING DESIGNEE (KODA)/NICK MARCUS PUBLISHING DESIGNEE (KODA) PRODUCED BY TERIUS \u201cTHE-DREAM\u201d NASH FOR RADIOKILLARECORDS.COM SINCE 1977 ADDITIONAL PRODUCTION BY GLASS JOHN RECORDED BY BART SCHOUDEL AT SILENT SOUND STUDIOS, AT LANTA GA AND SETAI STUDIOS, MIAMI, FL MIXED BY NOAH GOLDSTEIN AT NO NAME STUDIO, NYC KELLY ROWLAND APPEARS COURTESY OF UNIVERSAL REPUBLIC RECORDS CONTAINS SAMPLES OF \u201cAUDITION\u201d PERFORMED BY THE ROBOTBOYS, USED COURTESY OF ROBOTSOUNDS. WRITTEN BY J. THYBO AND N. JOHNSEN, PUBLISHED BY PUBLISHING DESIGNEE OF JEPPE THYBO (KODA)/PUBLISHING DESIGNEE OF NICK MARCUS JOHNSEN (KODA)", 
                        "text hash": "39d721d36f47b46e92056efeaa69b5a4", 
                        "artist": "Pusha T", 
                        "text": "9. WHO I AM FEAT. 2 CHAINZ AND BIG SEAN  "
                    }, 
                    {
                        "header": "(T. THORNTON, K. WEST, E. NICKERSON, T. EPPS, S. ANDERSON, D SCROGGINS, S. KWESI) (BMI/ASCAP) PRODUCED BY KANYE WEST FOR VERY GOOD BEATS AND MANO FOR TREATED CREW RECORDED BY NOAH GOLDSTEIN AT STUDIO DE LA SEINE, PARIS MIXED BY ANTHONY KILHOFFER AT THE SPOT STUDIOS, LOS ANGELES, CA MIX ASSISTED BY KYLE ROSS 2 CHAINZ VOCALS RECORDED AND MIXED BY FINIS \u201cKY\u201d WHITE FOR KY RECORDINGS AT DEUCE STATION, AT LANTA, GA 2 CHAINZ APPEARS COURTESY OF THE REAL UNIVERSITY (T.R.U.)/THE ISLAND DEF JAM MUSIC GROUP CONTAINS A SAMPLE OF \u201cU.F.O\u201d PERFORMED BY ESG USED COURTESY OF FIRE RECORDS. WRITTEN BY D. SCROGGINS, PUBLISHED BY FIRE PUBLISHING. CONTAINS SAMPLES OF \u201cLGOYH\u201d PERFORMED BY KWES, USED COURTESY OF WARP RECORDS. USED BY PERMISSION WRITTEN BY SEY KWESI, COURTESY OF WARP MUSIC LIMITED (ASCAP)", 
                        "text hash": "5fac334e153f8f1757db5c8256bd19f2", 
                        "artist": "Pusha T", 
                        "text": ". ALL RIGHTS RESERVED"
                    }, 
                    {
                        "header": "10. NOSETALGIA FEAT KENDRICK LAMAR  (T. THORNTON, K. WEST, D. LAMB, A. KHAN, K.DUCKWORTH, S. LAROCK, L. PARKER, H. BANKS C. HAMPTON, R. JACKSON, T. HORN, M. MCLAREN) (BMI/ASCAP) PRODUCED BY KANYE WEST AND NOTTZ ADDITIONAL PRODUCTION BY TWILITE TONE RECORDED BY NOAH GOLDSTEIN AT STUDIO DE LA SEINE, PARIS MIXED BY NOAH GOLDSTEIN AT NO NAME STUDIO, NYC KENDRICK LAMAR APPEARS COURTESY OF TOP DAWG ENTERTAINMENT AFTERMATH ENTERTAINMENT/INTERSCOPE RECORDS CONTAINS SAMPLES OF \u201cTHE BRIDGE IS OVER\u201d PERFORMED BY BOOGIE DOWN PRODUCTIONS, USED COURTESY OF PHASE ONE NETWORK, INC. WRITTEN BY S. LAROCK AND K. PARKER, PUBLISHED BY UNIVERSAL MUSIC-Z TUNES LLC (ASCAP). USED BY PERMISSION. ALL RIGHTS RESERVED CONTAINS SAMPLES OF \u201c(IF LOVING YOU IS WRONG) I DON\u2019T WANT TO BE RIGHT\u201d AS PERFORMED BY BOBBY BLAND. COURTESY OF GEFFEN RECORDS, INC. UNDER LICENSE FROM UNIVERSAL MUSIC ENTERPRISES. WRITTEN BY HOMER BANKS, CARL HAMPTON AND RAYMOND JACKSON, PUBLISHED BY IRVING MUSIC, INC. (BMI). USED BY PERMISSION. ALL RIGHTS RESERVED. CONTAINS SAMPLES OF \u201cDO YOU LIKE SCRATCHIN\u2019\u201d PERFORMED BY MALCOLM MCLAREN, USED COURTESY OF UNIVERSAL MUSIC UK LIMITED. WRITTEN BY T. HORN AND M. MCLAREN PUBLISHED BY SONGS OF PEER LTD . (ASCAP)/DOWNTOWN MUSIC PUBLISHING (BMI)", 
                        "text hash": "ed82a5eeb52429b2ba3b4cec5248d604", 
                        "artist": "Pusha T", 
                        "text": ". USED BY PERMISSION. ALL RIGHTS RESERVED"
                    }, 
                    {
                        "header": "11. PAIN FEAT. FUTURE  (T. THORNTON, K. WEST, N. WILBURN, L. PYARELAL, A. BAKSHI) (BMI/ASCAP) PRODUCED BY KANYE WEST CO-PRODUCED BY NO I.D. RECORDED BY ANTHONY KILHOFFER AND NOAH GOLDSTEIN AT STRATOSPHERE STUDIOS, NYC & JUNGLE CITY STUDIOS, NYC ASSISTED BY KEITH PARRY AT JUNGLE CITY STUDIOS MIXED BY NOAH GOLDSTEIN AT STUDIOS DE LA SEINE, PARIS ADDITIONAL PROGRAMMING BY NOAH GOLDSTEIN AND CHE POPE ADDITIONAL INSTRUMENTS BY JEFF BHASKER ADDITIONAL VOCALS BY SHAWN \u201cPECAS\u201d COSTNER FUTURE APPEARS COURTESY OF A1/FREEBANDZ/EPIC RECORDS CONTAINS SAMPLES OF THE RECORDING \u201cMY NAME IS ANTHONY GONSALVES\u201d AS PERFORMED BY KISHMORE KUMAR. COURTESY OF FONTANA INDIA, UNDER LICENSE FROM UNIVERSAL MUSIC INDIA PVT. LTD . USED BY PERMISSION. ALL RIGHTS RESERVED WRITTEN BY L. PYARELAL AND A. BAKSHI AND PUBLISHED BY UNIVERSAL POLYGRAM INTERNATIONAL, INC. (ASCAP) CONTAINS SAMPLES FROM \u201cB\u00d4DAS DE SANGUE\u201d BY MARCOS VALLE, USED COURTESY OF EMI RECORDS (BRAZIL)", 
                        "text hash": "1dd50d7d7d89f9fcf6e8acdcc8238dd1", 
                        "artist": "Pusha T", 
                        "text": "UNDER LICENSE FROM EMI MUSIC MARKETING. WRITTEN BY M. VALLE, PUBLISHED BY COLGEMS-EMI MUSIC INC "
                    }, 
                    {
                        "header": "(ASCAP)", 
                        "text hash": "72892d2e58c895e22d2165435d327ff2", 
                        "artist": "Pusha T", 
                        "text": "12. S.N.I.T.C.H. FEAT. PHARRELL  "
                    }, 
                    {
                        "header": "(T. THORNTON, P. WILLIAMS) (BMI/ASCAP)", 
                        "text hash": "b2dde7c40f4e4d52aa7da67675e3fbb2", 
                        "artist": "Pusha T", 
                        "text": " PRODUCED BY PHARRELL WILLIAMS RECORDED BY MIKE LARSON FOR I AM OTHER ENTERTAINMENT AND PAUL BAILEY RECORDED AT CIRCLE HOUSE STUDIOS, MIAMI, FL AND THOMAS CROWN STUDIOS, VIRGINIA BEACH, VA ASSISTED BY MATTHEW DESRAMEAUX AND GENNARO SCHIANO DIGITAL ARRANGEMENT AND EDITING BY MIKE LARSON MIXED BY MIKE LARSON FOR I AM OTHER ENTERTAINMENT AT SETAI RECORDING STUDIO, MIAMI BEACH, FL ASSISTED BY ALEKS WHITE PHARRELL APPEARS COURTESY OF COLUMBIA RECORDS"
                    }
                ]
            }, 
            "order": [
                "(T. THORNTON, K. WEST, R. BIRCHARD, W. ROBERTS, M. HAWKINS, J. HUTSON, L HUTSON, J. REAVES, W. NORMAN) (BMI/ASCAP) PRODUCED BY KANYE WEST AND HUDSON MOHAWKE RECORDED BY NOAH GOLDSTEIN AT ISLAND SOUND STUDIOS, HAWAII MIXED BY NOAH GOLDSTEIN AT NO NAME STUDIO, NYC KEYS: DARHYL \u201cDJ\u201d CAMPER CONTAINS SAMPLES OF \u201cGHET-TO-FUNK\u201d PERFORMED BY DURALCHA, USED COURTESY OF THE NUMERO GROUP. WRITTEN BY W. NORMAN, PUBLISHED BY DUST INDEX (BMI)", 
                "(T. THORNTON, T. NASH, J. GLASS, J THYBO, N. JOHNSEN) (BMI/ASCAP/JEPPE THYBO PUBLISHING DESIGNEE (KODA)/NICK MARCUS PUBLISHING DESIGNEE (KODA) PRODUCED BY TERIUS \u201cTHE-DREAM\u201d NASH FOR RADIOKILLARECORDS.COM SINCE 1977 ADDITIONAL PRODUCTION BY GLASS JOHN RECORDED BY BART SCHOUDEL AT SILENT SOUND STUDIOS, AT LANTA GA AND SETAI STUDIOS, MIAMI, FL MIXED BY NOAH GOLDSTEIN AT NO NAME STUDIO, NYC KELLY ROWLAND APPEARS COURTESY OF UNIVERSAL REPUBLIC RECORDS CONTAINS SAMPLES OF \u201cAUDITION\u201d PERFORMED BY THE ROBOTBOYS, USED COURTESY OF ROBOTSOUNDS. WRITTEN BY J. THYBO AND N. JOHNSEN, PUBLISHED BY PUBLISHING DESIGNEE OF JEPPE THYBO (KODA)/PUBLISHING DESIGNEE OF NICK MARCUS JOHNSEN (KODA)", 
                "(T. THORNTON, K. WEST, N. WILBURN, L. PYARELAL, A. BAKSHI) (BMI/ASCAP) PRODUCED BY KANYE WEST CO-PRODUCED BY NO I.D. RECORDED BY ANTHONY KILHOFFER AND NOAH GOLDSTEIN AT STRATOSPHERE STUDIOS, NYC & JUNGLE CITY STUDIOS, NYC ASSISTED BY KEITH PARRY AT JUNGLE CITY STUDIOS MIXED BY NOAH GOLDSTEIN AT STUDIOS DE LA SEINE, PARIS ADDITIONAL PROGRAMMING BY NOAH GOLDSTEIN AND CHE POPE ADDITIONAL INSTRUMENTS BY JEFF BHASKER ADDITIONAL VOCALS BY SHAWN \u201cPECAS\u201d COSTNER FUTURE APPEARS COURTESY OF A1/FREEBANDZ/EPIC RECORDS CONTAINS SAMPLES OF THE RECORDING \u201cMY NAME IS ANTHONY GONSALVES\u201d AS PERFORMED BY KISHMORE KUMAR. COURTESY OF FONTANA INDIA, UNDER LICENSE FROM UNIVERSAL MUSIC INDIA PVT. LTD . USED BY PERMISSION. ALL RIGHTS RESERVED WRITTEN BY L. PYARELAL AND A. BAKSHI AND PUBLISHED BY UNIVERSAL POLYGRAM INTERNATIONAL, INC. (ASCAP) CONTAINS SAMPLES FROM \u201cB\u00d4DAS DE SANGUE\u201d BY MARCOS VALLE, USED COURTESY OF EMI RECORDS (BRAZIL)", 
                "(ASCAP)"
            ], 
            "artist": "Pusha T"
        }
    },
    "No Grand": {
        "raw": "\n    \n  [Intro]\nNo murda, no grand\nFuck with them niggas\nIt's a hand\n\n[Drake: Verse 1]\nI ain't got no time for yo shit\nBe ready cause i'm ready for yo shit\nIf a nigga play throw yo shit\nThat's a free throw for yo shit\nShe a bitch and i'm a nigga\nBut niggas only shop at Tommy Hilfigure\nTest me and you get a bag full of jiggas\nBut Tommy I just wanna say you a nigga\nI don't get paid for doin' nothin'\nMoney say it has to be somethin'\nI get no grand every night\nBut they just don't know how to do it right\n\n[Jeremiah - Hook]\nNo murda, no grand\nMess with them homies\nIt's a hand (8x)\n\n[Pusha T: Verse 2]\nYeah, no grand\nI ain't got no money today\nBut I would in my ways\nThat's not funny, damn\nI love money, damn\nYou gotta criticize, damn it\nAin't nobody be giving me money\nRich niggas think i'm lonley\nBut usually bad bitches are just phonies\nCause they be ridin' some damn ponies\nI like bitches cause they always do the right thing\nThey like me too cause i'm their kings\nShout to my favorite bitch Nicki Minaj\nShe so sexy how do they men`age\nNicki Minaj, Jeremih and Drake\nI like them cause they don't act fake\nScream out your name \"Pusha T\"\n\"Shut the hell up, i'm like a teen\"\n\"It's okay, I got it like that\"\nPull up to the house in my Cadillac\nI ain't got no time to wait for a pack\nThey just have no grand to the max\n\n[Hook]\n\n[Nicki Minaj: Verse 3]\nYo, I don't come to the show and get no grand\nI'll cut you off like the boss in second hand\nThat dude is my man, so back off he's an island\nTravel to Europe then Japan\nI be tryna step up to a nigga but he just run\nLike I said in the other song these girls are my sons\nI like to mess with fake niggas, I try to mess with real niggas\nI'm on a hill nigga, can't you see that it's a lil' bigger\nThem some dirty-doo-diggers, They like to take some pills niggas\nI only got it when it's time to pay, I like it when it's time to play\nYeah, yeah, yeah, yeah, yay\nIt's so good that I want you to stay\nWe only could get no grand from your boss\nWe have to get some grand and go shoppin' at the mall\nJust ball like your enjoyin' the song\nJust call if somethin's wrong\nNicki has somethin' to say\nBye, bye, bye atleast I had it my way\n\n[Hook]\n\n\n\n\n  ", 
        "pro": {
            "features": [
                "Drake", 
                "Jeremih", 
                "Nicki Minaj"
            ], 
            "blocks": {
                "verses": [
                    {
                        "header": "[Drake: Verse 1]", 
                        "text hash": "5d40ba3ff5b42ab679022e4f3a7ad2a8", 
                        "artist": "Drake", 
                        "text": "I ain't got no time for yo shit\nBe ready cause i'm ready for yo shit\nIf a nigga play throw yo shit\nThat's a free throw for yo shit\nShe a bitch and i'm a nigga\nBut niggas only shop at Tommy Hilfigure\nTest me and you get a bag full of jiggas\nBut Tommy I just wanna say you a nigga\nI don't get paid for doin' nothin'\nMoney say it has to be somethin'\nI get no grand every night\nBut they just don't know how to do it right"
                    }, 
                    {
                        "header": "[Pusha T: Verse 2]", 
                        "text hash": "3f982222ee2b830e305ed776960965f0", 
                        "artist": "Verse 2", 
                        "text": "Yeah, no grand\nI ain't got no money today\nBut I would in my ways\nThat's not funny, damn\nI love money, damn\nYou gotta criticize, damn it\nAin't nobody be giving me money\nRich niggas think i'm lonley\nBut usually bad bitches are just phonies\nCause they be ridin' some damn ponies\nI like bitches cause they always do the right thing\nThey like me too cause i'm their kings\nShout to my favorite bitch Nicki Minaj\nShe so sexy how do they men`age\nNicki Minaj, Jeremih and Drake\nI like them cause they don't act fake\nScream out your name \"Pusha T\"\n\"Shut the hell up, i'm like a teen\"\n\"It's okay, I got it like that\"\nPull up to the house in my Cadillac\nI ain't got no time to wait for a pack\nThey just have no grand to the max"
                    }, 
                    {
                        "header": "[Nicki Minaj: Verse 3]", 
                        "text hash": "c1fc93fceacd9a9261daf6c110f77c2e", 
                        "artist": "Nicki Minaj", 
                        "text": "Yo, I don't come to the show and get no grand\nI'll cut you off like the boss in second hand\nThat dude is my man, so back off he's an island\nTravel to Europe then Japan\nI be tryna step up to a nigga but he just run\nLike I said in the other song these girls are my sons\nI like to mess with fake niggas, I try to mess with real niggas\nI'm on a hill nigga, can't you see that it's a lil' bigger\nThem some dirty-doo-diggers, They like to take some pills niggas\nI only got it when it's time to pay, I like it when it's time to play\nYeah, yeah, yeah, yeah, yay\nIt's so good that I want you to stay\nWe only could get no grand from your boss\nWe have to get some grand and go shoppin' at the mall\nJust ball like your enjoyin' the song\nJust call if somethin's wrong\nNicki has somethin' to say\nBye, bye, bye atleast I had it my way"
                    }
                ], 
                "hooks": [
                    {
                        "header": "[Jeremiah - Hook]", 
                        "text hash": "ea1788a650b035a3c7276486a90162c5", 
                        "artist": "Pusha T", 
                        "text": "No murda, no grand\nMess with them homies\nIt's a hand (8x)"
                    }
                ], 
                "intro": [
                    {
                        "header": "[Intro]", 
                        "text hash": "2d4a47d3e6a0fd6241c38962f9652d0f", 
                        "artist": "Pusha T", 
                        "text": "No murda, no grand\nFuck with them niggas\nIt's a hand"
                    }
                ]
            }, 
            "order": [
                "[Intro]", 
                "[Drake: Verse 1]", 
                "[Jeremiah - Hook]", 
                "[Pusha T: Verse 2]", 
                "[Hook]", 
                "[Nicki Minaj: Verse 3]", 
                "[Hook]"
            ], 
            "artist": "Pusha T"
        }
    },
    "Rap Monument": {
        "raw": "\n    \n  They think that they know, something 'bout my life\nNot in the same class, not on the same flight\nMaybe the same club, just not the same lights\nBoth fucked the same bitch, just not the same night\nYou just took her phone number\nI just took her home with her\nAnother bitch, m\u00e9nage\nBoomerang, Stron'jay\nLipstick on my collar, Oscar de la renta(y)\nYo hijo - peque\u00f1o, my nachos - bell grande\nStay sippin' that Andr\u00e9\nSpent 3 stacks - that's Andr\u00e9\nThat Balmain, that Phillip Lim\nThey say I'm dressing like Kanye\nI'm everything that my rhymes say:\nBreadwinner, brand owner\nPlay Cloths, millionaire\nTrendsetter, landowner\nHope your bitch don't land on him\nDrink in his hand with the sand on him\nYou small time - you Hyundai's\nYou couch niggas - we stand on em\nDope money with a band on it\nHalf gold, we got a hand on it\nD-boys still ball the same\nJust gotta little bit of glam on it\nYAH!\n\n\n\n\n  ", 
        "pro": {
            "producers": [
                "Hudson Mohawke", 
                "S-Type"
            ], 
            "blocks": {
                "verses": [], 
                "hooks": []
            }, 
            "order": [], 
            "artist": "Pusha T"
        }
    },
    "Still Tippin Freestyle": {
        "raw": "\n    \n  They think that they know, somethin' 'bout my life\nNot in the same class, not on the same flight\nMaybe the same club, just not the same lights\nBoth fucked the same bitch, just not the same night\nYou just took her phone number, I just took her home with\nAnother bitch, menage, boomerang, estrange\nLipstick on my collar, oscar de le renta\nYou hijo pequeno, my nachos del grande\nStay sippin that Andre, spend three stacks that's Andre\nThat Balmain, that Phillip Lim, they say I'm dressin' like Kanye\nI'm everything my rhymes say, bread winner, brand owner, play clothes, millionaire, trend setter, land owner\nHope your bitch don't land on him, drink in his hand with the sand on em\nYou small niggas, you handes, y'all couch niggas we stand on em\nBig mu uh uh dope money with a band on it\nHave a gun, but got a hand on it\nThese boys still bought the same, just got a little bit of glam on it\nDAM!\n\n\n\n\n  ", 
        "pro": {
            "blocks": {
                "verses": [], 
                "hooks": []
            }, 
            "order": [], 
            "artist": "Pusha T"
        }
    },
    "Speakers Going Hammer (Freestyle)": {
        "raw": "\n    \n  [Hook: Soulja Boy]\nI wake up, early in the morning 'round the crack of dawn and\nWave to my neighbors like what's up?\nAnd tatted up, get bang in my truck\nEverybody in my city show me love\nBecause I have the speakers going hammer\n(The dough boy version though, yeah)\n\n[Verse: Pusha]\nBack up in this bitch niggas free to go\nIt was all good just a key ago\nPrice for the 20 all I need to know\nStill moving snow like it's 3 below\nDetroit's hard, while I Cape Cod\nYou niggas Lil B's to the Based God\nI been cooking, is you mistooken?\nChi town plug got the city jukin'\nGivenchy motorcycle leathers\nMad Max, 5 stacks for a look this weathered\nSmall circle bad bitches all think they clever\nThe mixed ones whole shape and recycle better\nSit them on a curb when I'm done with 'em\nShe oblivious her girl wanna come with 'em\nCan't blame her; other niggas can't run with 'em\nUsain Bolt through these bitches then I'm done with 'em\n\n[Hook]\n\n[Outro]\nSo Liv\nI picks her up, right?\nShe tells me: Oh I thought I saw you earlier\nThis guy had a Range Rover just like you\nI said Range Rover where? This ain't no motherfuckin Range Rover\nThis a G55; 130 thousand dollars of winter throwaway money\nYou must be out your fucking mind\nSee I could tell you ain't gonna be around long\nYou ain't doing enough motherfucking homework on your nigga\nGet it right\n\n\n\n\n  ", 
        "pro": {
            "blocks": {
                "verses": [
                    {
                        "header": "[Verse: Pusha]", 
                        "text hash": "86bd68ac8baa0818f9bf1952f488a22e", 
                        "artist": "Pusha", 
                        "text": "Back up in this bitch niggas free to go\nIt was all good just a key ago\nPrice for the 20 all I need to know\nStill moving snow like it's 3 below\nDetroit's hard, while I Cape Cod\nYou niggas Lil B's to the Based God\nI been cooking, is you mistooken?\nChi town plug got the city jukin'\nGivenchy motorcycle leathers\nMad Max, 5 stacks for a look this weathered\nSmall circle bad bitches all think they clever\nThe mixed ones whole shape and recycle better\nSit them on a curb when I'm done with 'em\nShe oblivious her girl wanna come with 'em\nCan't blame her; other niggas can't run with 'em\nUsain Bolt through these bitches then I'm done with 'em"
                    }
                ], 
                "hooks": [
                    {
                        "header": "[Hook: Soulja Boy]", 
                        "text hash": "cb25bb0f01b58335c36f12d520416bcf", 
                        "artist": "Soulja Boy", 
                        "text": "I wake up, early in the morning 'round the crack of dawn and\nWave to my neighbors like what's up?\nAnd tatted up, get bang in my truck\nEverybody in my city show me love\nBecause I have the speakers going hammer\n(The dough boy version though, yeah)"
                    }
                ], 
                "remainders": [
                    {
                        "header": "[Outro]", 
                        "text hash": "4c0a6189614d461bc74715328c16c864", 
                        "artist": "Pusha T", 
                        "text": "So Liv\nI picks her up, right?\nShe tells me: Oh I thought I saw you earlier\nThis guy had a Range Rover just like you\nI said Range Rover where? This ain't no motherfuckin Range Rover\nThis a G55; 130 thousand dollars of winter throwaway money\nYou must be out your fucking mind\nSee I could tell you ain't gonna be around long\nYou ain't doing enough motherfucking homework on your nigga\nGet it right\n\n\n\n\n  "
                    }
                ]
            }, 
            "order": [
                "[Hook: Soulja Boy]", 
                "[Verse: Pusha]", 
                "[Hook]", 
                "[Outro]"
            ], 
            "artist": "Pusha T"
        }
    },
    "My Name is My Name Album Cover": {
        "raw": "\n    \n  My Name is My Name Standard Album Cover\n\n\n\n\n\nMy Name is My Name Alternate Album Cover\n\nMy Name is My Name Prototypes Album Cover\n\n\n\n\n  ", 
        "pro": {
            "blocks": {
                "verses": [], 
                "hooks": []
            }, 
            "order": [], 
            "artist": "Pusha T"
        }
    }
}