{
    "Friends First": {
        "raw": "\n    \n  [Verse 1: Quincy]\nGirl how you doin'? I like how you're movin'\nAnd keep on doin' cause you're doin' it right\nYou 'bout your business, I'm just tryna get in it\nSo what we doin' after this tonight?\n\n[Pre-Chorus]\nIf it's okay with you, I just wanna cruise\nAnd get to know you\nCause no matter where we go I just want you to know\nThat I can treat you better\n\n[Chorus]\nI ain't lookin' for a girlfriend\nGirl I'm lookin' for a friend first\nI know that we could jump in\nBut with you I'm tryna make sure it works\nBaby, can we just be friends, first?\nTell me, can we just be friends, first?\n\n[Verse 2: Quincy]\nCause I gotta be honest, you know that I want it\nI just want it for more than one night\nI can't come with the dumb shit, I don't wanna send you runnin'\nWhy don't you do the talkin' tonight?\n\n[Verse 3: French Montana]\nAye, we could be friends first\nHold my biscuit, Fred Durst\nWraith flyin' down 8th\nBaby jump in head first\nMy main squeeze\nSame foes, same enemies\nWe could fly one day\nBut they don't build empires in one day\nRay Charles and my chain crooked\nIt come to you when you ain't lookin'\nDon't judge, get to know me\nMake love, wake, be my homie\nOne night don't make you a side\n6 months don't make you a wifey\nI'm lookin' for a girl who gon' ride\n\n[Chorus] x2\n\n\n\n\n  ", 
        "pro": {
            "features": [
                "French Montana"
            ], 
            "producers": [
                "Christian Davis"
            ], 
            "blocks": {
                "verses": [
                    {
                        "header": "[Verse 1: Quincy]", 
                        "text hash": "4f693d627366e774c7255d2ee8402347", 
                        "artist": "Quincy", 
                        "text": "Girl how you doin'? I like how you're movin'\nAnd keep on doin' cause you're doin' it right\nYou 'bout your business, I'm just tryna get in it\nSo what we doin' after this tonight?"
                    }, 
                    {
                        "header": "[Verse 2: Quincy]", 
                        "text hash": "537f37bba09c173d8694baef1d1a1aef", 
                        "artist": "Quincy", 
                        "text": "Cause I gotta be honest, you know that I want it\nI just want it for more than one night\nI can't come with the dumb shit, I don't wanna send you runnin'\nWhy don't you do the talkin' tonight?"
                    }, 
                    {
                        "header": "[Verse 3: French Montana]", 
                        "text hash": "44aeac3e43882325a8272637b93e5e11", 
                        "artist": "French Montana", 
                        "text": "Aye, we could be friends first\nHold my biscuit, Fred Durst\nWraith flyin' down 8th\nBaby jump in head first\nMy main squeeze\nSame foes, same enemies\nWe could fly one day\nBut they don't build empires in one day\nRay Charles and my chain crooked\nIt come to you when you ain't lookin'\nDon't judge, get to know me\nMake love, wake, be my homie\nOne night don't make you a side\n6 months don't make you a wifey\nI'm lookin' for a girl who gon' ride"
                    }
                ], 
                "hooks": [
                    {
                        "header": "[Pre-Chorus]", 
                        "text hash": "9c317c5967e304379e1241421610395f", 
                        "artist": "Quincy", 
                        "text": "If it's okay with you, I just wanna cruise\nAnd get to know you\nCause no matter where we go I just want you to know\nThat I can treat you better"
                    }, 
                    {
                        "header": "[Chorus]", 
                        "text hash": "5aa80028882201a20d3791791c023d9f", 
                        "artist": "Quincy", 
                        "text": "I ain't lookin' for a girlfriend\nGirl I'm lookin' for a friend first\nI know that we could jump in\nBut with you I'm tryna make sure it works\nBaby, can we just be friends, first?\nTell me, can we just be friends, first?"
                    }, 
                    {
                        "header": "[Chorus]", 
                        "text hash": "501d62ec37b9a6974b6df8438dcdcac2", 
                        "artist": "Quincy", 
                        "text": " x2\n\n\n\n\n  "
                    }
                ]
            }, 
            "order": [
                "[Verse 1: Quincy]", 
                "[Pre-Chorus]", 
                "[Chorus]", 
                "[Verse 2: Quincy]", 
                "[Verse 3: French Montana]"
            ], 
            "artist": "Quincy"
        }
    }
}