{
    "Show Ya Pussy": {
        "raw": "\n    \n  [Verse 1: R.Kelly]\nOk, I\u2019m 'bout to get it drunk up in this fucking club\nSpend a lot of money in this fucking club\nPiss the haters off up in this fucking club\nEmployees it\u2019s the boss up in this fucking club\nI\u2019m about to smoke a blunt up in this fucking club\nGo ahead and call me Scotty in this fucking club\nSo many bad hoes up in this fucking club\nMess around and fuck a bitch right in this fucking club\n\n[Hook]\nClimb up, slide down\nBend it over, twerk now\nBounce walk, touch ya feet\nSplit, split, split, split\nNow let me see\nShow your pussy\nShow your pussy\nShow your pussy\nShow your pussy\n\n[Verse 2: Quavo]\nLittle mama gonna show me the pussy\nI am no rookie, I'm smoking on cookies\nShe see that my pockets is fatter than Snooki\nI'm locking her up and no bullets will book me\nShe licking that molly like Sodium\nShe climb to the top off the pole, she rose\nShe dropped real fast; acrophobia\nI'm addicted, I'mma need a dose of you\nAll this money coming down on you\nLittle mama you know what you supposed to do\nYou looking at me like I have a clue\nJust take off your clothes like a fitting room\n\n[Verse 3: Takeoff]\nShe shaking her ass and her titties\nDo whatever you want for them Benjamins\nTwo bitches they popping that pussy\nBuffy the body, big booty delicious\nThe way she keep breaking me pictures\nShe popping it, let that bitch hit my damn swisha (Yeah)\nThe OG gas bags presidential\nLittle mama, I pulled up in something presidential (Yeah)\nI look like the president come with me\nCause of my private president residence, presidents\nCan't wife her cause she be sucking and fucking\nAnd looking and properly selling it\nShe dirty dancing\n\n[Hook]\n\n[Verse 4: Juicy J]\nAt the strip club they showing pussy\nHike that ass up and throw it to me\nLittle mama got the whole club lookin'\nAss thicker than a bowl of puddin\u2019\nClap that, clap that\nBring it here, let me slap that\nI\u2019m lowkey in VIP\nI\u2019m getting head like a snapback\nWe hella deep in this club, got mo\u2019 niggas than a cotton field\nThis the way that we ball out, thirty K in dollar bills\nDamn, I make it happen; damn, I make it rain\nDamn, I make it floor; damn, I make her drown\nTake her to my place, pouring up the ace\nThen I'mma paint her face like a clown\nFuck using cups, pour it in her mouth\nI bet that chick she won\u2019t leave a drop\nI think a nigga pockets just got in a fight\nAll of these motherfucking knots\nJuicy J when I killed that pussy, she don\u2019t call the cops\nShawty such a dope bitch, got me watching out for the 'narcs\n\n[Hook]\n\n\n\n\n  ", 
        "pro": {
            "features": [
                "Juicy J", 
                "Migos"
            ], 
            "blocks": {
                "verses": [
                    {
                        "header": "[Verse 1: R.Kelly]", 
                        "text hash": "4820e47ad23f55e1d05226524ca45d14", 
                        "artist": "R.Kelly", 
                        "text": "Ok, I\u2019m 'bout to get it drunk up in this fucking club\nSpend a lot of money in this fucking club\nPiss the haters off up in this fucking club\nEmployees it\u2019s the boss up in this fucking club\nI\u2019m about to smoke a blunt up in this fucking club\nGo ahead and call me Scotty in this fucking club\nSo many bad hoes up in this fucking club\nMess around and fuck a bitch right in this fucking club"
                    }, 
                    {
                        "header": "[Verse 2: Quavo]", 
                        "text hash": "052097caa486471df956e40299c16b0a", 
                        "artist": "Quavo", 
                        "text": "Little mama gonna show me the pussy\nI am no rookie, I'm smoking on cookies\nShe see that my pockets is fatter than Snooki\nI'm locking her up and no bullets will book me\nShe licking that molly like Sodium\nShe climb to the top off the pole, she rose\nShe dropped real fast; acrophobia\nI'm addicted, I'mma need a dose of you\nAll this money coming down on you\nLittle mama you know what you supposed to do\nYou looking at me like I have a clue\nJust take off your clothes like a fitting room"
                    }, 
                    {
                        "header": "[Verse 3: Takeoff]", 
                        "text hash": "fbece4217c2497fa41cebc6470351d48", 
                        "artist": "Takeoff", 
                        "text": "She shaking her ass and her titties\nDo whatever you want for them Benjamins\nTwo bitches they popping that pussy\nBuffy the body, big booty delicious\nThe way she keep breaking me pictures\nShe popping it, let that bitch hit my damn swisha (Yeah)\nThe OG gas bags presidential\nLittle mama, I pulled up in something presidential (Yeah)\nI look like the president come with me\nCause of my private president residence, presidents\nCan't wife her cause she be sucking and fucking\nAnd looking and properly selling it\nShe dirty dancing"
                    }, 
                    {
                        "header": "[Verse 4: Juicy J]", 
                        "text hash": "b47f2fcaa44863123f5946dabef47c8d", 
                        "artist": "Juicy J", 
                        "text": "At the strip club they showing pussy\nHike that ass up and throw it to me\nLittle mama got the whole club lookin'\nAss thicker than a bowl of puddin\u2019\nClap that, clap that\nBring it here, let me slap that\nI\u2019m lowkey in VIP\nI\u2019m getting head like a snapback\nWe hella deep in this club, got mo\u2019 niggas than a cotton field\nThis the way that we ball out, thirty K in dollar bills\nDamn, I make it happen; damn, I make it rain\nDamn, I make it floor; damn, I make her drown\nTake her to my place, pouring up the ace\nThen I'mma paint her face like a clown\nFuck using cups, pour it in her mouth\nI bet that chick she won\u2019t leave a drop\nI think a nigga pockets just got in a fight\nAll of these motherfucking knots\nJuicy J when I killed that pussy, she don\u2019t call the cops\nShawty such a dope bitch, got me watching out for the 'narcs"
                    }
                ], 
                "hooks": [
                    {
                        "header": "[Hook]", 
                        "text hash": "b6caf4c95f617503cc7f23eb050458c9", 
                        "artist": "R. Kelly", 
                        "text": "Climb up, slide down\nBend it over, twerk now\nBounce walk, touch ya feet\nSplit, split, split, split\nNow let me see\nShow your pussy\nShow your pussy\nShow your pussy\nShow your pussy"
                    }
                ]
            }, 
            "order": [
                "[Verse 1: R.Kelly]", 
                "[Hook]", 
                "[Verse 2: Quavo]", 
                "[Verse 3: Takeoff]", 
                "[Hook]", 
                "[Verse 4: Juicy J]", 
                "[Hook]"
            ], 
            "artist": "R. Kelly"
        }
    }
}