{
    "Chop Chop Ninja": {
        "raw": "\n    \n  [Kung-fu sample]\nI want them to fight!\nSister... sister, get out of there!\nIf you kill them, we'll never know who's the best\n\n[Hook: Estelle]\nWhat are the true keys to being a ninja?\nDressed in all black, perfect vision, and that movement is in silence, ah\nWhat are the true keys to being a ninja?\nDressed in all black, perfect vision, and that movement is in silence\nThis is Shaolin (Shaolin) this is Shaolin (Shaolin)\nThis is Shaolin, Shaolin, Shaolin\nThis is Shaolin, this is Shaolin\nThis is Shaolin, Shaolin, Shaolin\n\n[Raekwon]\nHe threw a kick at me, I back-slapped him, I pulled out the mac\nHe kicked it out of my hand, how real that?\nYo, a place where niggas get it on at\nI think it evolved around three hundred raps, thirty stacks\nHe had black on, yup, I was dusted, with all of my bangles on\nTwo rings clustered, shorty black\nHe was there, this my nigga, check the bullshit, he jabbed China Man\nHe threw a sword right through his wool shit\nNow he throwing stars at the kid, I'm jumping over my car, yo\nTrying to get to my glove box and shit\nGot the door open, gash in my caesar, my sneakers got red on it\nKnow that's blood, he threw a piece of a chain with a long blade on it\nAnd a nigga was buckwild, I'm ducking and dodging\nTrying to stick 'em with my little blade, Rae in some trouble\nI got to the glove box, I threw two shots, he disappeared\n\n[Hook]\n\n[Inspectah Deck]\nI stay there like it ain't nothing to face fear\nFlowers by the grave of the niggas who say where\nI'm straight tear, tell them don't play fair\nThen retalliation, I'm a shake 'em just for scraping my suede pair\nHe told me \"Yo, wait right here, son, I been there\"\nRip your pockets off plus nut in your dame hair\nBroad day, even with jake there, serious\nLast time you saw me I was rocking the same stare\nDo or die, you or I, cousin, I pray for you\nForgive me for my sins, father, this is what they made me do\nNonsense cause me to slay the fool, rather than play the fool\nI resort to waving the gauge at you\n\n[Hook]\n\n[Raekwon]\nThe year of the bullshit, why me? The nigga had Asics on\nA three hundred dollar pair, B\nYou don't scare me, wiping blood, hear me?\nHe laugh with a sinister grin, the sun went down, this is grim\nNow I'm sweating, still repping my square, you probably under a chair\nBlack hood on and sporting a gray beard\n\n[Inspectah Deck]\nRespect mine, or there go your head line\nA nigga got caught up, and left naked sporting a necktie\nSkip town slide to west side, CSI riding on my hides\nSo I'm out til next time\n\n\n\n\n  ", 
        "pro": {
            "features": [
                "Estelle", 
                "Inspectah Deck"
            ], 
            "producers": [
                "Bluerocks"
            ], 
            "blocks": {
                "verses": [
                    {
                        "header": "[Kung-fu sample]", 
                        "text hash": "2e182d6d9fd73ce11e4fd841a769fa31", 
                        "artist": "Raekwon", 
                        "text": "I want them to fight!\nSister... sister, get out of there!\nIf you kill them, we'll never know who's the best"
                    }, 
                    {
                        "header": "[Raekwon]", 
                        "text hash": "da15d0b454c455c1526469614423d894", 
                        "artist": "Raekwon", 
                        "text": "He threw a kick at me, I back-slapped him, I pulled out the mac\nHe kicked it out of my hand, how real that?\nYo, a place where niggas get it on at\nI think it evolved around three hundred raps, thirty stacks\nHe had black on, yup, I was dusted, with all of my bangles on\nTwo rings clustered, shorty black\nHe was there, this my nigga, check the bullshit, he jabbed China Man\nHe threw a sword right through his wool shit\nNow he throwing stars at the kid, I'm jumping over my car, yo\nTrying to get to my glove box and shit\nGot the door open, gash in my caesar, my sneakers got red on it\nKnow that's blood, he threw a piece of a chain with a long blade on it\nAnd a nigga was buckwild, I'm ducking and dodging\nTrying to stick 'em with my little blade, Rae in some trouble\nI got to the glove box, I threw two shots, he disappeared"
                    }, 
                    {
                        "header": "[Inspectah Deck]", 
                        "text hash": "0b99fa43f9468d80bb8e1cbf2fe88485", 
                        "artist": "Inspectah Deck", 
                        "text": "I stay there like it ain't nothing to face fear\nFlowers by the grave of the niggas who say where\nI'm straight tear, tell them don't play fair\nThen retalliation, I'm a shake 'em just for scraping my suede pair\nHe told me \"Yo, wait right here, son, I been there\"\nRip your pockets off plus nut in your dame hair\nBroad day, even with jake there, serious\nLast time you saw me I was rocking the same stare\nDo or die, you or I, cousin, I pray for you\nForgive me for my sins, father, this is what they made me do\nNonsense cause me to slay the fool, rather than play the fool\nI resort to waving the gauge at you"
                    }, 
                    {
                        "header": "[Raekwon]", 
                        "text hash": "3a947bc7a23d4360a263f3ce02aff324", 
                        "artist": "Raekwon", 
                        "text": "The year of the bullshit, why me? The nigga had Asics on\nA three hundred dollar pair, B\nYou don't scare me, wiping blood, hear me?\nHe laugh with a sinister grin, the sun went down, this is grim\nNow I'm sweating, still repping my square, you probably under a chair\nBlack hood on and sporting a gray beard"
                    }, 
                    {
                        "header": "[Inspectah Deck]", 
                        "text hash": "91bf0c741ad52ca5e9d1c019cc3cd345", 
                        "artist": "Inspectah Deck", 
                        "text": "Respect mine, or there go your head line\nA nigga got caught up, and left naked sporting a necktie\nSkip town slide to west side, CSI riding on my hides\nSo I'm out til next time\n\n\n\n\n  "
                    }
                ], 
                "hooks": [
                    {
                        "header": "[Hook: Estelle]", 
                        "text hash": "15ef8a1b25aac034a5d205a703d5c38a", 
                        "artist": "Estelle", 
                        "text": "What are the true keys to being a ninja?\nDressed in all black, perfect vision, and that movement is in silence, ah\nWhat are the true keys to being a ninja?\nDressed in all black, perfect vision, and that movement is in silence\nThis is Shaolin (Shaolin) this is Shaolin (Shaolin)\nThis is Shaolin, Shaolin, Shaolin\nThis is Shaolin, this is Shaolin\nThis is Shaolin, Shaolin, Shaolin"
                    }
                ]
            }, 
            "order": [
                "[Kung-fu sample]", 
                "[Hook: Estelle]", 
                "[Raekwon]", 
                "[Hook]", 
                "[Inspectah Deck]", 
                "[Hook]", 
                "[Raekwon]", 
                "[Inspectah Deck]"
            ], 
            "artist": "Raekwon"
        }
    },
    "Guillotine (Swordz)": {
        "raw": "\n    \n  Allow me to demonstrate the skill of Shaolin\nThe special technique of shadowboxing\n\n[Intro]\nPoisonous, poisonous (word word word)\nI should slap all y'all niggas for coming in my fucking face with that shit\nAlright cool yeah, go ahead man...\nPoisonous\n\n[Verse 1 : Inspectah Deck]\nPoisonous paragraphs smash your phonograph in half\nIt be the Inspectah Deck on the warpath\nFirst class leaving mics with a cast\nCausing ruckus like the aftermath when guns blast\nRun fast, here comes the verbal assaulter\nRhymes running wild like a child in a walker\nI scored from the inner slums abroad\nAnd my thoughts are razor sharp I sliced the mic from the cord\nFirst they criticize, but now they have become\nMentally paralyzed with hits that I devise\nNow I testify, the best is I, Rebel INS\nYour highness, blessed to electrify\nWith voltage of a eel, truth that I reveal\nWill crush the amateurs who scream they keep it real\nCaesar black down hoodied up in fatigues\nPart time minor leagues receive third degrees\nAttack like a wolf pack, once I pull back\nThe God-U, and bust through like a fullback\n\n[Verse 2 : Ghostface Killah]\nYo, you fourteen carat gold slum computer wizard\nTapping inside my rap vein causes blizzards\nThe wildlife that kills for ice trife like Bobby Digits\nGorillas injected with strength of eighty midgets\nThe Earth spins, Wu wins, rap exotic blends\nLet my peeps in, niggas gasping, swallowing aspirins\nWhat a dosage, you overdosed in rap\nHigh explosives my posters hypnotize with hypnosis\nI sell goods, my whole Clan is on the run like Natural Born Killers\nRecord-breaking the album Thriller\nGot access to tear gas, bombs and rocket launchers\nFloat like dope killer bees is what I sponsor\nYour entrepeneur, pens and ear like Shakespeare\nWhen I fuck I grab hair, collect drawers as souveneirs\nFuck yeah, my crew down German beers\nMy career's based on guns, throwing cats in wheelchairs\nEtcetera, damage any lame ass competitor\nWho try to front, get broken in fast like leathers\nWhatever hot hardheads get shattered like mirrors\nBeretta shots splatter your goose, scatter your feathers\nSay never poetry chumps crumbs deal with graphic\nFlew my family overseas a mansion\nIf rap was crack, fully packed I be tour cats\nTaxing kingpin of the rap drug trafficking\nVillage niggas get slapped in Manhattan\nFor rapping, Big Ghost steps off laughing\nHa!\n\n[Interlude : samples]\nWere you just using the Wu-Tang school method against me?\nI've learned so many styles, forgive me\n\n[Verse 3 : Raekwon]\nSit back relax, fake niggas don't get turns\nWatch me massage your brain with slang that's king\nProjects filled with young men cause threats\nWho has that? Thousand dollar chains and Tecs\nFocus, the brokest niggas of life shit\nThese mics is like cocaine son, check the suicidal hype shit\nExchange mad blunts taste the sweepstakes\nKeeping up on fakes outta state for cakes\nNo doubt, plus nobody amount, we making dough off\nPutting fifty on the Land and Allah, it's like that\nPull ya shoes up black, matter of fact just adapt\nTie up, your black Nike's and tight hats\nCorners stay surrounded with foreigners\nWhat up, dread? Feds caught your bredren for his bread\nBut regardless, peace to jail niggas with charges\nUnify laying in the yard with La\nMy Clan done ran from Japan to Atlanta, with stamina\nClingers and gamblers, and gram handlers\nTical light the Owl cigar, let's get steamed\nInfra-red guard your beam, so seek nuff respect\nRude bwoy you bet, keep it moving mash'allah\nPro black like tar\nDesigning the fly shit and stay shining\nThe RZA pour more beats than Cristal's fine wine\nConcrete raps go to bat\nWith 50 other niggas on the other side of the map\nKnew it's all good and all done what, we want son\nMike Tyson of this rap shit, pulling out Macs for fun\n\n[Verse 4 : The Genius]\nThe nigga don't get mad, I got mad styles of my own\nAnd it's shown when my hands grip the chrome microphone\nVerbally I catch bodies with cordless shotties\nIntriguing emcees, I keep em trained like potties\nI bomb facts, my sword is an axe\nTo split backs invisible, like dope fiend tracks\nSky's the limit, niggas are timid, and nobody knows\nHow we move like wolves in sheep clothes\nProducing data, microchips of software\nUnderground and off air\nThe Land of the Lost, notorious henchman from the North\nStriking niggas where the Mason-Dixon line cross\n\n\n\n\n  ", 
        "pro": {
            "features": [
                "Ghostface Killah", 
                "GZA", 
                "Inspectah Deck"
            ], 
            "producers": [
                "RZA"
            ], 
            "blocks": {
                "verses": [
                    {
                        "header": "[Verse 1 : Inspectah Deck]", 
                        "text hash": "cc8f1a280738ec082408959fa3ee96c2", 
                        "artist": "Inspectah Deck", 
                        "text": "Poisonous paragraphs smash your phonograph in half\nIt be the Inspectah Deck on the warpath\nFirst class leaving mics with a cast\nCausing ruckus like the aftermath when guns blast\nRun fast, here comes the verbal assaulter\nRhymes running wild like a child in a walker\nI scored from the inner slums abroad\nAnd my thoughts are razor sharp I sliced the mic from the cord\nFirst they criticize, but now they have become\nMentally paralyzed with hits that I devise\nNow I testify, the best is I, Rebel INS\nYour highness, blessed to electrify\nWith voltage of a eel, truth that I reveal\nWill crush the amateurs who scream they keep it real\nCaesar black down hoodied up in fatigues\nPart time minor leagues receive third degrees\nAttack like a wolf pack, once I pull back\nThe God-U, and bust through like a fullback"
                    }, 
                    {
                        "header": "[Verse 2 : Ghostface Killah]", 
                        "text hash": "550c7bc774ac8dd396a4f47d6fc2cec0", 
                        "artist": "Ghostface Killah", 
                        "text": "Yo, you fourteen carat gold slum computer wizard\nTapping inside my rap vein causes blizzards\nThe wildlife that kills for ice trife like Bobby Digits\nGorillas injected with strength of eighty midgets\nThe Earth spins, Wu wins, rap exotic blends\nLet my peeps in, niggas gasping, swallowing aspirins\nWhat a dosage, you overdosed in rap\nHigh explosives my posters hypnotize with hypnosis\nI sell goods, my whole Clan is on the run like Natural Born Killers\nRecord-breaking the album Thriller\nGot access to tear gas, bombs and rocket launchers\nFloat like dope killer bees is what I sponsor\nYour entrepeneur, pens and ear like Shakespeare\nWhen I fuck I grab hair, collect drawers as souveneirs\nFuck yeah, my crew down German beers\nMy career's based on guns, throwing cats in wheelchairs\nEtcetera, damage any lame ass competitor\nWho try to front, get broken in fast like leathers\nWhatever hot hardheads get shattered like mirrors\nBeretta shots splatter your goose, scatter your feathers\nSay never poetry chumps crumbs deal with graphic\nFlew my family overseas a mansion\nIf rap was crack, fully packed I be tour cats\nTaxing kingpin of the rap drug trafficking\nVillage niggas get slapped in Manhattan\nFor rapping, Big Ghost steps off laughing\nHa!"
                    }, 
                    {
                        "header": "[Interlude : samples]", 
                        "text hash": "9d01e91c446de41ca582139acd1f7b38", 
                        "artist": "samples", 
                        "text": "Were you just using the Wu-Tang school method against me?\nI've learned so many styles, forgive me"
                    }, 
                    {
                        "header": "[Verse 3 : Raekwon]", 
                        "text hash": "a5e1debbc8adf5d56be00ad78cd96460", 
                        "artist": "Raekwon", 
                        "text": "Sit back relax, fake niggas don't get turns\nWatch me massage your brain with slang that's king\nProjects filled with young men cause threats\nWho has that? Thousand dollar chains and Tecs\nFocus, the brokest niggas of life shit\nThese mics is like cocaine son, check the suicidal hype shit\nExchange mad blunts taste the sweepstakes\nKeeping up on fakes outta state for cakes\nNo doubt, plus nobody amount, we making dough off\nPutting fifty on the Land and Allah, it's like that\nPull ya shoes up black, matter of fact just adapt\nTie up, your black Nike's and tight hats\nCorners stay surrounded with foreigners\nWhat up, dread? Feds caught your bredren for his bread\nBut regardless, peace to jail niggas with charges\nUnify laying in the yard with La\nMy Clan done ran from Japan to Atlanta, with stamina\nClingers and gamblers, and gram handlers\nTical light the Owl cigar, let's get steamed\nInfra-red guard your beam, so seek nuff respect\nRude bwoy you bet, keep it moving mash'allah\nPro black like tar\nDesigning the fly shit and stay shining\nThe RZA pour more beats than Cristal's fine wine\nConcrete raps go to bat\nWith 50 other niggas on the other side of the map\nKnew it's all good and all done what, we want son\nMike Tyson of this rap shit, pulling out Macs for fun"
                    }, 
                    {
                        "header": "[Verse 4 : The Genius]", 
                        "text hash": "4e2052e9b979b5edf6e85f6f552115dc", 
                        "artist": "The Genius", 
                        "text": "The nigga don't get mad, I got mad styles of my own\nAnd it's shown when my hands grip the chrome microphone\nVerbally I catch bodies with cordless shotties\nIntriguing emcees, I keep em trained like potties\nI bomb facts, my sword is an axe\nTo split backs invisible, like dope fiend tracks\nSky's the limit, niggas are timid, and nobody knows\nHow we move like wolves in sheep clothes\nProducing data, microchips of software\nUnderground and off air\nThe Land of the Lost, notorious henchman from the North\nStriking niggas where the Mason-Dixon line cross\n\n\n\n\n  "
                    }
                ], 
                "hooks": [], 
                "intro": [
                    {
                        "header": "[Intro]", 
                        "text hash": "4cd82b632df07239cee85db8e2b13e98", 
                        "artist": "Raekwon", 
                        "text": "Poisonous, poisonous (word word word)\nI should slap all y'all niggas for coming in my fucking face with that shit\nAlright cool yeah, go ahead man...\nPoisonous"
                    }
                ]
            }, 
            "order": [
                "[Intro]", 
                "[Verse 1 : Inspectah Deck]", 
                "[Verse 2 : Ghostface Killah]", 
                "[Interlude : samples]", 
                "[Verse 3 : Raekwon]", 
                "[Verse 4 : The Genius]"
            ], 
            "artist": "Raekwon"
        }
    },
    "Kiss the Ring": {
        "raw": "\n    \n  [Intro]\nSuga, come here, ayo man, tell ya man\nHe better bring that fucking money here tomorrow, man\nYou, walk up in the joint with me, man\nIt's all real, yo, what up son?\nYo, hold the bottle, it's your night, nigga!\nIt's your night!\nYeah, mad bottles! Playboy! We out of here, man\n(Step inside, kiss the ring --- so salute, and toast to the best who done it)\n{Give it up for the Wu-Tang Clan!}\n\n[Hook 2X: Inspectah Deck]\nWhen I step inside, kiss the ring, Wu Familia\nLa Cosa Nostra, it's our thing\nSo salute, and toast to the best who done it\nMurder rap shit, I spit, for the vets who love it\n\n[Raekwon]\nBy the time you read this letter\nYour head gon' fly off your shoulder for lying\nAnd I'mma be in bed like holders\nBlood from a horse on your spread, you tried to play me now\nI'm coughing up, dough on your head, you just a baby\nSee me in the flick as a Rick, I had to maybe with me\nAll these niggas stay in the 90's, getting rich\nRick Ruler robe on with rings, walking to the throne\nFronting like I know I'm the king, I live alone though\nBuying up, China's Beemers, taking it to Simon's in Medina\nOnly just to blind you and leave ya\nThese young boys is crafted with aim, I bought 'em all\nFly ranches, cuz they all stand beside me with flames\nRegardless, yo, to making the classic, you gon' witness some of the tactics\nSome died, live in the action\nA live general when he walk, if he died, then we slide\nNinety thou' in the coffin, and take the child\n\n[Hook]\n\n[Inspectah Deck]\nBlack Jesus, check my walk, check my talk\nLegend in the flesh and I rep New York\nCrowned king, been down to bang, I'm House Gang\nKnockout specialist, in and out the ring\nGot dinner tables long as boats with old kitchens\nAnd Wu-Tang logos splashed on all the dishes\nYou know how I speaks the truth, how I teach the youth\nI'm an animal, I beast the booth\nBeen grinding, banging out for food to eat\nYour boy still eating good, check my new physique\nSince the world is mine, I'mma write my name on the clouds\nSo that ol' yee faithful, can praise it and bow\n\n[Masta Killa]\nNow he's an old Mafia don, from back when\nHe managed to survive the game, ducking fame\nIt's how he maintained, the State of Grace, kept his lab laced\nLadies of a fine taste, kept his place guarded\nWhile the young charted, found acquitted, all charges\nAnd his heart loss and, marksmen take the contract\nFrom the contact, waiting for the right event, it all made sense\nHe left no prints on the weapon, and he was blasting\nCame home from prison stashing, still stacking\nHis whip still matching his kit, steel flashing\nHands quick, nice with his shit, three holy foods\nDrops jewels, from a street corner level, young brother, I'mma rebel\nHere to instruct private soldiers to buck arms\nYa'll rap cats had your last win, toast the kings\nIt's Wu-Tang, it's our thing, kiss the ring\n\n[Hook 2X]\n\n\n\n\n  ", 
        "pro": {
            "features": [
                "Inspectah Deck", 
                "Masta Killa"
            ], 
            "producers": [
                "Scram Jones"
            ], 
            "blocks": {
                "verses": [
                    {
                        "header": "[Raekwon]", 
                        "text hash": "2501680818a1d7a073fc5a26229ebe25", 
                        "artist": "Raekwon", 
                        "text": "By the time you read this letter\nYour head gon' fly off your shoulder for lying\nAnd I'mma be in bed like holders\nBlood from a horse on your spread, you tried to play me now\nI'm coughing up, dough on your head, you just a baby\nSee me in the flick as a Rick, I had to maybe with me\nAll these niggas stay in the 90's, getting rich\nRick Ruler robe on with rings, walking to the throne\nFronting like I know I'm the king, I live alone though\nBuying up, China's Beemers, taking it to Simon's in Medina\nOnly just to blind you and leave ya\nThese young boys is crafted with aim, I bought 'em all\nFly ranches, cuz they all stand beside me with flames\nRegardless, yo, to making the classic, you gon' witness some of the tactics\nSome died, live in the action\nA live general when he walk, if he died, then we slide\nNinety thou' in the coffin, and take the child"
                    }, 
                    {
                        "header": "[Inspectah Deck]", 
                        "text hash": "da70115455e17cf853ce2ead0af9ad96", 
                        "artist": "Inspectah Deck", 
                        "text": "Black Jesus, check my walk, check my talk\nLegend in the flesh and I rep New York\nCrowned king, been down to bang, I'm House Gang\nKnockout specialist, in and out the ring\nGot dinner tables long as boats with old kitchens\nAnd Wu-Tang logos splashed on all the dishes\nYou know how I speaks the truth, how I teach the youth\nI'm an animal, I beast the booth\nBeen grinding, banging out for food to eat\nYour boy still eating good, check my new physique\nSince the world is mine, I'mma write my name on the clouds\nSo that ol' yee faithful, can praise it and bow"
                    }, 
                    {
                        "header": "[Masta Killa]", 
                        "text hash": "4916311f0975edfa09326ed5c031e936", 
                        "artist": "Masta Killa", 
                        "text": "Now he's an old Mafia don, from back when\nHe managed to survive the game, ducking fame\nIt's how he maintained, the State of Grace, kept his lab laced\nLadies of a fine taste, kept his place guarded\nWhile the young charted, found acquitted, all charges\nAnd his heart loss and, marksmen take the contract\nFrom the contact, waiting for the right event, it all made sense\nHe left no prints on the weapon, and he was blasting\nCame home from prison stashing, still stacking\nHis whip still matching his kit, steel flashing\nHands quick, nice with his shit, three holy foods\nDrops jewels, from a street corner level, young brother, I'mma rebel\nHere to instruct private soldiers to buck arms\nYa'll rap cats had your last win, toast the kings\nIt's Wu-Tang, it's our thing, kiss the ring"
                    }
                ], 
                "hooks": [
                    {
                        "header": "[Hook 2X: Inspectah Deck]", 
                        "text hash": "82eab127fd093a7ce5823997be1afe48", 
                        "artist": "Inspectah Deck", 
                        "text": "When I step inside, kiss the ring, Wu Familia\nLa Cosa Nostra, it's our thing\nSo salute, and toast to the best who done it\nMurder rap shit, I spit, for the vets who love it"
                    }
                ], 
                "intro": [
                    {
                        "header": "[Intro]", 
                        "text hash": "42098c6fb44e2661a05b6d1af2e74f5d", 
                        "artist": "Raekwon", 
                        "text": "Suga, come here, ayo man, tell ya man\nHe better bring that fucking money here tomorrow, man\nYou, walk up in the joint with me, man\nIt's all real, yo, what up son?\nYo, hold the bottle, it's your night, nigga!\nIt's your night!\nYeah, mad bottles! Playboy! We out of here, man\n(Step inside, kiss the ring --- so salute, and toast to the best who done it)\n{Give it up for the Wu-Tang Clan!}"
                    }
                ]
            }, 
            "order": [
                "[Intro]", 
                "[Hook 2X: Inspectah Deck]", 
                "[Raekwon]", 
                "[Hook]", 
                "[Inspectah Deck]", 
                "[Masta Killa]", 
                "[Hook 2X]"
            ], 
            "artist": "Raekwon"
        }
    },
    "Musketeers of Pig Alley": {
        "raw": "\n    \n  [Raekwon]\nCrack that pineapple open\nVision of break faces, gettin' money lay in the boats\nGot big rifles, play the hood, ride Benz cycles\nY'all mens are psycho, Killah Hill 'ciples\nMore fly generics, money make moves, forget it\nWe got this locked since nineteen-seven\nSo many rods and weapons, ain't no more reppin's\nTake the shit back, faggot, we hate that\nMeet the real, we lock the real, me/him lock the steel\nPop off, pull out, drop them bills\nI run with all real killas, all for realers\nNikes on, awesome gorillas\nWant more then kill 'em, front war, reveal 'em\nI want him stretched out, listen, he lost the buildin'\nAll fly gangstas, more bankers, hundred wit' us\nWe ex-dust niggas, don't even touch my drink\nFuck around, get shanked, stabbed, shot and broke\nYa' yolked and he blast-es through you in the faint\nAll my niggas get paint, yo what's my name?\nLexus Diamond, Ice Water Inc\n\n[Interlude: Masta Killa]\nHuh.. (uh-uh-uh-uh)\nUh! Yeah!\nOnce again in the motherfuckin' place\nFix yo' motherfuckin' face, nigga\nYeah.. you know how we gets down\nMe and this mixo, we so.. we so tight\nLex Diamond sound, and uh\nI bees the High Chief, Jamel Arief\nStraight from East Medina\nAnd uh.. yo.. yeah!\nYeah.. huh!\n\n[Masta Killa]\nThey started jammin' in the park, just after dark\nTwo turntables and their DJ scratchin'\nWords seemed to have an attraction when they rhymin'\nHip-hop caused the guns to start sparkin'\nTemperature risin'\nDrape a nigga up with the ratchet, less talkin'\nCaught him on the 'nard, bomb like a G. hard\nExplosion rocks the Promenade, I'm God\nAnd he show and provin', 'knowledge how he movin'\nSmift as the wisdom, move from my gate in a drunken state\nI wrote this degree, adjust ya eyes in the light so you could see\nNever fall victim, dictate the fate\nLeave the bake for the snake\nIf he take than I take his head without question\nIn the one to fourteen check the Justice lesson\nNow uh!\n\n[Interlude: Inspectah Deck]\nUh! It's the pineapple Daquiri fuckin' up ya mindstate\nYa heard? (Yeah) Spread the motherfuckin' word\nYo!\n\n[Inspectah Deck]\nI'm from where it's real, niggas peal ya' orange\nWe want enough bricks that we could build apartments\nI. General in the field of marksmen\nThe Bad Boys wit' me ain't Will or Martin\nFeel what I'm droppin', I spit the ill doctrine\nSpot him deep in the Killah Hill poppin'\nTwo feet dug in the dirt, up to the skirt\nSpectator on the sideline lovin' the work\nAnd my team ain't ya' average, CREAM we handle it\nFiends seekin' packages, beams and banana clips\nFesto! If you wit' me, let's go!\nThe nymphos love me, X-O, X-O\nBoy listen hard, think twice before you get involved\nWe hold the weight like cons in the prison yard\nThey call the riot squad, we live and in charge\nY'all non-beleivers get reminded with scars\nIt's the pineapple, Rebel I. natural\nFine wine hundred proof, spittin' mine at you\n(CHUH-PUGH! Nigga!)\n\n\n\n\n  ", 
        "pro": {
            "features": [
                "Inspectah Deck", 
                "Masta Killa"
            ], 
            "producers": [
                "Brutal Bill"
            ], 
            "blocks": {
                "verses": [
                    {
                        "header": "[Raekwon]", 
                        "text hash": "c1f9c4cc0de2251213a29e35150b10e1", 
                        "artist": "Raekwon", 
                        "text": "Crack that pineapple open\nVision of break faces, gettin' money lay in the boats\nGot big rifles, play the hood, ride Benz cycles\nY'all mens are psycho, Killah Hill 'ciples\nMore fly generics, money make moves, forget it\nWe got this locked since nineteen-seven\nSo many rods and weapons, ain't no more reppin's\nTake the shit back, faggot, we hate that\nMeet the real, we lock the real, me/him lock the steel\nPop off, pull out, drop them bills\nI run with all real killas, all for realers\nNikes on, awesome gorillas\nWant more then kill 'em, front war, reveal 'em\nI want him stretched out, listen, he lost the buildin'\nAll fly gangstas, more bankers, hundred wit' us\nWe ex-dust niggas, don't even touch my drink\nFuck around, get shanked, stabbed, shot and broke\nYa' yolked and he blast-es through you in the faint\nAll my niggas get paint, yo what's my name?\nLexus Diamond, Ice Water Inc"
                    }, 
                    {
                        "header": "[Interlude: Masta Killa]", 
                        "text hash": "55c822dcf8ed6a90fe85e7abd0d15047", 
                        "artist": "Masta Killa", 
                        "text": "Huh.. (uh-uh-uh-uh)\nUh! Yeah!\nOnce again in the motherfuckin' place\nFix yo' motherfuckin' face, nigga\nYeah.. you know how we gets down\nMe and this mixo, we so.. we so tight\nLex Diamond sound, and uh\nI bees the High Chief, Jamel Arief\nStraight from East Medina\nAnd uh.. yo.. yeah!\nYeah.. huh!"
                    }, 
                    {
                        "header": "[Masta Killa]", 
                        "text hash": "6bf167d6a3dd595b46b9fd78dada8fbc", 
                        "artist": "Masta Killa", 
                        "text": "They started jammin' in the park, just after dark\nTwo turntables and their DJ scratchin'\nWords seemed to have an attraction when they rhymin'\nHip-hop caused the guns to start sparkin'\nTemperature risin'\nDrape a nigga up with the ratchet, less talkin'\nCaught him on the 'nard, bomb like a G. hard\nExplosion rocks the Promenade, I'm God\nAnd he show and provin', 'knowledge how he movin'\nSmift as the wisdom, move from my gate in a drunken state\nI wrote this degree, adjust ya eyes in the light so you could see\nNever fall victim, dictate the fate\nLeave the bake for the snake\nIf he take than I take his head without question\nIn the one to fourteen check the Justice lesson\nNow uh!"
                    }, 
                    {
                        "header": "[Interlude: Inspectah Deck]", 
                        "text hash": "04e9d5bed6183139e94de9029d521194", 
                        "artist": "Inspectah Deck", 
                        "text": "Uh! It's the pineapple Daquiri fuckin' up ya mindstate\nYa heard? (Yeah) Spread the motherfuckin' word\nYo!"
                    }, 
                    {
                        "header": "[Inspectah Deck]", 
                        "text hash": "1d84e28b37f66093160d4b93aaba24fd", 
                        "artist": "Inspectah Deck", 
                        "text": "I'm from where it's real, niggas peal ya' orange\nWe want enough bricks that we could build apartments\nI. General in the field of marksmen\nThe Bad Boys wit' me ain't Will or Martin\nFeel what I'm droppin', I spit the ill doctrine\nSpot him deep in the Killah Hill poppin'\nTwo feet dug in the dirt, up to the skirt\nSpectator on the sideline lovin' the work\nAnd my team ain't ya' average, CREAM we handle it\nFiends seekin' packages, beams and banana clips\nFesto! If you wit' me, let's go!\nThe nymphos love me, X-O, X-O\nBoy listen hard, think twice before you get involved\nWe hold the weight like cons in the prison yard\nThey call the riot squad, we live and in charge\nY'all non-beleivers get reminded with scars\nIt's the pineapple, Rebel I. natural\nFine wine hundred proof, spittin' mine at you\n(CHUH-PUGH! Nigga!)\n\n\n\n\n  "
                    }
                ], 
                "hooks": []
            }, 
            "order": [
                "[Raekwon]", 
                "[Interlude: Masta Killa]", 
                "[Masta Killa]", 
                "[Interlude: Inspectah Deck]", 
                "[Inspectah Deck]"
            ], 
            "artist": "Raekwon"
        }
    },
    "Mean Streets": {
        "raw": "\n    \n  [Intro: Raekwon (man)]\n(Aiyo, Chef?) What up, my nigga?\n(Yeah, man, I gotta give you the 411, shit is straight 911, word)\nIt's $2.50, nigga, back the fuck up! Talk to me...\n(Word, them blue ninjas is everywhere\nWord, watch ya back, Protect Ya Neck and all that shit, man\nThirty nine motherfuckers already got scooped up\nIndicted, word, I'm bird eye viewing it right now\nOut there out the motherfucking window)\nYou got the strong scoopers out there?\n(Word, five book store buses out front\nAll them young boys are certified, they ain't rentals)\n\n[Hook 2X: Suga Bang Bang]\nRun these mean streets from Cali to New York\nWho could ya trust? Niggas they do talk\nRunning from the feds and out of state troopers\nLook up ahead, you know we got sharp shooters\n\n[Raekwon]\nThe blocks is molded, step up ya sword piece\nMoving through them housing with more ki's\nRembrandts is fresh from Scotland, crisp hats, Cristal bottles\nNiggas want the problems, we back\nIt's time to take over the game, it's nothing\nI live on the line, from corner to castles with pawns and capsules\nScramble and find, my money's up, I'm praying for war\nI do this all the time, all the time, all the time\nFaces of Doom, sling in the lobby\nSwinging cooked raw, if you played the field you was not leaving\nFast-pacin' for CREAM chasing team\nTrying to come through the hood and lie, get left for dead naked in Queens\nLet them other niggas wear that, we take the credit\nWhile we was shopping for more Nikes and off-whites\nHeroin stirrers, the crib, cracked mirrors\nCareer thugs who serve only judges and jurors\nGot to make my money this year, whether it's through rhyming or criming\nI'll be on the line with my iron\nPromised them llamas'll fly fast, quick at pirahnas\nTrying to intervene, get caught dead, no head in pajamas\nYou live like a slouch from vouchers\nNobody mad, you was a fake, dead, die with no trousers\nCause you crossed the line like Miller's Crossing\nOff with ya dome, I walked you through the woods, we both smoked a bone\n\n[Hook 2X]\n\n[Inspectah Deck]\nMean streets...\nJust when I thought I was out, they pulled me back in\nThe streets stay flooded with crack rocks and Mac shots\nThe scenery's money, guerrillas in the back drop\nThe livest'll pop, the weakest get chopped where they stand\nSinging the judge's name, dropped in the stand\nDrug money kills, blood on my bills, mud on my Nikes\nOnly buying with the couple that I trust with my life\nTwenty four sev' ducking the feds, infrared wtih lead\nGamble with off track betting instead\nIn my hood anybody can get it, and everybody want it\nCutthroat executives, the corners, the office\nAnd the thought is to be boss of all bosses\nThe cost is ya life, swimming with sharks and orcas\nSo keep ya guards up, or get scarred up\nIt's a Cold World, I told you with Allah Just'\nThe bigger the funds, the bigger the guns that's blazing\nIt's sick in the slums and niggas are stunting for nathin'\n\n[Ghostface Killah]\nAiyo, my gun been in more niggas mouths than a whore had dick\nWith creamy nuts on the side of her jaw\nIt's Rigatone, nigga, sliding through airports\nRiding on niggas like MJ, same day I rocked you, comprende?\nYeah, I'm kinda off cuz my guns was dirty\nThat last joint that hit you, kid, you made the top thirty\nEarly, walk with me and strap with a vengeance\nMore or less Ghostface Killah'll stretch you out like mad words in a sentence\nSmell the gas burning (yeah) feel the fire (word)\nReal talk, it's not that bullshit from The Wire\nIt's them disco kids that clap iron\nChampion hoods, if ya coke don't freeze, my face is not worth frying\nWe crack eightballs with pool sticks\nBungee jump off a mountain of bricks\nFuck you up if you slinging those nicks\nToney Starks from the octagon, my ox is on\nSnap Matt Hughes' neck with my boxers on\n\n[Hook 2X]\n\n\n\n\n  ", 
        "pro": {
            "features": [
                "Ghostface Killah", 
                "Inspectah Deck", 
                "Suga Bang Bang"
            ], 
            "producers": [
                "Mathematics"
            ], 
            "blocks": {
                "verses": [
                    {
                        "header": "[Raekwon]", 
                        "text hash": "3d6bf19fd4493a9a9a54d1a2f1c6e887", 
                        "artist": "Raekwon", 
                        "text": "The blocks is molded, step up ya sword piece\nMoving through them housing with more ki's\nRembrandts is fresh from Scotland, crisp hats, Cristal bottles\nNiggas want the problems, we back\nIt's time to take over the game, it's nothing\nI live on the line, from corner to castles with pawns and capsules\nScramble and find, my money's up, I'm praying for war\nI do this all the time, all the time, all the time\nFaces of Doom, sling in the lobby\nSwinging cooked raw, if you played the field you was not leaving\nFast-pacin' for CREAM chasing team\nTrying to come through the hood and lie, get left for dead naked in Queens\nLet them other niggas wear that, we take the credit\nWhile we was shopping for more Nikes and off-whites\nHeroin stirrers, the crib, cracked mirrors\nCareer thugs who serve only judges and jurors\nGot to make my money this year, whether it's through rhyming or criming\nI'll be on the line with my iron\nPromised them llamas'll fly fast, quick at pirahnas\nTrying to intervene, get caught dead, no head in pajamas\nYou live like a slouch from vouchers\nNobody mad, you was a fake, dead, die with no trousers\nCause you crossed the line like Miller's Crossing\nOff with ya dome, I walked you through the woods, we both smoked a bone"
                    }, 
                    {
                        "header": "[Inspectah Deck]", 
                        "text hash": "d6855a07049102262b69c791dda270c9", 
                        "artist": "Inspectah Deck", 
                        "text": "Mean streets...\nJust when I thought I was out, they pulled me back in\nThe streets stay flooded with crack rocks and Mac shots\nThe scenery's money, guerrillas in the back drop\nThe livest'll pop, the weakest get chopped where they stand\nSinging the judge's name, dropped in the stand\nDrug money kills, blood on my bills, mud on my Nikes\nOnly buying with the couple that I trust with my life\nTwenty four sev' ducking the feds, infrared wtih lead\nGamble with off track betting instead\nIn my hood anybody can get it, and everybody want it\nCutthroat executives, the corners, the office\nAnd the thought is to be boss of all bosses\nThe cost is ya life, swimming with sharks and orcas\nSo keep ya guards up, or get scarred up\nIt's a Cold World, I told you with Allah Just'\nThe bigger the funds, the bigger the guns that's blazing\nIt's sick in the slums and niggas are stunting for nathin'"
                    }, 
                    {
                        "header": "[Ghostface Killah]", 
                        "text hash": "c34863bd3e5f87737ba41f5884ff6707", 
                        "artist": "Ghostface Killah", 
                        "text": "Aiyo, my gun been in more niggas mouths than a whore had dick\nWith creamy nuts on the side of her jaw\nIt's Rigatone, nigga, sliding through airports\nRiding on niggas like MJ, same day I rocked you, comprende?\nYeah, I'm kinda off cuz my guns was dirty\nThat last joint that hit you, kid, you made the top thirty\nEarly, walk with me and strap with a vengeance\nMore or less Ghostface Killah'll stretch you out like mad words in a sentence\nSmell the gas burning (yeah) feel the fire (word)\nReal talk, it's not that bullshit from The Wire\nIt's them disco kids that clap iron\nChampion hoods, if ya coke don't freeze, my face is not worth frying\nWe crack eightballs with pool sticks\nBungee jump off a mountain of bricks\nFuck you up if you slinging those nicks\nToney Starks from the octagon, my ox is on\nSnap Matt Hughes' neck with my boxers on"
                    }
                ], 
                "hooks": [
                    {
                        "header": "[Hook 2X: Suga Bang Bang]", 
                        "text hash": "17571f42be2d0b95860c5fd88c9485db", 
                        "artist": "Suga Bang Bang", 
                        "text": "Run these mean streets from Cali to New York\nWho could ya trust? Niggas they do talk\nRunning from the feds and out of state troopers\nLook up ahead, you know we got sharp shooters"
                    }
                ], 
                "intro": [
                    {
                        "header": "[Intro: Raekwon (man)]", 
                        "text hash": "d9bbe49fc91040553ef3476c2b70d24b", 
                        "artist": "Raekwon (man)", 
                        "text": "(Aiyo, Chef?) What up, my nigga?\n(Yeah, man, I gotta give you the 411, shit is straight 911, word)\nIt's $2.50, nigga, back the fuck up! Talk to me...\n(Word, them blue ninjas is everywhere\nWord, watch ya back, Protect Ya Neck and all that shit, man\nThirty nine motherfuckers already got scooped up\nIndicted, word, I'm bird eye viewing it right now\nOut there out the motherfucking window)\nYou got the strong scoopers out there?\n(Word, five book store buses out front\nAll them young boys are certified, they ain't rentals)"
                    }
                ]
            }, 
            "order": [
                "[Intro: Raekwon (man)]", 
                "[Hook 2X: Suga Bang Bang]", 
                "[Raekwon]", 
                "[Hook 2X]", 
                "[Inspectah Deck]", 
                "[Ghostface Killah]", 
                "[Hook 2X]"
            ], 
            "artist": "Raekwon"
        }
    },
    "Rockstars": {
        "raw": "\n    \n  [Raekwon]\nAiyo, Rockstars, bases and capers flying through cases\nWith placed bread, lead blowing through domes, scalped faces\nMoving through towns, skama lit, nations bend stations\nDope fiend Asians, smoke cream vanquishes\nThe town is thirsty for work, blood hurting\nFlash the curtain, open, I'm scoping, Hutch and his team\nClutching Dutches Backwoods, other shits working, not perfect\nFlipping discussions, cussing all froze with slush, kid\nLacer had the drop, pass the Glock, Woosie uzi\nThe car hard bluesy with the pay me mean 'Bach\nCream shot, clean slot, one in his dome, four shock\nHe partially zoned, his dome fell on the rock\nHis face dazzle, niggas baffle, son, hit the floor, he traveled\nYo, to a new land, I cracked his cerebellum\nWide open, open the crowd up, he fouled up, black laid in the hall\nFor like forty-five to an hour, soaking\n\n[Hook: Thea Van Seijen]\nSound of the smoking barrel, live like them older stars\nScrooge like a Christmas Carol, stemmed from a bloody love\nShot through the old apparel, no police to respond\nDropped off the Verrazano, washed up On Golden Pond\nJust like a Shakespeare novel, more problems to dissolve\nIf this is destiny, that's how this world resolve\n\n[Inspectah Deck]\nAiyo, it's real, better pop your steel, cop those wheels, shop those deals\nFull time with the grind for a meal, stay down low like O'Neal\nRain, hail, snow or shine, put time on the field, police ride on my heels\nStill big time, big dime, how you feel, I rhyme but the nine stay peel\nI, zone on roam, floss with the chrome on chrome, host on the corner store\nS.I.N.Y. on my own, it gets foul, but I call it home\nLive red bone give me dome, champagne toast to Tone\nRoll a bone, a homegrown with Capone\nCause more rips to the o-zone, wanna ride with a nigga then hold on\n\n[GZA]\nThe place was very smokey and cloudy, the full lousy\nMusic was emotional, people vibes was laid back and far from rowdy\nShe sit at the bar, holding a glass, sipping on a drink\nTears flowing like water from a sink, her eyes never blink\nHer cigarette was burnt to the butt, her wrist was wearing a cut\nHer facial expression was saying \"now what\"\nAnother drink was made, each and every time the bass was played\nBartender telling her to go, but then she only stayed\nRiding on the borderline, between homicidal, suicidal\nJust hours from the headlines, the story with the grim title\nShe questioned her reason for being here, but even with\nFour kids at home alone, it still remains unclear\nOpens up a bottle of prescribed drugs and grabs a mug\nDown, every one of those pills, since she was feeling bugged\nKinda weak, she stumbled from her seat, but she will never return\nI guess it must of been a, lesson to learn\n\n[Hook]\n\n\n\n\n  ", 
        "pro": {
            "features": [
                "GZA", 
                "Inspectah Deck", 
                "Thea Van Seijen"
            ], 
            "blocks": {
                "verses": [
                    {
                        "header": "[Raekwon]", 
                        "text hash": "10c065e4179a698d6d8d4de1863d6b43", 
                        "artist": "Raekwon", 
                        "text": "Aiyo, Rockstars, bases and capers flying through cases\nWith placed bread, lead blowing through domes, scalped faces\nMoving through towns, skama lit, nations bend stations\nDope fiend Asians, smoke cream vanquishes\nThe town is thirsty for work, blood hurting\nFlash the curtain, open, I'm scoping, Hutch and his team\nClutching Dutches Backwoods, other shits working, not perfect\nFlipping discussions, cussing all froze with slush, kid\nLacer had the drop, pass the Glock, Woosie uzi\nThe car hard bluesy with the pay me mean 'Bach\nCream shot, clean slot, one in his dome, four shock\nHe partially zoned, his dome fell on the rock\nHis face dazzle, niggas baffle, son, hit the floor, he traveled\nYo, to a new land, I cracked his cerebellum\nWide open, open the crowd up, he fouled up, black laid in the hall\nFor like forty-five to an hour, soaking"
                    }, 
                    {
                        "header": "[Inspectah Deck]", 
                        "text hash": "7455a6d08ec1e2b52dbfb612eb9f1418", 
                        "artist": "Inspectah Deck", 
                        "text": "Aiyo, it's real, better pop your steel, cop those wheels, shop those deals\nFull time with the grind for a meal, stay down low like O'Neal\nRain, hail, snow or shine, put time on the field, police ride on my heels\nStill big time, big dime, how you feel, I rhyme but the nine stay peel\nI, zone on roam, floss with the chrome on chrome, host on the corner store\nS.I.N.Y. on my own, it gets foul, but I call it home\nLive red bone give me dome, champagne toast to Tone\nRoll a bone, a homegrown with Capone\nCause more rips to the o-zone, wanna ride with a nigga then hold on"
                    }
                ], 
                "hooks": [
                    {
                        "header": "[Hook: Thea Van Seijen]", 
                        "text hash": "3a6dbb3535b7947226067c666253e699", 
                        "artist": "Thea Van Seijen", 
                        "text": "Sound of the smoking barrel, live like them older stars\nScrooge like a Christmas Carol, stemmed from a bloody love\nShot through the old apparel, no police to respond\nDropped off the Verrazano, washed up On Golden Pond\nJust like a Shakespeare novel, more problems to dissolve\nIf this is destiny, that's how this world resolve"
                    }
                ]
            }, 
            "order": [
                "[Raekwon]", 
                "[Hook: Thea Van Seijen]", 
                "[Inspectah Deck]", 
                "[Hook]"
            ], 
            "artist": "Raekwon"
        }
    },
    "Broken Safety": {
        "raw": "\n    \n  [Kung fu sample]\n*sounds of fighting*\nHeh, do you know any other styles?\nI am very grateful!\nAre you ready?\nI'm ready...\n\n[Jadakiss]\nUh, down on 40 Deuce, when I was a shorty duke\nThat's when I first got the Naughty goose\nNow I come through in a sported coupe\nI know what you better do, stop talking bout what you outta do\nMy crack spot is still portable\nFunerals are still affordable, I'm better than all of you\nI'm in the hood scraping 'em, Jadakiss, Rae and 'em\nYa'll lame niggas, come uptown, spend a day with 'em\nBigger ones, bootleg liquor runs, blow something, nigga\nLet the Earth smoke hit your lung, get your guns\nThe economy is down, so you already know\nIt's gon' be a lot of homi's in the town\nThat's why I'm still bringing the seed back\nThe sneakers that I can't pronounce, that cost a G stack\nNiggas in the yard, got this on repeat, black\nFuck saving hip hop, we bringing the streets back, what?\n\n[Raekwon]\nPlayer spit snipping, different color wallies on\nBliffen had to take 'em off, they fucked up the soles, flipped it\nI'm forever zooted, crushed up glass, I'm just flashing through it\nNine times out of ten, suede down at the Jumer\nMaybach bloomers, playing rumors, card shark\nGetting cash money, take a loan, hit this tuner\nWe onion head niggas, the gun gooners\nPut us together, he run sea, I run land, with one ruger\nStop playing, you know we run rap, you know we done that\nStop fronting, son, put the gun back\nWe came with the containers, besides having the flamers\nMy Mexican mans is famous\nRunning through the streets, the bulldog\nConehead hoodies on, eighteen five for footballs\nMaxed like I'm under a good wall, good G\nGood recipe, good status, a hood broad\n\n[Styles P]\nI used to move brown rectangles\nRoll you a blunt, then smoke you with death's angel\nChrome trey pound is making your neck dangle\nBlue trey eight is leaving your chest mangled\nIt's math but the gun could kill you at all angles\nLeave the toast home, I'm leaving you all strangled\nLouis loafers on the Jaguar, gas peddles\nYou got the cops with you, you ain't even half ghetto\n(Not even half) We neither here nor there\nBut if, you was over here, you would of been got aired\n(Been got aired) Like a pair of white Nike's on a summer day\nPointing the gun away, I could kill you niggas a hundred ways\nMinds in a place that yours ain't, so I'm wearing war paint\nFor the day that I see the Lord saint\nBlowing the purple haze, playing The Purple Tape\nFuck with Chef or the Ghost, get left with a purple face\n\n[Kung fu sample]\nToo bad, your courage will be the death of you\n*sounds of fighting*\n\n\n\n\n  ", 
        "pro": {
            "features": [
                "Jadakiss", 
                "Styles P"
            ], 
            "producers": [
                "Scram Jones"
            ], 
            "blocks": {
                "verses": [
                    {
                        "header": "[Kung fu sample]", 
                        "text hash": "c280e6c8c6034577378b2a382462f799", 
                        "artist": "Raekwon", 
                        "text": "*sounds of fighting*\nHeh, do you know any other styles?\nI am very grateful!\nAre you ready?\nI'm ready..."
                    }, 
                    {
                        "header": "[Jadakiss]", 
                        "text hash": "4053c8dc5b257b668bdf557dca9ab53c", 
                        "artist": "Jadakiss", 
                        "text": "Uh, down on 40 Deuce, when I was a shorty duke\nThat's when I first got the Naughty goose\nNow I come through in a sported coupe\nI know what you better do, stop talking bout what you outta do\nMy crack spot is still portable\nFunerals are still affordable, I'm better than all of you\nI'm in the hood scraping 'em, Jadakiss, Rae and 'em\nYa'll lame niggas, come uptown, spend a day with 'em\nBigger ones, bootleg liquor runs, blow something, nigga\nLet the Earth smoke hit your lung, get your guns\nThe economy is down, so you already know\nIt's gon' be a lot of homi's in the town\nThat's why I'm still bringing the seed back\nThe sneakers that I can't pronounce, that cost a G stack\nNiggas in the yard, got this on repeat, black\nFuck saving hip hop, we bringing the streets back, what?"
                    }, 
                    {
                        "header": "[Raekwon]", 
                        "text hash": "91fb238db74c64bb68f1e8193d8c62b6", 
                        "artist": "Raekwon", 
                        "text": "Player spit snipping, different color wallies on\nBliffen had to take 'em off, they fucked up the soles, flipped it\nI'm forever zooted, crushed up glass, I'm just flashing through it\nNine times out of ten, suede down at the Jumer\nMaybach bloomers, playing rumors, card shark\nGetting cash money, take a loan, hit this tuner\nWe onion head niggas, the gun gooners\nPut us together, he run sea, I run land, with one ruger\nStop playing, you know we run rap, you know we done that\nStop fronting, son, put the gun back\nWe came with the containers, besides having the flamers\nMy Mexican mans is famous\nRunning through the streets, the bulldog\nConehead hoodies on, eighteen five for footballs\nMaxed like I'm under a good wall, good G\nGood recipe, good status, a hood broad"
                    }, 
                    {
                        "header": "[Styles P]", 
                        "text hash": "25ae75408a3b036620f87ee558c0c24c", 
                        "artist": "Styles P", 
                        "text": "I used to move brown rectangles\nRoll you a blunt, then smoke you with death's angel\nChrome trey pound is making your neck dangle\nBlue trey eight is leaving your chest mangled\nIt's math but the gun could kill you at all angles\nLeave the toast home, I'm leaving you all strangled\nLouis loafers on the Jaguar, gas peddles\nYou got the cops with you, you ain't even half ghetto\n(Not even half) We neither here nor there\nBut if, you was over here, you would of been got aired\n(Been got aired) Like a pair of white Nike's on a summer day\nPointing the gun away, I could kill you niggas a hundred ways\nMinds in a place that yours ain't, so I'm wearing war paint\nFor the day that I see the Lord saint\nBlowing the purple haze, playing The Purple Tape\nFuck with Chef or the Ghost, get left with a purple face"
                    }, 
                    {
                        "header": "[Kung fu sample]", 
                        "text hash": "a50e11c53390901bb78e6af10f111fe6", 
                        "artist": "Raekwon", 
                        "text": "Too bad, your courage will be the death of you\n*sounds of fighting*\n\n\n\n\n  "
                    }
                ], 
                "hooks": []
            }, 
            "order": [
                "[Kung fu sample]", 
                "[Jadakiss]", 
                "[Raekwon]", 
                "[Styles P]", 
                "[Kung fu sample]"
            ], 
            "artist": "Raekwon"
        }
    }
}