{
    "I See": {
        "raw": "\n    \n  [Verse 1: Pharoahe Monch]\nAh Pharoahe Monch yeah\nI said; yes yes y'all to the beat y'all\nWe tryin' to teach the young and get the loot\nAnd steer it like havin' a ball\nHey hey hey\nWe try to walk a little bit like this I say\nI hate rap promoters I start to motor\nTalk from Southside to North Minnesota\nDre gramm of yea with a small cup of soda\nNever get the women with the underarm odour\nSky town Motorola holder who rocks bolder than all\nTo fall when they try to call me the cold shoulder\nTry to tell these younger kids to come a little older\nThe more is about to happen and we need our little soldiers\n\n[Verse 2: Ras Kass]\nI riggedy rock, I riggedy wreck shot\nNah hahaha I'm fuckin' with y'all\nI fall through parallel universes with a gun\nAnd murder myself the games strength like Jet Li in The One\nGet bean you slum-slumming\nSippin' a little some-something\nPop and Big Pun it's nothing to front, get the dappin'\nSomething up in here y'all gon' make me lose my mind\nUse my nine, and do my time\nI do my grime, and spit rhymes freaky, hear it out\nFor new hoes and constant rappers the shiekiest\nBe beneath me, no rapper could defeat me\nLike puttin' your face in faeces, I talk shit\nWho I be? Real nigga with the fake I.D\n\nO.G., B.G., L.A., N.Y.C\n\nThe matrix is radio and T.V\n\n[Chorus: Pharoahe Monch (& Ras Kass)]\nI see; designer glasses, titties and masses\nFor luxurous beats, that bumps, that move the masses\nDesastrous beats that strife V.I.P.-passes\nIt's on (It's on?) It's on\n(I see; sex money and why murder and crime\nGood time, soldiers that cry for lust and the shine\nBitlies bitches that break ballers\nAll us wanna be shakola's callin' call us)\n\n[Verse 3: Pharoahe Monch]\nBasic I was too advanced to advance\nNow who's the chansellor?\nYou couldn't scrap if you was one of Big Daddy Kane's dancers\nThe answer but not for the '76's\nI put your lips on, stick ya dick in your mouth\nAnd put your lips, where your dick was, sideways pushin'\nPunks try to prevoke chess styles and push me\nQueens shit (Come on!) Queens shit (Come on!)\nFuck around and get your motherfucking screen split (Come on!)\n\n[Verse 4: Ras Kass]\nThorough, on turntables for technicians to play it\nHi-Tek lady for Pharoahe Monch to slay it\nI triple all waited Ras whiplash\n(Why I grow voices) wrapping this wraf with big wax\nReally, hah, I refuse to rock consumers\nCause sworn groupies get mad and spread rumours like\n\n\"Do you hear what I hear\"\n\n[Pharoahe]\nI heard gay rappers that thugged, a lot of nerve\n\n[Ras]\nCan you believe that shit Monch?\n\n[Pharoahe]\nWord, word, I heard a lot of murderers ain't really murderers\nAnd it's absurd was they frontin' like they never heard of us\n\n[Ras]\nNiggas playin' king-pin but only perps service oil\nPlayin' they want beef but really only heard of wars\nIf you want to party trunk and wanna get crunked\nThrow ya hands up! Bitches, throw ya hands up!\n\n[Chorus](2x)\n\n\n\n\n  ", 
        "pro": {
            "features": [
                "Pharoahe Monch"
            ], 
            "blocks": {
                "verses": [
                    {
                        "header": "[Verse 1: Pharoahe Monch]", 
                        "text hash": "ceb90dc70c989efffc343264d17e04d4", 
                        "artist": "Pharoahe Monch", 
                        "text": "Ah Pharoahe Monch yeah\nI said; yes yes y'all to the beat y'all\nWe tryin' to teach the young and get the loot\nAnd steer it like havin' a ball\nHey hey hey\nWe try to walk a little bit like this I say\nI hate rap promoters I start to motor\nTalk from Southside to North Minnesota\nDre gramm of yea with a small cup of soda\nNever get the women with the underarm odour\nSky town Motorola holder who rocks bolder than all\nTo fall when they try to call me the cold shoulder\nTry to tell these younger kids to come a little older\nThe more is about to happen and we need our little soldiers"
                    }, 
                    {
                        "header": "[Verse 2: Ras Kass]", 
                        "text hash": "c44df0930aacb74cbd63ece71fe68277", 
                        "artist": "Ras Kass", 
                        "text": "I riggedy rock, I riggedy wreck shot\nNah hahaha I'm fuckin' with y'all\nI fall through parallel universes with a gun\nAnd murder myself the games strength like Jet Li in The One\nGet bean you slum-slumming\nSippin' a little some-something\nPop and Big Pun it's nothing to front, get the dappin'\nSomething up in here y'all gon' make me lose my mind\nUse my nine, and do my time\nI do my grime, and spit rhymes freaky, hear it out\nFor new hoes and constant rappers the shiekiest\nBe beneath me, no rapper could defeat me\nLike puttin' your face in faeces, I talk shit\nWho I be? Real nigga with the fake I.D\n\nO.G., B.G., L.A., N.Y.C\n\nThe matrix is radio and T.V"
                    }, 
                    {
                        "header": "[Verse 3: Pharoahe Monch]", 
                        "text hash": "7de48ffc9992139d968865224dde23dd", 
                        "artist": "Pharoahe Monch", 
                        "text": "Basic I was too advanced to advance\nNow who's the chansellor?\nYou couldn't scrap if you was one of Big Daddy Kane's dancers\nThe answer but not for the '76's\nI put your lips on, stick ya dick in your mouth\nAnd put your lips, where your dick was, sideways pushin'\nPunks try to prevoke chess styles and push me\nQueens shit (Come on!) Queens shit (Come on!)\nFuck around and get your motherfucking screen split (Come on!)"
                    }, 
                    {
                        "header": "[Verse 4: Ras Kass]", 
                        "text hash": "0aa3cb4fe5a6ca461b8ad387bea7e18b", 
                        "artist": "Ras Kass", 
                        "text": "Thorough, on turntables for technicians to play it\nHi-Tek lady for Pharoahe Monch to slay it\nI triple all waited Ras whiplash\n(Why I grow voices) wrapping this wraf with big wax\nReally, hah, I refuse to rock consumers\nCause sworn groupies get mad and spread rumours like\n\n\"Do you hear what I hear\""
                    }
                ], 
                "hooks": [
                    {
                        "header": "[Chorus: Pharoahe Monch (& Ras Kass)]", 
                        "text hash": "15f42fc277ad457bd29286e4fd1dfb5a", 
                        "artist": "Pharoahe Monch", 
                        "text": "I see; designer glasses, titties and masses\nFor luxurous beats, that bumps, that move the masses\nDesastrous beats that strife V.I.P.-passes\nIt's on (It's on?) It's on\n(I see; sex money and why murder and crime\nGood time, soldiers that cry for lust and the shine\nBitlies bitches that break ballers\nAll us wanna be shakola's callin' call us)"
                    }, 
                    {
                        "header": "[Chorus]", 
                        "text hash": "cb23903be4edce728338d5b03635c6ab", 
                        "artist": "Ras Kass", 
                        "text": "(2x)\n\n\n\n\n  "
                    }
                ], 
                "remainders": [
                    {
                        "header": "[Pharoahe]", 
                        "text hash": "03de253723cbcb4c09a3ec799bb1f4d5", 
                        "artist": "Ras Kass", 
                        "text": "I heard gay rappers that thugged, a lot of nerve"
                    }, 
                    {
                        "header": "[Pharoahe]", 
                        "text hash": "c0dc68b39b01e629fbb0bdf36d33d3cd", 
                        "artist": "Ras Kass", 
                        "text": "Word, word, I heard a lot of murderers ain't really murderers\nAnd it's absurd was they frontin' like they never heard of us"
                    }
                ]
            }, 
            "order": [
                "[Verse 1: Pharoahe Monch]", 
                "[Verse 2: Ras Kass]", 
                "[Chorus: Pharoahe Monch (& Ras Kass)]", 
                "[Verse 3: Pharoahe Monch]", 
                "[Verse 4: Ras Kass]", 
                "[Pharoahe]", 
                "[Pharoahe]"
            ], 
            "artist": "Ras Kass"
        }
    }
}