{
    "Work": {
        "raw": "\n    \n  [Hook \u2013 Ray J][x2]\nWork\nWork for it, work for it\nShow me how you do it when somebody tryna pay for it\nWork\n\n[Verse 1 \u2013  ?]\nI said, baby quit playing, go and work, work\nLet me bang it like my turf, I be the flyest nigga on earth, earth\nYSL on my shirt\nLouis V on my jeans, couple bad bitches my team\nI love the way you move it, you got me drooling\nThat ass so stupid, whole crew gonna wanna do it\n[?] no puedes controlar\n[?] conmiga mami, yo lo [?]\nAnd the way you pop it, you got it popping\nIt\u2019s a knockout how you\u2019re dropping, now can\u2019t nobody stop it\n[?] mi, solo para mi\n[?] cama [?] mi\n\n[Hook][x2]\n\n[Bridge \u2013 Ray J]\nYou working all night, you must be on the grave shift\nYou working all night, taking off like a spaceship\n\n[Verse 2 \u2013 Payso B]\nI said baby quit playing, go and work\nLike you hot up on the spot\nWork it like you up on the clock, clock\nI could take you to the top, I could take you to the scene\nLiving life like you\u2019re in a dream\n\n[Verse 3 \u2013 Snow Tha Product]\nHe telling me to work for it, but I\u2019m somebody you got to deserve to get\nHe like why don\u2019t you twerk a bit\nCause I\u2019m a pimp, I got game like a tournament\nYou say you love me like Rico\nTryna come with my PO\nSaid he loving my Cee-Lo cause little mama\u2019s neck is on frio\nI\u2019m like all the bad bitches to the front\nThrowing racks at em, they gon give us what we want\nStunting in the club, grabbed a couple stacks of ones\nAre you working or are you working\nShe just tryna make some funds, that\u2019s what\u2019s up\nLook I\u2019m like paper, we got that\nThese haters? We off that\nNo chasers, where the shots at\nOh it\u2019s bottles up, well I\u2019ll pop that\nCause I gots that so it\u2019s [?]\nYeah it\u2019s the [?] done dada\nYeah we working hard for these dollars, but still throwing em ain\u2019t a problem\nBetter work\n\n[Hook][x2]\n\n\n\n\n  ", 
        "pro": {
            "features": [
                "Payso B", 
                "Snow Tha Product"
            ], 
            "blocks": {
                "verses": [
                    {
                        "header": "[Verse 1 \u2013  ?]", 
                        "text hash": "52b62e16a59623c38e8205e15b751f6b", 
                        "artist": "Ray J", 
                        "text": "I said, baby quit playing, go and work, work\nLet me bang it like my turf, I be the flyest nigga on earth, earth\nYSL on my shirt\nLouis V on my jeans, couple bad bitches my team\nI love the way you move it, you got me drooling\nThat ass so stupid, whole crew gonna wanna do it"
                    }, 
                    {
                        "header": "[Verse 2 \u2013 Payso B]", 
                        "text hash": "4097a2d97d330b69574ff0005f70ccef", 
                        "artist": "Payso B", 
                        "text": "I said baby quit playing, go and work\nLike you hot up on the spot\nWork it like you up on the clock, clock\nI could take you to the top, I could take you to the scene\nLiving life like you\u2019re in a dream"
                    }, 
                    {
                        "header": "[Verse 3 \u2013 Snow Tha Product]", 
                        "text hash": "766794b8fb40affc9089f7942511bd8c", 
                        "artist": "Snow Tha Product", 
                        "text": "He telling me to work for it, but I\u2019m somebody you got to deserve to get\nHe like why don\u2019t you twerk a bit\nCause I\u2019m a pimp, I got game like a tournament\nYou say you love me like Rico\nTryna come with my PO\nSaid he loving my Cee-Lo cause little mama\u2019s neck is on frio\nI\u2019m like all the bad bitches to the front\nThrowing racks at em, they gon give us what we want\nStunting in the club, grabbed a couple stacks of ones\nAre you working or are you working\nShe just tryna make some funds, that\u2019s what\u2019s up\nLook I\u2019m like paper, we got that\nThese haters? We off that\nNo chasers, where the shots at\nOh it\u2019s bottles up, well I\u2019ll pop that\nCause I gots that so it\u2019s [?]\nYeah it\u2019s the [?] done dada\nYeah we working hard for these dollars, but still throwing em ain\u2019t a problem\nBetter work"
                    }
                ], 
                "hooks": [
                    {
                        "header": "[Hook \u2013 Ray J][x2]", 
                        "text hash": "eec5482f4d5bfe3a1a4fdc7feaf37dd3", 
                        "artist": "Ray J", 
                        "text": "Work\nWork for it, work for it\nShow me how you do it when somebody tryna pay for it\nWork"
                    }, 
                    {
                        "header": "[Hook]", 
                        "text hash": "ed3ac6ff5f552b17d9b413095ecb6e11", 
                        "artist": "Ray J", 
                        "text": "[x2]\n\n\n\n\n  "
                    }
                ], 
                "remainders": [
                    {
                        "header": "[?] conmiga mami, yo lo [?]", 
                        "text hash": "186f634b0609b8e54c3f8b62a68fee08", 
                        "artist": "Ray J", 
                        "text": "And the way you pop it, you got it popping\nIt\u2019s a knockout how you\u2019re dropping, now can\u2019t nobody stop it"
                    }
                ], 
                "bridge": [
                    {
                        "header": "[Bridge \u2013 Ray J]", 
                        "text hash": "88deba691b983b7a23ec2e49f8aa223b", 
                        "artist": "Ray J", 
                        "text": "You working all night, you must be on the grave shift\nYou working all night, taking off like a spaceship"
                    }
                ]
            }, 
            "order": [
                "[Hook \u2013 Ray J][x2]", 
                "[Verse 1 \u2013  ?]", 
                "[?] conmiga mami, yo lo [?]", 
                "[Hook][x2]", 
                "[Bridge \u2013 Ray J]", 
                "[Verse 2 \u2013 Payso B]", 
                "[Verse 3 \u2013 Snow Tha Product]", 
                "[Hook][x2]"
            ], 
            "artist": "Ray J"
        }
    },
    "ATM": {
        "raw": "\n    \n  [Verse 1 \u2013 Ray J]\nSee it in your eyes when you\u2019re looking at me\nGoddamn, Imma burn a hole through the middle of your Givenchy\nYou ain\u2019t ready for this beast I be\n[?] with a little Cognac, a little something in my swisher sweet\n\n[Bridge \u2013 Ray J]\nI don\u2019t understand why I feel this way\nGot me feeling like I'm in outer space\nSwear I always been the type in the club that'll hold shit down\nCaught up in the matrix, so far gone, don\u2019t wake me now\n\n[Hook - Dria]\nDon\u2019t keep me waiting, I\u2019m anticipating\nCome meet me baby, in this dream\nYou and me\nI be the [?], come home when you need me\nGot my arms wide open, I mean my legs wide open with me\nGot my legs open like an ATM\nGot my legs open like an ATM\nHundreds in a bank roll, got me open 24\nXO got me kinda throwed, kinda throwed, kinda throwed\n\n[Verse 2 - Quavo]\nBeat it up, beat it up, beat it up\nLike Michael Jackson, bout to beat it up\nGot her legs open like an ATM, so I told her cash out on this spatula\nYou the baddest bitch in the club, right?\nSo I hit her with a left like fight night\nIn the club tight, diamonds shine on bright\nLooking like I work at [?]\nI\u2019m the king, baby call me Elvis\nCan a nigga see below your pelvis?\nI didn\u2019t come alone, I came with the felons\nShe want to take it to the next level, I\u2019m a trend setter\nBaby living better, she want to see if I got real cheddar\nMy pockets so fat, look like nutty professor\nThe blue Benji\u2019s make her feel better\n\n[Hook]\n\n[Verse 3 - Ray J]\nDamn she wetter than a tsunami\nSweating like a motherfucker, hotter than a goddamn [?]\nShe\u2019s a rider like a Ducati\nIf you want to come and get it, spit it\nI'll eat it like an edamame\n\n[Bridge]\n\n[Verse 4 \u2013 Takeoff]\nTakeoff a young rich nigga\nChristian Louboutin sweater\nGold toed, these are Maison Margielas\nPockets sloppy, [?] change the weather\nSlippery whip out, I'm Cinderella\nI can make it rain in any weather\nI look like Frank Lucas in the chinchillas\nPull up in the Bentley, you niggas weak\nI'm a veteran, you just a beginner\n\n[Verse 5 \u2013 Offset]\nOffset!\nShe wet like Pacific, her head is terrific\nLil mama, she gifted\nShe suck on the dick, baby girl do not kiss it\nEat it up, eat it up, like I am jiffy\nIntelligent independent, she been fucking with me from the very beginning\nChurch girl, when she with me she sinning\nI\u2019m granting her wish, she calling me a genie\nGot my finger on her panty line\nLil mama bad, you should see her mom\nShe looking sexy when she chew on gum\nCome with Offset, baby have some fun\n3 2 1, lil mama she the bomb!\nIn her Birkin bag, she keep my gun\nBitch is sucking and she number one\nShe Brazilian, not American (Foreign!)\n\n[Hook]\n\n\n\n\n  ", 
        "pro": {
            "features": [
                "Dria", 
                "Migos"
            ], 
            "blocks": {
                "verses": [
                    {
                        "header": "[Verse 1 \u2013 Ray J]", 
                        "text hash": "9b59a4d5e6fdd8846492b5b5d3cac408", 
                        "artist": "Ray J", 
                        "text": "See it in your eyes when you\u2019re looking at me\nGoddamn, Imma burn a hole through the middle of your Givenchy\nYou ain\u2019t ready for this beast I be"
                    }, 
                    {
                        "header": "[Verse 2 - Quavo]", 
                        "text hash": "21ce42193319f66bfdfff1dd44d2ba4b", 
                        "artist": "Ray J", 
                        "text": "Beat it up, beat it up, beat it up\nLike Michael Jackson, bout to beat it up\nGot her legs open like an ATM, so I told her cash out on this spatula\nYou the baddest bitch in the club, right?\nSo I hit her with a left like fight night\nIn the club tight, diamonds shine on bright\nLooking like I work at [?]\nI\u2019m the king, baby call me Elvis\nCan a nigga see below your pelvis?\nI didn\u2019t come alone, I came with the felons\nShe want to take it to the next level, I\u2019m a trend setter\nBaby living better, she want to see if I got real cheddar\nMy pockets so fat, look like nutty professor\nThe blue Benji\u2019s make her feel better"
                    }, 
                    {
                        "header": "[Verse 3 - Ray J]", 
                        "text hash": "212de548426c09bc9c6e6c9198736ff4", 
                        "artist": "Ray J", 
                        "text": "Damn she wetter than a tsunami\nSweating like a motherfucker, hotter than a goddamn [?]\nShe\u2019s a rider like a Ducati\nIf you want to come and get it, spit it\nI'll eat it like an edamame"
                    }, 
                    {
                        "header": "[Verse 4 \u2013 Takeoff]", 
                        "text hash": "c8ec494ab7c619a36e32f4d1ea865846", 
                        "artist": "Ray J", 
                        "text": "Takeoff a young rich nigga\nChristian Louboutin sweater\nGold toed, these are Maison Margielas\nPockets sloppy, [?] change the weather\nSlippery whip out, I'm Cinderella\nI can make it rain in any weather\nI look like Frank Lucas in the chinchillas\nPull up in the Bentley, you niggas weak\nI'm a veteran, you just a beginner"
                    }, 
                    {
                        "header": "[Verse 5 \u2013 Offset]", 
                        "text hash": "8eb7089de4438ecc6a55794f35748bf1", 
                        "artist": "Ray J", 
                        "text": "Offset!\nShe wet like Pacific, her head is terrific\nLil mama, she gifted\nShe suck on the dick, baby girl do not kiss it\nEat it up, eat it up, like I am jiffy\nIntelligent independent, she been fucking with me from the very beginning\nChurch girl, when she with me she sinning\nI\u2019m granting her wish, she calling me a genie\nGot my finger on her panty line\nLil mama bad, you should see her mom\nShe looking sexy when she chew on gum\nCome with Offset, baby have some fun\n3 2 1, lil mama she the bomb!\nIn her Birkin bag, she keep my gun\nBitch is sucking and she number one\nShe Brazilian, not American (Foreign!)"
                    }
                ], 
                "hooks": [
                    {
                        "header": "[Hook - Dria]", 
                        "text hash": "8aa2f2fee2992193e56dc195dfb77505", 
                        "artist": "Dria", 
                        "text": "Don\u2019t keep me waiting, I\u2019m anticipating\nCome meet me baby, in this dream\nYou and me\nI be the [?], come home when you need me\nGot my arms wide open, I mean my legs wide open with me\nGot my legs open like an ATM\nGot my legs open like an ATM\nHundreds in a bank roll, got me open 24\nXO got me kinda throwed, kinda throwed, kinda throwed"
                    }
                ], 
                "bridge": [
                    {
                        "header": "[Bridge \u2013 Ray J]", 
                        "text hash": "4ce979c0c9e446713db632b3cf2646a1", 
                        "artist": "Ray J", 
                        "text": "I don\u2019t understand why I feel this way\nGot me feeling like I'm in outer space\nSwear I always been the type in the club that'll hold shit down\nCaught up in the matrix, so far gone, don\u2019t wake me now"
                    }
                ]
            }, 
            "order": [
                "[Verse 1 \u2013 Ray J]", 
                "[Bridge \u2013 Ray J]", 
                "[Hook - Dria]", 
                "[Verse 2 - Quavo]", 
                "[Hook]", 
                "[Verse 3 - Ray J]", 
                "[Bridge]", 
                "[Verse 4 \u2013 Takeoff]", 
                "[Verse 5 \u2013 Offset]", 
                "[Hook]"
            ], 
            "artist": "Ray J"
        }
    },
    "Hey Love": {
        "raw": "\n    \n  [Hook: Ray J]\nHey love - I see you rolling in your 500 Benz\nHey love - and girl, I got a homie for each one of your friends\nHey love - hey love, hey love, hey love, hey love, hey love\nHey love - hey love, hey love, hey love, hey love, hey love\nHey love\n\n[Verse 1: Ray J]\nBaby, tell me what it's gon' be\nYou got your girls with you and I got my homies\nSo you're trying to spend your money, girl, won't let me treat\nFor the night, for the night, yeah\nBaby, I ain't one of those lames\nAnd spending money ain't a part of my game\nSwitching lanes - wondering how you gon' say my name\nIt's only right, it's only right, yeah\nYour hair long, you got bankrolls so you ain't got no worries\nSo would you come and turn it up with me?\n\n[Hook]\n\n[Verse 2: Tyga]\nI've been watching you from a far\nFor as long as I remember, you remember those Boulevards?\nDice game, hustle hard - it was more like volleyball\nLong hair, Hollywood, but still kept it hood though\nCrenshaw riding cars, knew you'd be a superstar\nDays in the maze, we so high, upper echelon\nEye contact, caress, is you with?\nI ain't had a crush in years, saying:\n\n[Hook]\n\n[Verse 3: French Montana]\nIt started at the ruck, I saw you with your man\nSmiling, huh, Birkin bag in your hand\nTrying to work it out very day thinking 'bout you\nPull up in the Mulsanne, you pull up in the coupe\nHoping shawty 'bout it, you want it then I got it\nShe don't buy no shoes if the price tag ain't got no comets\nTried to keep my cool, all white Jimmy Choo's\nDress drop to the floor, let me get you in the mood\nG5 through the stone, baby, don't be getting scared\n20 racks on your bag, 5 racks on your hair\nUntil then I'mma lay up in the cut\nMontana, Ray J, you know what's up\n\n[Hook]\n\n\n\n\n  ", 
        "pro": {
            "features": [
                "French Montana", 
                "Tyga"
            ], 
            "producers": [
                "Trak D"
            ], 
            "blocks": {
                "verses": [
                    {
                        "header": "[Verse 1: Ray J]", 
                        "text hash": "504fc14a6f9c09cf700522629fc3d7b4", 
                        "artist": "Ray J", 
                        "text": "Baby, tell me what it's gon' be\nYou got your girls with you and I got my homies\nSo you're trying to spend your money, girl, won't let me treat\nFor the night, for the night, yeah\nBaby, I ain't one of those lames\nAnd spending money ain't a part of my game\nSwitching lanes - wondering how you gon' say my name\nIt's only right, it's only right, yeah\nYour hair long, you got bankrolls so you ain't got no worries\nSo would you come and turn it up with me?"
                    }, 
                    {
                        "header": "[Verse 2: Tyga]", 
                        "text hash": "438ad4f205e78c2ed11acb764f404e5b", 
                        "artist": "Tyga", 
                        "text": "I've been watching you from a far\nFor as long as I remember, you remember those Boulevards?\nDice game, hustle hard - it was more like volleyball\nLong hair, Hollywood, but still kept it hood though\nCrenshaw riding cars, knew you'd be a superstar\nDays in the maze, we so high, upper echelon\nEye contact, caress, is you with?\nI ain't had a crush in years, saying:"
                    }, 
                    {
                        "header": "[Verse 3: French Montana]", 
                        "text hash": "8ae7d7caba2f061866931e40d71e8412", 
                        "artist": "French Montana", 
                        "text": "It started at the ruck, I saw you with your man\nSmiling, huh, Birkin bag in your hand\nTrying to work it out very day thinking 'bout you\nPull up in the Mulsanne, you pull up in the coupe\nHoping shawty 'bout it, you want it then I got it\nShe don't buy no shoes if the price tag ain't got no comets\nTried to keep my cool, all white Jimmy Choo's\nDress drop to the floor, let me get you in the mood\nG5 through the stone, baby, don't be getting scared\n20 racks on your bag, 5 racks on your hair\nUntil then I'mma lay up in the cut\nMontana, Ray J, you know what's up"
                    }
                ], 
                "hooks": [
                    {
                        "header": "[Hook: Ray J]", 
                        "text hash": "c72337cd97c7fd6523d6aa3ed5ca724a", 
                        "artist": "Ray J", 
                        "text": "Hey love - I see you rolling in your 500 Benz\nHey love - and girl, I got a homie for each one of your friends\nHey love - hey love, hey love, hey love, hey love, hey love\nHey love - hey love, hey love, hey love, hey love, hey love\nHey love"
                    }
                ]
            }, 
            "order": [
                "[Hook: Ray J]", 
                "[Verse 1: Ray J]", 
                "[Hook]", 
                "[Verse 2: Tyga]", 
                "[Hook]", 
                "[Verse 3: French Montana]", 
                "[Hook]"
            ], 
            "artist": "Ray J"
        }
    }
}