{
    "Slide Thru (Remix)": {
        "raw": "\n    \n  [Produced By De'la Musik]\n\n[Verse 1 : Rayven Justice]\nRide in my new Beamer with a bad bitch\nStole her from a nigga and you know I hit it\nDon't act stupid, if you do that'll be foolish\nCause all my niggas crazy, tryna tell you they shady\nThink about it nigga, think about this shit 'fore you do some cray\nCause you don't these problems, so you might as well just walk away, away\n\n[Hook : Rayven Justice]\nRidin' with my niggas, dyin' with my niggas\nPullin' all the bitches, niggas can't see us\nWhen we slide through, when we slide through\nWhen we slide through, nigga what you gonna do?\nWhen we slide through, when we slide through\nWhat you gonna do?\n\n[Verse 2 : Quavo]\nRidin' to the top with my niggas\nYou the type, I got to fall in love with bad bitches\nPaparazzi flash when a nigga walk through\nHop out, Giuseppe with your bitch, it's a photoshoot\nTrappin' off a damn Motorola fool\nMy money straight no rubber band I stack it vertical\nNow Imma ride with my niggas till they put me in a coffin\nStill shoot a nigga like Ray Allen play for Boston\nGone!\n\n[Hook]\n\n[Verse 3 : Offset]\nI'll ride for my niggas, I'll die for my niggas\nFuck them other niggas\nI was trapping but I seen a bigger picture\nGot your bitch she bust it open like a swisha\nYou know we in the building, put your hands to the ceiling\nGo with him or come with me, baby you know the right decision\nJust slide through, got a mansion with a lake view\nWe can be good friends but I can't date you, huh\n\n[Verse 4 : Takeoff]\nPorsche Panamera slidin' through the bay\nPour four muddy trouble and my bitch is Bombay\nCopper make you and your partner dance, call you kitten play\nCall my migo for the kilo tell him send it andale\nCruisin' down the streets in my 6-4\nWhen I whip the dope, break the pot on the stove\nSmoking on some girl scout cookies from the bay\nThrow your hood up, Rest In Peace to Mac Dre\n\n[Hook]\n\n[Bridge x2 : Rayven Justice]\nI ain't worried bout nothin'\nNigga I ain't worried bout nothin'\nMy niggas ain't worried bout nothin'\nYour niggas better worry bout somethin'\n\n[Hook]\n\n\n\n\n  ", 
        "pro": {
            "features": [
                "Migos"
            ], 
            "producers": [
                "De'la Musik"
            ], 
            "blocks": {
                "verses": [
                    {
                        "header": "[Verse 1 : Rayven Justice]", 
                        "text hash": "974f9e95b697fceebedac95c7f08fe07", 
                        "artist": "Rayven Justice", 
                        "text": "Ride in my new Beamer with a bad bitch\nStole her from a nigga and you know I hit it\nDon't act stupid, if you do that'll be foolish\nCause all my niggas crazy, tryna tell you they shady\nThink about it nigga, think about this shit 'fore you do some cray\nCause you don't these problems, so you might as well just walk away, away"
                    }, 
                    {
                        "header": "[Verse 2 : Quavo]", 
                        "text hash": "293bbbace33f6f9b9fe23f95a95e7f2d", 
                        "artist": "Quavo", 
                        "text": "Ridin' to the top with my niggas\nYou the type, I got to fall in love with bad bitches\nPaparazzi flash when a nigga walk through\nHop out, Giuseppe with your bitch, it's a photoshoot\nTrappin' off a damn Motorola fool\nMy money straight no rubber band I stack it vertical\nNow Imma ride with my niggas till they put me in a coffin\nStill shoot a nigga like Ray Allen play for Boston\nGone!"
                    }, 
                    {
                        "header": "[Verse 3 : Offset]", 
                        "text hash": "f6c2945c782fdf344ba202f92942597c", 
                        "artist": "Offset", 
                        "text": "I'll ride for my niggas, I'll die for my niggas\nFuck them other niggas\nI was trapping but I seen a bigger picture\nGot your bitch she bust it open like a swisha\nYou know we in the building, put your hands to the ceiling\nGo with him or come with me, baby you know the right decision\nJust slide through, got a mansion with a lake view\nWe can be good friends but I can't date you, huh"
                    }, 
                    {
                        "header": "[Verse 4 : Takeoff]", 
                        "text hash": "18456a854ef5e6c6cd734bd9592e2bf3", 
                        "artist": "Takeoff", 
                        "text": "Porsche Panamera slidin' through the bay\nPour four muddy trouble and my bitch is Bombay\nCopper make you and your partner dance, call you kitten play\nCall my migo for the kilo tell him send it andale\nCruisin' down the streets in my 6-4\nWhen I whip the dope, break the pot on the stove\nSmoking on some girl scout cookies from the bay\nThrow your hood up, Rest In Peace to Mac Dre"
                    }
                ], 
                "hooks": [
                    {
                        "header": "[Hook : Rayven Justice]", 
                        "text hash": "ecd3e72350c5820300e9f492be3c60ee", 
                        "artist": "Rayven Justice", 
                        "text": "Ridin' with my niggas, dyin' with my niggas\nPullin' all the bitches, niggas can't see us\nWhen we slide through, when we slide through\nWhen we slide through, nigga what you gonna do?\nWhen we slide through, when we slide through\nWhat you gonna do?"
                    }
                ], 
                "bridge": [
                    {
                        "header": "[Bridge x2 : Rayven Justice]", 
                        "text hash": "220a7f964169fc0a05f01b1ab20860dd", 
                        "artist": "Rayven Justice", 
                        "text": "I ain't worried bout nothin'\nNigga I ain't worried bout nothin'\nMy niggas ain't worried bout nothin'\nYour niggas better worry bout somethin'"
                    }
                ]
            }, 
            "order": [
                "[Produced By De'la Musik]", 
                "[Verse 1 : Rayven Justice]", 
                "[Hook : Rayven Justice]", 
                "[Verse 2 : Quavo]", 
                "[Hook]", 
                "[Verse 3 : Offset]", 
                "[Verse 4 : Takeoff]", 
                "[Hook]", 
                "[Bridge x2 : Rayven Justice]", 
                "[Hook]"
            ], 
            "artist": "Rayven Justice"
        }
    }
}