{
    "The Underworld": {
        "raw": "\n    \n  [Intro - Bizarre]\nReel Wolf, underground shit\nI guess I'm up first, right?\nI'mma rap first?\nAlright, let me hit this blunt right quick\n\n[Verse 1 - Bizarre]\nI'm the sickest motherfucker on this earth\nThat'll fuck a transvestite, dog, or blue Smurf\nBizarre smack a bitch quick\nThen give her ass and lick while she take a shit\nFuck your period, fuck your rag\nTake it in your ass, just like a fag\nAll my fans is crazy, they love it\nThat's why I say fuck it, and smack you in public\nI'm rugged!\n\n[Verse 2 - Reef the Lost Cauze]\nYeah, you know me well\nThe Gods said that they owe me hell\nI'm The Outlaw Josey Wales\nMake a nigga feel spiritual like holy tales\nFrom the bible, roll Exodus and then inhale\nNo one knows you, so if I kill you who\u2019d I tell?\nHalf-hipster, whiney nigga that\u2019s a fuckin' fail\nLife without purpose, that\u2019s a fucking jail\nLost Cauze, when I spit it\u2019s fucking hell\n\n[Verse 3 - Ill Bill]\nMaster a dance of lesbians\nSatanic majesty's equestrian\nOn a black steed stampeding pedestrians\n'Do what thou willt' shall be the whole of the law\nI get my dick sucked by a nun with the soul of a whore\nSuperstitious like a gypsy casting a death-spell\nExhale chem-trails\nStrangle you with your own entrails\n14th day of July innocence was averted\nIll Bill, born on the same day Billy The Kid was murdered\n\n[Verse 4 - Slaine]\nIt's kill or be killed\nSo watch out for the villain - he's ill\nI'm slinging rap, swinging bats like I'm in little league still\nSniffing cocaine off a coin with Kennedy's grill\nCough from a joint while I'm crushing my enemies will\nI'm a homicidal Hercules, doggie, I'm an urban myth\nI swerve the whip, get my dick sucked while on my work release\nI give these rappers bad advice and a nervous twitch\nPenetrate and innovate, a renegade, I murder shit\n\n[Hook]\nI'm a real wolf\nWith the Underworld flick\n\n[Verse 5 - Celph Titled]\nI ain't racist just cause I split your head to the white meat\nThe missing link Yeti-Sasquatch, yeah I might be\nThis shit's real - distribute guns in the kids meal\nOpen the box, hold the Glock, bust a shot through the windshield\nThe manifestation of evil stay alive and breathing\nI'm Satan's fitness trainer, exercising demons\nRespect the shooter, I'll find the bastard\nHell, my loaded pistol is a fire hazard\n\n[Verse 6 - King Gordy]\nMy dick stays hard in graveyards, you pray hard\nAs I make love to Adolf Hitler\u2019s carcass\nCall me a nigger as I lick his heartless chest\nI guess these skinhead Nazis wanna get retarded\nWhy? Cuz I\u2019m fucking your leader all in his ass\nSpeak to him in Hebrew, fuck the F\u00fchrer until he's back, dead again\nTell the Aryans I\u2019m burying my head right in his belly\nAnd it\u2019s scary cause I'm licking his mustache\n\n[Verse 7 - Sid]\nSon of a killer, Mr. fucking grimey\nSAS 22nd regiment limey\nBorn in a bar with my eyes wide open\nInspired by debacles since I came out the fallopian\nWe don't fuck around, got permits to carry\nEverybody walks around like Dirty fucking Harry\nDon't play my town, cause we will fucking bury you\nCarry you to a farm cut off your arms, chewed up by animals\n\n[Verse 8 - PMD]\nOn your mark, get set, ready to go\nGreen light, checkered flag, time to get that dough\nAnd ayo, in the underworld I'm half-wolf and half-lycan\nSwing the Excalibur, barbaric viking\n\n[Verse 9 - Sean Strange]\nVicodin, marijuana, cocaine, the Grateful Dead\nAverage rapper kidnapping\nBe sure to make your bed\nWhen they battle me fatality take your head\nAnd write a rhyme with your blood\nThe page's painted red\n\n[Hook]\n\n[Verse 10 - Apathy]\nI'm the king of Castle Greyskull\nMy grey matter's powerful as Grey Hulk\nI\u2019m Zartan, I\u2019m Tarzan before he went to Greystroke\nMy brain's broke, slang dope\nAnd when I speak, my slang's dope\nYou're soft as fuck - your whole album is a gay joke\nRap's lethal, spit a sixteen at you\nWe'll paint the ceiling with your brains\nLike the Sistine Chapel\nI'm the cardinal of carnage, the poisonous priest\nDon't bother praying to your God\nThere's no avoiding this beast\n\n[Verse 11 - Swifty McVay]\nYou ain't about that life\nYou a bastard that won't attack\nI'm the type to grab a knife\nAnd I'm stabbing you with it backwards\nI'm backslapping wack ass non-rappers\nSnatch the breath out of you faster than asthma without a gas mask\nI lace hash, a heinous figure\nSlash-murderer, I'm burning these legacy killers\nPutting mo' metal in niggas than robotic mechanisms\nKill his woman and brag about it in prison\n\n[Verse 12 - Vinnie Paz]\nRambo-knife, show you what bloody is\nYou call it a dead cop, I call it a bloody pig\nYou think your hands nice money? You's a funny kid\nYou next to get molly-whopped like your buddy did\nThe Ruger Blackhawk, stick it in the dunny rib\nThrow him in the fucking bathroom like Sunny did\nThe biggest show in your career; like a hundred kids\nThe AR-15 blew off like a hundred wigs\n\n[Verse 13 - Tech N9ne]\nGrim reaper to Ariel Castro, Adam Lanza, James Holmes\nFlame on, no it ain't wrong when I'mma have them plans for cancer\nThen land ya in a hands up tense panthers\nDamned with antlers to ram ya man pampers\nScrams the answer, No evil understands ya\nGrandeur and like you were three times the word lambda\nI\u2019ll be the damper on a clan\u2019s fam camper\nNecromancer drinking vodka and Fanta with Santa\n\n[Hook]\n\n\n\n\n  ", 
        "pro": {
            "features": [
                "Apathy", 
                "Bizarre", 
                "Celph Titled", 
                "The Goondox", 
                "Ill Bill", 
                "King Gordy", 
                "Reef the Lost Cauze", 
                "Sid", 
                "Slaine", 
                "Swifty McVay", 
                "Tech N9ne", 
                "Vinnie Paz"
            ], 
            "producers": [
                "Sentury Status"
            ], 
            "blocks": {
                "verses": [
                    {
                        "header": "[Verse 1 - Bizarre]", 
                        "text hash": "6ed44563f34c99306a5640cd446442fe", 
                        "artist": "Bizarre", 
                        "text": "I'm the sickest motherfucker on this earth\nThat'll fuck a transvestite, dog, or blue Smurf\nBizarre smack a bitch quick\nThen give her ass and lick while she take a shit\nFuck your period, fuck your rag\nTake it in your ass, just like a fag\nAll my fans is crazy, they love it\nThat's why I say fuck it, and smack you in public\nI'm rugged!"
                    }, 
                    {
                        "header": "[Verse 2 - Reef the Lost Cauze]", 
                        "text hash": "ffc5ab1ed1968bcd118729e5dc937c59", 
                        "artist": "Reef the Lost Cauze", 
                        "text": "Yeah, you know me well\nThe Gods said that they owe me hell\nI'm The Outlaw Josey Wales\nMake a nigga feel spiritual like holy tales\nFrom the bible, roll Exodus and then inhale\nNo one knows you, so if I kill you who\u2019d I tell?\nHalf-hipster, whiney nigga that\u2019s a fuckin' fail\nLife without purpose, that\u2019s a fucking jail\nLost Cauze, when I spit it\u2019s fucking hell"
                    }, 
                    {
                        "header": "[Verse 3 - Ill Bill]", 
                        "text hash": "b5d6e5f5b13950e361ea62f07b5bc045", 
                        "artist": "Ill Bill", 
                        "text": "Master a dance of lesbians\nSatanic majesty's equestrian\nOn a black steed stampeding pedestrians\n'Do what thou willt' shall be the whole of the law\nI get my dick sucked by a nun with the soul of a whore\nSuperstitious like a gypsy casting a death-spell\nExhale chem-trails\nStrangle you with your own entrails\n14th day of July innocence was averted\nIll Bill, born on the same day Billy The Kid was murdered"
                    }, 
                    {
                        "header": "[Verse 4 - Slaine]", 
                        "text hash": "834d64c91ff4fda1c5014f28ef730afb", 
                        "artist": "Slaine", 
                        "text": "It's kill or be killed\nSo watch out for the villain - he's ill\nI'm slinging rap, swinging bats like I'm in little league still\nSniffing cocaine off a coin with Kennedy's grill\nCough from a joint while I'm crushing my enemies will\nI'm a homicidal Hercules, doggie, I'm an urban myth\nI swerve the whip, get my dick sucked while on my work release\nI give these rappers bad advice and a nervous twitch\nPenetrate and innovate, a renegade, I murder shit"
                    }, 
                    {
                        "header": "[Verse 5 - Celph Titled]", 
                        "text hash": "8f3d0655a3c7c702a50360bb33973962", 
                        "artist": "Celph Titled", 
                        "text": "I ain't racist just cause I split your head to the white meat\nThe missing link Yeti-Sasquatch, yeah I might be\nThis shit's real - distribute guns in the kids meal\nOpen the box, hold the Glock, bust a shot through the windshield\nThe manifestation of evil stay alive and breathing\nI'm Satan's fitness trainer, exercising demons\nRespect the shooter, I'll find the bastard\nHell, my loaded pistol is a fire hazard"
                    }, 
                    {
                        "header": "[Verse 6 - King Gordy]", 
                        "text hash": "f2a40bb2f53f2d630a754b294f6f8c00", 
                        "artist": "King Gordy", 
                        "text": "My dick stays hard in graveyards, you pray hard\nAs I make love to Adolf Hitler\u2019s carcass\nCall me a nigger as I lick his heartless chest\nI guess these skinhead Nazis wanna get retarded\nWhy? Cuz I\u2019m fucking your leader all in his ass\nSpeak to him in Hebrew, fuck the F\u00fchrer until he's back, dead again\nTell the Aryans I\u2019m burying my head right in his belly\nAnd it\u2019s scary cause I'm licking his mustache"
                    }, 
                    {
                        "header": "[Verse 7 - Sid]", 
                        "text hash": "89462f618fa9b8fa19c17f1e69ace223", 
                        "artist": "Sid", 
                        "text": "Son of a killer, Mr. fucking grimey\nSAS 22nd regiment limey\nBorn in a bar with my eyes wide open\nInspired by debacles since I came out the fallopian\nWe don't fuck around, got permits to carry\nEverybody walks around like Dirty fucking Harry\nDon't play my town, cause we will fucking bury you\nCarry you to a farm cut off your arms, chewed up by animals"
                    }, 
                    {
                        "header": "[Verse 8 - PMD]", 
                        "text hash": "c1c7c75f3208d4fe9cbb355ad58c4f86", 
                        "artist": "Reel Wolf", 
                        "text": "On your mark, get set, ready to go\nGreen light, checkered flag, time to get that dough\nAnd ayo, in the underworld I'm half-wolf and half-lycan\nSwing the Excalibur, barbaric viking"
                    }, 
                    {
                        "header": "[Verse 9 - Sean Strange]", 
                        "text hash": "42c8d43e2661ed2b64be7485c3fce48e", 
                        "artist": "Reel Wolf", 
                        "text": "Vicodin, marijuana, cocaine, the Grateful Dead\nAverage rapper kidnapping\nBe sure to make your bed\nWhen they battle me fatality take your head\nAnd write a rhyme with your blood\nThe page's painted red"
                    }, 
                    {
                        "header": "[Verse 10 - Apathy]", 
                        "text hash": "152abae6479c965a99f013d180516f0e", 
                        "artist": "Apathy", 
                        "text": "I'm the king of Castle Greyskull\nMy grey matter's powerful as Grey Hulk\nI\u2019m Zartan, I\u2019m Tarzan before he went to Greystroke\nMy brain's broke, slang dope\nAnd when I speak, my slang's dope\nYou're soft as fuck - your whole album is a gay joke\nRap's lethal, spit a sixteen at you\nWe'll paint the ceiling with your brains\nLike the Sistine Chapel\nI'm the cardinal of carnage, the poisonous priest\nDon't bother praying to your God\nThere's no avoiding this beast"
                    }, 
                    {
                        "header": "[Verse 11 - Swifty McVay]", 
                        "text hash": "251f6ef547de5889290c4eaca6077570", 
                        "artist": "Swifty McVay", 
                        "text": "You ain't about that life\nYou a bastard that won't attack\nI'm the type to grab a knife\nAnd I'm stabbing you with it backwards\nI'm backslapping wack ass non-rappers\nSnatch the breath out of you faster than asthma without a gas mask\nI lace hash, a heinous figure\nSlash-murderer, I'm burning these legacy killers\nPutting mo' metal in niggas than robotic mechanisms\nKill his woman and brag about it in prison"
                    }, 
                    {
                        "header": "[Verse 12 - Vinnie Paz]", 
                        "text hash": "1a9a19c3572670db5ee8bbb95682ebaa", 
                        "artist": "Vinnie Paz", 
                        "text": "Rambo-knife, show you what bloody is\nYou call it a dead cop, I call it a bloody pig\nYou think your hands nice money? You's a funny kid\nYou next to get molly-whopped like your buddy did\nThe Ruger Blackhawk, stick it in the dunny rib\nThrow him in the fucking bathroom like Sunny did\nThe biggest show in your career; like a hundred kids\nThe AR-15 blew off like a hundred wigs"
                    }, 
                    {
                        "header": "[Verse 13 - Tech N9ne]", 
                        "text hash": "0eaec2130b3b6c24df7b0eb159f7a871", 
                        "artist": "Tech N9ne", 
                        "text": "Grim reaper to Ariel Castro, Adam Lanza, James Holmes\nFlame on, no it ain't wrong when I'mma have them plans for cancer\nThen land ya in a hands up tense panthers\nDamned with antlers to ram ya man pampers\nScrams the answer, No evil understands ya\nGrandeur and like you were three times the word lambda\nI\u2019ll be the damper on a clan\u2019s fam camper\nNecromancer drinking vodka and Fanta with Santa"
                    }
                ], 
                "hooks": [
                    {
                        "header": "[Hook]", 
                        "text hash": "13b8797ed758ff126170b181264deaa4", 
                        "artist": "Reel Wolf", 
                        "text": "I'm a real wolf\nWith the Underworld flick"
                    }
                ], 
                "intro": [
                    {
                        "header": "[Intro - Bizarre]", 
                        "text hash": "f19ceb442faa8417a902b993e899337c", 
                        "artist": "Bizarre", 
                        "text": "Reel Wolf, underground shit\nI guess I'm up first, right?\nI'mma rap first?\nAlright, let me hit this blunt right quick"
                    }
                ]
            }, 
            "order": [
                "[Intro - Bizarre]", 
                "[Verse 1 - Bizarre]", 
                "[Verse 2 - Reef the Lost Cauze]", 
                "[Verse 3 - Ill Bill]", 
                "[Verse 4 - Slaine]", 
                "[Hook]", 
                "[Verse 5 - Celph Titled]", 
                "[Verse 6 - King Gordy]", 
                "[Verse 7 - Sid]", 
                "[Verse 8 - PMD]", 
                "[Verse 9 - Sean Strange]", 
                "[Hook]", 
                "[Verse 10 - Apathy]", 
                "[Verse 11 - Swifty McVay]", 
                "[Verse 12 - Vinnie Paz]", 
                "[Verse 13 - Tech N9ne]", 
                "[Hook]"
            ], 
            "artist": "Reel Wolf"
        }
    }
}