{
    "Riggs & Murtaugh": {
        "raw": "\n    \n  [Reks:]\nSeven survivors sire, record was set afire\nJealous envious liars, paper, pencil supplied a\nTempo ammo and he handle any vandal vying\nAgainst my tribe of scribers do or die writing for lifers\n\n[Action Bronson:]\nThis is orange bearded Bronson magnet shorties think I'm Spanish\nWe never rocking sandals. You see me copping pandas\nThe drums are heaven paired with lamb encrusted mustard sauce\nI\u2019m done with salmon every time they came the drugs were tossed\n\n[Reks:]\nWorld revolves, cycles turn, psychos turn pill poppers\nSuicidal wheel riders, skill harkers, architect the thought\nOf dark to prosper Oscar for thespian talkers\nAction and Reks equals bonkers bars\u2014 MFing monsters\n\n[Action:]\nYes, sir. Tantric positions with his wifey on the baby bed\nBlatant disrespect\nRoot of evil on cassette\nEating seasonal and fresh. Leaving semen on the chest\nThe young Morgan Freeman people skiing on the vest\n\n[Reks:]\nYeah. Live from the bully pulpit\u2014where we Geppetto, puppets\nYour nose is growing hold you\u2019ll be showing as soft as smut is\nWithout the pussy showing penetration generation renovation\nDestroy, rebuild: innovation. Ink a statement on your cranium\nPainting steeples and stadiums, scrapings and shading them\nSuccess colors I\u2019m braving sun. Faded lungs, polluted kidney\nI\u2019m due to kick the bucket young. Fuck it\u2014 flung a finger, let \u2018em all come\n\n[Action:]\nGot all women making plaster twisting naturals this is practice\nTempurpedic mattress, pussy like a catfish\nShe like it backwards. Many passengers have passed through\nShe getting ran through quick wit slurping the cash in my grip whip\nGot a sick clique known to nibble on a bitch tit\nHear the silence then a click click, no alliance peace to big vick\nWord to science, only your salmon is a pink slit\nAnd fuck the diamonds\u2014slice up the cheeses with the string shit\n\n[Reks:]\nGet your crucifixes ruthless lyrics from booth\u2019s truest lyricists\nIs this is vantage business bar business penny chasing channels face it\nFingers clink and it\u2019s great. Make men flinch; look\u2014\nSlaves to my rhyme book\u2014 shook\nY\u2019all Girl Scout cookie pushing talking crooked yellow spine rhyme\nMob of shook ones, how you find time to be pitching and be scripting\nTo be robbing and be jotting to be spitting and be plotting\nYour two cents don\u2019t make a dime\n\n\n\n\n  ", 
        "pro": {
            "features": [
                "Action Bronson"
            ], 
            "producers": [
                "Statik Selektah"
            ], 
            "blocks": {
                "verses": [
                    {
                        "header": "[Reks:]", 
                        "text hash": "d067531ce29f9d0b7b7500a92549c76a", 
                        "artist": "Reks", 
                        "text": "Seven survivors sire, record was set afire\nJealous envious liars, paper, pencil supplied a\nTempo ammo and he handle any vandal vying\nAgainst my tribe of scribers do or die writing for lifers"
                    }, 
                    {
                        "header": "[Action Bronson:]", 
                        "text hash": "24156775adee4dc07e42933a346296b9", 
                        "artist": "Action Bronson", 
                        "text": "This is orange bearded Bronson magnet shorties think I'm Spanish\nWe never rocking sandals. You see me copping pandas\nThe drums are heaven paired with lamb encrusted mustard sauce\nI\u2019m done with salmon every time they came the drugs were tossed"
                    }, 
                    {
                        "header": "[Reks:]", 
                        "text hash": "529fcd80180b27d7d7531334d225d61f", 
                        "artist": "Reks", 
                        "text": "World revolves, cycles turn, psychos turn pill poppers\nSuicidal wheel riders, skill harkers, architect the thought\nOf dark to prosper Oscar for thespian talkers\nAction and Reks equals bonkers bars\u2014 MFing monsters"
                    }, 
                    {
                        "header": "[Action:]", 
                        "text hash": "cad1da690b6d21a496b9816c2d1d09f4", 
                        "artist": "Reks", 
                        "text": "Yes, sir. Tantric positions with his wifey on the baby bed\nBlatant disrespect\nRoot of evil on cassette\nEating seasonal and fresh. Leaving semen on the chest\nThe young Morgan Freeman people skiing on the vest"
                    }, 
                    {
                        "header": "[Reks:]", 
                        "text hash": "0421ef0e5528e4edf072ff17f28790e1", 
                        "artist": "Reks", 
                        "text": "Yeah. Live from the bully pulpit\u2014where we Geppetto, puppets\nYour nose is growing hold you\u2019ll be showing as soft as smut is\nWithout the pussy showing penetration generation renovation\nDestroy, rebuild: innovation. Ink a statement on your cranium\nPainting steeples and stadiums, scrapings and shading them\nSuccess colors I\u2019m braving sun. Faded lungs, polluted kidney\nI\u2019m due to kick the bucket young. Fuck it\u2014 flung a finger, let \u2018em all come"
                    }, 
                    {
                        "header": "[Action:]", 
                        "text hash": "dd1ba01fe3ffd120cc2913afe4ae54d1", 
                        "artist": "Reks", 
                        "text": "Got all women making plaster twisting naturals this is practice\nTempurpedic mattress, pussy like a catfish\nShe like it backwards. Many passengers have passed through\nShe getting ran through quick wit slurping the cash in my grip whip\nGot a sick clique known to nibble on a bitch tit\nHear the silence then a click click, no alliance peace to big vick\nWord to science, only your salmon is a pink slit\nAnd fuck the diamonds\u2014slice up the cheeses with the string shit"
                    }, 
                    {
                        "header": "[Reks:]", 
                        "text hash": "c6af2c0af4ee566aab7e3ef6e1aafb2e", 
                        "artist": "Reks", 
                        "text": "Get your crucifixes ruthless lyrics from booth\u2019s truest lyricists\nIs this is vantage business bar business penny chasing channels face it\nFingers clink and it\u2019s great. Make men flinch; look\u2014\nSlaves to my rhyme book\u2014 shook\nY\u2019all Girl Scout cookie pushing talking crooked yellow spine rhyme\nMob of shook ones, how you find time to be pitching and be scripting\nTo be robbing and be jotting to be spitting and be plotting\nYour two cents don\u2019t make a dime\n\n\n\n\n  "
                    }
                ], 
                "hooks": []
            }, 
            "order": [
                "[Reks:]", 
                "[Action Bronson:]", 
                "[Reks:]", 
                "[Action:]", 
                "[Reks:]", 
                "[Action:]", 
                "[Reks:]"
            ], 
            "artist": "Reks"
        }
    }
}