{
    "Joke - Black Card (English Version)": {
        "raw": "\n    \n  [Verse 1: Joke]\nMes n\u00e9gros sont dans la place comme Rosa Parks\nJ'ai l'g\u00e9nie, la taille, la nation d'Bonaparte\nNique sa m\u00e8re le rap, vive les chattes, les black cards\nIls veulent nous voir souffrir comme eux tous ces b\u00e2tards\nMa mine et moi on taff d'arrache pied\nComme Vania on veut l'million en fourrant toutes ces tasses-p\u00e9\nNager sur oc\u00e9an d'billets c'est c'que j'appelle brasser\nMarie-toi \u00e0 la rue t'auras pas de bague, t'auras le bracelet, nigga\nKonichiwa, Namast\u00e9, Dieu merci j'ai pas d'paparazzi\nJ'peux prendre le th\u00e9 ou m'faire sucer sur ma rasse-t\u00e9\nRien qu'ta gueule elle fout l'seum\nMa ch\u00e9rie tu sais que ma ueue-q va pas se sucer toute seule\nTu pourras t'lever \u00e0 7 heures, ou \u00e0 5 heures\nL'avenir appartient qu'\u00e0 un seul n\u00e9gro dans l'secteur\nBaise la fille, la m\u00e8re, la s\u0153ur d'cet encul\u00e9 d'inspecteur\nTu fais l'gars chaud jusqu'\u00e0 c'que tu prennes un coup d'extincteur\nNigga\n\n[Interlude: Joke]\nJ'te baise devant la glace nique sa race Candyman\n(Joke, no Joke)\nJ'te baise devant la glace nique sa race Candyman\n(Joke, no joke)\nJ'te baise devant la glace nique sa race Candyman\n\n[Verse 2: Pusha T]\nFlow killer, no nigga fuckin' with the boy\nAlbum of the year, dope dealers jump for joy\nInspired as they battleship and then they foreign toys\nListenin' to the realest nigga makin' all the noise\nMy name is my name, 'cain is to blame\nSlave to the kilo, the chain still remains\nYuugh, the G.O.O.D. Music kingpin\nWindow of opportunity is really shrinkin'\nTrigger finger steady, let these hollows sink in\nYou need an army to test them, the fuck was you thinkin'?\nWooh, I done seen it all done it all\nShop with every jeweler, sold a ton of raw\nHad the Franck M\u00fcller with the bezel thawed\nMy double pump days had to saw the metal off\nYuugh, it's the life of crime\nThey say it in they raps but this life is mine\nPush\n\n[Hook: Joke]\nBouge pas, j'ai ta t\u00eate dans la lunette\nRare comme un diamant fran\u00e7ais qui vient pas du bled\nMes n\u00e9gros peuvent faire toute sorte de sale pour des euros\nMes n\u00e9gros peuvent faire toute sorte de sale pour des euros\nB\u00e2tard, j'charbonne pour ma black card\nL'Etat fran\u00e7ais nous doit une black card\nC'est l'argent le cercueil ou le placard\nMes Blancs, mes Noirs, mes Chinois veulent leur black card\n\n[Outro: Joke]\nLe rap j'lui creuse sa tombe \u00e0 mesure qu'j'creuse ma t\u00eate\nLes anciens veulent rena\u00eetre autant que j'veux t'la mettre\nPour copier faut un patron, renoi, c'est moi le patron\nT'as pas besoin d'\u00eatre Michel-Ange pour qu'ton cerveau repeigne le plafond\nJ'me suis lev\u00e9 hier tellement j'me suis lev\u00e9 tr\u00e8s t\u00f4t\nEt vu c'que j'vous pr\u00e9pare j'crois que j'vais devoir me coucher tr\u00e8s tard\nJ'fais glisser ta paire de bas\nJ'donne la main ils prennent le bras\nDonc j'les doigte ... et tu connais la suite mon n\u00e9gro\n\n\n\n\n  ", 
        "pro": {
            "features": [
                "Pusha T"
            ], 
            "blocks": {
                "verses": [
                    {
                        "header": "[Verse 1: Joke]", 
                        "text hash": "0009a9b6c23e0b78c2ff7fac0ee19ee8", 
                        "artist": "Joke", 
                        "text": "Mes n\u00e9gros sont dans la place comme Rosa Parks\nJ'ai l'g\u00e9nie, la taille, la nation d'Bonaparte\nNique sa m\u00e8re le rap, vive les chattes, les black cards\nIls veulent nous voir souffrir comme eux tous ces b\u00e2tards\nMa mine et moi on taff d'arrache pied\nComme Vania on veut l'million en fourrant toutes ces tasses-p\u00e9\nNager sur oc\u00e9an d'billets c'est c'que j'appelle brasser\nMarie-toi \u00e0 la rue t'auras pas de bague, t'auras le bracelet, nigga\nKonichiwa, Namast\u00e9, Dieu merci j'ai pas d'paparazzi\nJ'peux prendre le th\u00e9 ou m'faire sucer sur ma rasse-t\u00e9\nRien qu'ta gueule elle fout l'seum\nMa ch\u00e9rie tu sais que ma ueue-q va pas se sucer toute seule\nTu pourras t'lever \u00e0 7 heures, ou \u00e0 5 heures\nL'avenir appartient qu'\u00e0 un seul n\u00e9gro dans l'secteur\nBaise la fille, la m\u00e8re, la s\u0153ur d'cet encul\u00e9 d'inspecteur\nTu fais l'gars chaud jusqu'\u00e0 c'que tu prennes un coup d'extincteur\nNigga"
                    }, 
                    {
                        "header": "[Verse 2: Pusha T]", 
                        "text hash": "9c6f944552917019a25a63d4e21b011c", 
                        "artist": "Pusha T", 
                        "text": "Flow killer, no nigga fuckin' with the boy\nAlbum of the year, dope dealers jump for joy\nInspired as they battleship and then they foreign toys\nListenin' to the realest nigga makin' all the noise\nMy name is my name, 'cain is to blame\nSlave to the kilo, the chain still remains\nYuugh, the G.O.O.D. Music kingpin\nWindow of opportunity is really shrinkin'\nTrigger finger steady, let these hollows sink in\nYou need an army to test them, the fuck was you thinkin'?\nWooh, I done seen it all done it all\nShop with every jeweler, sold a ton of raw\nHad the Franck M\u00fcller with the bezel thawed\nMy double pump days had to saw the metal off\nYuugh, it's the life of crime\nThey say it in they raps but this life is mine\nPush"
                    }
                ], 
                "hooks": [
                    {
                        "header": "[Hook: Joke]", 
                        "text hash": "1d3a11022deeadc3b3e88663c3a7b540", 
                        "artist": "Joke", 
                        "text": "Bouge pas, j'ai ta t\u00eate dans la lunette\nRare comme un diamant fran\u00e7ais qui vient pas du bled\nMes n\u00e9gros peuvent faire toute sorte de sale pour des euros\nMes n\u00e9gros peuvent faire toute sorte de sale pour des euros\nB\u00e2tard, j'charbonne pour ma black card\nL'Etat fran\u00e7ais nous doit une black card\nC'est l'argent le cercueil ou le placard\nMes Blancs, mes Noirs, mes Chinois veulent leur black card"
                    }
                ], 
                "remainders": [
                    {
                        "header": "[Interlude: Joke]", 
                        "text hash": "0d9d426eadf23bbc0bcc83aca4341180", 
                        "artist": "Joke", 
                        "text": "J'te baise devant la glace nique sa race Candyman\n(Joke, no Joke)\nJ'te baise devant la glace nique sa race Candyman\n(Joke, no joke)\nJ'te baise devant la glace nique sa race Candyman"
                    }, 
                    {
                        "header": "[Outro: Joke]", 
                        "text hash": "85e89c447aec4bac49ddb13cdd404c04", 
                        "artist": "Joke", 
                        "text": "Le rap j'lui creuse sa tombe \u00e0 mesure qu'j'creuse ma t\u00eate\nLes anciens veulent rena\u00eetre autant que j'veux t'la mettre\nPour copier faut un patron, renoi, c'est moi le patron\nT'as pas besoin d'\u00eatre Michel-Ange pour qu'ton cerveau repeigne le plafond\nJ'me suis lev\u00e9 hier tellement j'me suis lev\u00e9 tr\u00e8s t\u00f4t\nEt vu c'que j'vous pr\u00e9pare j'crois que j'vais devoir me coucher tr\u00e8s tard\nJ'fais glisser ta paire de bas\nJ'donne la main ils prennent le bras\nDonc j'les doigte ... et tu connais la suite mon n\u00e9gro\n\n\n\n\n  "
                    }
                ]
            }, 
            "order": [
                "[Verse 1: Joke]", 
                "[Interlude: Joke]", 
                "[Verse 2: Pusha T]", 
                "[Hook: Joke]", 
                "[Outro: Joke]"
            ], 
            "artist": "RG English Translations"
        }
    }
}