{
    "This Is Our Thing": {
        "raw": "\n    \n  [Verse 1: Pharoahe Monch]\nI will never spit on a Mantan jam\nBut damn, Pharoahe's that nigga though\nSlam these bitches like Bam Bam Bigelow\nCritically acclaimed, physically main\nLiterally the shit -- you the shitstain\nI spit insane, get brain, you switch lanes\nYou itch-bay made, I flip lames like Judo\nOr karate, then slow it down like promethazine\nKing Musabi from Queens\nIn fact, Queens' Idi Amin\nFuck Serato, for wax and CDs I fiend\nEscalate like Schindler, elevate like Otis\nMinus the mescaline\nIf you questioning who the GOAT is\nFocus on where you vocal to note I'm the most devoted\nNobody's equivalent, more quoted\nPharoahe's the lowest\nCommon denominator when I'm rhyming\nIn fact, I'm the quotient\n\n[Hook: Phil G]\nThis is our way\nThis is everything we are\nThis is our place\nYou could never get involved, this is our thing\nThis is our dream\nLegacy is what I leave for my offspring\nWalking with my head held high\nEducated, I could build with the Gods\nPlus I got that fly delivery\nDon't ever be surprised that they feeling me\n\n[Verse 2: Sadat X]\nKeep your eye on the sparrow\nKeep your eye on the Pharoahe\nMore bone-crushing than marrow\nThe Menace cousin Harold\nThe Bradys Tom and Carol\nHades def apparel\nJump the falls in a barrel\nThe cowboy is ending now, boy\nThe when and how, boy\nThe off-roaded, decoded by none\n\"Girlies, rub your titties\" was said by son\nChop the head then it's done, no bread by the gun\nMore enormous than Pun\nIn human form, it's the one\nThrough the light stress, life vest, tight chest breathing\nI'm good, you believing\nI should keep achieving\nPull something from the sleeve and brought it out on rainy days\nLike green granny haze\nExpands from my grays, demands better days\nYour mans love the phrase\nPlan, never phase\nFried, bouillabaisse\nFricasseed or sauteed\nChef Roble\nGlad y'all stayed, let the beat slay\nBorn on the day that Mary prayed\nY'all know what she made -- the modern Jesus\nWe too made Caesar\n\n[Hook]\n\n\n\n\n  ", 
        "pro": {
            "features": [
                "Pharoahe Monch", 
                "Phil G."
            ], 
            "producers": [
                "Grant Parks"
            ], 
            "blocks": {
                "verses": [
                    {
                        "header": "[Verse 1: Pharoahe Monch]", 
                        "text hash": "996d4f9c3b89c130ad7aadc50ef3ed56", 
                        "artist": "Pharoahe Monch", 
                        "text": "I will never spit on a Mantan jam\nBut damn, Pharoahe's that nigga though\nSlam these bitches like Bam Bam Bigelow\nCritically acclaimed, physically main\nLiterally the shit -- you the shitstain\nI spit insane, get brain, you switch lanes\nYou itch-bay made, I flip lames like Judo\nOr karate, then slow it down like promethazine\nKing Musabi from Queens\nIn fact, Queens' Idi Amin\nFuck Serato, for wax and CDs I fiend\nEscalate like Schindler, elevate like Otis\nMinus the mescaline\nIf you questioning who the GOAT is\nFocus on where you vocal to note I'm the most devoted\nNobody's equivalent, more quoted\nPharoahe's the lowest\nCommon denominator when I'm rhyming\nIn fact, I'm the quotient"
                    }, 
                    {
                        "header": "[Verse 2: Sadat X]", 
                        "text hash": "c619a30056c9ea8f2a100d68137f6e56", 
                        "artist": "Sadat X", 
                        "text": "Keep your eye on the sparrow\nKeep your eye on the Pharoahe\nMore bone-crushing than marrow\nThe Menace cousin Harold\nThe Bradys Tom and Carol\nHades def apparel\nJump the falls in a barrel\nThe cowboy is ending now, boy\nThe when and how, boy\nThe off-roaded, decoded by none\n\"Girlies, rub your titties\" was said by son\nChop the head then it's done, no bread by the gun\nMore enormous than Pun\nIn human form, it's the one\nThrough the light stress, life vest, tight chest breathing\nI'm good, you believing\nI should keep achieving\nPull something from the sleeve and brought it out on rainy days\nLike green granny haze\nExpands from my grays, demands better days\nYour mans love the phrase\nPlan, never phase\nFried, bouillabaisse\nFricasseed or sauteed\nChef Roble\nGlad y'all stayed, let the beat slay\nBorn on the day that Mary prayed\nY'all know what she made -- the modern Jesus\nWe too made Caesar"
                    }
                ], 
                "hooks": [
                    {
                        "header": "[Hook: Phil G]", 
                        "text hash": "41aff2d355f7ff0f999100c786145f9e", 
                        "artist": "Phil G.", 
                        "text": "This is our way\nThis is everything we are\nThis is our place\nYou could never get involved, this is our thing\nThis is our dream\nLegacy is what I leave for my offspring\nWalking with my head held high\nEducated, I could build with the Gods\nPlus I got that fly delivery\nDon't ever be surprised that they feeling me"
                    }
                ]
            }, 
            "order": [
                "[Verse 1: Pharoahe Monch]", 
                "[Hook: Phil G]", 
                "[Verse 2: Sadat X]", 
                "[Hook]"
            ], 
            "artist": "Sadat X"
        }
    }
}