{
    "Samer Versace Remix": {
        "raw": "\n    \n  [Intro]\nUh, Versace remix you already know, whats good\n\n[Verse: Samer Khalil]\nLeaving my past behind, future aside, present alive\nUh, rolling with my caravan, no frenchies no comment ca va\nPushin`niggas off the top, too much pot, I should open up a shop\nRocking Louis jeans, belt Armani and Versace top\nSmoking on that green, making that green all with the team\nHustling streets, they keeping it quiet like they ain't seen no fucking thing\nWe all toking up, been thinking plots and just chasing dreams\nKeeping it real, everyday blowing offs of steam\nPulling up with rings, rolling up like kings\nComing up like a storm hit, haters hate cause we porsching\nIn the studio recording, doing it like it's important\nVersace game we join it, top of the game we force it\nVersace everything, believe in it like Peter Pan\nSome things you just can't stand, cause it ain't planned and you late fam\nThey get reeled in, with no bands and they buy grams and they proud of them\nHow you stand your ground when you've got no ground to stand?\nWhat's a peasant to a king\nYou don't get this, mother fucking Versace on his hit list\nForeign cars fast as fuck you probably missed us\nCemetery grave cause you diss us\nBetter think twice, if you want your life\nWhen we roll up to your crib you, think through your rights\nThink money think long, keep the future bright\nIf you're smart about your game, you'd stay out of sight\nGot love for this like Aphrodite\nThink money think long, keep the future bright, and get at me\n\n[Hook: Quavo]\nVersace, Versace, Versace, Versace\nVersace, Versace, Versace, Versace\nVersace, Versace Versace, Versace Versace\nVersace, Versace Versace, Versace Versace\n\n\n\n\n  ", 
        "pro": {
            "features": [
                "Drake", 
                "Migos"
            ], 
            "producers": [
                "Zaytoven"
            ], 
            "blocks": {
                "verses": [
                    {
                        "header": "[Verse: Samer Khalil]", 
                        "text hash": "00d77b804b26d196b8a5c6d4a17f2c79", 
                        "artist": "Samer Khalil", 
                        "text": "Leaving my past behind, future aside, present alive\nUh, rolling with my caravan, no frenchies no comment ca va\nPushin`niggas off the top, too much pot, I should open up a shop\nRocking Louis jeans, belt Armani and Versace top\nSmoking on that green, making that green all with the team\nHustling streets, they keeping it quiet like they ain't seen no fucking thing\nWe all toking up, been thinking plots and just chasing dreams\nKeeping it real, everyday blowing offs of steam\nPulling up with rings, rolling up like kings\nComing up like a storm hit, haters hate cause we porsching\nIn the studio recording, doing it like it's important\nVersace game we join it, top of the game we force it\nVersace everything, believe in it like Peter Pan\nSome things you just can't stand, cause it ain't planned and you late fam\nThey get reeled in, with no bands and they buy grams and they proud of them\nHow you stand your ground when you've got no ground to stand?\nWhat's a peasant to a king\nYou don't get this, mother fucking Versace on his hit list\nForeign cars fast as fuck you probably missed us\nCemetery grave cause you diss us\nBetter think twice, if you want your life\nWhen we roll up to your crib you, think through your rights\nThink money think long, keep the future bright\nIf you're smart about your game, you'd stay out of sight\nGot love for this like Aphrodite\nThink money think long, keep the future bright, and get at me"
                    }
                ], 
                "hooks": [
                    {
                        "header": "[Hook: Quavo]", 
                        "text hash": "0d8312b8cd63d244f189fe9cf42d0544", 
                        "artist": "Quavo", 
                        "text": "Versace, Versace, Versace, Versace\nVersace, Versace, Versace, Versace\nVersace, Versace Versace, Versace Versace\nVersace, Versace Versace, Versace Versace\n\n\n\n\n  "
                    }
                ], 
                "intro": [
                    {
                        "header": "[Intro]", 
                        "text hash": "c2a733bc0f0790809dd8948bb9de01e1", 
                        "artist": "Samer Khalil", 
                        "text": "Uh, Versace remix you already know, whats good"
                    }
                ]
            }, 
            "order": [
                "[Intro]", 
                "[Verse: Samer Khalil]", 
                "[Hook: Quavo]"
            ], 
            "artist": "Samer Khalil"
        }
    }
}