{
    "BBQ Sauce": {
        "raw": "\n    \n  [Hook: Pharaohe Monch]\nNigga, when they see him they say that's that nigga\nHis last name should be that's that nigga\nSound kinda nice, that's that nigga\nNever catch him with them plastic half-ass niggas\nWhen you hear it you should hashtag niggas\nSince birth, a little bastard-ass nigga\nWhite people do not recite the chorus\nIf you do we'll wash your mouth with Lavoris nigga\n\n[Verse 1: Sean Price]\nListen, and the boy better\nI do it for real, you acting Andrew Lloyd Webber\nReal McCoy leather from the back of the cow ass\nThe culture power will kill you, fuck it the four blast\nI said the same thing twice\nTelephone gun, my nigga the thing ring twice\nYou a cock diesel, nigga extra ginseng type\nI'm a pop eagle, nigga when the thing ring Price\nSean is the first name\nFifth fire first, motherfucker, the first flame\nEarthlings leave their face in the street\nYou pick up your face and wait for police\nBut the father do floss\nI make your mom suck my dick with barbecue sauce\n\n[Hook]\n\n[Verse 2: Sean Price]\nBafa shiki\nFour fifth knocking you, rocking you, Dahved Levy\nPop your beanie for rocking a hot bikini\nTransgender, blam-blam leaving your man injured\nYou perpetrating a fraud, penetrating a Floyd\nWild dance moves, you be demonstrating on boys\nTwo slaps and I'm deadin' you\nGive a nigga a lesson on how to catch a predator\nNigga, I'm a wild on every\nNigga crossdressing, the essence of Tyler Perry\nFucking can-can dancing, blam blam and son\nShucking and jiving, man-tan advancing\nI show no love\nBozo thugs when you throw those duds\nI ain't believing in y'all\nMake your mom suck my dick with blue cheese on my balls, P\n\n[Hook]\n\n\n\n\n  ", 
        "pro": {
            "features": [
                "Pharoahe Monch"
            ], 
            "producers": [
                "DJ Babu", 
                "Evidence"
            ], 
            "blocks": {
                "verses": [
                    {
                        "header": "[Verse 1: Sean Price]", 
                        "text hash": "31ef82a4877ddf3d404f64043e4cdb9d", 
                        "artist": "Sean Price", 
                        "text": "Listen, and the boy better\nI do it for real, you acting Andrew Lloyd Webber\nReal McCoy leather from the back of the cow ass\nThe culture power will kill you, fuck it the four blast\nI said the same thing twice\nTelephone gun, my nigga the thing ring twice\nYou a cock diesel, nigga extra ginseng type\nI'm a pop eagle, nigga when the thing ring Price\nSean is the first name\nFifth fire first, motherfucker, the first flame\nEarthlings leave their face in the street\nYou pick up your face and wait for police\nBut the father do floss\nI make your mom suck my dick with barbecue sauce"
                    }, 
                    {
                        "header": "[Verse 2: Sean Price]", 
                        "text hash": "1031bab1986845f1eeb575ff92cb2682", 
                        "artist": "Sean Price", 
                        "text": "Bafa shiki\nFour fifth knocking you, rocking you, Dahved Levy\nPop your beanie for rocking a hot bikini\nTransgender, blam-blam leaving your man injured\nYou perpetrating a fraud, penetrating a Floyd\nWild dance moves, you be demonstrating on boys\nTwo slaps and I'm deadin' you\nGive a nigga a lesson on how to catch a predator\nNigga, I'm a wild on every\nNigga crossdressing, the essence of Tyler Perry\nFucking can-can dancing, blam blam and son\nShucking and jiving, man-tan advancing\nI show no love\nBozo thugs when you throw those duds\nI ain't believing in y'all\nMake your mom suck my dick with blue cheese on my balls, P"
                    }
                ], 
                "hooks": [
                    {
                        "header": "[Hook: Pharaohe Monch]", 
                        "text hash": "8cf24520ce9d5b1adeba0a75b5b9dff1", 
                        "artist": "Pharaohe Monch", 
                        "text": "Nigga, when they see him they say that's that nigga\nHis last name should be that's that nigga\nSound kinda nice, that's that nigga\nNever catch him with them plastic half-ass niggas\nWhen you hear it you should hashtag niggas\nSince birth, a little bastard-ass nigga\nWhite people do not recite the chorus\nIf you do we'll wash your mouth with Lavoris nigga"
                    }
                ]
            }, 
            "order": [
                "[Hook: Pharaohe Monch]", 
                "[Verse 1: Sean Price]", 
                "[Hook]", 
                "[Verse 2: Sean Price]", 
                "[Hook]"
            ], 
            "artist": "Sean Price"
        }
    }
}