{
    "Loose Ends": {
        "raw": "\n    \n  [Intro]\n\n[Verse 1: Pharoahe Monch]\nDear Mom\nAlana's is in her second trimester\nStressed out, cos' I'm gone\nShe actin' all extra\nBut happy cause she knows it's a girl\nBut we're doubtful if we should bring another one in the world\nThe pics you sent with you and the kids are the bomb\nI'm keepin all my photos in my 23rd Psalm\nMy best friend Armani lost her arm at the border\nJust tryin to restore a little peace and order, and it's\nStrange because she reads the Qu'ran\nTorn between what side she needs to be on\nHaven't slept for days\nI squeeze Visine\nCause no man's eyes should see what I've seen\nSoldiers lost their mind\nRobbin', pillagin'\nTomahawk missiles in civilian villages\nAnd they ease the pain with narcotics\nI'm scared but I'm trying to remain patriotic\n\n[Hook: Justin Timberlake]\nMy Father\nForgive us cause we know not what we're doin'\nAnd my brothers\nHow we gonna tie up all these loose ends?\nAnd my mother\nTryin' to use that thing you taught me to keep it movin\nAnd my brothers & sisters\nHow we gonna tie up all these loose ends?\n\n[Verse 2: Pharoahe Monch]\nNew message from mom\nAt bring back the troops dot com\nAt home they comparing this situation to 'Nam\nSo sad you had to miss your mom's prom\nShe sung songs off the Marvin Gaye Whats Going On album\nAnd her smile lit up the room\nShe asked me\n\"If at night would she stare to the moon?\nIs it possible at the same moment in time\nYou're staring as well cause you too were in tune?\"\nYour dad's Purple Heart now hangs over his ashes\nI dream he's alive and wake up with hot flashes\nThey claim that his disease was gastric\nHave yet to explain the migraines and rashes\nAnd have you seen what the price of gas is?\nWe can't afford the property taxes\nWe just want you back at home\nWhere you belong with your family, you're the backbone\n\n[Hook]\n\n[Bridge: Justin Timberlake]\nTell me how can we live this way\nWe've gon so far astray\nNo one knows what to say\nWe got young people's lives at stake\nWhat is it gonna take\nFor us to find our way\n\n[Verse 3: Will.I.Am]\nThe world is changin'\nWe in danger\nCause we ain't changin' our behavior\nWe behave like calm is nothing\nAin't concerned with repercussions\nAin't that something? Check 'em out now\nPointing fingers when they know how\nWe got to this point of terror\nPrecaution could have made the road clearer\nBut we stuck with mediocre leadership\nSo we'll just suffer\nWho knows what the hell is going on\nBut conflicts they keep on growing\nIt's a -- situation\nWhen you ain't got no education on the problem\nOr know what its about\nYou gotta help me out\n\n[Outro: Sergio Mendes (keyboard solo) and Justin Timberlake (vocals)]\n\n\n\n\n  ", 
        "pro": {
            "features": [
                "will.i.am", 
                "Justin Timberlake", 
                "Pharoahe Monch"
            ], 
            "blocks": {
                "verses": [
                    {
                        "header": "[Verse 1: Pharoahe Monch]", 
                        "text hash": "57540bad941e634cc3307af27348e0eb", 
                        "artist": "Pharoahe Monch", 
                        "text": "Dear Mom\nAlana's is in her second trimester\nStressed out, cos' I'm gone\nShe actin' all extra\nBut happy cause she knows it's a girl\nBut we're doubtful if we should bring another one in the world\nThe pics you sent with you and the kids are the bomb\nI'm keepin all my photos in my 23rd Psalm\nMy best friend Armani lost her arm at the border\nJust tryin to restore a little peace and order, and it's\nStrange because she reads the Qu'ran\nTorn between what side she needs to be on\nHaven't slept for days\nI squeeze Visine\nCause no man's eyes should see what I've seen\nSoldiers lost their mind\nRobbin', pillagin'\nTomahawk missiles in civilian villages\nAnd they ease the pain with narcotics\nI'm scared but I'm trying to remain patriotic"
                    }, 
                    {
                        "header": "[Verse 2: Pharoahe Monch]", 
                        "text hash": "4f3cb3a2ef9316a51f12c957e0bd4a9b", 
                        "artist": "Pharoahe Monch", 
                        "text": "New message from mom\nAt bring back the troops dot com\nAt home they comparing this situation to 'Nam\nSo sad you had to miss your mom's prom\nShe sung songs off the Marvin Gaye Whats Going On album\nAnd her smile lit up the room\nShe asked me\n\"If at night would she stare to the moon?\nIs it possible at the same moment in time\nYou're staring as well cause you too were in tune?\"\nYour dad's Purple Heart now hangs over his ashes\nI dream he's alive and wake up with hot flashes\nThey claim that his disease was gastric\nHave yet to explain the migraines and rashes\nAnd have you seen what the price of gas is?\nWe can't afford the property taxes\nWe just want you back at home\nWhere you belong with your family, you're the backbone"
                    }, 
                    {
                        "header": "[Verse 3: Will.I.Am]", 
                        "text hash": "44727b12975500fd556ee8850e984fd8", 
                        "artist": "will.i.am", 
                        "text": "The world is changin'\nWe in danger\nCause we ain't changin' our behavior\nWe behave like calm is nothing\nAin't concerned with repercussions\nAin't that something? Check 'em out now\nPointing fingers when they know how\nWe got to this point of terror\nPrecaution could have made the road clearer\nBut we stuck with mediocre leadership\nSo we'll just suffer\nWho knows what the hell is going on\nBut conflicts they keep on growing\nIt's a -- situation\nWhen you ain't got no education on the problem\nOr know what its about\nYou gotta help me out"
                    }
                ], 
                "hooks": [
                    {
                        "header": "[Hook: Justin Timberlake]", 
                        "text hash": "40672224638125a9e005ff83904c7f58", 
                        "artist": "Justin Timberlake", 
                        "text": "My Father\nForgive us cause we know not what we're doin'\nAnd my brothers\nHow we gonna tie up all these loose ends?\nAnd my mother\nTryin' to use that thing you taught me to keep it movin\nAnd my brothers & sisters\nHow we gonna tie up all these loose ends?"
                    }
                ], 
                "bridge": [
                    {
                        "header": "[Bridge: Justin Timberlake]", 
                        "text hash": "dab1bc931c84b5eb3df1c2611f58e229", 
                        "artist": "Justin Timberlake", 
                        "text": "Tell me how can we live this way\nWe've gon so far astray\nNo one knows what to say\nWe got young people's lives at stake\nWhat is it gonna take\nFor us to find our way"
                    }
                ]
            }, 
            "order": [
                "[Intro]", 
                "[Verse 1: Pharoahe Monch]", 
                "[Hook: Justin Timberlake]", 
                "[Verse 2: Pharoahe Monch]", 
                "[Hook]", 
                "[Bridge: Justin Timberlake]", 
                "[Verse 3: Will.I.Am]", 
                "[Outro: Sergio Mendes (keyboard solo) and Justin Timberlake (vocals)]"
            ], 
            "artist": "Sergio Mendes"
        }
    }
}