{
    "D-Game (Remix)": {
        "raw": "\n    \n  Chorus:\nWhat's up playa? You looking slick with that\nHundred G chain with the bracelet to match\nCheck this out here whodi lay on the ground\nFor I show your clown ass how the hot boys sound\nThey going click click blow, blow click click blow\nClick click blow, blow click click blow\nClick click blow, blow click click blow\nClick click blow, blow that's my style\n\nVerse 1:\nPopping wit terror take it straight to guns\nOr we could keep it corporate give up your block and run\nToo much paper here to try and count my ones\nOver here cross me our hollow wall is young\nFor our haters on the streets tryin to measure my blow\nIf you've seen the new whip know they add nine 0's\nNow I'm up to 2 bricks, a seventy two 0's\nIf you counting by the whips than it's eight different flows\nI'm heavy luva, with the diamonds and broads\nToo heavy luva, with the cocaine and cars\nAnd what I hop in, it's my option\nTo shift the mash quit tryin to get in the dash\n\nChorus:\nWhat's up playa? You looking slick with that\nHundred G chain with the bracelet to match\nCheck this out here whodi lay on the ground\nFor I show your clown ass how the hot boys sound\nThey going click click blow, blow click click blow\nClick click blow, blow click click blow\nClick click blow, blow click click blow\nClick click blow, blow that's my style\n\nVerse 2:\nNow if it's on with the bricks and the bag BABY\nYou come short, I'm a bust your head BABY\nThey name a dope man whodi\nYeah that's me, I'm out that 5-0-4 plus that C-P-3\nGive me an ounce and I'ma flip it to a brick figga\nYou got my scratch, if you snitching you a trick figga\nHit the pen, you probably gonna be a misfigga\nSo here's a Glock for your chest I mean your tits trigga\n\nImagine, all the bricks in the projects smeared with cocaine\nI be the richest young soldier in this rap game\nAll my money come in armor trucks\nMore cars, more houses, more freaks to pluck\nYou wasn't work, when I was local playa\nI'm worldwide, you haters can't take it you petrified\nThen let me lose after I reveal thuggin with p\nIt's no limit till I die y'all can't get with me\n\nChorus:\nWhat's up playa? You looking slick with that\nHundred G chain with the bracelet to match\nCheck this out here whodi lay on the ground\nFor I show your clown ass how the hot boys sound\nThey going click click blow, blow click click blow\nClick click blow, blow click click blow\nClick click blow, blow click click blow\nClick click blow, blow that's my style\n\nVerse 3:\nI don't like violence but ha that's no shy logic\nDon't like material stuff either, but sho got a lot of it\nJust to make money off tha street na, I make it off the beat\nWalk my rott off the leash right off the beach\nTalking shit I'ma big spinner so I don't really talk to much\nGot guns, really big ones, think rap softens us up\nSee I love my fans but I don't love them haters\nI don't really like the fame much dog\nBut I show love to paper uh-huh\nI want something bigger cause I love the dough\nNiggas talk shit, Shaq's out\nLeave them looking like Mugsy Bogues\nZoom Zoom, 1100's I still ride it slow\nNot the type that's gonna floss\nBut I ain't gonna hide it though\nLearn the game from my big brother\nC-E-O now, Made Man, Shocker well..C-E-O sounds\nWe the type dog, go to sleep, wake up and ball\nYou know what's up what us\nNow what's up with y'all, uh-ha\n\nChorus:\nWhat's up playa? You looking slick with that\nHundred G chain with the bracelet to match\nCheck this out here whodi lay on the ground\nFor I show your clown ass how the hot boys sound\nThey going click click blow, blow click click blow\nClick click blow, blow click click blow\nClick click blow, blow click click blow\nClick click blow, blow that's my style\n\n\n\n\n  ", 
        "pro": {
            "features": [
                "504 Boys", 
                "Pusha T"
            ], 
            "producers": [
                "Carlos Stephens"
            ], 
            "blocks": {
                "verses": [], 
                "hooks": []
            }, 
            "order": [], 
            "artist": "Silkk the Shocker"
        }
    }
}