{
    "Hip Hop Dummy": {
        "raw": "\n    \n  [Verse 1: Slaine]\nI'm too stupid to give a fuck\nIn a cooper or a tented truck\nWith a nuclear bazooka\nI'm puking the venom up\nWhen your future is a nuisance\nYou tired of nuisances\nGruesome how I grew up\nScrew up of how I abuse\nDefined music, I ain't want it to cost me\nLike a hallucinogen, Lucifer moved it to the building\nMy music's too ruthless, yeah I just have to do this\nBlasting and blasting a tool of\nMassacring of Massachusetts\nCaption that, back flatted\n[?]\nThat's who the bastard is who asked him to do this\nLook what happened then, took my ass out the sewer\nSplash your doors, grab the ass of your whores\nKeep the rap that I spit, I got a passion to do it\nI'm a vaginal, I hit the gas and crash in the Buick\nDrinking Captain and acting like an ass while I do it\n\n[Hook: Slaine]\nThere ain't nothing like hip-hop music\nThere ain't nothing like hip-hop dummy\nThere ain't nothing like hip-hop pussy\nThere ain't nothing like hip-hop money\nYou should know who I am at the stage of the motherfucking game, yup!\nIn his rib cage is the rage of a razor, brazed with dysplasia\nHold on to your cage and be afraid of your neighbor\n\n[Verse 2: Apathy]\nThere ain't nothing like hip-hop, stupid\nWas raised in the sewage and putrid bodily fluids\nI grew into a mutant like Turtles in Mutagen Ooze\nI mutilate crews, leaving stupid humans confused\nYou're at home wearing tutus, jerking to Blue's Clues\nWhile I'm on a booze cruise feeling up huge boobs\nI been in a few feuds, and murdered a few dudes\nI'm popping a few ludes, and listen to Rude Jude\nI keep a TEC in the trunk, I listen to Juju\nI'm miserable rapping, practicing mystical voodoo\nThese rappers is chewed food, I treat 'em like crude fuel\nOld-school, new-school, shit 'em like loose stool\nGot loose screws waving a doos doos on YouTube\nRap while I'm two moves from solving a rubix cube\nLeave your bitch covered in the pool of pubics and lube\nPuking up spooge with both eyelids glued\nNever get it misconstrued, I be pissing missile fuel\nMr. Cool get up in your bitch quicker than Zoo, yeah!\n\n[Hook]\n\n[Verse 3: Bishop Lamont]\nOkay, raise your hands if you wanna die tonight\nI have Jim Jones, punch, and bullets for the whole family!\nCurrently I'm turbulently ill\nControlling your mind of states\nSince rappers all cancer patients on stage before I kill\nEther eat through you see through with a set of skill\nWhen they sweeping your feet from beneath you like a ninja will\nCall me too lethal, motion sickness, equal as Ezekiel\nRepo souls, turn you pitbulls into beagles squeal\nHide inside this homicide, when we emerge\nSadomasochistic, masked with axes looking like the fucking Purge\nWent from master to cow, either style I'll kill you pal\nMeanwhile, all you rappers really fucking ruin us\nSo me and Slaine side-by-side killing like Korean warriors\nReminiscing from a distance that I could destroy you in an instant\nFlys, let go in street mystic, real hip hop rock since I was an infant\nLift was gone through Arizona now I really miss it\nThat's why there ain't nothing like this hip-hop music, bitches!\n\n[Hook]\n\n\n\n\n  ", 
        "pro": {
            "features": [
                "Apathy", 
                "Bishop Lamont"
            ], 
            "producers": [
                "Louis Bell"
            ], 
            "blocks": {
                "verses": [
                    {
                        "header": "[Verse 1: Slaine]", 
                        "text hash": "2c8e09e739af87847bfd605a264b15ec", 
                        "artist": "Slaine", 
                        "text": "I'm too stupid to give a fuck\nIn a cooper or a tented truck\nWith a nuclear bazooka\nI'm puking the venom up\nWhen your future is a nuisance\nYou tired of nuisances\nGruesome how I grew up\nScrew up of how I abuse\nDefined music, I ain't want it to cost me\nLike a hallucinogen, Lucifer moved it to the building\nMy music's too ruthless, yeah I just have to do this\nBlasting and blasting a tool of\nMassacring of Massachusetts\nCaption that, back flatted"
                    }, 
                    {
                        "header": "[Verse 2: Apathy]", 
                        "text hash": "1c7dae8c2ac7f0b41f84461a603a6247", 
                        "artist": "Apathy", 
                        "text": "There ain't nothing like hip-hop, stupid\nWas raised in the sewage and putrid bodily fluids\nI grew into a mutant like Turtles in Mutagen Ooze\nI mutilate crews, leaving stupid humans confused\nYou're at home wearing tutus, jerking to Blue's Clues\nWhile I'm on a booze cruise feeling up huge boobs\nI been in a few feuds, and murdered a few dudes\nI'm popping a few ludes, and listen to Rude Jude\nI keep a TEC in the trunk, I listen to Juju\nI'm miserable rapping, practicing mystical voodoo\nThese rappers is chewed food, I treat 'em like crude fuel\nOld-school, new-school, shit 'em like loose stool\nGot loose screws waving a doos doos on YouTube\nRap while I'm two moves from solving a rubix cube\nLeave your bitch covered in the pool of pubics and lube\nPuking up spooge with both eyelids glued\nNever get it misconstrued, I be pissing missile fuel\nMr. Cool get up in your bitch quicker than Zoo, yeah!"
                    }, 
                    {
                        "header": "[Verse 3: Bishop Lamont]", 
                        "text hash": "d19c611d33b69b2efbc946716b4424c0", 
                        "artist": "Bishop Lamont", 
                        "text": "Okay, raise your hands if you wanna die tonight\nI have Jim Jones, punch, and bullets for the whole family!\nCurrently I'm turbulently ill\nControlling your mind of states\nSince rappers all cancer patients on stage before I kill\nEther eat through you see through with a set of skill\nWhen they sweeping your feet from beneath you like a ninja will\nCall me too lethal, motion sickness, equal as Ezekiel\nRepo souls, turn you pitbulls into beagles squeal\nHide inside this homicide, when we emerge\nSadomasochistic, masked with axes looking like the fucking Purge\nWent from master to cow, either style I'll kill you pal\nMeanwhile, all you rappers really fucking ruin us\nSo me and Slaine side-by-side killing like Korean warriors\nReminiscing from a distance that I could destroy you in an instant\nFlys, let go in street mystic, real hip hop rock since I was an infant\nLift was gone through Arizona now I really miss it\nThat's why there ain't nothing like this hip-hop music, bitches!"
                    }
                ], 
                "hooks": [
                    {
                        "header": "[Hook: Slaine]", 
                        "text hash": "9bd658bea3d2e0072bfabe3a6272cfcc", 
                        "artist": "Slaine", 
                        "text": "There ain't nothing like hip-hop music\nThere ain't nothing like hip-hop dummy\nThere ain't nothing like hip-hop pussy\nThere ain't nothing like hip-hop money\nYou should know who I am at the stage of the motherfucking game, yup!\nIn his rib cage is the rage of a razor, brazed with dysplasia\nHold on to your cage and be afraid of your neighbor"
                    }
                ]
            }, 
            "order": [
                "[Verse 1: Slaine]", 
                "[Hook: Slaine]", 
                "[Verse 2: Apathy]", 
                "[Hook]", 
                "[Verse 3: Bishop Lamont]", 
                "[Hook]"
            ], 
            "artist": "Slaine"
        }
    }
}