{
    "Click Clack": {
        "raw": "\n    \n  [Hook - Slim Thug]\nI was taught only reach for the heat if you busting\nSo when lift this shirt that's the end of discussion\nClick clack motherfuckers! - I ain't trying to hear nothing!\nClick clack motherfuckers! - I ain't trying to hear nothing!\n\n[Verse - Slim Thug]\nWhen snitch niggas give police clues to watch\nWell I'm a give them faggot niggas news to watch\nMy trigger blow niggas out they shoes and socks\nI guarantee I won't miss you if I use the dot\nI'm Slim Thugga motherfucker! best respect my G!\nOr they gon say they name after R.I.P\nHow dare you pussy niggas' tissue slugs bout me\nCause then I'm a get to show ya how thug I be!\nAnd I don't give a FUCK what set you claim\nThey got rich niggas that blow out brains\nJust cause you from the projects don't mean you hard\nMost of them hoods y'all repping ain't seen you broads!\n\n[Hook - Slim Thug]\nI was taught only reach for the heat if you busting\nSo when lift this shirt that's the end of discussion\nClick clack motherfuckers! - I ain't trying to hear nothing!\nClick clack motherfuckers! - I ain't trying to hear nothing now!\nDon't make me pull it on ya! on ya! on ya! ya hear me?!\nDon't make me pull it on ya! on ya! on ya!\n\n[Verse - Pusha T]\nBig home, big car, big jewelry\nWhispers in the street, all the talk of robbery\nAin't no Quad Studio, 2Pac and P\nFor every watch there's a Glock, come shop with me\nHood DVDs the closest you get to TV\nBE or MT, the whole world done see me\nVH1 Behind the Scenes, there's bout to be a three-peat\nSo keep on rewinding your part and others try and defeat me\nStrap like the movie, better yet the sequel\nStrap Before Rap, we'll call that the prequel\nI told ya wit the pen, there shall be none equal\nBut since he ain't write it, that makes him more lethal! UUSSSHH!!\n\n[Hook]\n\n[Verse - Slim Thug]\nI was taught only reach for the heat if you busting\nSo when lift this shirt that's the end of discussion\nClick clack motherfuckers! - I ain't trying to hear nothing!\nIf you smart you gon hit the ground running and ducking\nA lot of rap niggas be trying to play hard\nKnowing damn well that they lying and they fraud\nThey talk that hard shit when somebody press record\nWhen there's beef in the streets they run to their body guard\nI'm still a hood nigga, you can catch me on the block\nAnd when I'm the club you can catch me wit the Glock\nI know them jackas plotting trying to catch me wit a knot\nBut we gon see if them laws can come catch me when he's shot\n\n[Hook]\n\n\n\n\n  ", 
        "pro": {
            "features": [
                "Pusha T"
            ], 
            "producers": [
                "The Neptunes"
            ], 
            "blocks": {
                "verses": [
                    {
                        "header": "[Verse - Slim Thug]", 
                        "text hash": "9f9ee3c3be8774eda161a9b4f82f3852", 
                        "artist": "Slim Thug", 
                        "text": "When snitch niggas give police clues to watch\nWell I'm a give them faggot niggas news to watch\nMy trigger blow niggas out they shoes and socks\nI guarantee I won't miss you if I use the dot\nI'm Slim Thugga motherfucker! best respect my G!\nOr they gon say they name after R.I.P\nHow dare you pussy niggas' tissue slugs bout me\nCause then I'm a get to show ya how thug I be!\nAnd I don't give a FUCK what set you claim\nThey got rich niggas that blow out brains\nJust cause you from the projects don't mean you hard\nMost of them hoods y'all repping ain't seen you broads!"
                    }, 
                    {
                        "header": "[Verse - Pusha T]", 
                        "text hash": "7b52520d68c446cd5084e3af9abdacdd", 
                        "artist": "Pusha T", 
                        "text": "Big home, big car, big jewelry\nWhispers in the street, all the talk of robbery\nAin't no Quad Studio, 2Pac and P\nFor every watch there's a Glock, come shop with me\nHood DVDs the closest you get to TV\nBE or MT, the whole world done see me\nVH1 Behind the Scenes, there's bout to be a three-peat\nSo keep on rewinding your part and others try and defeat me\nStrap like the movie, better yet the sequel\nStrap Before Rap, we'll call that the prequel\nI told ya wit the pen, there shall be none equal\nBut since he ain't write it, that makes him more lethal! UUSSSHH!!"
                    }, 
                    {
                        "header": "[Verse - Slim Thug]", 
                        "text hash": "63977f72e0bd9f029d3c53fc522b1197", 
                        "artist": "Slim Thug", 
                        "text": "I was taught only reach for the heat if you busting\nSo when lift this shirt that's the end of discussion\nClick clack motherfuckers! - I ain't trying to hear nothing!\nIf you smart you gon hit the ground running and ducking\nA lot of rap niggas be trying to play hard\nKnowing damn well that they lying and they fraud\nThey talk that hard shit when somebody press record\nWhen there's beef in the streets they run to their body guard\nI'm still a hood nigga, you can catch me on the block\nAnd when I'm the club you can catch me wit the Glock\nI know them jackas plotting trying to catch me wit a knot\nBut we gon see if them laws can come catch me when he's shot"
                    }
                ], 
                "hooks": [
                    {
                        "header": "[Hook - Slim Thug]", 
                        "text hash": "c488e4e1f7c1e8753efd758210c43f7e", 
                        "artist": "Slim Thug", 
                        "text": "I was taught only reach for the heat if you busting\nSo when lift this shirt that's the end of discussion\nClick clack motherfuckers! - I ain't trying to hear nothing!\nClick clack motherfuckers! - I ain't trying to hear nothing!"
                    }, 
                    {
                        "header": "[Hook - Slim Thug]", 
                        "text hash": "e4dd78dfbd370dfafa766876aa868beb", 
                        "artist": "Slim Thug", 
                        "text": "I was taught only reach for the heat if you busting\nSo when lift this shirt that's the end of discussion\nClick clack motherfuckers! - I ain't trying to hear nothing!\nClick clack motherfuckers! - I ain't trying to hear nothing now!\nDon't make me pull it on ya! on ya! on ya! ya hear me?!\nDon't make me pull it on ya! on ya! on ya!"
                    }
                ]
            }, 
            "order": [
                "[Hook - Slim Thug]", 
                "[Verse - Slim Thug]", 
                "[Hook - Slim Thug]", 
                "[Verse - Pusha T]", 
                "[Hook]", 
                "[Verse - Slim Thug]", 
                "[Hook]"
            ], 
            "artist": "Slim Thug"
        }
    }
}