{
    "The City": {
        "raw": "\n    \n  [Intro: Inspectah Deck]\nYou gotta get up, you gotta get out\nGet from under, it's time to get over\nGet right, or get left, get even with the odds\nGet yours, Solomon...\n\n[Inspectah Deck]\nEight million stories in the naked city, New York City\nYou make it, the'll take it quickly\nAsk Po & Richie, coke sold blow you over fifty\nI know who with me, I know you won't trick me\nI'm O.G., stuck to the cold G\nYou can never break him or take him alive\nYou can never face him or trace the design\nBelieve me breathing, guaranteed I'll make the way to survive\nAnd built with such grace and strive\nThat from all those who sore mention him with the greats of his time\nBefore I sign off, salute\nTo every soldier, major player or crime boss\nWe not taking time off\nIt's harder to hustle, I must get mine off\nMandatory, the story concludes\nAnd according to Wu, you know Cash Rules Everything\n\n[Chorus 2X: Solomon Childs]\nI want it now, and ain't got time to waste\nAnd even though they say crime don't pay\nIt's got to be a better way, they thinking more like 10 years\nI'm thinking more like 10 days\n\n[Solomon Childs]\nYeah, I shook up the city, trap star of the city\nHad the best work in the city, had the flyest broad in the city\nRan with some of the flyest niggas in the city\nTil they left me for dead in the city, with no water\nLeft me to dehydrate in the city\nMoney supply, went short in the city\nThe wise tell me, money can't buy love\nBut what's funny is love can't survive without money\nNowadays in my poverty city, but I love my city\nAnd I'll be damned if I lay down and die in the city\nNever, cuz in order to rise, you gotta fall in the city\nBut the mission is you get up when you fall in the city\n\n[Chorus 2X]\n\n[Outro: Solomon Childs]\nYeah, Ayatollah, Heroin\nK.M.G., Young Wu-Tang\nHustle hard, nigga\n\n\n\n\n  ", 
        "pro": {
            "features": [
                "Inspectah Deck"
            ], 
            "blocks": {
                "verses": [
                    {
                        "header": "[Solomon Childs]", 
                        "text hash": "dde89529d9fdc206451cb9a31b220533", 
                        "artist": "Solomon Childs", 
                        "text": "Yeah, I shook up the city, trap star of the city\nHad the best work in the city, had the flyest broad in the city\nRan with some of the flyest niggas in the city\nTil they left me for dead in the city, with no water\nLeft me to dehydrate in the city\nMoney supply, went short in the city\nThe wise tell me, money can't buy love\nBut what's funny is love can't survive without money\nNowadays in my poverty city, but I love my city\nAnd I'll be damned if I lay down and die in the city\nNever, cuz in order to rise, you gotta fall in the city\nBut the mission is you get up when you fall in the city"
                    }, 
                    {
                        "header": "[Outro: Solomon Childs]", 
                        "text hash": "a3a2459b9b1da091c011f662c4665cef", 
                        "artist": "Solomon Childs", 
                        "text": "Yeah, Ayatollah, Heroin\nK.M.G., Young Wu-Tang\nHustle hard, nigga\n\n\n\n\n  "
                    }
                ], 
                "hooks": [
                    {
                        "header": "[Chorus 2X: Solomon Childs]", 
                        "text hash": "a50881aae166d25f1d6b0d9bab20f686", 
                        "artist": "Solomon Childs", 
                        "text": "I want it now, and ain't got time to waste\nAnd even though they say crime don't pay\nIt's got to be a better way, they thinking more like 10 years\nI'm thinking more like 10 days"
                    }
                ], 
                "intro": [
                    {
                        "header": "[Intro: Inspectah Deck]", 
                        "text hash": "1edc5228058056afcd18e3816bbd5ca7", 
                        "artist": "Inspectah Deck", 
                        "text": "You gotta get up, you gotta get out\nGet from under, it's time to get over\nGet right, or get left, get even with the odds\nGet yours, Solomon..."
                    }
                ], 
                "remainders": [
                    {
                        "header": "[Inspectah Deck]", 
                        "text hash": "785933e9523c56515da0f08f66ada33b", 
                        "artist": "Inspectah Deck", 
                        "text": "Eight million stories in the naked city, New York City\nYou make it, the'll take it quickly\nAsk Po & Richie, coke sold blow you over fifty\nI know who with me, I know you won't trick me\nI'm O.G., stuck to the cold G\nYou can never break him or take him alive\nYou can never face him or trace the design\nBelieve me breathing, guaranteed I'll make the way to survive\nAnd built with such grace and strive\nThat from all those who sore mention him with the greats of his time\nBefore I sign off, salute\nTo every soldier, major player or crime boss\nWe not taking time off\nIt's harder to hustle, I must get mine off\nMandatory, the story concludes\nAnd according to Wu, you know Cash Rules Everything"
                    }
                ]
            }, 
            "order": [
                "[Intro: Inspectah Deck]", 
                "[Inspectah Deck]", 
                "[Chorus 2X: Solomon Childs]", 
                "[Solomon Childs]", 
                "[Chorus 2X]", 
                "[Outro: Solomon Childs]"
            ], 
            "artist": "Solomon Childs"
        }
    }
}