{
    "Get That Money": {
        "raw": "\n    \n  [50 Cent]\nLet's get that money man, let's get that money man (yeah!)\nLet's get that money man, let's get that money man (yeah)\n\n[Hook 3X: 50 Cent]\nLet's get that money man, let's get that money man (yeah!)\nLet's get that money man, let's get that money man (yeah)\n\n[50 Cent]\nG-G-G-G-G, G-Unit!\n50 Cent uhh, Greg Street, ATL to Dallas\nYou heard me? Check it out\n\nPorsche spots, drop, gun in the stash, box\nGet your bitch-ass, shot stuntin around here, here\nFlow so, hot, they say I got it, locked\nHold on a second homie, let's get this clear\nLook the wrists stay, rocked, the Ruger stay, cocked\nI hope you smoke a lot cause I supply your weed, spots\nGot a few questions and I need the answer on the spot\nThat bitch you with, she like you or she like what you got?\nTryin to maintain, tearin niggas out the frame\nSemi-automatic flows; you know how it goes\nBoss, B-O-S-S-M-A-N, gun in hand\nUnderstand, gettin money is the plan\nGreg Street is my man\n\n[Hook]\n\n[Stat Quo]\nUhh, gettin money, YEAH!\nStat Quo baby, Atlanta's own in this thang\nUh, uh\n\nI stays by my 'fetti baby, big boy Chevy baby\nChoose a pimp, hop on in, only if you're ready baby\nAin't no ifs or maybes, motherfuckers gotta pay me\nRadio, gotta play me, stack a mil', I know you hate me\nStat Quo partner got a stable full of head dollars\nAll my folk cold choppers, even though the Feds watch us\nTired of duckin the blockas, shawty fresh as {?}\nSnitchers sing to the coppers like all them tryin to stop a G\nPlaya ain't no stoppin me, I'm the nigga that you tryin to be\nLive from Atlanta or in Dallas with my homie Street\nAin't no way or ain't no eat, my mom used to make lunch free\nMy ma speak, now that's street, that the way we do\nWe gettin money (yea!)\n\n[Hook]\n\n[Lloyd Banks]\nLook, it's on now time to cut the cake, fuck the Jake, tuck the plate\nMake a move, dump the eight, guaranteed to pump his breaks\nToo pissy drunk the case, ain't got a month to waste\nSmile with a pumpkin face, deep enough to jump the states\nStuff him in the trunk escape - you want a problem\nFuck the bass, up the stakes, everything I wear is up-to-date\nLoyal cat, guarantee my son'll be a spoiled brat\nHot enough to boil crack, M-5, all you black\nI'm the reason all you rap, admit it I'm daddy black\nDoin this since \"Caddy Shack\" with Greg Street in that Cadi-llac\nBlowin on a pillow pack, I call it Koffee Brown\nBitches can't get off me now, rasta-man toss me pounds\nI ain't from a softy town, niggas'll break your bones, crack your faith\nCall the doctor, let him put it back in place\n\n[50 Cent]\nHa ha ha, 50 Cent yeah\nWhat you gon' do boy?\nFrom New York to Atlanta to Dallas boy\nI'm all over the place, I'm international playa\nYou heard me? Ha ha ha\nCase you dealt with me\n\n\n\n\n  ", 
        "pro": {
            "features": [
                "50 Cent", 
                "Lloyd Banks"
            ], 
            "blocks": {
                "verses": [
                    {
                        "header": "[Stat Quo]", 
                        "text hash": "ef1f84fb9415614087bac12f3c60cbdc", 
                        "artist": "Stat Quo", 
                        "text": "Uhh, gettin money, YEAH!\nStat Quo baby, Atlanta's own in this thang\nUh, uh\n\nI stays by my 'fetti baby, big boy Chevy baby\nChoose a pimp, hop on in, only if you're ready baby\nAin't no ifs or maybes, motherfuckers gotta pay me\nRadio, gotta play me, stack a mil', I know you hate me\nStat Quo partner got a stable full of head dollars\nAll my folk cold choppers, even though the Feds watch us\nTired of duckin the blockas, shawty fresh as {?}\nSnitchers sing to the coppers like all them tryin to stop a G\nPlaya ain't no stoppin me, I'm the nigga that you tryin to be\nLive from Atlanta or in Dallas with my homie Street\nAin't no way or ain't no eat, my mom used to make lunch free\nMy ma speak, now that's street, that the way we do\nWe gettin money (yea!)"
                    }
                ], 
                "hooks": [
                    {
                        "header": "[Hook 3X: 50 Cent]", 
                        "text hash": "7847ffde9c9e2ebdf173dd3d5672687a", 
                        "artist": "50 Cent", 
                        "text": "Let's get that money man, let's get that money man (yeah!)\nLet's get that money man, let's get that money man (yeah)"
                    }
                ], 
                "remainders": [
                    {
                        "header": "[50 Cent]", 
                        "text hash": "7847ffde9c9e2ebdf173dd3d5672687a", 
                        "artist": "50 Cent", 
                        "text": "Let's get that money man, let's get that money man (yeah!)\nLet's get that money man, let's get that money man (yeah)"
                    }, 
                    {
                        "header": "[50 Cent]", 
                        "text hash": "998e66e0f5bf07175899605066a4735a", 
                        "artist": "50 Cent", 
                        "text": "G-G-G-G-G, G-Unit!\n50 Cent uhh, Greg Street, ATL to Dallas\nYou heard me? Check it out\n\nPorsche spots, drop, gun in the stash, box\nGet your bitch-ass, shot stuntin around here, here\nFlow so, hot, they say I got it, locked\nHold on a second homie, let's get this clear\nLook the wrists stay, rocked, the Ruger stay, cocked\nI hope you smoke a lot cause I supply your weed, spots\nGot a few questions and I need the answer on the spot\nThat bitch you with, she like you or she like what you got?\nTryin to maintain, tearin niggas out the frame\nSemi-automatic flows; you know how it goes\nBoss, B-O-S-S-M-A-N, gun in hand\nUnderstand, gettin money is the plan\nGreg Street is my man"
                    }, 
                    {
                        "header": "[Lloyd Banks]", 
                        "text hash": "c5b8405fad525b5271c2627c5bdf8044", 
                        "artist": "Lloyd Banks", 
                        "text": "Look, it's on now time to cut the cake, fuck the Jake, tuck the plate\nMake a move, dump the eight, guaranteed to pump his breaks\nToo pissy drunk the case, ain't got a month to waste\nSmile with a pumpkin face, deep enough to jump the states\nStuff him in the trunk escape - you want a problem\nFuck the bass, up the stakes, everything I wear is up-to-date\nLoyal cat, guarantee my son'll be a spoiled brat\nHot enough to boil crack, M-5, all you black\nI'm the reason all you rap, admit it I'm daddy black\nDoin this since \"Caddy Shack\" with Greg Street in that Cadi-llac\nBlowin on a pillow pack, I call it Koffee Brown\nBitches can't get off me now, rasta-man toss me pounds\nI ain't from a softy town, niggas'll break your bones, crack your faith\nCall the doctor, let him put it back in place"
                    }, 
                    {
                        "header": "[50 Cent]", 
                        "text hash": "c14ee1ea9e8adb78b2f60d1b4a4d8ffc", 
                        "artist": "50 Cent", 
                        "text": "Ha ha ha, 50 Cent yeah\nWhat you gon' do boy?\nFrom New York to Atlanta to Dallas boy\nI'm all over the place, I'm international playa\nYou heard me? Ha ha ha\nCase you dealt with me\n\n\n\n\n  "
                    }
                ]
            }, 
            "order": [
                "[50 Cent]", 
                "[Hook 3X: 50 Cent]", 
                "[50 Cent]", 
                "[Hook]", 
                "[Stat Quo]", 
                "[Hook]", 
                "[Lloyd Banks]", 
                "[50 Cent]"
            ], 
            "artist": "Stat Quo"
        }
    }
}