{
    "I Know Love": {
        "raw": "\n    \n  [Verse 1: Sterling Simms]\nThe tears have multiplied\nSunny-side up, shit, my brain fried\nMy reality is your favorite lie\nI should have known the first time you gave me some thighs\nBut I was diggin' my heart a six-foot hole\nAnd you was gon' put the dirt back on\nI shoulda never called and left you alone\nBut my mama raised me better than that, fuck you\nAnd now I\n\n[Hook: Sterling Simms]\nCan't believe you are who you say you are, no\nCause I know love when I see that motherfucker, baby\nAnd now I'm drinkin' gin behind the wheel of my car\nCause I know love when I see that bitch, woah\n\n[Verse 2: Sterling Simms]\nTears don't buy\nI gotta keep a smile just to hide my cry\nSometimes I will call you a bitch\nYeah I know it's disrespectful and all that shit\nBut you gotta understand what you did to my heart\nThe first one to open it then break it apart\nGirl I was at the finish line, even that start\nYet you was in the third lane but had me in park\nWhen I was trying to go somewhere with you\nBut we would end up right back\nAnd I wanted to be somethin' to you\nBut now I'm back in my bag, baby, baby\nBaby I wanna leave cause I can't\nStay right here, baby won't you tell me\nWoah, say tell me what it is, tell me what it is\nI just\n\n[Hook: Sterling Simms]\n\n[Verse 3: Pusha T]\nYou say I treat home, like a pit stop\nLike I'm Stevie J, love and hip-hop\nWe got a love-hate, sometimes we flip-flop\nMoved you to the sticks, it lets me dips out\nAs I make mine, you thinkin' it's play time\nChokin' on what you heard through the grapevine\nThem bitches in your head, when I ain't in your bed\nLike Momma D pointed out, I was left for dead\nNow I'm movin' on, where I do belong\nAnd I found a new arm to hang them Lou' Vuittons\nEGHHK!, damn Cupid missed\nGuess I'll know love when I see that bitch (Woo!)\nI just\n\n[Hook: Sterling Slimms]\n\n[Outro: Sterling Slimms]\nI know, I know, I know, I know\nI know, I know, I know, I know\nI know, I know, I know, I know\nI know, I know, I know, damn\nAin't no sunshine when the pussy's gone\nAnd you can't go cryin', you gotta chalk it up\nMy nigga Flippa, it's time to roll up\nCause I'm just out here crazy, missin' her love\n\n\n\n\n  ", 
        "pro": {
            "features": [
                "Pusha T"
            ], 
            "producers": [
                "The Fisticuffs"
            ], 
            "blocks": {
                "verses": [
                    {
                        "header": "[Verse 1: Sterling Simms]", 
                        "text hash": "63eb7e275b4c71c17d77b47b08ffed13", 
                        "artist": "Sterling Simms", 
                        "text": "The tears have multiplied\nSunny-side up, shit, my brain fried\nMy reality is your favorite lie\nI should have known the first time you gave me some thighs\nBut I was diggin' my heart a six-foot hole\nAnd you was gon' put the dirt back on\nI shoulda never called and left you alone\nBut my mama raised me better than that, fuck you\nAnd now I"
                    }, 
                    {
                        "header": "[Verse 2: Sterling Simms]", 
                        "text hash": "85653d8f1ad1943e101a3807cc7fd2e4", 
                        "artist": "Sterling Simms", 
                        "text": "Tears don't buy\nI gotta keep a smile just to hide my cry\nSometimes I will call you a bitch\nYeah I know it's disrespectful and all that shit\nBut you gotta understand what you did to my heart\nThe first one to open it then break it apart\nGirl I was at the finish line, even that start\nYet you was in the third lane but had me in park\nWhen I was trying to go somewhere with you\nBut we would end up right back\nAnd I wanted to be somethin' to you\nBut now I'm back in my bag, baby, baby\nBaby I wanna leave cause I can't\nStay right here, baby won't you tell me\nWoah, say tell me what it is, tell me what it is\nI just"
                    }, 
                    {
                        "header": "[Verse 3: Pusha T]", 
                        "text hash": "a487dd55f9f6378b47326fec6b1730bc", 
                        "artist": "Pusha T", 
                        "text": "You say I treat home, like a pit stop\nLike I'm Stevie J, love and hip-hop\nWe got a love-hate, sometimes we flip-flop\nMoved you to the sticks, it lets me dips out\nAs I make mine, you thinkin' it's play time\nChokin' on what you heard through the grapevine\nThem bitches in your head, when I ain't in your bed\nLike Momma D pointed out, I was left for dead\nNow I'm movin' on, where I do belong\nAnd I found a new arm to hang them Lou' Vuittons\nEGHHK!, damn Cupid missed\nGuess I'll know love when I see that bitch (Woo!)\nI just"
                    }, 
                    {
                        "header": "[Outro: Sterling Slimms]", 
                        "text hash": "da16e10941a82e2be0366ecbdfbbdded", 
                        "artist": "Sterling Slimms", 
                        "text": "I know, I know, I know, I know\nI know, I know, I know, I know\nI know, I know, I know, I know\nI know, I know, I know, damn\nAin't no sunshine when the pussy's gone\nAnd you can't go cryin', you gotta chalk it up\nMy nigga Flippa, it's time to roll up\nCause I'm just out here crazy, missin' her love\n\n\n\n\n  "
                    }
                ], 
                "hooks": [
                    {
                        "header": "[Hook: Sterling Simms]", 
                        "text hash": "a1a3bd474d53d1fd0b1e3ff028b3374a", 
                        "artist": "Sterling Simms", 
                        "text": "Can't believe you are who you say you are, no\nCause I know love when I see that motherfucker, baby\nAnd now I'm drinkin' gin behind the wheel of my car\nCause I know love when I see that bitch, woah"
                    }
                ]
            }, 
            "order": [
                "[Verse 1: Sterling Simms]", 
                "[Hook: Sterling Simms]", 
                "[Verse 2: Sterling Simms]", 
                "[Hook: Sterling Simms]", 
                "[Verse 3: Pusha T]", 
                "[Hook: Sterling Slimms]", 
                "[Outro: Sterling Slimms]"
            ], 
            "artist": "Sterling Simms"
        }
    }
}