{
    "Casino Royale": {
        "raw": "\n    \n  [Verse 1:Apathy]\nI'm only gettin' bigger and better\nI'm like a bionic baboon in studies\nThe bloody victims are left with a stab wound\nA Babylon baby my Mother said I'm the evilest\n'Cos even as a fetus they would feed us off the fetuses\nFoes never defeat us it's never a photo finish\nI make green like foto-synthesis my dough replenishes\nOverdose,comatose leave you with a broken nose\nDemiGodzilla that's much bigger than Tokyo's\nOk doke [??] Rappers get a broken throat\nFloat in the air like a wizard with a open cloak\nDress sharp suede [cloak/coat/clothes??] shop lift from Kmart's\nThe great white got nothing to do with great sharks\nY'all be yappin' but never ever destroy the beat\nYous a bitch when you pee put down the toilet seat\nI Eric vandalize Vanderslice van full impact\nWith Stu Bangas aim my hammer at the stranger\n\n[Verse 2:Blacastan]\nAyyo I'm definitely defecatin' on\nWack niggas contemplatin' on makin'\nDoper joints than the Demigodz\nI'm in your yard watchin' New Jog\nFocuses scopin'\n\n\n\n\n  ", 
        "pro": {
            "features": [
                "Apathy", 
                "Blacastan"
            ], 
            "producers": [
                "Vanderslice"
            ], 
            "blocks": {
                "verses": [
                    {
                        "header": "[Verse 1:Apathy]", 
                        "text hash": "e0319eaa9c53dc5c06991e5cf9d2ee65", 
                        "artist": "Apathy", 
                        "text": "I'm only gettin' bigger and better\nI'm like a bionic baboon in studies\nThe bloody victims are left with a stab wound\nA Babylon baby my Mother said I'm the evilest\n'Cos even as a fetus they would feed us off the fetuses\nFoes never defeat us it's never a photo finish\nI make green like foto-synthesis my dough replenishes\nOverdose,comatose leave you with a broken nose\nDemiGodzilla that's much bigger than Tokyo's\nOk doke [??] Rappers get a broken throat\nFloat in the air like a wizard with a open cloak\nDress sharp suede [cloak/coat/clothes??] shop lift from Kmart's\nThe great white got nothing to do with great sharks\nY'all be yappin' but never ever destroy the beat\nYous a bitch when you pee put down the toilet seat\nI Eric vandalize Vanderslice van full impact\nWith Stu Bangas aim my hammer at the stranger"
                    }, 
                    {
                        "header": "[Verse 2:Blacastan]", 
                        "text hash": "65186e243e97d01e0b32fb1d078e1656", 
                        "artist": "Blacastan", 
                        "text": "Ayyo I'm definitely defecatin' on\nWack niggas contemplatin' on makin'\nDoper joints than the Demigodz\nI'm in your yard watchin' New Jog\nFocuses scopin'\n\n\n\n\n  "
                    }
                ], 
                "hooks": []
            }, 
            "order": [
                "[Verse 1:Apathy]", 
                "[Verse 2:Blacastan]"
            ], 
            "artist": "Stu Bangas & Vanderslice"
        }
    },
    "Vikings": {
        "raw": "\n    \n  [Verse 1:Apathy]\nClassic as hatch backs and beamers\nBackpacks and beepers\nSnapback hats\nFat raps and trapper keepers\nI\u2019m stacking ass cap\nFuck smack,crack and reefer\nI stockpile ammo, gas masks and\nHeaters\nCreeps are fucked up\nCall Affleck and Feema\nPost traumatic stress cause\nFlash backs and seizures\nEnd of the world shit\nBack track with Jesus\nThe truth is in the open\nLike ass crack on skeezers\nKids will Tweet about me and hash tag\nMy speeches\nPlaying Call of duty\nFlak jacket and Turtle Beaches\nConservative genius who wrote the murderous\nPiecies\nCrashin' internet surface\nI\u2019m turnin' nerd into beavers [?]\nBlow your church into pieces\nTravel the furthest reaches\nOf the universe\u2019s regions\nWhere the Silver Surfer breezes\nSo mind your own beeswax\nYou\u2019ll never fuck with these raps\nI\u2019ll leave you with a black eye\nThat\u2019s bigger than a Sleestak\n\n[Hook: Wais P]\nWhilin' like we Vikings\nSnatch your platinum Breitling\nFather on that right wing\nFucked 'em in they side rings\n\n[Verse 2: Wais P]\nWais P up in this bitch\nTo the blink of an eye\nI'm tryna down that temple jit\nNow pimp it fly\nThese niggas spittin' dis records then apologize\nDis me\n\n\n\n\n  ", 
        "pro": {
            "features": [
                "Apathy", 
                "Wais P"
            ], 
            "producers": [
                "Stu Bangas"
            ], 
            "blocks": {
                "verses": [
                    {
                        "header": "[Verse 1:Apathy]", 
                        "text hash": "e59b77541944466d05eec2b920f4a23a", 
                        "artist": "Apathy", 
                        "text": "Classic as hatch backs and beamers\nBackpacks and beepers\nSnapback hats\nFat raps and trapper keepers\nI\u2019m stacking ass cap\nFuck smack,crack and reefer\nI stockpile ammo, gas masks and\nHeaters\nCreeps are fucked up\nCall Affleck and Feema\nPost traumatic stress cause\nFlash backs and seizures\nEnd of the world shit\nBack track with Jesus\nThe truth is in the open\nLike ass crack on skeezers\nKids will Tweet about me and hash tag\nMy speeches\nPlaying Call of duty\nFlak jacket and Turtle Beaches\nConservative genius who wrote the murderous\nPiecies\nCrashin' internet surface\nI\u2019m turnin' nerd into beavers [?]\nBlow your church into pieces\nTravel the furthest reaches\nOf the universe\u2019s regions\nWhere the Silver Surfer breezes\nSo mind your own beeswax\nYou\u2019ll never fuck with these raps\nI\u2019ll leave you with a black eye\nThat\u2019s bigger than a Sleestak"
                    }, 
                    {
                        "header": "[Verse 2: Wais P]", 
                        "text hash": "74c9467ee90aa942ba5ddb765a5a52e9", 
                        "artist": "Wais P", 
                        "text": "Wais P up in this bitch\nTo the blink of an eye\nI'm tryna down that temple jit\nNow pimp it fly\nThese niggas spittin' dis records then apologize\nDis me\n\n\n\n\n  "
                    }
                ], 
                "hooks": [
                    {
                        "header": "[Hook: Wais P]", 
                        "text hash": "dfab8689e9c9a604d999c239c0e739a8", 
                        "artist": "Wais P", 
                        "text": "Whilin' like we Vikings\nSnatch your platinum Breitling\nFather on that right wing\nFucked 'em in they side rings"
                    }
                ]
            }, 
            "order": [
                "[Verse 1:Apathy]", 
                "[Hook: Wais P]", 
                "[Verse 2: Wais P]"
            ], 
            "artist": "Stu Bangas & Vanderslice"
        }
    }
}