{
    "Call My Name": {
        "raw": "\n    \n  [Hook]:\nDon't be afraid to call my name {x4}\nStep up, step up\n\n[Verse One] [Ryu]:\nOkay, the west back, yeah the proof is us\nI got a rag on my head cause the roof is up\nThe R-Y-U, comin' with the stupid stuff\nI got her foamin' at the mouth like a loofah sponge\nI don't claim no set yet I'm a threat to riders\nAnd I got a few tecs in the L.A. riots\nYeah I'm L.A.'s finest, serve and protect\nThe street from wack shit, I deserve respect\nOn the sneak tip, I came in the game to slay them\nI had the world singin' 2K4 verbatim\nBrave and dumb\n818's favorite son\nDisintegrate them like my tongue was a laser gun\nYeah yeah\nBackpack rapper I guess\nBut I wear it in the front like a suicide vest\nIf hip hop is dead how do you define death?\nOnly way it ever died is if Tak and I left\nSo what a dude gotta do to prove his sickness?\nIn a world full of bougie dip shits\nI cooly reach for the uzi, lift it\nClick the tooly back and blow brains to a gooey liquid\n\n[Hook]:\nDon't be afraid to call my name\n\n[Verse Two] [Tak]:\nI started off, fresh off the head\nThen I wrote songs and left y'all for dead\nNow I got a plot, time to cook this omelet\nAnd knock it out the box like the Brooklyn Dodgers\nHmmm\nDo your dance, the beats are grizzly\nI'm chewing through your camp like a piece of Wrigleys\nMan for the fight, I'm destroying your name chump\nYour man on the mic is more annoying than James Blunt (Beautiful)\nSo ring around the phoney\nYou're kicked in the lip with a brown Saucony\nUpchuck your billy bang bang get off me\nPlease, your body looks like a scene from Saw 3\nUghh\nYeah, I'm whiskey sippin'\nRisky business, killin' Dixie Chickens\nTherapeutic sicks, have a disposition\nA Garbage Pail Kid still in mint condition\nSlow it down, they're holding me hostage\nCause when I go to town, man I'm totally awesome\nShots to my people in Galats so stand on by, back\nChoppin' like I'm Afro Samurai\n\n[Hook]:\nDon't be afraid to call my name\n\n\n\n\n  ", 
        "pro": {
            "producers": [
                "Apathy"
            ], 
            "blocks": {
                "verses": [
                    {
                        "header": "[Verse One] [Ryu]", 
                        "text hash": "9241c77a8440d666466b70d65283438d", 
                        "artist": "Styles of Beyond", 
                        "text": ":\nOkay, the west back, yeah the proof is us\nI got a rag on my head cause the roof is up\nThe R-Y-U, comin' with the stupid stuff\nI got her foamin' at the mouth like a loofah sponge\nI don't claim no set yet I'm a threat to riders\nAnd I got a few tecs in the L.A. riots\nYeah I'm L.A.'s finest, serve and protect\nThe street from wack shit, I deserve respect\nOn the sneak tip, I came in the game to slay them\nI had the world singin' 2K4 verbatim\nBrave and dumb\n818's favorite son\nDisintegrate them like my tongue was a laser gun\nYeah yeah\nBackpack rapper I guess\nBut I wear it in the front like a suicide vest\nIf hip hop is dead how do you define death?\nOnly way it ever died is if Tak and I left\nSo what a dude gotta do to prove his sickness?\nIn a world full of bougie dip shits\nI cooly reach for the uzi, lift it\nClick the tooly back and blow brains to a gooey liquid"
                    }, 
                    {
                        "header": "[Verse Two] [Tak]", 
                        "text hash": "c0edf4d2bd78a466a6b51d29e2eb4ded", 
                        "artist": "Styles of Beyond", 
                        "text": ":\nI started off, fresh off the head\nThen I wrote songs and left y'all for dead\nNow I got a plot, time to cook this omelet\nAnd knock it out the box like the Brooklyn Dodgers\nHmmm\nDo your dance, the beats are grizzly\nI'm chewing through your camp like a piece of Wrigleys\nMan for the fight, I'm destroying your name chump\nYour man on the mic is more annoying than James Blunt (Beautiful)\nSo ring around the phoney\nYou're kicked in the lip with a brown Saucony\nUpchuck your billy bang bang get off me\nPlease, your body looks like a scene from Saw 3\nUghh\nYeah, I'm whiskey sippin'\nRisky business, killin' Dixie Chickens\nTherapeutic sicks, have a disposition\nA Garbage Pail Kid still in mint condition\nSlow it down, they're holding me hostage\nCause when I go to town, man I'm totally awesome\nShots to my people in Galats so stand on by, back\nChoppin' like I'm Afro Samurai"
                    }
                ], 
                "hooks": [
                    {
                        "header": "[Hook]", 
                        "text hash": "196b786bd3ba685a255faeec7274f9bc", 
                        "artist": "Styles of Beyond", 
                        "text": ":\nDon't be afraid to call my name {x4}\nStep up, step up"
                    }, 
                    {
                        "header": "[Hook]", 
                        "text hash": "4b1606ee3eae0eeb479005cd11ebe095", 
                        "artist": "Styles of Beyond", 
                        "text": ":\nDon't be afraid to call my name"
                    }, 
                    {
                        "header": "[Hook]", 
                        "text hash": "957afe004f47f4d702f8cfb574624811", 
                        "artist": "Styles of Beyond", 
                        "text": ":\nDon't be afraid to call my name\n\n\n\n\n  "
                    }
                ]
            }, 
            "order": [], 
            "artist": "Styles of Beyond"
        }
    },
    "Dumb It Down": {
        "raw": "\n    \n  [Hook] [Apathy]:\nI dumb it d-d-d-down, d-d-d down down\nI dumb it d-d-d-down, d-d-d down down\nI dumb it d-d-d-down, d-d-d down down\nI dumb it d-d-d-down, d-d-d down get down\nNow\nGet stupider, get g-g-get stupider\nGet stupider, get g-g-get stupider\nGet stupider, get g-g-get stupider\nGet stupider, get g-g-get stupider\n\n[Verse One] [Ryu]:\nThey told me dumb it down\nThe song is too underground\nThey wanted some other style\nOr something with southern bounce\nBut this is southern Cal, sucker we rocking L.A\nSo we don't 'Walk It Out' unless you get shot in the leg\nI tried to keep it simple and maybe create a dance\nI need a single and I gotta repay the advance\nSo get stupider, pockets are getting poofier\nShooting up the chart and won't stop when it hits Jupiter\nDamn, if you don't want your band's stock to plummet\nYou need a hook so catchy your dog spot can hum it\nSo understand it's a game, but you gotta get paid\nSo if life is handing me lemons I'mma make a meringue\nI let it rain\nHot Chicken Noodle Soup in your seeds\nMake you chew on some Laffy Taffy till you ruin your teeth\nAny musical feat's possible if you want a hit\nJust grab an 808 kit and dumb it down a little bit\n\n[Hook] [Apathy]:\nI dumb it d-d-d-down, d-d-d down down\nI dumb it d-d-d-down, d-d-d down down\nI dumb it d-d-d-down, d-d-d down down\nI dumb it d-d-d-down, d-d-d down get down\nNow\nGet stupider, get g-g-get stupider\nGet stupider, get g-g-get stupider\nGet stupider, get g-g-get stupider\nGet stupider, get g-g-get stupider\n\n[Verse Two] [Ryu]:\nYeah, I dumb it down but I'm sticking to the truth\nAnd I don't mean no soda with no Chicken Noodle Soup\nSee people are a medium, marshmallowed up\nListen to the stereo inside a small yellow bus\nAnd now they going mad with some crazy type of\nTrend where grown men rap in baby diapers\nAnd I could care less who distributes the coke now\nI got more respect for all the members in O-Town\nYou dig it?\nCause now the streets can tell\nSo stop picking all your lyrics out your Speak N Spell\nNow you in the top 10 but who writes it sucks?\nTry picking up a pen in your life for once\nBut what?\nIt's too hot, puffing kush in the Rover\nHe should be on the block getting pushed in a stroller\nLooks like they need a hit for the year so here's one\nJust a little something for the preschool eardrums\n\n[Hook] [Apathy]:\nI dumb it d-d-d-down, d-d-d down down\nI dumb it d-d-d-down, d-d-d down down\nI dumb it d-d-d-down, d-d-d down down\nI dumb it d-d-d-down, d-d-d down get down\nNow\nGet stupider, get g-g-get stupider\nGet stupider, get g-g-get stupider\nGet stupider, get g-g-get stupider\nGet stupider, get g-g-get stupider\n\nI dumb it down for ya\nI dumb it down\nI dumb it down for ya\nI dumb it down\nI dumb it down for ya\nI dumb it down\nI dumb it down for ya\nI dumb it down\n\nGet stupider, get g-g-get stupider\nGet stupider, get g-g-get stupider\nGet stupider, get g-g-get stupider\nGet stupider, get g-g-get stupider\n\n[Hook] [Apathy]:\nI dumb it d-d-d-down, d-d-d down down\nI dumb it d-d-d-down, d-d-d down down\nI dumb it d-d-d-down, d-d-d down down\nI dumb it d-d-d-down, d-d-d down get down\nI dumb it d-d-d-down, d-d-d down down\nI dumb it d-d-d-down, d-d-d down down\nI dumb it d-d-d-down, d-d-d down down\nI dumb it d-d-d-down, d-d-d down get down\n\n\"Get stupid\"\n\n\n\n\n  ", 
        "pro": {
            "features": [
                "Apathy"
            ], 
            "producers": [
                "Apathy"
            ], 
            "blocks": {
                "verses": [
                    {
                        "header": "[Verse One] [Ryu]", 
                        "text hash": "e1c96b2aa0cab6c323e7a19d92b350da", 
                        "artist": "Styles of Beyond", 
                        "text": ":\nThey told me dumb it down\nThe song is too underground\nThey wanted some other style\nOr something with southern bounce\nBut this is southern Cal, sucker we rocking L.A\nSo we don't 'Walk It Out' unless you get shot in the leg\nI tried to keep it simple and maybe create a dance\nI need a single and I gotta repay the advance\nSo get stupider, pockets are getting poofier\nShooting up the chart and won't stop when it hits Jupiter\nDamn, if you don't want your band's stock to plummet\nYou need a hook so catchy your dog spot can hum it\nSo understand it's a game, but you gotta get paid\nSo if life is handing me lemons I'mma make a meringue\nI let it rain\nHot Chicken Noodle Soup in your seeds\nMake you chew on some Laffy Taffy till you ruin your teeth\nAny musical feat's possible if you want a hit\nJust grab an 808 kit and dumb it down a little bit"
                    }, 
                    {
                        "header": "[Verse Two] [Ryu]", 
                        "text hash": "fbb3d430f648408d5d69b69c82102196", 
                        "artist": "Styles of Beyond", 
                        "text": ":\nYeah, I dumb it down but I'm sticking to the truth\nAnd I don't mean no soda with no Chicken Noodle Soup\nSee people are a medium, marshmallowed up\nListen to the stereo inside a small yellow bus\nAnd now they going mad with some crazy type of\nTrend where grown men rap in baby diapers\nAnd I could care less who distributes the coke now\nI got more respect for all the members in O-Town\nYou dig it?\nCause now the streets can tell\nSo stop picking all your lyrics out your Speak N Spell\nNow you in the top 10 but who writes it sucks?\nTry picking up a pen in your life for once\nBut what?\nIt's too hot, puffing kush in the Rover\nHe should be on the block getting pushed in a stroller\nLooks like they need a hit for the year so here's one\nJust a little something for the preschool eardrums"
                    }
                ], 
                "hooks": [
                    {
                        "header": "[Hook] [Apathy]", 
                        "text hash": "47557d67f71588a2c6fb481cb3f3286b", 
                        "artist": "Apathy", 
                        "text": ":\nI dumb it d-d-d-down, d-d-d down down\nI dumb it d-d-d-down, d-d-d down down\nI dumb it d-d-d-down, d-d-d down down\nI dumb it d-d-d-down, d-d-d down get down\nNow\nGet stupider, get g-g-get stupider\nGet stupider, get g-g-get stupider\nGet stupider, get g-g-get stupider\nGet stupider, get g-g-get stupider"
                    }, 
                    {
                        "header": "[Hook] [Apathy]", 
                        "text hash": "2ada048bfc5035860197309033e260d4", 
                        "artist": "Apathy", 
                        "text": ":\nI dumb it d-d-d-down, d-d-d down down\nI dumb it d-d-d-down, d-d-d down down\nI dumb it d-d-d-down, d-d-d down down\nI dumb it d-d-d-down, d-d-d down get down\nNow\nGet stupider, get g-g-get stupider\nGet stupider, get g-g-get stupider\nGet stupider, get g-g-get stupider\nGet stupider, get g-g-get stupider\n\nI dumb it down for ya\nI dumb it down\nI dumb it down for ya\nI dumb it down\nI dumb it down for ya\nI dumb it down\nI dumb it down for ya\nI dumb it down\n\nGet stupider, get g-g-get stupider\nGet stupider, get g-g-get stupider\nGet stupider, get g-g-get stupider\nGet stupider, get g-g-get stupider"
                    }, 
                    {
                        "header": "[Hook] [Apathy]", 
                        "text hash": "5ffba524298213ea94f06fb870447c1e", 
                        "artist": "Apathy", 
                        "text": ":\nI dumb it d-d-d-down, d-d-d down down\nI dumb it d-d-d-down, d-d-d down down\nI dumb it d-d-d-down, d-d-d down down\nI dumb it d-d-d-down, d-d-d down get down\nI dumb it d-d-d-down, d-d-d down down\nI dumb it d-d-d-down, d-d-d down down\nI dumb it d-d-d-down, d-d-d down down\nI dumb it d-d-d-down, d-d-d down get down\n\n\"Get stupid\"\n\n\n\n\n  "
                    }
                ]
            }, 
            "order": [], 
            "artist": "Styles of Beyond"
        }
    },
    "Dunky Fividends": {
        "raw": "\n    \n  [Intro]:\n[Man]:Lasagna\n[Woman]: What's up?\n[M]: Why you gotta tell Sophie D everything about us?\n[W]: Because, I just needed somebody to talk to\n[M]: But you tryin' to make it seem like I started it dummy\n[W]: I just told the story the way it went\n[M]: Lasagna\n[W]: What?!\n[M]: Look, since you seem to be forgettin', I'mma tell you how it started from the beginning\n[W]: Whatever\n\n[Verse One] [Ryu]:\nCruisin' down the ave with my homeboy Tak\nSippin' on a tall can, layin' low from the cops\nThe greatest man alive is cold rollin' my G\nDown Reseda like a G when I saw this fresh fly freak\nHold up, I can't go out like a bitch\nAyo, I had to conjure up a cool way to spit\nThey call me Ryu\nThe overlord of pimps\nSo put away the sidekick bitch, hop in the backseat\nMy confidence\nCame through in the clutch\nShe started to blush\nAnd right then I knew I could fuck\nCalled the next morning and said, \"What do it be?\"\nI'mma go and get drunk with Vin Skully and Cheap\nShe said, \"Peace\"\nSo I went and got the slimmy\nAnd as soon as she walked in the door she ordered Henny\nI was like, \"Cool\", I ain't payin' so forget it\nBetter hope that the Scotland Yard accepts debit\nBut after a couple hours gettin' drunk with my friends\nShe did the dummy move\nStarted askin' for my dividends\n\n[Verse Two] [Tak]:\nYo\nCome around the corner lookin' funky fresh\nThis dude Jack Daniels got my mind in a mess\nStraight trippin'\nCause I don't like Miller Lite\nI kindly threw it to the side and said, \"Yo, take a hike.\"\nCause I don't need to hurl\nToo many problems when you hurl\nI boo boo on your head with your jheri curl\nThey gave me Heineken and Michelob, I said \"No way\nYo son, what do you think this is Sober Man's Day?\"\nPeople start buggin' off the beer on tap dummy\nYou know the time, so don't get funny with my money\nI refuse to abuse my cravings and loans\nSo I hit up my friends, snatch my roller blades and I'm gone\nNow I said it once before and I'mma say it again\nBest believe I won't be spendin' no dividends\n\n[Interlude]:\n[Man]: Lasagna. Um, don't you think it's about time you go get me some money?\n[Woman]: What?! When I was with Apathy I had it all. Mood rings, squirrel furs, Lane Bryant...milk. I thought the Demigodz were different. You ain't givin' me nothin'!\n\n[Verse Three] [Apathy]:\nIt's a shame now a days you got to stay paid\nIt ain't like back in the day when you could get laid\nJust chillin' with a bitch even when her mom's home\nIn the bedroom, secretly gettin' some dome\nBut this MySpace generation, got 'em all confident\nInstead of one, they gettin' 10,000 compliments\nIt's bound to kill you when you read what they write\nGot 'em thinkin' that they're models on this fuckin' website\nEvery trendy new style, she always gotta rock it\nLike a pimp, even extract the lint from your pocket\nAnd when you try to fuck all her friends cock block it\nYou really want to pop it but her girlfriends spot it\nMaterial hoes, parents probably bought her a Benz\nNever driven, given a million dividends\n\n[Outro]:\n[Woman]: Why you lookin' at me like that?\n[Man]: How you know I'm lookin' at you unless you lookin' at me? Fix your face bitch\n[W]: Ughh!\n[M]: Ughh is right. Whoever smelt it dealt it\n[W]: Fuck you\n[M]: You better light a vanilla candle. You no drink buyin', .39 cent taco eatin', 200 pound strip aerobic teachin', XXL rasta Bart Simpson shirt rockin', no cat box cleanin' skeezer\n[W]: Oh no you didn't you House Of Pain impersonatin', cubic zirconian, Machine Shop wearin', Pabst Blue Ribbon drinkin', can't hold a job cause you smoke to much cigarettes, deadbeat motherfucker\n[M]: Yeah, aiight\n[W]: Oh yeah and your momma got two wings on her left nipple\n[M]: So...is cake on the Atkins Diet? I didn't think so. I'm out\n\n\n\n\n  ", 
        "pro": {
            "features": [
                "Apathy"
            ], 
            "producers": [
                "Apathy"
            ], 
            "blocks": {
                "verses": [
                    {
                        "header": "[Verse One] [Ryu]", 
                        "text hash": "4af7d9dfe5a5df15b55a8ff6609aee4c", 
                        "artist": "Styles of Beyond", 
                        "text": ":\nCruisin' down the ave with my homeboy Tak\nSippin' on a tall can, layin' low from the cops\nThe greatest man alive is cold rollin' my G\nDown Reseda like a G when I saw this fresh fly freak\nHold up, I can't go out like a bitch\nAyo, I had to conjure up a cool way to spit\nThey call me Ryu\nThe overlord of pimps\nSo put away the sidekick bitch, hop in the backseat\nMy confidence\nCame through in the clutch\nShe started to blush\nAnd right then I knew I could fuck\nCalled the next morning and said, \"What do it be?\"\nI'mma go and get drunk with Vin Skully and Cheap\nShe said, \"Peace\"\nSo I went and got the slimmy\nAnd as soon as she walked in the door she ordered Henny\nI was like, \"Cool\", I ain't payin' so forget it\nBetter hope that the Scotland Yard accepts debit\nBut after a couple hours gettin' drunk with my friends\nShe did the dummy move\nStarted askin' for my dividends"
                    }, 
                    {
                        "header": "[Verse Two] [Tak]", 
                        "text hash": "c5b14b7c71c1de8320cbe8d718664125", 
                        "artist": "Styles of Beyond", 
                        "text": ":\nYo\nCome around the corner lookin' funky fresh\nThis dude Jack Daniels got my mind in a mess\nStraight trippin'\nCause I don't like Miller Lite\nI kindly threw it to the side and said, \"Yo, take a hike.\"\nCause I don't need to hurl\nToo many problems when you hurl\nI boo boo on your head with your jheri curl\nThey gave me Heineken and Michelob, I said \"No way\nYo son, what do you think this is Sober Man's Day?\"\nPeople start buggin' off the beer on tap dummy\nYou know the time, so don't get funny with my money\nI refuse to abuse my cravings and loans\nSo I hit up my friends, snatch my roller blades and I'm gone\nNow I said it once before and I'mma say it again\nBest believe I won't be spendin' no dividends"
                    }, 
                    {
                        "header": "[Verse Three] [Apathy]", 
                        "text hash": "bd14106c9c45787b32bb92b0efe80264", 
                        "artist": "Apathy", 
                        "text": ":\nIt's a shame now a days you got to stay paid\nIt ain't like back in the day when you could get laid\nJust chillin' with a bitch even when her mom's home\nIn the bedroom, secretly gettin' some dome\nBut this MySpace generation, got 'em all confident\nInstead of one, they gettin' 10,000 compliments\nIt's bound to kill you when you read what they write\nGot 'em thinkin' that they're models on this fuckin' website\nEvery trendy new style, she always gotta rock it\nLike a pimp, even extract the lint from your pocket\nAnd when you try to fuck all her friends cock block it\nYou really want to pop it but her girlfriends spot it\nMaterial hoes, parents probably bought her a Benz\nNever driven, given a million dividends"
                    }
                ], 
                "hooks": [], 
                "remainders": [
                    {
                        "header": "[Woman]", 
                        "text hash": "ba6e056623bc0b07fa8673244f5b9781", 
                        "artist": "Styles of Beyond", 
                        "text": ": What's up?"
                    }, 
                    {
                        "header": "[Woman]", 
                        "text hash": "7936637fe94a1bb45939bd5a668c6e6a", 
                        "artist": "Styles of Beyond", 
                        "text": ": What?! When I was with Apathy I had it all. Mood rings, squirrel furs, Lane Bryant...milk. I thought the Demigodz were different. You ain't givin' me nothin'!"
                    }, 
                    {
                        "header": "[Woman]", 
                        "text hash": "da2898f75863018bc3183a8972f1cdd4", 
                        "artist": "Styles of Beyond", 
                        "text": ": Why you lookin' at me like that?"
                    }
                ]
            }, 
            "order": [], 
            "artist": "Styles of Beyond"
        }
    },
    "Playing With Fire": {
        "raw": "\n    \n  [Verse 1: Tak]\nStand back, put the picture my frame\nThe handcraft of a master, the flicker, the flame\nThat sell three madman Megadef LP\nMonster mash, prop for what? From S.O.B\nChop the Honeycomb...what would I be without wax?\nJust another empty battery shell in the pack\nString on the puppet, laughin', claimin' I'm all of that\nWhen I know in fact, everything you claim is all crap\n\n[Verse 2: Ryu]\nYo, got the fuse lit, keepin' it movin', so\nFreakin' abusive, people are pukin', so\nSick of the music, suckin' the fumes in\nSo don't get it confused, I'm not you, stupid\nHundred-proof booze in the back, all tipsy\nBring two clips, I'm clappin' all sixty\nSwing through quick and bust if one's empty\nYour chances of leavin' the club: fifty/fifty\n\n[Verse 3: Apathy]\nWanna fuck around with Hell's recruits?\nI'll stomp Satan in his face 'till it melts my boots\nI'll use the sun for my throne, universe as my home\nAnd your skull as a crown to adorn my dome\nWatch porn with your girl, slip a mickey in her Beck's\nPut a hickey on her neck, then the titties I caress\nUnder match of icky sex, I'm the one the chickies sweat\nMake 'em suck it 'till their jaw's fucked up like 50 Cent's\nMost of you faggots stay postin' that jacked shit\nBut when we retaliate, it's never some rap shit\nSwing on your mandible and bring out mechanical\nDevices that splices flesh from the intangible\nI spark fire like electrical shocks\nAnd ready the Glocks, to clash with Connecticut cops\nYou're on some Brad Pitt shit, so you better go watch\nThe movie Seven, cause you'll find your wife's head in a box\n\n[Verse 4: Tak]\nRush you bustas, get touched with nunchucks\nYou tough tough, askin' to really get fucked up\nWho cares what you been through? I'm goin' against you, so\nSharpen your skills while I sharpen my Ginsu\nGas and ashes, and medical kits, but see\nThat's what happens when chemicals mix\nThe birth of a strange creature, umbilical split\nBut for now, the main feature, you said it was sick\n\n[Verse 5: Celph Titled]\nThe word on the streets is that I'm hellbound, cause I bully Christians\nBut I stay up in the armory, developin' pulley systems\nFor launchin' grenades strategically, onstage with heaters illegally\nGot the sound man shook at my vocal frequency\nBack at the crib, bitch better strap on a bib\nCause when I'm bustin' off, it's drippin' off the tip of her chin\nChickens and hens, you know I keep 'em bendin' over for me\nWith my chef hat, stuffin' poultry on the upholstery\nCelph Titled's known as a gangsta to some\nI got the powers of the godz, acclimated to one\nAll these young cats with Glocks, tryin' to clear the floor\nI'm old school, when I'm pullin' out my Fearless Four\nHear the sound of the clap? Bury your face\nCause the mag that I pack needs a carryin' case\nI'm not from the Aryan race, but I'll still persecute you\nRide around in the trunk with a little hole to shoot through\n\n[Verse 6: Ryu]\nI'm \"Word Perfect,\" back in the circuit\nBeen...top ten since you were snatchin' purses\nGolf club thug, a nickel and dime hustler\nAll them mob flicks are makin' you rhyme tougher\nWhen the nine clicks, you freeze\nTwo sick emcees, get cool quick when I'm shootin' the breeze\nWho's this? Ryu and Tak, with Ap and Celph\nSpittin' heat 'till the plastic melt, watch it\n\n[Outro: Tak]\nClaim you wanna stay, but you have to go\nGrab the gun powder, blast the calico\nTime to saddle up, this ain't a talent show\nYou wanna battle what? Bullets that travel slow\n\n[Outro 2: Ryu]\nTalk, but keep steppin'\nDiscrete, false perception\nTalk, but keep steppin'\nSpark with heat weapons\n\n\n\n\n  ", 
        "pro": {
            "features": [
                "Apathy", 
                "Celph Titled"
            ], 
            "producers": [
                "2-Tone", 
                "DJ Cheapshot", 
                "Vin Skully"
            ], 
            "blocks": {
                "verses": [
                    {
                        "header": "[Verse 1: Tak]", 
                        "text hash": "c9b4d3fc1e993848bd4b311d4fca9b85", 
                        "artist": "Tak", 
                        "text": "Stand back, put the picture my frame\nThe handcraft of a master, the flicker, the flame\nThat sell three madman Megadef LP\nMonster mash, prop for what? From S.O.B\nChop the Honeycomb...what would I be without wax?\nJust another empty battery shell in the pack\nString on the puppet, laughin', claimin' I'm all of that\nWhen I know in fact, everything you claim is all crap"
                    }, 
                    {
                        "header": "[Verse 2: Ryu]", 
                        "text hash": "37f28ed933ff30c0cd1f38199368fd63", 
                        "artist": "Ryu", 
                        "text": "Yo, got the fuse lit, keepin' it movin', so\nFreakin' abusive, people are pukin', so\nSick of the music, suckin' the fumes in\nSo don't get it confused, I'm not you, stupid\nHundred-proof booze in the back, all tipsy\nBring two clips, I'm clappin' all sixty\nSwing through quick and bust if one's empty\nYour chances of leavin' the club: fifty/fifty"
                    }, 
                    {
                        "header": "[Verse 3: Apathy]", 
                        "text hash": "e6ac8b0524576c6928538b77b677acc0", 
                        "artist": "Apathy", 
                        "text": "Wanna fuck around with Hell's recruits?\nI'll stomp Satan in his face 'till it melts my boots\nI'll use the sun for my throne, universe as my home\nAnd your skull as a crown to adorn my dome\nWatch porn with your girl, slip a mickey in her Beck's\nPut a hickey on her neck, then the titties I caress\nUnder match of icky sex, I'm the one the chickies sweat\nMake 'em suck it 'till their jaw's fucked up like 50 Cent's\nMost of you faggots stay postin' that jacked shit\nBut when we retaliate, it's never some rap shit\nSwing on your mandible and bring out mechanical\nDevices that splices flesh from the intangible\nI spark fire like electrical shocks\nAnd ready the Glocks, to clash with Connecticut cops\nYou're on some Brad Pitt shit, so you better go watch\nThe movie Seven, cause you'll find your wife's head in a box"
                    }, 
                    {
                        "header": "[Verse 4: Tak]", 
                        "text hash": "371fc66feee3e8b93145f8461420c5c1", 
                        "artist": "Tak", 
                        "text": "Rush you bustas, get touched with nunchucks\nYou tough tough, askin' to really get fucked up\nWho cares what you been through? I'm goin' against you, so\nSharpen your skills while I sharpen my Ginsu\nGas and ashes, and medical kits, but see\nThat's what happens when chemicals mix\nThe birth of a strange creature, umbilical split\nBut for now, the main feature, you said it was sick"
                    }, 
                    {
                        "header": "[Verse 5: Celph Titled]", 
                        "text hash": "69b13b1cf71a99cc0605c9d77f9465e8", 
                        "artist": "Celph Titled", 
                        "text": "The word on the streets is that I'm hellbound, cause I bully Christians\nBut I stay up in the armory, developin' pulley systems\nFor launchin' grenades strategically, onstage with heaters illegally\nGot the sound man shook at my vocal frequency\nBack at the crib, bitch better strap on a bib\nCause when I'm bustin' off, it's drippin' off the tip of her chin\nChickens and hens, you know I keep 'em bendin' over for me\nWith my chef hat, stuffin' poultry on the upholstery\nCelph Titled's known as a gangsta to some\nI got the powers of the godz, acclimated to one\nAll these young cats with Glocks, tryin' to clear the floor\nI'm old school, when I'm pullin' out my Fearless Four\nHear the sound of the clap? Bury your face\nCause the mag that I pack needs a carryin' case\nI'm not from the Aryan race, but I'll still persecute you\nRide around in the trunk with a little hole to shoot through"
                    }, 
                    {
                        "header": "[Verse 6: Ryu]", 
                        "text hash": "f7bf93b9dbc4bf0ff558829755c8e43e", 
                        "artist": "Ryu", 
                        "text": "I'm \"Word Perfect,\" back in the circuit\nBeen...top ten since you were snatchin' purses\nGolf club thug, a nickel and dime hustler\nAll them mob flicks are makin' you rhyme tougher\nWhen the nine clicks, you freeze\nTwo sick emcees, get cool quick when I'm shootin' the breeze\nWho's this? Ryu and Tak, with Ap and Celph\nSpittin' heat 'till the plastic melt, watch it"
                    }
                ], 
                "hooks": [], 
                "remainders": [
                    {
                        "header": "[Outro: Tak]", 
                        "text hash": "737bd3ab486988cd8056a89fe3c5c8bc", 
                        "artist": "Tak", 
                        "text": "Claim you wanna stay, but you have to go\nGrab the gun powder, blast the calico\nTime to saddle up, this ain't a talent show\nYou wanna battle what? Bullets that travel slow"
                    }, 
                    {
                        "header": "[Outro 2: Ryu]", 
                        "text hash": "f46be562d9e4f668aa8527f1e1de89fb", 
                        "artist": "Ryu", 
                        "text": "Talk, but keep steppin'\nDiscrete, false perception\nTalk, but keep steppin'\nSpark with heat weapons\n\n\n\n\n  "
                    }
                ]
            }, 
            "order": [
                "[Verse 1: Tak]", 
                "[Verse 2: Ryu]", 
                "[Verse 3: Apathy]", 
                "[Verse 4: Tak]", 
                "[Verse 5: Celph Titled]", 
                "[Verse 6: Ryu]", 
                "[Outro: Tak]", 
                "[Outro 2: Ryu]"
            ], 
            "artist": "Styles of Beyond"
        }
    },
    "Savin' L.A.": {
        "raw": "\n    \n  [Intro]\nL.A., L.A. that's where I stay\nAnd I ride of them thangs like everyday\nTotally awesome okay?\nAnd if you don't believe me come around my way\nStanding on this mountain, lookin' over L.A., at the break of day\nOut of Cali with a bang bitch, fuckin' insane bitch\nThe man's savin' L.A\nRyu on 'Can't Leave Rap Alone'\nL.A. Savin' L.A\nOut of Cali with a bang bitch, fuckin' insane bitch\n\n[Verse 1: Ryu]\nYo, the man's savin' L.A\nI rock the California State flag over my face\n818 takin' over, gotta notice the flow brah\nI caught a little break with Shinoda and Hova\nPut out the mixtape with Green Lantern with smash hits\nThe song I did with Juelz Santana was bat shit\nFact is, I'm nasty\nIn need of a sponge bath\nI make you make a face like you sniffin' a skunk's ass\nMash out\nMotherfuckers better know the program pronto\nI'll kill your boss soft, make your capo, compost\nDudes, wanna fuck around?\nFine, I'm chillin'\nYou may have a couple nines, but I got a few kagillion\nIt's sad lavish\nAfter mathematics\nUh\nIn the home of fine wine and cash addicts\nYou want static, you can handle it simple\nA couple batteries and jumper cables hooked to your nipples\nI'm from\n\n[Hook]\nL.A., L.A., that's where I stay\nAnd we ride of them things like everyday\n\"L.A.\"\nTotally awesome okay\nSo if you don't believe me come around my way\nAround my way\n\"Out of Cali with a bang bitch, fuckin' insane bitch\nThe man's savin' L.A.\" - Ryu on 'Can't Leave Rap Alone'\nSo watch what you say\n\"Savin' L.A.\"\nI'm here to say the day\n\"Out of Cali with a bang bitch, fuckin' insane bitch\"\n\"I get it baby\" - Masta Ace - 'Born To Roll'\n\n[Verse 2: Bishop Lamont]\nIs it...L.A. or is it Entourage?\nActors actin' like gangstas, rappers wrapped up in facades\nStuck up models and broads, stuck on Hollywood's mirage\nStickin' fingers down they throats tryin' to keep a model's size\nSunshine\nThis is where the ballers live\nBut hit my side of town, this is where they'll rob you quick\nCarson, Cali\nYou can take the 110 to the 91 East and hop off on Wilmington\nCompton's next door\nLong Beach on the other side\nHarbor City San Pedro\nExtra five minute ride\nPeace to my Mexicans, Samoans, Cambodians, Asians\nEven a few white boys in the hood hayin'\nBlowin' kush, ridin' Chargers and Harleys\nDo we got love for the police?\nNaw, not hardly\nThis the west coast, more than low-lows and gang bangin'\nMy city got the whole world imitatin'\n\n[Hook]\n\n[Verse 3: Tak]\nRollin' through Laurel Canyon and my home in Los Angeles\nListenin' to this song I did before I was on the cannibis\nMake a right off of Crescent Heights and blockin' up my speed\nCause Cheapshot's spinnin' right on top of the Roxy\nYep yep phenomenal\nTak done got a street buzz\nShots in the abdominal, rendez-vous at The Key Club\nOnce I get a cutie I would like to spoon\nI move her right across the street into The Viper Room\nSheeeit\nThey know my face in over half of the globe\nThat's why I'm still up in the place drinkin' after they close\nOnce I got a little itch for some bucks to spend\nI take a trip to Los Feliz, hit The Rustic Inn\nYeah and I ain't quittin', I'm sippin' on hell's fire\nOnce the mission is finished we dippin' to Mel's Diner\nCheck my wristwatch it's a quarter to five\nAnd hit the last pit stop baby right off of Highland\nIn...\n\n[Hook]\n\n\n\n\n  ", 
        "pro": {
            "features": [
                "Bishop Lamont"
            ], 
            "producers": [
                "Apathy"
            ], 
            "blocks": {
                "verses": [
                    {
                        "header": "[Verse 1: Ryu]", 
                        "text hash": "31d2146e63145e084e69500d3b794f58", 
                        "artist": "Ryu", 
                        "text": "Yo, the man's savin' L.A\nI rock the California State flag over my face\n818 takin' over, gotta notice the flow brah\nI caught a little break with Shinoda and Hova\nPut out the mixtape with Green Lantern with smash hits\nThe song I did with Juelz Santana was bat shit\nFact is, I'm nasty\nIn need of a sponge bath\nI make you make a face like you sniffin' a skunk's ass\nMash out\nMotherfuckers better know the program pronto\nI'll kill your boss soft, make your capo, compost\nDudes, wanna fuck around?\nFine, I'm chillin'\nYou may have a couple nines, but I got a few kagillion\nIt's sad lavish\nAfter mathematics\nUh\nIn the home of fine wine and cash addicts\nYou want static, you can handle it simple\nA couple batteries and jumper cables hooked to your nipples\nI'm from"
                    }, 
                    {
                        "header": "[Verse 2: Bishop Lamont]", 
                        "text hash": "598627e8baed1d78be0179d201a8d481", 
                        "artist": "Bishop Lamont", 
                        "text": "Is it...L.A. or is it Entourage?\nActors actin' like gangstas, rappers wrapped up in facades\nStuck up models and broads, stuck on Hollywood's mirage\nStickin' fingers down they throats tryin' to keep a model's size\nSunshine\nThis is where the ballers live\nBut hit my side of town, this is where they'll rob you quick\nCarson, Cali\nYou can take the 110 to the 91 East and hop off on Wilmington\nCompton's next door\nLong Beach on the other side\nHarbor City San Pedro\nExtra five minute ride\nPeace to my Mexicans, Samoans, Cambodians, Asians\nEven a few white boys in the hood hayin'\nBlowin' kush, ridin' Chargers and Harleys\nDo we got love for the police?\nNaw, not hardly\nThis the west coast, more than low-lows and gang bangin'\nMy city got the whole world imitatin'"
                    }, 
                    {
                        "header": "[Verse 3: Tak]", 
                        "text hash": "21333ad969137c3ccb1241222cf9e4d5", 
                        "artist": "Tak", 
                        "text": "Rollin' through Laurel Canyon and my home in Los Angeles\nListenin' to this song I did before I was on the cannibis\nMake a right off of Crescent Heights and blockin' up my speed\nCause Cheapshot's spinnin' right on top of the Roxy\nYep yep phenomenal\nTak done got a street buzz\nShots in the abdominal, rendez-vous at The Key Club\nOnce I get a cutie I would like to spoon\nI move her right across the street into The Viper Room\nSheeeit\nThey know my face in over half of the globe\nThat's why I'm still up in the place drinkin' after they close\nOnce I got a little itch for some bucks to spend\nI take a trip to Los Feliz, hit The Rustic Inn\nYeah and I ain't quittin', I'm sippin' on hell's fire\nOnce the mission is finished we dippin' to Mel's Diner\nCheck my wristwatch it's a quarter to five\nAnd hit the last pit stop baby right off of Highland\nIn..."
                    }
                ], 
                "hooks": [
                    {
                        "header": "[Hook]", 
                        "text hash": "7ec5efbee4aebe4f4c37d0b8f7176e51", 
                        "artist": "Styles of Beyond", 
                        "text": "L.A., L.A., that's where I stay\nAnd we ride of them things like everyday\n\"L.A.\"\nTotally awesome okay\nSo if you don't believe me come around my way\nAround my way\n\"Out of Cali with a bang bitch, fuckin' insane bitch\nThe man's savin' L.A.\" - Ryu on 'Can't Leave Rap Alone'\nSo watch what you say\n\"Savin' L.A.\"\nI'm here to say the day\n\"Out of Cali with a bang bitch, fuckin' insane bitch\"\n\"I get it baby\" - Masta Ace - 'Born To Roll'"
                    }
                ], 
                "intro": [
                    {
                        "header": "[Intro]", 
                        "text hash": "af2687829d60373215a53c51754f1155", 
                        "artist": "Styles of Beyond", 
                        "text": "L.A., L.A. that's where I stay\nAnd I ride of them thangs like everyday\nTotally awesome okay?\nAnd if you don't believe me come around my way\nStanding on this mountain, lookin' over L.A., at the break of day\nOut of Cali with a bang bitch, fuckin' insane bitch\nThe man's savin' L.A\nRyu on 'Can't Leave Rap Alone'\nL.A. Savin' L.A\nOut of Cali with a bang bitch, fuckin' insane bitch"
                    }
                ]
            }, 
            "order": [
                "[Intro]", 
                "[Verse 1: Ryu]", 
                "[Hook]", 
                "[Verse 2: Bishop Lamont]", 
                "[Hook]", 
                "[Verse 3: Tak]", 
                "[Hook]"
            ], 
            "artist": "Styles of Beyond"
        }
    },
    "Live at the BBQ": {
        "raw": "\n    \n  [Apathy]\nAp ain't merciful\nShoot up your convertible\nLay your body flat while your soul goes vertical\nVersatile, impossible to pigeon hole\nGettin' doe, spittin' flows\nFrom complex text to pimpin' hoes\nThat's why your girlfriend feel me man\nIt's alarmin' how charmin' I really am\nGot a Glock that'll Rock like a Band\nSo this gun in my right hand is named Steely Dan\nSteal the show, steal hoes, steal your fans\nSteal my flow?\nWe'll hang you from ceiling fans\nYour little ho tryin' to front like she's hard to get off?\nTell that finger lickin' chicken bring the barbecue sauce\n\n[Motive]\nAyo I stay clean Rake Doe, lay low with a full clip\nMy yayo fiends on payroll get smacked over bullshit\nMotive, notice I never fall victim to no one\nThe truth that'll fuck tracks in the booth with a Trojan\nRespect due cause whole crew, is professionals\nQuickly show a nigga what a knife in the chest will do\nWhile y'all front, still spittin' the same\nThe only time y'all kill somethin' is on a video game\nCause any beef we're gonna ride at all cost\nHave you shot in your cars\nHave you sittin' +Sideways+ like Paul Wall\nChopped and Screwed up, cause you niggas do suck\nThat's why your girls chained to our sticks like nunchucks\n\n[Ryu]\nYou got a death wish I'm the Fresh Prince of tech clips\nYou gotta respect it\nThe west died I came in\nResurrected the west side like Game did\nYou ain't shit\nI came with a gang that's brain dead\nAnd walk around talkin' to they selves like Rain Man\nMy game plan is thick\nYour dames on my dick\nAll my girlfriends got name tags that all say \"Bitch\"\nY'all can't really spit\nRip tracks, I spit crack\nClick chrome and finish off cliques like six packs\nS.O.B./be the first sucker to mouth off\nI call Celph up tell him to bring me the cow prod\nAnd that's all\n(AND THAT'S ALL!)\n\n[Celph Titled]\nDon't ask me for nothin'\nAsk me for somethin'\nMega-Ton bombs strapped to my chest\nDon't even ask if I'm buggin'\nWarlord from the dark star\nAll my dogs bark paw\nTalk hard and get hit by a parked car\nSwimmin' where the sharks are\nYes I'm one guy\nThat won't speak when I'm holdin' heat cause I'm gun shy\nYou're damn right that I'm a studio gangster\nBring the Mac-11 to your mix down and shoot the place up\nYour bitch get face fucked\nBustin' on her Clairol\nDeep throatin' so far she coughin' up hairballs\nDisregard the law\nFuck a gun ban\nI got a group of musicians with AKs that's my gun band\n\nChorus:\nSee it's like that y'all (that y'all)\nThat y'all (that y'all) [x6]\nAnd that's all!\n\n[Tak]\nYou know me homie I'm a tax a million cats\nTill they can't rap\nGet the cash that feelin' 'em yeah\nThey call him Tak with a glass of Guinness\nTo rock city blocks\nAnd bringin' 'em +Back To The Grill+ again\nThe Demi-G.O.D.s\nWe take 'em a little higher\nThan California bud when we smoke trees\nTryin' to walk is like Calypso with broke knees\nWith half of your body slain with your brain in your goatee\nOww, that's on S.O.B\nPlus I carry a knife cause I'm a sick dope fiend\nGot 'em panickin', damn it cause the bandit has spoken\nYeah, it don't take much to bust a cantaloupe open\nBitch\n\nChorus\n\n\n\n\n  ", 
        "pro": {
            "features": [
                "Apathy", 
                "Celph Titled", 
                "Motive"
            ], 
            "producers": [
                "DJ Cheapshot", 
                "Vin Skully"
            ], 
            "blocks": {
                "verses": [], 
                "hooks": [], 
                "remainders": [
                    {
                        "header": "[Apathy]", 
                        "text hash": "610dc2b14fff04a70205a8e3501c41ff", 
                        "artist": "Apathy", 
                        "text": "Ap ain't merciful\nShoot up your convertible\nLay your body flat while your soul goes vertical\nVersatile, impossible to pigeon hole\nGettin' doe, spittin' flows\nFrom complex text to pimpin' hoes\nThat's why your girlfriend feel me man\nIt's alarmin' how charmin' I really am\nGot a Glock that'll Rock like a Band\nSo this gun in my right hand is named Steely Dan\nSteal the show, steal hoes, steal your fans\nSteal my flow?\nWe'll hang you from ceiling fans\nYour little ho tryin' to front like she's hard to get off?\nTell that finger lickin' chicken bring the barbecue sauce"
                    }, 
                    {
                        "header": "[Motive]", 
                        "text hash": "f318b331532383ff2a65d5d8c8e0832f", 
                        "artist": "Motive", 
                        "text": "Ayo I stay clean Rake Doe, lay low with a full clip\nMy yayo fiends on payroll get smacked over bullshit\nMotive, notice I never fall victim to no one\nThe truth that'll fuck tracks in the booth with a Trojan\nRespect due cause whole crew, is professionals\nQuickly show a nigga what a knife in the chest will do\nWhile y'all front, still spittin' the same\nThe only time y'all kill somethin' is on a video game\nCause any beef we're gonna ride at all cost\nHave you shot in your cars\nHave you sittin' +Sideways+ like Paul Wall\nChopped and Screwed up, cause you niggas do suck\nThat's why your girls chained to our sticks like nunchucks"
                    }, 
                    {
                        "header": "[Celph Titled]", 
                        "text hash": "08d3f5a746e7f4723fedba39a27449e0", 
                        "artist": "Celph Titled", 
                        "text": "Don't ask me for nothin'\nAsk me for somethin'\nMega-Ton bombs strapped to my chest\nDon't even ask if I'm buggin'\nWarlord from the dark star\nAll my dogs bark paw\nTalk hard and get hit by a parked car\nSwimmin' where the sharks are\nYes I'm one guy\nThat won't speak when I'm holdin' heat cause I'm gun shy\nYou're damn right that I'm a studio gangster\nBring the Mac-11 to your mix down and shoot the place up\nYour bitch get face fucked\nBustin' on her Clairol\nDeep throatin' so far she coughin' up hairballs\nDisregard the law\nFuck a gun ban\nI got a group of musicians with AKs that's my gun band\n\nChorus:\nSee it's like that y'all (that y'all)\nThat y'all (that y'all) [x6]\nAnd that's all!"
                    }
                ]
            }, 
            "order": [
                "[Apathy]", 
                "[Motive]", 
                "[Celph Titled]"
            ], 
            "artist": "Styles of Beyond"
        }
    }
}