{
    "Wake Up Show Anthem 1994": {
        "raw": "\n    \n  [Hook: Lauryn Hill](2X)\nOh-oh-oh I'm coolin' with my niggas on the Wake up Show-oh-oh\nWe kick a little something for the radio-oh-oh\n\n[Verse 1: Nas]\nCheck it, bust it\nTune it up it's the corrupt novelist, Nas\nInvolved in this liveness radio waves\nSlaves thrive inside of this\nWake Up Show flow, hip-hop's alarm clock, the bomb spot\nMellow with ganja, that makes my eyes turn yellow\nSeat reclined on my leather sofa\nHowever close to Na- be I'm Joe Quicks\nKing Tech I could just see 'em on the one and two son\nMy blunted crew pour the rum\n92.3, number one in the slum\nRepresentin' DJ's\nSway's the host, see police the most\nWhat a collaboration see I'm comatose\nNo pork just knowledge and I'm born once more\nIt's the beat that blesses the street deep in the 9-4\n\n[Verse 2: Pharoahe Monch]\nHip-hops last prophet henceforth in excistence\nThe 92.3 megahertz will exert radio waves\nThe slaves for a phenomenal distance\nElectrons appear to slice through jeeps that you can hear some\nSlum that it will chunk consider it will numb your eardrum\nKid, you sleepin' like a Latter Day Saint\nWith Sway & King Tech gon' wake you up on a saturday\n9 to 12 verbal junkies overdose\nAnd Joe Quicks will get you fixed to the mix\nAnd then I'm ghost win\n\n[Verse 3: Prince Poetry]\nIn your sleep I slap you with a lethal doses of medicine\nSo Wake Up with Organizin' the bretherin\nKing Tech, Joe Quiks better than your last fix\nSevering wackness with Sway the host dumps a fat mix\nBaby doll is frontin' so saturday night's open\nHoppin' on the one on one, times scope\nAnd 92.3 degree is chokin' on chocolate\nAnd from thou smokin' Prince Po'\nBlows up from LA to Lobokin and I'm out\n\n[Verse 4: Ras Kass]\nYo it's the Wake Up Show\nMy genetic make up take up\nOne hundred and thirty pounds of beef\nBut my lyrics shake up, like January 17th\nCause all the 16th MC's fossils\nProtect ya neck and wear a bulletproof vest on ya tonsils\nAmateurs bandage ya cornea\nCause you don't wanna see California\nGet C-arson and spittin arsenic\nWith Sway Tech and Joe Quicks on the mix\nSpinal meningitis ain't as stiff as the riff\nOf Ras Kass, styles last like Jason crackers with whips\nCome equipped you're losin' your paraphernalia\nI'm a hip hop apostle\nSing in the gospel like Mehailja, Jackson\nIt's saturday nine until the break of dawn\nPut cocaine on my tongue\nYou got crack now rock on *echo*\n\n[Hook]\n\n[Verse 5: Dred Scott]\nSaturday night get live set it off\nRight swing with my peeps\nKing Tech yo pass the mic and turn her up\nYeahyeahyeah it's peen kablow Dred Scott it's\nNine o clock, time for the Wake Up Show\nTo the breaker you think I'mma say dawn\nBut I say, day, cause it rhymes with Sway\nMy word is bond I'm on the scene\nPlottin out the mainstream doin\nThem right, with Joe Quicks on the mix\nLate in the night so tune in\nCause the crew don't sleep\nBoomin in ya Jeep on 92.3\n\n[Verse 6: Shyheim]\nIt's 9 o'clock PM, 92.3 the Beat begins\nTo rock hip-hop non-stop, you know who got the props\nIn L.A. on saturdays, Tech and Sway no doubt\n\n[Verse 7: ??]\nSet your clocks for the unorthodox hip-hop that drops\nNine to midnight King Tech and Sway yo those kids is tight\nIn the mix with Joe Quicks the verbs spit verses\nWith the purpose of droppin curses like a triple six\nFat snares and dirty kicks to get ya open\nFrom Watts to Oakland it's that raw {shit} that start provokin\nSmokin, word's precise like a laser, cross roads in the Wake Up Show\nWe'll get your party shakin like a pager on silent mode, yeahha\nNine to twelve saturday night fool, peep the episode\n\n[Verse 8: Saafir]\nWake Up, Show, and you can tell\nI'm not spittin it in no muffled style\nNo silent screams just weddings, rings\nTo swings and Sway Techs King, Tech-\n-nique and I'm building in a little agility from Joe Quicks\nHey Jay-Z in the eyes\nIt's seen only on the bottom of water risin\nWe're takin groups\nPut it on 92.3 while your beatin boops, oops\nI mean coops bumpin in to mission on the twine\nSwoop saturday between nine and twelve I'm delvin\nWe're well tuned in to the pattern of the year\nHere on 92.3 times me\nBo junks young ricks are bolders\nThat are only soldiers are connected to Wake Up Show\nYa right\n\n[Hook]\n\n\n\n\n  ", 
        "pro": {
            "features": [
                "Chino XL", 
                "Dred Scott", 
                "King Tech", 
                "Lauryn Hill", 
                "Nas", 
                "Organized Konfusion", 
                "Pharoahe Monch", 
                "Prince Po", 
                "Ras Kass", 
                "Saafir", 
                "Shyheim"
            ], 
            "blocks": {
                "verses": [
                    {
                        "header": "[Verse 1: Nas]", 
                        "text hash": "75ef4f480813bfcd91bb3b53496f736c", 
                        "artist": "Nas", 
                        "text": "Check it, bust it\nTune it up it's the corrupt novelist, Nas\nInvolved in this liveness radio waves\nSlaves thrive inside of this\nWake Up Show flow, hip-hop's alarm clock, the bomb spot\nMellow with ganja, that makes my eyes turn yellow\nSeat reclined on my leather sofa\nHowever close to Na- be I'm Joe Quicks\nKing Tech I could just see 'em on the one and two son\nMy blunted crew pour the rum\n92.3, number one in the slum\nRepresentin' DJ's\nSway's the host, see police the most\nWhat a collaboration see I'm comatose\nNo pork just knowledge and I'm born once more\nIt's the beat that blesses the street deep in the 9-4"
                    }, 
                    {
                        "header": "[Verse 2: Pharoahe Monch]", 
                        "text hash": "dfc2837655bb56e7c3daad8b8da12623", 
                        "artist": "Pharoahe Monch", 
                        "text": "Hip-hops last prophet henceforth in excistence\nThe 92.3 megahertz will exert radio waves\nThe slaves for a phenomenal distance\nElectrons appear to slice through jeeps that you can hear some\nSlum that it will chunk consider it will numb your eardrum\nKid, you sleepin' like a Latter Day Saint\nWith Sway & King Tech gon' wake you up on a saturday\n9 to 12 verbal junkies overdose\nAnd Joe Quicks will get you fixed to the mix\nAnd then I'm ghost win"
                    }, 
                    {
                        "header": "[Verse 3: Prince Poetry]", 
                        "text hash": "a8d0488f72bcde03fd8b4c8facab324d", 
                        "artist": "Prince Po", 
                        "text": "In your sleep I slap you with a lethal doses of medicine\nSo Wake Up with Organizin' the bretherin\nKing Tech, Joe Quiks better than your last fix\nSevering wackness with Sway the host dumps a fat mix\nBaby doll is frontin' so saturday night's open\nHoppin' on the one on one, times scope\nAnd 92.3 degree is chokin' on chocolate\nAnd from thou smokin' Prince Po'\nBlows up from LA to Lobokin and I'm out"
                    }, 
                    {
                        "header": "[Verse 4: Ras Kass]", 
                        "text hash": "2586911d40eda9a80d6d98b097cb3875", 
                        "artist": "Ras Kass", 
                        "text": "Yo it's the Wake Up Show\nMy genetic make up take up\nOne hundred and thirty pounds of beef\nBut my lyrics shake up, like January 17th\nCause all the 16th MC's fossils\nProtect ya neck and wear a bulletproof vest on ya tonsils\nAmateurs bandage ya cornea\nCause you don't wanna see California\nGet C-arson and spittin arsenic\nWith Sway Tech and Joe Quicks on the mix\nSpinal meningitis ain't as stiff as the riff\nOf Ras Kass, styles last like Jason crackers with whips\nCome equipped you're losin' your paraphernalia\nI'm a hip hop apostle\nSing in the gospel like Mehailja, Jackson\nIt's saturday nine until the break of dawn\nPut cocaine on my tongue\nYou got crack now rock on *echo*"
                    }, 
                    {
                        "header": "[Verse 5: Dred Scott]", 
                        "text hash": "702a6a0ba1a50bd04c8b90be6b667104", 
                        "artist": "Dred Scott", 
                        "text": "Saturday night get live set it off\nRight swing with my peeps\nKing Tech yo pass the mic and turn her up\nYeahyeahyeah it's peen kablow Dred Scott it's\nNine o clock, time for the Wake Up Show\nTo the breaker you think I'mma say dawn\nBut I say, day, cause it rhymes with Sway\nMy word is bond I'm on the scene\nPlottin out the mainstream doin\nThem right, with Joe Quicks on the mix\nLate in the night so tune in\nCause the crew don't sleep\nBoomin in ya Jeep on 92.3"
                    }, 
                    {
                        "header": "[Verse 6: Shyheim]", 
                        "text hash": "d34a23c23fbc2ff3ad506eac7f586659", 
                        "artist": "Shyheim", 
                        "text": "It's 9 o'clock PM, 92.3 the Beat begins\nTo rock hip-hop non-stop, you know who got the props\nIn L.A. on saturdays, Tech and Sway no doubt"
                    }, 
                    {
                        "header": "[Verse 7: ??]", 
                        "text hash": "43352d8c666ee6ced90a9674b0ba9b69", 
                        "artist": "??", 
                        "text": "Set your clocks for the unorthodox hip-hop that drops\nNine to midnight King Tech and Sway yo those kids is tight\nIn the mix with Joe Quicks the verbs spit verses\nWith the purpose of droppin curses like a triple six\nFat snares and dirty kicks to get ya open\nFrom Watts to Oakland it's that raw {shit} that start provokin\nSmokin, word's precise like a laser, cross roads in the Wake Up Show\nWe'll get your party shakin like a pager on silent mode, yeahha\nNine to twelve saturday night fool, peep the episode"
                    }, 
                    {
                        "header": "[Verse 8: Saafir]", 
                        "text hash": "fa4e5e8e7d02683479b0b640eda697b6", 
                        "artist": "Saafir", 
                        "text": "Wake Up, Show, and you can tell\nI'm not spittin it in no muffled style\nNo silent screams just weddings, rings\nTo swings and Sway Techs King, Tech-\n-nique and I'm building in a little agility from Joe Quicks\nHey Jay-Z in the eyes\nIt's seen only on the bottom of water risin\nWe're takin groups\nPut it on 92.3 while your beatin boops, oops\nI mean coops bumpin in to mission on the twine\nSwoop saturday between nine and twelve I'm delvin\nWe're well tuned in to the pattern of the year\nHere on 92.3 times me\nBo junks young ricks are bolders\nThat are only soldiers are connected to Wake Up Show\nYa right"
                    }
                ], 
                "hooks": [
                    {
                        "header": "[Hook: Lauryn Hill]", 
                        "text hash": "e55a8a395896312c8f41931a356ae7cc", 
                        "artist": "Lauryn Hill", 
                        "text": "(2X)\nOh-oh-oh I'm coolin' with my niggas on the Wake up Show-oh-oh\nWe kick a little something for the radio-oh-oh"
                    }
                ]
            }, 
            "order": [
                "[Verse 1: Nas]", 
                "[Verse 2: Pharoahe Monch]", 
                "[Verse 3: Prince Poetry]", 
                "[Verse 4: Ras Kass]", 
                "[Hook]", 
                "[Verse 5: Dred Scott]", 
                "[Verse 6: Shyheim]", 
                "[Verse 7: ??]", 
                "[Verse 8: Saafir]", 
                "[Hook]"
            ], 
            "artist": "Sway"
        }
    }
}