{
    "Northern Lights": {
        "raw": "\n    \n  [Verse 1 : TaskRok]\nYou put the flower in the grinder and you crank it\nIn bed with Mary, you could find her in my blanket\nYou got fire, I\u2019ma blaze it, call it rise to the occasion\nFat shatter patties, budder drying in the basement\nI don\u2019t need no provocation to smoke, my occupation\u2019s to toke\nEven though it\u2019s also making me broke\nCome on Barrack Obama gotta lend some change with the stroke of the pen\nQuit persecuting all of those you're supposed to defend\nHow\u2019d it be, taking tokes of the Sour D, hourly\nGone like a falcon on the balcony\nI\u2019m trippin when I\u2019m out of weed\nI need a Buddha sack, that Pre-98 Bubba, Headband, the Super Jack\nBlowing never get far, opening the fresh jar\nLittle Skywalker choking on the Death Star\nSpoil bragger, e-nail coil rapper\nRoyal shatter rapper spitting harder than my oil spatter\n\n[Hook]\nMy whole click keeps blowing all the glass\nGrowin all the grass and smoking all your hash\nIt's a green rush\nBut we ain\u2019t in it just for cash\nWe in it for the love till death dust and ash\n\n[Verse 2 - Action Bronson]\nI\u2019m in the kitchen and I\u2019m frying chicken\nEyes chinese, been getting hiney since the 90\u2019s\nGold honey and a parchment paper, hit the nail\nNow I\u2019m gone like when the wind hits the sails\nMami keep the bail for me cause she know I be doing wrong\nNow the beamer look like it got new wings on\nMove strong, my bitch is jewish with a blue thong\nDabbing award winner out the new bong\nAdjusting nail on the bic, now I'm sweating\nKeep the pen in my pocket, I\u2019m always rappin\nSeven dabs open my fiziano at the table\nI\u2019m known to order duck like Donald\n\n[Hook]\n\n[Verse 3 : TaskRok]\nRecession proof, I never need a bail out\nI\u2019m waiting for the postman, my drugs are on his mail route\nI can do anything myself except for self doubt\nSo I don\u2019t ever seek help, I only help out\nIt\u2019s mad work, we doing lots of trimming\nThen getting stoned like Islamic women\nWhen cops slippin, the system is flawed\nIsn\u2019t it odd, when Gods given us plans\nWhen it\u2019s stances that laws forbid them\nAnd watch out if you black and you speaking Spanish\nCause that racist law was made to attack and defeat Hispanics\nIt\u2019s propaganda, we laughin at reefer madness\nBut the privatized prisons will profit when people vanish\nThat\u2019s why I feel like the loneliest dude\nThe only one out of my friends without a Mobius tube\nIt\u2019s rude, I don\u2019t collect, I just buy and I use\nI kinda abuse, my glass clogged, try and defuse, you lose\n\n[Hook]\n\n[Verse 4 : TaskRok]\nThat bacon quave with the eggs man, I see you on some other shit\nFabulous, makes me wanna beam aboard the mother ship\nFor many too mafia, and dobby guns, it\u2019s a take over\nSpitting fire like my man Bates glass flamethrower\nSmoking in my bath tub, cause fuck the damn club\nI\u2019m home alone, taking dabs out my hand bub\nIt\u2019s all American, no phoney\u2019ish\nMy only wish is I had a never ending supply in my bertoni dish\nStaying at the raddest inn, taking dabs at Addison\nSan Francisco stop to meet with Julio and dab again\nWe link with Chad and stay in san diego\nBackstage at the bay cup, blazing with Danny Dego\nPeace to Magweedo, Topher, and Toke Daddy\nFunkMaster Kush, let\u2019s twist up a bush and smoke fatties\nAnd big ups to Wheezy feel like every show\nYou seem to always save our ass yo wherever we go\nHey yo, my buddy juggy acting funny off a hubby bar\nLooking like a poo bear with his head stuck in a honey jar\nEach etize sweet, at the hard rock\nRockstars carving out, I spark from the bar stuff\nMy life\u2019s on big oil adventure\nI\u2019m laying honeys and making moneys like coil condensors\nLet\u2019s go\n\n[Hook]\n\n\n\n\n  ", 
        "pro": {
            "features": [
                "Action Bronson"
            ], 
            "blocks": {
                "verses": [
                    {
                        "header": "[Verse 1 : TaskRok]", 
                        "text hash": "b96221e626f02aa5868148337cd3596d", 
                        "artist": "TaskRok", 
                        "text": "You put the flower in the grinder and you crank it\nIn bed with Mary, you could find her in my blanket\nYou got fire, I\u2019ma blaze it, call it rise to the occasion\nFat shatter patties, budder drying in the basement\nI don\u2019t need no provocation to smoke, my occupation\u2019s to toke\nEven though it\u2019s also making me broke\nCome on Barrack Obama gotta lend some change with the stroke of the pen\nQuit persecuting all of those you're supposed to defend\nHow\u2019d it be, taking tokes of the Sour D, hourly\nGone like a falcon on the balcony\nI\u2019m trippin when I\u2019m out of weed\nI need a Buddha sack, that Pre-98 Bubba, Headband, the Super Jack\nBlowing never get far, opening the fresh jar\nLittle Skywalker choking on the Death Star\nSpoil bragger, e-nail coil rapper\nRoyal shatter rapper spitting harder than my oil spatter"
                    }, 
                    {
                        "header": "[Verse 2 - Action Bronson]", 
                        "text hash": "bc36b937c0ee2ef8f170fb2a89af6522", 
                        "artist": "Action Bronson", 
                        "text": "I\u2019m in the kitchen and I\u2019m frying chicken\nEyes chinese, been getting hiney since the 90\u2019s\nGold honey and a parchment paper, hit the nail\nNow I\u2019m gone like when the wind hits the sails\nMami keep the bail for me cause she know I be doing wrong\nNow the beamer look like it got new wings on\nMove strong, my bitch is jewish with a blue thong\nDabbing award winner out the new bong\nAdjusting nail on the bic, now I'm sweating\nKeep the pen in my pocket, I\u2019m always rappin\nSeven dabs open my fiziano at the table\nI\u2019m known to order duck like Donald"
                    }, 
                    {
                        "header": "[Verse 3 : TaskRok]", 
                        "text hash": "beccc26765da5fd1be9dc7ce3ae37780", 
                        "artist": "TaskRok", 
                        "text": "Recession proof, I never need a bail out\nI\u2019m waiting for the postman, my drugs are on his mail route\nI can do anything myself except for self doubt\nSo I don\u2019t ever seek help, I only help out\nIt\u2019s mad work, we doing lots of trimming\nThen getting stoned like Islamic women\nWhen cops slippin, the system is flawed\nIsn\u2019t it odd, when Gods given us plans\nWhen it\u2019s stances that laws forbid them\nAnd watch out if you black and you speaking Spanish\nCause that racist law was made to attack and defeat Hispanics\nIt\u2019s propaganda, we laughin at reefer madness\nBut the privatized prisons will profit when people vanish\nThat\u2019s why I feel like the loneliest dude\nThe only one out of my friends without a Mobius tube\nIt\u2019s rude, I don\u2019t collect, I just buy and I use\nI kinda abuse, my glass clogged, try and defuse, you lose"
                    }, 
                    {
                        "header": "[Verse 4 : TaskRok]", 
                        "text hash": "59f8ef9443b6295914d3d8261b4b8d2f", 
                        "artist": "TaskRok", 
                        "text": "That bacon quave with the eggs man, I see you on some other shit\nFabulous, makes me wanna beam aboard the mother ship\nFor many too mafia, and dobby guns, it\u2019s a take over\nSpitting fire like my man Bates glass flamethrower\nSmoking in my bath tub, cause fuck the damn club\nI\u2019m home alone, taking dabs out my hand bub\nIt\u2019s all American, no phoney\u2019ish\nMy only wish is I had a never ending supply in my bertoni dish\nStaying at the raddest inn, taking dabs at Addison\nSan Francisco stop to meet with Julio and dab again\nWe link with Chad and stay in san diego\nBackstage at the bay cup, blazing with Danny Dego\nPeace to Magweedo, Topher, and Toke Daddy\nFunkMaster Kush, let\u2019s twist up a bush and smoke fatties\nAnd big ups to Wheezy feel like every show\nYou seem to always save our ass yo wherever we go\nHey yo, my buddy juggy acting funny off a hubby bar\nLooking like a poo bear with his head stuck in a honey jar\nEach etize sweet, at the hard rock\nRockstars carving out, I spark from the bar stuff\nMy life\u2019s on big oil adventure\nI\u2019m laying honeys and making moneys like coil condensors\nLet\u2019s go"
                    }
                ], 
                "hooks": [
                    {
                        "header": "[Hook]", 
                        "text hash": "20420da2534ab318168ac7e9d298a7b8", 
                        "artist": "TaskRok", 
                        "text": "My whole click keeps blowing all the glass\nGrowin all the grass and smoking all your hash\nIt's a green rush\nBut we ain\u2019t in it just for cash\nWe in it for the love till death dust and ash"
                    }
                ]
            }, 
            "order": [
                "[Verse 1 : TaskRok]", 
                "[Hook]", 
                "[Verse 2 - Action Bronson]", 
                "[Hook]", 
                "[Verse 3 : TaskRok]", 
                "[Hook]", 
                "[Verse 4 : TaskRok]", 
                "[Hook]"
            ], 
            "artist": "TaskRok"
        }
    }
}