{
    "Low": {
        "raw": "\n    \n  La musica de Harry Fraud\n\nTrying to chill, Trying to be low\nDaytona\n\n[Hook]\nAlready know what it is when I'm rolling up\nGot the bottles on deck nigga hold 'em up\nIf the thirst is real tell a ho sip up\nTrying to chill but still I ain't low nigga\n\n[Verse 1: The Kid Daytona]\nThey like: \"oh you act like you don't know niggas\"\nJust pass, no dap, no \"hello nigga\"\nGo figure last winter I was close with you\nI'm like: \"homie is you serious you a ho nigga\"\nYo I got no business with broke niggas\nAll my day one fam spending on sipping\nLooking prolific, bitches blow kisses\nI got the whole hood saying: \"You ain't low nigga\"\nOh shit Louis Vuitton loafers, my chick in them daffodils\nI sit back and chill looking like the mack for real\nAs the waitress bring the bottles through\nLittle Mexican bring the cranberry- and orange juice\nI'm no psychic, but I done read a mind or two\nWith you I read: \"head [?]\"\nFor all you square niggas 'out the loot:\n\"I hope next year work out for you\"\nI'm up in [?] with Nicole Kidman\nAnd got all the hoes saying:\n\n[Hook]\n\"You ain't low nigga, you ain't low nigga, you ain't low\"\n\nAlready know what it is when I'm rolling up\nGot the bottles on deck nigga hold 'em up\nIf the thirst is real tell a ho sip up\nTrying to chill but still I ain't low nigga\n\n[Verse 2: Jadakiss]\nThe Bible tell: \"You reap what you sow nigga\"\nAnd I be way too high to be low nigga\nYeah I'm in the hood getting doe nigga\nAnd I ain't got to say what I sell you can go figure\nI move mountains, but who's counting?\nTop floor, ocean view, blue fountain\nFerragamos all suede a few thousands\nThe difference is I'm copping you browsing\nMy connect got a mutual respect\nBut if you talk or you short\nThey'll shoot you in the neck\nAlways keep you eyes on the deuces in the deck\nAnd they won't jam with the correct usage of the tec\nNah, I don't like to talk much, I like to show niggas\nIf you ain't never broke bread, I don't know niggas\nSelf made millionaire, I don't owe niggas\nAnd on that note:\n\n[Hook]\n\"You ain't low nigga, you ain't low nigga, you ain't low\"\n\nAlready know what it is when I'm rolling up\nGot the bottles on deck nigga hold 'em up\nIf the thirst is real tell a ho sip up\nTrying to chill but still I ain't low nigga\n\n[Verse 1: The Kid Daytona]\nMy act like De Niro in the Tangiers\nAnyway, I'm the man there\nI'm cool with all the fanfare\n\"What you doing just standing there\nBitch make it move for them niggas in them lavish wears\"\nNo whack bitches in my atmosphere\nNo tracks in here\nJust curly haired girls, I'm attracting yea\n[?], [?], East Africans yea\nDimples in the lower back smiling at me\nShe just throw it back, cause my rap style is nasty\nGot to [?] bitches\nCan't trust a big butt and a smile:\n\n[Hook]\n\"You ain't low nigga, you ain't low nigga, you ain't low\"\n\nAlready know what it is when I'm rolling up\nGot the bottles on deck nigga hold 'em up\nIf the thirst is real tell a ho sip up\nTrying to chill but still I ain't low nigga\n\n\n\n\n  ", 
        "pro": {
            "features": [
                "Jadakiss"
            ], 
            "blocks": {
                "verses": [
                    {
                        "header": "[Verse 1: The Kid Daytona]", 
                        "text hash": "a8143356e1efb2cd9c6b3d8a5a50a207", 
                        "artist": "The Kid Daytona", 
                        "text": "They like: \"oh you act like you don't know niggas\"\nJust pass, no dap, no \"hello nigga\"\nGo figure last winter I was close with you\nI'm like: \"homie is you serious you a ho nigga\"\nYo I got no business with broke niggas\nAll my day one fam spending on sipping\nLooking prolific, bitches blow kisses\nI got the whole hood saying: \"You ain't low nigga\"\nOh shit Louis Vuitton loafers, my chick in them daffodils\nI sit back and chill looking like the mack for real\nAs the waitress bring the bottles through\nLittle Mexican bring the cranberry- and orange juice\nI'm no psychic, but I done read a mind or two\nWith you I read: \"head [?]\"\nFor all you square niggas 'out the loot:\n\"I hope next year work out for you\"\nI'm up in [?] with Nicole Kidman\nAnd got all the hoes saying:"
                    }, 
                    {
                        "header": "[Verse 2: Jadakiss]", 
                        "text hash": "51e6c251b7edd0d5d7c549ba949a2512", 
                        "artist": "Jadakiss", 
                        "text": "The Bible tell: \"You reap what you sow nigga\"\nAnd I be way too high to be low nigga\nYeah I'm in the hood getting doe nigga\nAnd I ain't got to say what I sell you can go figure\nI move mountains, but who's counting?\nTop floor, ocean view, blue fountain\nFerragamos all suede a few thousands\nThe difference is I'm copping you browsing\nMy connect got a mutual respect\nBut if you talk or you short\nThey'll shoot you in the neck\nAlways keep you eyes on the deuces in the deck\nAnd they won't jam with the correct usage of the tec\nNah, I don't like to talk much, I like to show niggas\nIf you ain't never broke bread, I don't know niggas\nSelf made millionaire, I don't owe niggas\nAnd on that note:"
                    }, 
                    {
                        "header": "[Verse 1: The Kid Daytona]", 
                        "text hash": "b1e739da78eefc696d267f2ad63117fa", 
                        "artist": "The Kid Daytona", 
                        "text": "My act like De Niro in the Tangiers\nAnyway, I'm the man there\nI'm cool with all the fanfare\n\"What you doing just standing there\nBitch make it move for them niggas in them lavish wears\"\nNo whack bitches in my atmosphere\nNo tracks in here\nJust curly haired girls, I'm attracting yea"
                    }
                ], 
                "hooks": [
                    {
                        "header": "[Hook]", 
                        "text hash": "27e72cd8bcdc3322a3425d62180a6e12", 
                        "artist": "The Kid Daytona", 
                        "text": "Already know what it is when I'm rolling up\nGot the bottles on deck nigga hold 'em up\nIf the thirst is real tell a ho sip up\nTrying to chill but still I ain't low nigga"
                    }, 
                    {
                        "header": "[Hook]", 
                        "text hash": "d898a51c35cc1c0ebd1f3440f27a2856", 
                        "artist": "The Kid Daytona", 
                        "text": "\"You ain't low nigga, you ain't low nigga, you ain't low\"\n\nAlready know what it is when I'm rolling up\nGot the bottles on deck nigga hold 'em up\nIf the thirst is real tell a ho sip up\nTrying to chill but still I ain't low nigga"
                    }, 
                    {
                        "header": "[Hook]", 
                        "text hash": "d85f1d0cb3c0666da9986c932d207cca", 
                        "artist": "The Kid Daytona", 
                        "text": "\"You ain't low nigga, you ain't low nigga, you ain't low\"\n\nAlready know what it is when I'm rolling up\nGot the bottles on deck nigga hold 'em up\nIf the thirst is real tell a ho sip up\nTrying to chill but still I ain't low nigga\n\n\n\n\n  "
                    }
                ], 
                "remainders": [
                    {
                        "header": "[?], [?]", 
                        "text hash": "1f09d7c07b7cab8f0992f9de2ae732b0", 
                        "artist": "The Kid Daytona", 
                        "text": ", East Africans yea\nDimples in the lower back smiling at me\nShe just throw it back, cause my rap style is nasty\nGot to [?] bitches\nCan't trust a big butt and a smile:"
                    }
                ]
            }, 
            "order": [
                "[Hook]", 
                "[Verse 1: The Kid Daytona]", 
                "[Hook]", 
                "[Verse 2: Jadakiss]", 
                "[Hook]", 
                "[Verse 1: The Kid Daytona]", 
                "[Hook]"
            ], 
            "artist": "The Kid Daytona"
        }
    }
}