{
    "The X (Y'all Know the Name)": {
        "raw": "\n    \n  \"Uh..uh..uh..baby!\"\n\n{*scratched*}\n\"X-Ecutioners\" \"Ya..ya..y'all know the name\"\n\"Stabbin the track with both hands\"\n\"X-Ecutioners\" \"Ya..ya..y'all know the name\"\n\"Louder!!\"\n\"X-Ecutioners\" \"Ya..ya..y'all know the name\"\n\"Stabbin the track with both hands\"\n\"X-Ecutioners\" \"Ya..ya..y'all know the name\"\n\"You out there?\" \"Louder!\"\n\n[Pharaohe Monch]\nThis is masterful, classical, material wax, imperial tactics\nBlack shit I master, traps that collapse backwards\nAll area access, passes without practice\nHit em, then I'ma shit on em and spit on em, and send faxes\nMaximum amount (uh) not the minimal\nThe oratal rock chop like Florida Seminole\nSubliminal raps which make criminals act bitch\nInstrumental in creatin the most pinnacle rap shit\nGot Toni Braxton lookin women collapsin\nMy beats get feet to steppin like Fast Actin Tinactin\nDominant X-Men conference like Pac-10\nBackslap wack rap actors to get a reaction\nMy venom rips tennaments up then I'ma wreck shit\nThen I'ma flip, administer hits on this next shit\nDeejays collect tips from them then hit the exit\nAt they show the front row, usually gettin hectic\nThe X shit...\n\n{*scratched*}\n\"Ya..ya..y'all know the name\" \"X-Ecutioners\"\n\"Stabbin the track with both hands.. together\"\n\"The fall.. you out there?\" \"Louder!\"\n\"X-Ecutioners\" \"Ya..ya..y'all know the name\"\n\"Stabbin the track with both hands.. together\"\n\"The fall forever gon' win.. you out there?\"\n\n[Xzibit]\nYeah yo, uh-huh, yeah, check it\nYou wanna get to my level but you don't hustle enough\nAny attempts at touchin my stuff and I'm fuckin you up\nI'm sick of weak shit winnin, nigga yo' rhymes ain't rockin\nThe good life is a bitch, seem like everybody cop blockin\nThe shotclock is runnin out, gunnin out the police\nI crack the teeth of any nigga with beef\nMasterpiece, X-Ecutioners, naturally\nAny problems, come to Los Angeles and ask for me\n\n[Inspectah Deck]\nYo castastrophe, none can match me, naturally nasty\nManually smash ya faculty\nVeral assault and battery\nSparatically blast at the capacity crowd and cause casualties\nStreet savy, niggas blast me out the Navi'\nGroupie chick wish she could have me\nXE in back of me, hit like a daquiri\nAccurately, ya don't grab me, ya skills still latchkey\n\n{*scratched*}\n\"Ya..ya..y'all know the name\" \"X-Ecutioners\"\n\"Stabbin the track with both hands.. together\"\n\"The fall.. you out there?\" \"Louder!\"\n\"X-Ecutioners\" \"Stabbin the track.....the track\"\n\".....with both hands\"\n\n[Skillz]\nI got my man Roc Raida on the slash and cut\nRob Swift where you at son, the \"What What\"\nSinister make em - now we ready to go\nLast but not least, total eclipse (Whatchu don't know?)\nI got a question, who can see him? I don't know\nBut whatever I play, you know that Skillz gon' flow\nShit we mastered the feat, you can't bring us (what)\nY'all could crap if y'all was doin that shit with eight fingers\nCome on black, we in the Hall of Fame\nGot ya picture in our crib on the Wall of Shame\nI expect emcees to wanna murder me (what)\nCuz when we open up and start cuttin, you wish you was in surgery\nYou see the X? Hardly\nHere's some on-offs nigga take yo' ass back to doin parties\nYou're better off if somebody shoot ya\nAnd change ya name to DJ I-Got-Beat-By-The-X-Ecutioners\n\n{*scratched*}\n\"Ya..ya..y'all know the name\" \"X-Ecutioners\"\n\"Stabbin the track with both hands.. together\"\n\"The fall.. you out there?\" \"Fifty thou in the stands\"\n\"X-Ecutioners\" \"Ya..ya..y'all know the name\"\n\"Stabbin the track with both hands.. together\"\n\"The fall.. forever gon' win\" \"You out there?\" \"Louder!\"\n\"Y'all know the name\"\n\n*Redman's vocal dog barking*\n\n\n\n\n  ", 
        "pro": {
            "features": [
                "Inspectah Deck", 
                "Pharoahe Monch", 
                "Skillz", 
                "Xzibit"
            ], 
            "producers": [
                "Dr. Butcher", 
                "Rob Swift"
            ], 
            "blocks": {
                "verses": [], 
                "hooks": [], 
                "remainders": [
                    {
                        "header": "[Pharaohe Monch]", 
                        "text hash": "38db5791e3139011ae2bdb53f3d4fa95", 
                        "artist": "The X-Ecutioners", 
                        "text": "This is masterful, classical, material wax, imperial tactics\nBlack shit I master, traps that collapse backwards\nAll area access, passes without practice\nHit em, then I'ma shit on em and spit on em, and send faxes\nMaximum amount (uh) not the minimal\nThe oratal rock chop like Florida Seminole\nSubliminal raps which make criminals act bitch\nInstrumental in creatin the most pinnacle rap shit\nGot Toni Braxton lookin women collapsin\nMy beats get feet to steppin like Fast Actin Tinactin\nDominant X-Men conference like Pac-10\nBackslap wack rap actors to get a reaction\nMy venom rips tennaments up then I'ma wreck shit\nThen I'ma flip, administer hits on this next shit\nDeejays collect tips from them then hit the exit\nAt they show the front row, usually gettin hectic\nThe X shit...\n\n{*scratched*}\n\"Ya..ya..y'all know the name\" \"X-Ecutioners\"\n\"Stabbin the track with both hands.. together\"\n\"The fall.. you out there?\" \"Louder!\"\n\"X-Ecutioners\" \"Ya..ya..y'all know the name\"\n\"Stabbin the track with both hands.. together\"\n\"The fall forever gon' win.. you out there?\""
                    }, 
                    {
                        "header": "[Xzibit]", 
                        "text hash": "9b775b856ab507fd34cff4180f06772a", 
                        "artist": "Xzibit", 
                        "text": "Yeah yo, uh-huh, yeah, check it\nYou wanna get to my level but you don't hustle enough\nAny attempts at touchin my stuff and I'm fuckin you up\nI'm sick of weak shit winnin, nigga yo' rhymes ain't rockin\nThe good life is a bitch, seem like everybody cop blockin\nThe shotclock is runnin out, gunnin out the police\nI crack the teeth of any nigga with beef\nMasterpiece, X-Ecutioners, naturally\nAny problems, come to Los Angeles and ask for me"
                    }, 
                    {
                        "header": "[Inspectah Deck]", 
                        "text hash": "23429a6b84435aa11e61da53732fe845", 
                        "artist": "Inspectah Deck", 
                        "text": "Yo castastrophe, none can match me, naturally nasty\nManually smash ya faculty\nVeral assault and battery\nSparatically blast at the capacity crowd and cause casualties\nStreet savy, niggas blast me out the Navi'\nGroupie chick wish she could have me\nXE in back of me, hit like a daquiri\nAccurately, ya don't grab me, ya skills still latchkey\n\n{*scratched*}\n\"Ya..ya..y'all know the name\" \"X-Ecutioners\"\n\"Stabbin the track with both hands.. together\"\n\"The fall.. you out there?\" \"Louder!\"\n\"X-Ecutioners\" \"Stabbin the track.....the track\"\n\".....with both hands\""
                    }, 
                    {
                        "header": "[Skillz]", 
                        "text hash": "2732b49d14d8590ed1ef5004e12b3d3b", 
                        "artist": "Skillz", 
                        "text": "I got my man Roc Raida on the slash and cut\nRob Swift where you at son, the \"What What\"\nSinister make em - now we ready to go\nLast but not least, total eclipse (Whatchu don't know?)\nI got a question, who can see him? I don't know\nBut whatever I play, you know that Skillz gon' flow\nShit we mastered the feat, you can't bring us (what)\nY'all could crap if y'all was doin that shit with eight fingers\nCome on black, we in the Hall of Fame\nGot ya picture in our crib on the Wall of Shame\nI expect emcees to wanna murder me (what)\nCuz when we open up and start cuttin, you wish you was in surgery\nYou see the X? Hardly\nHere's some on-offs nigga take yo' ass back to doin parties\nYou're better off if somebody shoot ya\nAnd change ya name to DJ I-Got-Beat-By-The-X-Ecutioners\n\n{*scratched*}\n\"Ya..ya..y'all know the name\" \"X-Ecutioners\"\n\"Stabbin the track with both hands.. together\"\n\"The fall.. you out there?\" \"Fifty thou in the stands\"\n\"X-Ecutioners\" \"Ya..ya..y'all know the name\"\n\"Stabbin the track with both hands.. together\"\n\"The fall.. forever gon' win\" \"You out there?\" \"Louder!\"\n\"Y'all know the name\"\n\n*Redman's vocal dog barking*\n\n\n\n\n  "
                    }
                ]
            }, 
            "order": [
                "[Pharaohe Monch]", 
                "[Xzibit]", 
                "[Inspectah Deck]", 
                "[Skillz]"
            ], 
            "artist": "The X-Ecutioners"
        }
    },
    "The X (Y'all Know the Name)": {
        "raw": "\n    \n  \"Uh..uh..uh..baby!\"\n\n{*scratched*}\n\"X-Ecutioners\" \"Ya..ya..y'all know the name\"\n\"Stabbin the track with both hands\"\n\"X-Ecutioners\" \"Ya..ya..y'all know the name\"\n\"Louder!!\"\n\"X-Ecutioners\" \"Ya..ya..y'all know the name\"\n\"Stabbin the track with both hands\"\n\"X-Ecutioners\" \"Ya..ya..y'all know the name\"\n\"You out there?\" \"Louder!\"\n\n[Pharaohe Monch]\nThis is masterful, classical, material wax, imperial tactics\nBlack shit I master, traps that collapse backwards\nAll area access, passes without practice\nHit em, then I'ma shit on em and spit on em, and send faxes\nMaximum amount (uh) not the minimal\nThe oratal rock chop like Florida Seminole\nSubliminal raps which make criminals act bitch\nInstrumental in creatin the most pinnacle rap shit\nGot Toni Braxton lookin women collapsin\nMy beats get feet to steppin like Fast Actin Tinactin\nDominant X-Men conference like Pac-10\nBackslap wack rap actors to get a reaction\nMy venom rips tennaments up then I'ma wreck shit\nThen I'ma flip, administer hits on this next shit\nDeejays collect tips from them then hit the exit\nAt they show the front row, usually gettin hectic\nThe X shit...\n\n{*scratched*}\n\"Ya..ya..y'all know the name\" \"X-Ecutioners\"\n\"Stabbin the track with both hands.. together\"\n\"The fall.. you out there?\" \"Louder!\"\n\"X-Ecutioners\" \"Ya..ya..y'all know the name\"\n\"Stabbin the track with both hands.. together\"\n\"The fall forever gon' win.. you out there?\"\n\n[Xzibit]\nYeah yo, uh-huh, yeah, check it\nYou wanna get to my level but you don't hustle enough\nAny attempts at touchin my stuff and I'm fuckin you up\nI'm sick of weak shit winnin, nigga yo' rhymes ain't rockin\nThe good life is a bitch, seem like everybody cop blockin\nThe shotclock is runnin out, gunnin out the police\nI crack the teeth of any nigga with beef\nMasterpiece, X-Ecutioners, naturally\nAny problems, come to Los Angeles and ask for me\n\n[Inspectah Deck]\nYo castastrophe, none can match me, naturally nasty\nManually smash ya faculty\nVeral assault and battery\nSparatically blast at the capacity crowd and cause casualties\nStreet savy, niggas blast me out the Navi'\nGroupie chick wish she could have me\nXE in back of me, hit like a daquiri\nAccurately, ya don't grab me, ya skills still latchkey\n\n{*scratched*}\n\"Ya..ya..y'all know the name\" \"X-Ecutioners\"\n\"Stabbin the track with both hands.. together\"\n\"The fall.. you out there?\" \"Louder!\"\n\"X-Ecutioners\" \"Stabbin the track.....the track\"\n\".....with both hands\"\n\n[Skillz]\nI got my man Roc Raida on the slash and cut\nRob Swift where you at son, the \"What What\"\nSinister make em - now we ready to go\nLast but not least, total eclipse (Whatchu don't know?)\nI got a question, who can see him? I don't know\nBut whatever I play, you know that Skillz gon' flow\nShit we mastered the feat, you can't bring us (what)\nY'all could crap if y'all was doin that shit with eight fingers\nCome on black, we in the Hall of Fame\nGot ya picture in our crib on the Wall of Shame\nI expect emcees to wanna murder me (what)\nCuz when we open up and start cuttin, you wish you was in surgery\nYou see the X? Hardly\nHere's some on-offs nigga take yo' ass back to doin parties\nYou're better off if somebody shoot ya\nAnd change ya name to DJ I-Got-Beat-By-The-X-Ecutioners\n\n{*scratched*}\n\"Ya..ya..y'all know the name\" \"X-Ecutioners\"\n\"Stabbin the track with both hands.. together\"\n\"The fall.. you out there?\" \"Fifty thou in the stands\"\n\"X-Ecutioners\" \"Ya..ya..y'all know the name\"\n\"Stabbin the track with both hands.. together\"\n\"The fall.. forever gon' win\" \"You out there?\" \"Louder!\"\n\"Y'all know the name\"\n\n*Redman's vocal dog barking*\n\n\n\n\n  ", 
        "pro": {
            "features": [
                "Inspectah Deck", 
                "Pharoahe Monch", 
                "Skillz", 
                "Xzibit"
            ], 
            "producers": [
                "Dr. Butcher", 
                "Rob Swift"
            ], 
            "blocks": {
                "verses": [], 
                "hooks": [], 
                "remainders": [
                    {
                        "header": "[Pharaohe Monch]", 
                        "text hash": "38db5791e3139011ae2bdb53f3d4fa95", 
                        "artist": "The X-Ecutioners", 
                        "text": "This is masterful, classical, material wax, imperial tactics\nBlack shit I master, traps that collapse backwards\nAll area access, passes without practice\nHit em, then I'ma shit on em and spit on em, and send faxes\nMaximum amount (uh) not the minimal\nThe oratal rock chop like Florida Seminole\nSubliminal raps which make criminals act bitch\nInstrumental in creatin the most pinnacle rap shit\nGot Toni Braxton lookin women collapsin\nMy beats get feet to steppin like Fast Actin Tinactin\nDominant X-Men conference like Pac-10\nBackslap wack rap actors to get a reaction\nMy venom rips tennaments up then I'ma wreck shit\nThen I'ma flip, administer hits on this next shit\nDeejays collect tips from them then hit the exit\nAt they show the front row, usually gettin hectic\nThe X shit...\n\n{*scratched*}\n\"Ya..ya..y'all know the name\" \"X-Ecutioners\"\n\"Stabbin the track with both hands.. together\"\n\"The fall.. you out there?\" \"Louder!\"\n\"X-Ecutioners\" \"Ya..ya..y'all know the name\"\n\"Stabbin the track with both hands.. together\"\n\"The fall forever gon' win.. you out there?\""
                    }, 
                    {
                        "header": "[Xzibit]", 
                        "text hash": "9b775b856ab507fd34cff4180f06772a", 
                        "artist": "Xzibit", 
                        "text": "Yeah yo, uh-huh, yeah, check it\nYou wanna get to my level but you don't hustle enough\nAny attempts at touchin my stuff and I'm fuckin you up\nI'm sick of weak shit winnin, nigga yo' rhymes ain't rockin\nThe good life is a bitch, seem like everybody cop blockin\nThe shotclock is runnin out, gunnin out the police\nI crack the teeth of any nigga with beef\nMasterpiece, X-Ecutioners, naturally\nAny problems, come to Los Angeles and ask for me"
                    }, 
                    {
                        "header": "[Inspectah Deck]", 
                        "text hash": "23429a6b84435aa11e61da53732fe845", 
                        "artist": "Inspectah Deck", 
                        "text": "Yo castastrophe, none can match me, naturally nasty\nManually smash ya faculty\nVeral assault and battery\nSparatically blast at the capacity crowd and cause casualties\nStreet savy, niggas blast me out the Navi'\nGroupie chick wish she could have me\nXE in back of me, hit like a daquiri\nAccurately, ya don't grab me, ya skills still latchkey\n\n{*scratched*}\n\"Ya..ya..y'all know the name\" \"X-Ecutioners\"\n\"Stabbin the track with both hands.. together\"\n\"The fall.. you out there?\" \"Louder!\"\n\"X-Ecutioners\" \"Stabbin the track.....the track\"\n\".....with both hands\""
                    }, 
                    {
                        "header": "[Skillz]", 
                        "text hash": "2732b49d14d8590ed1ef5004e12b3d3b", 
                        "artist": "Skillz", 
                        "text": "I got my man Roc Raida on the slash and cut\nRob Swift where you at son, the \"What What\"\nSinister make em - now we ready to go\nLast but not least, total eclipse (Whatchu don't know?)\nI got a question, who can see him? I don't know\nBut whatever I play, you know that Skillz gon' flow\nShit we mastered the feat, you can't bring us (what)\nY'all could crap if y'all was doin that shit with eight fingers\nCome on black, we in the Hall of Fame\nGot ya picture in our crib on the Wall of Shame\nI expect emcees to wanna murder me (what)\nCuz when we open up and start cuttin, you wish you was in surgery\nYou see the X? Hardly\nHere's some on-offs nigga take yo' ass back to doin parties\nYou're better off if somebody shoot ya\nAnd change ya name to DJ I-Got-Beat-By-The-X-Ecutioners\n\n{*scratched*}\n\"Ya..ya..y'all know the name\" \"X-Ecutioners\"\n\"Stabbin the track with both hands.. together\"\n\"The fall.. you out there?\" \"Fifty thou in the stands\"\n\"X-Ecutioners\" \"Ya..ya..y'all know the name\"\n\"Stabbin the track with both hands.. together\"\n\"The fall.. forever gon' win\" \"You out there?\" \"Louder!\"\n\"Y'all know the name\"\n\n*Redman's vocal dog barking*\n\n\n\n\n  "
                    }
                ]
            }, 
            "order": [
                "[Pharaohe Monch]", 
                "[Xzibit]", 
                "[Inspectah Deck]", 
                "[Skillz]"
            ], 
            "artist": "The X-Ecutioners"
        }
    }
}