{
    "Tired of Being Broke": {
        "raw": "\n    \n  [50 Cent]\nThe only excuse for being broke is being in jail\nHeh-heh, yo, yo, yo\nThe only excuse for being broke is being in jail\nSome work a nine to five to make money\nSome cock that, aim, that take money\n\"How To Rob\" was an warning not a joke\nCause niggas in the hood is really tired of being broke\nThese cats quick to splurge on luxurious things\nAnd when we come through they tuck chains and turn their rings\nDiamonds, you bought that?\nThey gon' take that\n\n[G&B]\nI'm chillin' on the corner\nWith a dollar in my pocket\nThe deed go bye-bye cause my man's watchin'\nShit is hard in the ghetto\nBut we still get by\n(We still get by)\nEvery day I see the same ol' problems\nBut it seems like we're never gonna solve them\nBut I know if we keep on marching\nOne day we will find\n\n[G&B]\nI'm tired of being broke\nBeing locked down ain't no joke\nWill anyone make a change?\nWhy must we live this way?\nI'm tired of being broke\nBeing locked down ain't no joke\n\nWhy must we live this way?\n\n[G&B]\nI'm livin' in a world where they ain't no windows\nAnd when you're rich it seem so simple\nKind of hard for you to understand struggle\nBut this is my life, ha\nAnd I know one day we're gonna change it\nLet the game blow it up and rearrange it\nTill then we do whatever we can\nIn the end it's a brand new life that we living in\n\nRepeat 1 (2x)\n\n[50 Cent]\nUh-huh come on\nDon't nobody smile when I come through\nBut they say I'm a funny cat\nI lose shooting dice\nPull out take my money back\nFifty ain't the type to be runnin' his mouth\nUh-huh, Fifty run with dem kids that'll run in your house\nIf these rappers were killers I would've been dead\nBut they all aim at my legs instead of my head\nI'm giving out ass whoopins while you're givin' out hugs\nI figured out niggas respect fear more than love\n\nRepeat 1\n\n[G&B](50 Cent)\nI said you don't know\nLike I know, oh\nI said you don't know\nLike the Product no, oh\n(Refugee Camp)\nI said you don't know\nLike my fellas no\n(G&B)\nI said you don't know what it feels like to be broke\n\n[50 Cent]\nEast Coast, West Coast\nUp North, the Dirty South\nThis goes out to all my thugs\nWorldwide I see the struggle\nTry and stay alive, ya heard?\nOne love, yeah one love, yo\n\n\n\n\n  ", 
        "pro": {
            "features": [
                "50 Cent"
            ], 
            "blocks": {
                "verses": [], 
                "hooks": [], 
                "remainders": [
                    {
                        "header": "[50 Cent]", 
                        "text hash": "f88a80bbd5f7ed6f88e87348b2c89c28", 
                        "artist": "50 Cent", 
                        "text": "The only excuse for being broke is being in jail\nHeh-heh, yo, yo, yo\nThe only excuse for being broke is being in jail\nSome work a nine to five to make money\nSome cock that, aim, that take money\n\"How To Rob\" was an warning not a joke\nCause niggas in the hood is really tired of being broke\nThese cats quick to splurge on luxurious things\nAnd when we come through they tuck chains and turn their rings\nDiamonds, you bought that?\nThey gon' take that"
                    }, 
                    {
                        "header": "[50 Cent]", 
                        "text hash": "3656b631e2e4a32dc6129f53a2484c19", 
                        "artist": "50 Cent", 
                        "text": "Uh-huh come on\nDon't nobody smile when I come through\nBut they say I'm a funny cat\nI lose shooting dice\nPull out take my money back\nFifty ain't the type to be runnin' his mouth\nUh-huh, Fifty run with dem kids that'll run in your house\nIf these rappers were killers I would've been dead\nBut they all aim at my legs instead of my head\nI'm giving out ass whoopins while you're givin' out hugs\nI figured out niggas respect fear more than love\n\nRepeat 1"
                    }, 
                    {
                        "header": "[50 Cent]", 
                        "text hash": "2857f0a5b5cc05fec5900f7fc4c7c4a5", 
                        "artist": "50 Cent", 
                        "text": "East Coast, West Coast\nUp North, the Dirty South\nThis goes out to all my thugs\nWorldwide I see the struggle\nTry and stay alive, ya heard?\nOne love, yeah one love, yo\n\n\n\n\n  "
                    }
                ]
            }, 
            "order": [
                "[50 Cent]", 
                "[50 Cent]", 
                "[50 Cent]"
            ], 
            "artist": "The Product G&B"
        }
    }
}