{
    "Dirty Decibels": {
        "raw": "\n    \n  YO!\n\nChorus: Pharaohe Monch\nMicrophone mutilator, ill translator\nDirty decible, qualified live\nLivin, to fight another day, rhymes spray\nDevestate your diagram in any medley\n*repeat*\n\nVerse One: Mr. Eon\nWas gonna rip out your heart, show it to ya\nHoles I couldn't find there, plus your mindless\nNicest, your reign is time on crisis\nYou trying to see me, you just might become eyeless\nEven if you rewind this, I dumbfound the wisest\nScientists, slice ya spinless\nStart to the end of us, we blend venomous\nTremendous nemesis to your mere presence\nUndefeatable, inject placebos\nWhere the tree grows, is where the E goes\nMy ego's big too, ask your amigos\nMegaton flasher, psychadellic thrasher\nBoom-bam-basher, transluscent\nI see through you too, you my student\nThe protege of the soulsonic, who want it?\nEntise, you an addict to my phonics...Pharaohe!\n\nChorus\n\nVerse Two: Mr. Eon\nHydrolic, your rhyme's prehistoric\nTo the most corsic MC, flame retarted, I've lost it\nMajor frame damage, better get Maaco\nCult member, survived Heaven's Gate and Waco, too\nFondu you, in your own cheese, Eon\nOrange double-tron, complete live screen\nBurnin up all the atlas with acid\nVelocity even Cris Carter couldn't catch this\nI got your squadron, with chronic head-nodded\nPractice calisthenics, impress regiments\nThe best medicine against any rhyme virus\nFollow in the path of Isis and Osirus\nIris and retna, see through the hopeless\nSpittin, tryin to comatose this, the dopest\nThis is evident, I shine my defness\nPullin guns on critics like Wyclef did\n\nI have graf artists breakin\nB-boy's dee-jay'in\nDee-jay's spinnin on linoleum pavements\nBreakers writin their name in graffiti\nPlus everyone wanna be a fresh MC\n\nChorus\n\nVerse Three: Mr. Eon\nI wire-tap mics, plug in turntables\nAnd glance is enhanced by advanced ?saran lance?\nHave you trailed by my associates\nSolely the holiest, they detect you the phoniest\nThe story be untold, they broke the mold\nAnd burned the ingredients that's etched on the scroll\nScreamin in your grill, still subliminal\nElegant, with the illest intent to hellband\nOutspoken, with shit you be quotin\nSlay aliens with this mic I be totin\nThen rhyme over techno, the feed's from my echo\nChop men's torsos, bodily morsels\nStay mind-boggling, you can't equate\nThe essence of the turntable, great is the state!\nYour fingerpaints, and I'm classic Greek sculpture\nThis mic toucher, leave your dome ruptured\n\nChorus (last word echoes)\n\n\n\n\n  ", 
        "pro": {
            "features": [
                "Pharoahe Monch"
            ], 
            "producers": [
                "DJ Mighty Mi"
            ], 
            "blocks": {
                "verses": [], 
                "hooks": []
            }, 
            "order": [
                "(last word echoes)"
            ], 
            "artist": "The High & Mighty"
        }
    }
}