{
    "Pussy": {
        "raw": "\n    \n  [Verse 1: Pusha T]\nPush!\nOh boy, she want a dope boy\nShe want to throw bands on her pole dance\nNo test drive on the 2 door\nShe want to stunt with me on her old man\nOh God my IG is like IV to this lifestyle\nI buy this shit, take a pic\nAnd you OD on my life files\n\n[Verse 2: The Dream]\nShawty get it, get it, do it big, do it good\nWork it like a girl should, work it good, work it good\nBring it back, bring it back, tell the DJ bring it back\nLet me touch it, fuck it baby, tell your man he ain\u2019t getting it back\nShawty is so ratchet, baby I\u2019m so ratchet\nYou so bomb with that, I got to have it\nI got to have it, like a 9 I got to blast it\nSo fine I got to grab it, she don't mind\n\n[Hook: The Dream]\nI got my left hand on that booty, got my right hand on that pussy\nI got my left hand on that booty, got my right hand on that pussy\nI got my left hand on that booty, got my right hand on that pussy\nI got my left hand on that booty, got my right hand on that pussy\n(I love it) Now keep that booty rolling like that\nKeep that pussy poppin like that\nI'mma keep these bandz poppin like that\nI got my left hand on that booty, got my right hand on that pussy\nI got my left hand on that booty, got my right hand on that pussy\n\n[Verse 3: The Dream]\nUp in that six hundred, you ain't even seen it\nTouchin on it, rubbin on it, girl you got me feenin'\nAll about her money and I'm all about my money\nMillion dollar babies plus alimony\nFirst a nigga save you (then a nigga crave you)\nAnd ain't nobody got time for that\nSo it's best just to pay ya\nThirteen cars I don't need nothing else\nJust this booty on my lap and this gold on my neck\n\n[Hook]\n\n[Verse 4: Big Sean]\nThe way you do got me very very very happy\nShe stare at me while I'm starin' at it\nI'm a young sexy ass charismatic-ass\nGorgeous face-ass havin ass nigga\nThat she love in her panty hose\nShe need this dick like its antidote\nThat pussy is a work of art painted by Michael Angelo\nI wake up the pussy in cantaloupe\nThen she made me fuck my appetite\nFuckin so hard ima remember this in the afterlife\nI tell her slob on my knob\nLike its corn on the cob\nShe keep goin oh my god\nAnd my broad is so bad, I can't hit it from the back\nAll my favorite girls got my initials as tats\nFinally Famous she throw this set up like sororities and frats\nNiggas can't tell me shit but congrats, congrats\n\n[Hook]\n\n[Outro]\nPull up to that traffic light\nStars bright wanna touch her\nGotta get her to the spot\nOh shit I might love her\nStraight up out of med school\nCould be my baby momma...\nI got my left hand on that booty, got my right hand on that pussy\n\n\n\n\n  ", 
        "pro": {
            "features": [
                "Big Sean", 
                "Pusha T"
            ], 
            "producers": [
                "The-Dream"
            ], 
            "blocks": {
                "verses": [
                    {
                        "header": "[Verse 1: Pusha T]", 
                        "text hash": "794f7e161849e1f213d71161b8415f59", 
                        "artist": "Pusha T", 
                        "text": "Push!\nOh boy, she want a dope boy\nShe want to throw bands on her pole dance\nNo test drive on the 2 door\nShe want to stunt with me on her old man\nOh God my IG is like IV to this lifestyle\nI buy this shit, take a pic\nAnd you OD on my life files"
                    }, 
                    {
                        "header": "[Verse 2: The Dream]", 
                        "text hash": "43a69d27bef611369a863a3bacba040f", 
                        "artist": "The Dream", 
                        "text": "Shawty get it, get it, do it big, do it good\nWork it like a girl should, work it good, work it good\nBring it back, bring it back, tell the DJ bring it back\nLet me touch it, fuck it baby, tell your man he ain\u2019t getting it back\nShawty is so ratchet, baby I\u2019m so ratchet\nYou so bomb with that, I got to have it\nI got to have it, like a 9 I got to blast it\nSo fine I got to grab it, she don't mind"
                    }, 
                    {
                        "header": "[Verse 3: The Dream]", 
                        "text hash": "f549faa7a007e8d810e8b9e92af10d4a", 
                        "artist": "The Dream", 
                        "text": "Up in that six hundred, you ain't even seen it\nTouchin on it, rubbin on it, girl you got me feenin'\nAll about her money and I'm all about my money\nMillion dollar babies plus alimony\nFirst a nigga save you (then a nigga crave you)\nAnd ain't nobody got time for that\nSo it's best just to pay ya\nThirteen cars I don't need nothing else\nJust this booty on my lap and this gold on my neck"
                    }, 
                    {
                        "header": "[Verse 4: Big Sean]", 
                        "text hash": "0b00da65a81371e89418d639493ac50a", 
                        "artist": "Big Sean", 
                        "text": "The way you do got me very very very happy\nShe stare at me while I'm starin' at it\nI'm a young sexy ass charismatic-ass\nGorgeous face-ass havin ass nigga\nThat she love in her panty hose\nShe need this dick like its antidote\nThat pussy is a work of art painted by Michael Angelo\nI wake up the pussy in cantaloupe\nThen she made me fuck my appetite\nFuckin so hard ima remember this in the afterlife\nI tell her slob on my knob\nLike its corn on the cob\nShe keep goin oh my god\nAnd my broad is so bad, I can't hit it from the back\nAll my favorite girls got my initials as tats\nFinally Famous she throw this set up like sororities and frats\nNiggas can't tell me shit but congrats, congrats"
                    }, 
                    {
                        "header": "[Outro]", 
                        "text hash": "69bf2b35ed8c47128bb34d523d79ba1e", 
                        "artist": "The-Dream", 
                        "text": "Pull up to that traffic light\nStars bright wanna touch her\nGotta get her to the spot\nOh shit I might love her\nStraight up out of med school\nCould be my baby momma...\nI got my left hand on that booty, got my right hand on that pussy\n\n\n\n\n  "
                    }
                ], 
                "hooks": [
                    {
                        "header": "[Hook: The Dream]", 
                        "text hash": "534bd5eff3eed2ebe9fd0191d7de96fd", 
                        "artist": "The Dream", 
                        "text": "I got my left hand on that booty, got my right hand on that pussy\nI got my left hand on that booty, got my right hand on that pussy\nI got my left hand on that booty, got my right hand on that pussy\nI got my left hand on that booty, got my right hand on that pussy\n(I love it) Now keep that booty rolling like that\nKeep that pussy poppin like that\nI'mma keep these bandz poppin like that\nI got my left hand on that booty, got my right hand on that pussy\nI got my left hand on that booty, got my right hand on that pussy"
                    }
                ]
            }, 
            "order": [
                "[Verse 1: Pusha T]", 
                "[Verse 2: The Dream]", 
                "[Hook: The Dream]", 
                "[Verse 3: The Dream]", 
                "[Hook]", 
                "[Verse 4: Big Sean]", 
                "[Hook]", 
                "[Outro]"
            ], 
            "artist": "The-Dream"
        }
    }
}