{
    "I Wish (Remix)": {
        "raw": "\n    \n  (LL talking - Clue background)\nI'm sayin sugar, hahaha, it's between me and you, word up\n(LL, Prodigy, Shyne, it's the remix y'all, envy)\n\n(LL)\nWhen it's love at first sight\nIt's aight to get caught up in the hype\nYou got me starin at the ceiling late at night\nI got 'cha callin up ya girls for insight\nThat's aight, cause I blazed it just right\nYou got a man so I can't leave marks when I bite\nCan't call ya crib to conversate late at night\nBut I know you think of me when he's holdin ya tight\nWish I was there\n\n(Carl)\nIt was....\n\n(Clue)\nWhaaaaaaaaat! Fat shout, Ed, Jim Nice\nWhole Queens\n\n(Prodigy)\nLook, this is how we gon' rock sweetness, I know you gotta play house\nAnd I ain't tryna' interfere with ya home\nYou need to keep it cool with that dude, you hear me?\nFor the little ones and things, and we can still bang\nJust hit me when you need that nutt off, when you need that ?? fuck\nMe and you could get up\nI won't stress you, or press you at all\nG'head, spend that Q-T with the kids and the hubby dog\nTell that foolio you got family in College Park\nSo you could come with me to Barbados\nI got the condo, he like to argue\nWhile P'll talk smooth, he the type to stalk you\nHe bought you clothes and the diamond rings\nHuh, I brought ya ass to the hotel, giraffe and bing (?)\nLike that I was all in it, like who's is it\nI had you bitin the matress\n\n(Carl Thomas)\nIt was love at first sight, I know\nFrom the way she looked at me\nHer eyes said it all\nLong days and nights, we spent, until she dropped the bomb on me\nWhen she said that she, was unhappily married with children\n\n(Hook - Carl Thomas)\nAnd I wish I never met her\nNever at all, even though I love her so\nAnd she got love for me, but she still belongs to someone else\n\n(Carl)\nIt hurts so bad, for sure, because she wants to be with me\nBut she can not be with me\nShe chose to stay, hey, at home\nSo they could be a family, for the children\nBut what about me\n\n(Hook)\n\nMaybe in another life, things could be the way we both desire\n???\n\n(Hook)\n\n(Clue) Shyne!\n\n(Shyne)\nWho keep you fresh to depth, all types of things\nA bird if your ready, diamond-stud chain for ya belly\nHell and Tracey, your friends hate me\nCause I fucked half and the other half's tryna' date me (yup)\nDon't understand, I got a girl, you got a man\nYet everything moves smooth, cool, according to plan\nNever hold hands in public\nBut behind closed doors crack roulettes and punch\nEvery night we meet, same time, same sweet\nYou might be his wife but you know you're my freak\nAnd vice-versa, ain't out to hurt ya\nJust have a good time, Carl help me sing the lines\n\n(Carl)\nOhhhhh, never at allllllll\n\n(Hook to fade)\n\n\n\n\n  ", 
        "pro": {
            "features": [
                "Carl", 
                "LL Cool J", 
                "Prodigy", 
                "Shyne"
            ], 
            "blocks": {
                "verses": [
                    {
                        "header": "    \n  (LL talking - Clue background)", 
                        "text hash": "21091d9945cf24619eef22797d02fc58", 
                        "artist": "Thomas", 
                        "text": "I'm sayin sugar, hahaha, it's between me and you, word up\n"
                    }, 
                    {
                        "header": "(LL)\nWhen it's love at first sight\nIt's aight to get caught up in the hype\nYou got me starin at the ceiling late at night\nI got 'cha callin up ya girls for insight\nThat's aight, cause I blazed it just right\nYou got a man so I can't leave marks when I bite\nCan't call ya crib to conversate late at night\nBut I know you think of me when he's holdin ya tight\nWish I was there\n\n(Carl)", 
                        "text hash": "2f2dfcb09f9174ef302488d4bfd00c15", 
                        "artist": "Carl", 
                        "text": "It was...."
                    }, 
                    {
                        "header": "(Clue)", 
                        "text hash": "f24dcdca7fefe6e431654e70e3c54990", 
                        "artist": "Thomas", 
                        "text": "Whaaaaaaaaat! Fat shout, Ed, Jim Nice\nWhole Queens"
                    }, 
                    {
                        "header": "(Prodigy)", 
                        "text hash": "10f5385a191e2a292e3c9d4593a3509b", 
                        "artist": "Prodigy", 
                        "text": "Look, this is how we gon' rock sweetness, I know you gotta play house\nAnd I ain't tryna' interfere with ya home\nYou need to keep it cool with that dude, you hear me?\nFor the little ones and things, and we can still bang\nJust hit me when you need that nutt off, when you need that ?? fuck\nMe and you could get up\nI won't stress you, or press you at all\nG'head, spend that Q-T with the kids and the hubby dog\nTell that foolio you got family in College Park\nSo you could come with me to Barbados\nI got the condo, he like to argue\nWhile P'll talk smooth, he the type to stalk you\nHe bought you clothes and the diamond rings\nHuh, I brought ya ass to the hotel, giraffe and bing "
                    }, 
                    {
                        "header": "(?)\nLike that I was all in it, like who's is it\nI had you bitin the matress\n\n(Carl Thomas)", 
                        "text hash": "22f2fcacd9078c4d01da680361df8f9e", 
                        "artist": "Carl", 
                        "text": "It was love at first sight, I know\nFrom the way she looked at me\nHer eyes said it all\nLong days and nights, we spent, until she dropped the bomb on me\nWhen she said that she, was unhappily married with children"
                    }, 
                    {
                        "header": "(Carl)", 
                        "text hash": "dc035eed6b34c32388df769110a35910", 
                        "artist": "Carl", 
                        "text": "It hurts so bad, for sure, because she wants to be with me\nBut she can not be with me\nShe chose to stay, hey, at home\nSo they could be a family, for the children\nBut what about me"
                    }, 
                    {
                        "header": "(Shyne)", 
                        "text hash": "786c5550d6188a649d1bf7bceaa126b2", 
                        "artist": "Shyne", 
                        "text": "Who keep you fresh to depth, all types of things\nA bird if your ready, diamond-stud chain for ya belly\nHell and Tracey, your friends hate me\nCause I fucked half and the other half's tryna' date me "
                    }, 
                    {
                        "header": "(yup)\nDon't understand, I got a girl, you got a man\nYet everything moves smooth, cool, according to plan\nNever hold hands in public\nBut behind closed doors crack roulettes and punch\nEvery night we meet, same time, same sweet\nYou might be his wife but you know you're my freak\nAnd vice-versa, ain't out to hurt ya\nJust have a good time, Carl help me sing the lines\n\n(Carl)", 
                        "text hash": "6f959db1e0279ef4798bc3bfcd0e2aa7", 
                        "artist": "Carl", 
                        "text": "Ohhhhh, never at allllllll"
                    }
                ], 
                "hooks": [
                    {
                        "header": "(Hook - Carl Thomas)", 
                        "text hash": "1fcf76879c3d097e20be327e4e2dc837", 
                        "artist": "Carl", 
                        "text": "And I wish I never met her\nNever at all, even though I love her so\nAnd she got love for me, but she still belongs to someone else"
                    }, 
                    {
                        "header": "(Hook)", 
                        "text hash": "5fbbcf233042258faef3c9fd682cfe9c", 
                        "artist": "Thomas", 
                        "text": "Maybe in another life, things could be the way we both desire\n???"
                    }
                ]
            }, 
            "order": [
                "(LL talking - Clue background)", 
                "(LL, Prodigy, Shyne, it's the remix y'all, envy)", 
                "(Carl)", 
                "(Clue)", 
                "(Prodigy)", 
                "(Carl Thomas)", 
                "(Hook - Carl Thomas)", 
                "(Carl)", 
                "(Hook)", 
                "(Hook)", 
                "(Shyne)", 
                "(Carl)", 
                "(Hook to fade)"
            ], 
            "artist": "Thomas"
        }
    }
}