{
    "Fast/Slow": {
        "raw": "\n    \n  [Intro: Ti'Jean]\nFast, Slow\nPusha\nTi'Jean\nLets go\n\n[Hook: Ti\u2019Jean]\nAyo, She's working it fast. Working it slow\nWorking it like, she\u2019s working the pole\nWorking it like, she's working for cash\nWorking it good, Working it oh\n\nShe's working it fast, Working it slow\nWorking it like, she\u2019s working the pole\nWorking it like, she's working for cash\nWorking it good, Working it oh\n\n[Verse 1: Ti'Jean]\nFeels like I'm God reincarnated, Michelangelo flow\nI paint the motion pictures call me Davinci, Leonardo\nBlow up your fucking Gallardo\nNo, I show no \"Mercy\" to your Murci\u00e9lago\nNo, No, I don\u2019t give a shit\nEat it up like souffl\u00e9 you say, I\u2019m riding with your bitch\nTop down like toupee you say, I\u2019m riding with your chick\nShe say, say \u201cNo, Ti\u2019Jean I\u2019m so so ticklish.\u201d\nThen she started lick, lick, licking on my dick\nI came all up in her mouth, Riding down 95 South\nShe was working the stick shift, and I\u2019m trying to turn her out\nWorking her hands on the steering wheel\nCircular motion, ferris wheel, Say my name, How\u2019s it feel?\n\u201cTi\u2019Jean you so fuckin\u2019 real.\u201d\n\n[Hook: Ti\u2019Jean]\nAyo, She's working it fast, Working it slow\nWorking it like, she working the pole\nWorking it like, she\u2019s working for cash\nWorking it good, Working it oh\n\nShe's working it fast, Working it slow\nWorking it like, she working the pole\nWorking it like, she's working for cash\nWorking it good, Working it oh\n[X2]\n\n[Verse 2: Pusha T]\nShe was working it fast\nPop it, Lock it, Drop it, She was twerking that ass\nWorking for a profit, Now I\u2019m up in that ass, She look back to try and watch it\nThen I\u2019m up in a flash, Gotta go, I\u2019m bout my cash, Check it\nTwo doors, With no roof, Barefoot, that\u2019s no shoes\nThat\u2019s no rims, That\u2019s no Benz, That\u2019s no Jag, That\u2019s Aston, Martin\nAnd I\u2019m parking, Beep my horn as you\u2019re walking\nThen I hop out like its high school, bring the drop out and lets slide through\nDope game said \u201cI do.\u201d Life\u2019s a bitch, I said \u201cMine to.\u201d\nRed bone, with green eyes, and fat ass, named \u201cBayou\u201d\nEverything that I buy you, you work for, You twerk for\nYou drop low, You headstand, You headspin, You earn more\nWoo, I ain\u2019t tryna holla at you\nWoo, I just wanna throw these dollars at you\nWoo, I ain\u2019t nothing like them other rappers\nWoo, The only one you should be running after\n\n[Hook: Ti\u2019Jean]\nAyo, She's working it fast, Working it slow\nWorking it like, she working the pole\nWorking it like, she's working for cash\nWorking it good, Working it oh\n\nShe's working it fast, Working it slow\nWorking it like, she working the pole\nWorking it like, she's working for cash\nWorking it good, Working it oh\n[2x]\n\n[Verse 3: Ti'Jean]\nSo which one? Pick one, Any position, Call me missionary magician\nFulfilling erotic fantasies, so you can stop wishing\nI got your legs shaking and twitching, twerking while you climax\nTouching yourself when I rap, spin you around from the back\nShe getting so wet, She getting so wet, She flooded up the mattress\nWhat is this? Tantric, mind-blowing madness, Explosive sexual experiences\nYes you are the baddest\nIt feels so good, Feels so good, Its like I never had this\nSo spectacular, she ridin\u2019 me doing gymnastics splits\nHop up on this magic stick, I can tell you never felt this\nAll about you, I never quit, All about you, I\u2019m never quick\nI wanna lick lick lick you from your head to your toes, so, so, so\u2026\n\n[Hook: Ti\u2019Jean]\nAyo, She's working it fast, Working it slow\nWorking it like, she working the pole\nWorking it like, she's working for cash\nWorking it good, Working it oh\n\nShe's working it fast. Working it slow\nWorking it like she working the pole\nWorking it like she's working for cash\nWorking it good. Working it oh\n[2x]\n\n[Pusha T:]\nIt\u2019s as simple as that though you know\nIt\u2019s either Fast or Slow\nIt\u2019s whatever you good at though you know\nI like both ways baby\nKing Push\nYou gon\u2019 earn this motherfuckin\u2019 money though\n\n[Outro: Ti\u2019Jean]\nFast, Slow\nPG County, Maryland\nV.A\n\n\n\n\n  ", 
        "pro": {
            "features": [
                "Pusha T"
            ], 
            "blocks": {
                "verses": [
                    {
                        "header": "[Verse 1: Ti'Jean]", 
                        "text hash": "62ff20b24318254ddabccc94f08b2f8e", 
                        "artist": "Ti'Jean", 
                        "text": "Feels like I'm God reincarnated, Michelangelo flow\nI paint the motion pictures call me Davinci, Leonardo\nBlow up your fucking Gallardo\nNo, I show no \"Mercy\" to your Murci\u00e9lago\nNo, No, I don\u2019t give a shit\nEat it up like souffl\u00e9 you say, I\u2019m riding with your bitch\nTop down like toupee you say, I\u2019m riding with your chick\nShe say, say \u201cNo, Ti\u2019Jean I\u2019m so so ticklish.\u201d\nThen she started lick, lick, licking on my dick\nI came all up in her mouth, Riding down 95 South\nShe was working the stick shift, and I\u2019m trying to turn her out\nWorking her hands on the steering wheel\nCircular motion, ferris wheel, Say my name, How\u2019s it feel?\n\u201cTi\u2019Jean you so fuckin\u2019 real.\u201d"
                    }, 
                    {
                        "header": "[Verse 2: Pusha T]", 
                        "text hash": "20c48acfa0cbd814c22ad37fed54c3c3", 
                        "artist": "Pusha T", 
                        "text": "She was working it fast\nPop it, Lock it, Drop it, She was twerking that ass\nWorking for a profit, Now I\u2019m up in that ass, She look back to try and watch it\nThen I\u2019m up in a flash, Gotta go, I\u2019m bout my cash, Check it\nTwo doors, With no roof, Barefoot, that\u2019s no shoes\nThat\u2019s no rims, That\u2019s no Benz, That\u2019s no Jag, That\u2019s Aston, Martin\nAnd I\u2019m parking, Beep my horn as you\u2019re walking\nThen I hop out like its high school, bring the drop out and lets slide through\nDope game said \u201cI do.\u201d Life\u2019s a bitch, I said \u201cMine to.\u201d\nRed bone, with green eyes, and fat ass, named \u201cBayou\u201d\nEverything that I buy you, you work for, You twerk for\nYou drop low, You headstand, You headspin, You earn more\nWoo, I ain\u2019t tryna holla at you\nWoo, I just wanna throw these dollars at you\nWoo, I ain\u2019t nothing like them other rappers\nWoo, The only one you should be running after"
                    }, 
                    {
                        "header": "[Verse 3: Ti'Jean]", 
                        "text hash": "0f590e4e0d19ec5e65a91b62a20e1976", 
                        "artist": "Ti'Jean", 
                        "text": "So which one? Pick one, Any position, Call me missionary magician\nFulfilling erotic fantasies, so you can stop wishing\nI got your legs shaking and twitching, twerking while you climax\nTouching yourself when I rap, spin you around from the back\nShe getting so wet, She getting so wet, She flooded up the mattress\nWhat is this? Tantric, mind-blowing madness, Explosive sexual experiences\nYes you are the baddest\nIt feels so good, Feels so good, Its like I never had this\nSo spectacular, she ridin\u2019 me doing gymnastics splits\nHop up on this magic stick, I can tell you never felt this\nAll about you, I never quit, All about you, I\u2019m never quick\nI wanna lick lick lick you from your head to your toes, so, so, so\u2026"
                    }, 
                    {
                        "header": "[Pusha T:]", 
                        "text hash": "55f785872011c60cae22a52dc6886f96", 
                        "artist": "Pusha T", 
                        "text": "It\u2019s as simple as that though you know\nIt\u2019s either Fast or Slow\nIt\u2019s whatever you good at though you know\nI like both ways baby\nKing Push\nYou gon\u2019 earn this motherfuckin\u2019 money though"
                    }, 
                    {
                        "header": "[Outro: Ti\u2019Jean]", 
                        "text hash": "e56fbfc48d74dc9ef03bf747ebfb397c", 
                        "artist": "Ti\u2019Jean", 
                        "text": "Fast, Slow\nPG County, Maryland\nV.A\n\n\n\n\n  "
                    }
                ], 
                "hooks": [
                    {
                        "header": "[Hook: Ti\u2019Jean]", 
                        "text hash": "26a09f0f38d6d90431ef8bed5d7ca1da", 
                        "artist": "Ti\u2019Jean", 
                        "text": "Ayo, She's working it fast. Working it slow\nWorking it like, she\u2019s working the pole\nWorking it like, she's working for cash\nWorking it good, Working it oh\n\nShe's working it fast, Working it slow\nWorking it like, she\u2019s working the pole\nWorking it like, she's working for cash\nWorking it good, Working it oh"
                    }, 
                    {
                        "header": "[Hook: Ti\u2019Jean]", 
                        "text hash": "b6df3292645cfe5dfbe6ec6a003d4d7a", 
                        "artist": "Ti\u2019Jean", 
                        "text": "Ayo, She's working it fast, Working it slow\nWorking it like, she working the pole\nWorking it like, she\u2019s working for cash\nWorking it good, Working it oh\n\nShe's working it fast, Working it slow\nWorking it like, she working the pole\nWorking it like, she's working for cash\nWorking it good, Working it oh"
                    }, 
                    {
                        "header": "[Hook: Ti\u2019Jean]", 
                        "text hash": "771cdd51ad3db5dcfdbcdaedee646f05", 
                        "artist": "Ti\u2019Jean", 
                        "text": "Ayo, She's working it fast, Working it slow\nWorking it like, she working the pole\nWorking it like, she's working for cash\nWorking it good, Working it oh\n\nShe's working it fast, Working it slow\nWorking it like, she working the pole\nWorking it like, she's working for cash\nWorking it good, Working it oh"
                    }, 
                    {
                        "header": "[Hook: Ti\u2019Jean]", 
                        "text hash": "a58ff568e027e1fdcd15b87cbbd79c27", 
                        "artist": "Ti\u2019Jean", 
                        "text": "Ayo, She's working it fast, Working it slow\nWorking it like, she working the pole\nWorking it like, she's working for cash\nWorking it good, Working it oh\n\nShe's working it fast. Working it slow\nWorking it like she working the pole\nWorking it like she's working for cash\nWorking it good. Working it oh"
                    }
                ], 
                "intro": [
                    {
                        "header": "[Intro: Ti'Jean]", 
                        "text hash": "b2a310804fdb5189a4c0a876f35120d2", 
                        "artist": "Ti'Jean", 
                        "text": "Fast, Slow\nPusha\nTi'Jean\nLets go"
                    }
                ]
            }, 
            "order": [
                "[Intro: Ti'Jean]", 
                "[Hook: Ti\u2019Jean]", 
                "[Verse 1: Ti'Jean]", 
                "[Hook: Ti\u2019Jean]", 
                "[Verse 2: Pusha T]", 
                "[Hook: Ti\u2019Jean]", 
                "[Verse 3: Ti'Jean]", 
                "[Hook: Ti\u2019Jean]", 
                "[Pusha T:]", 
                "[Outro: Ti\u2019Jean]"
            ], 
            "artist": "Ti'Jean"
        }
    }
}