{
    "Delilah": {
        "raw": "\n    \n  [Verse 1: Timomatic]\nShe wants to make it in the city\nShe always coming to the show\nSoon as the lights go down\nShe waiting for me at the door\nShe doesn't care that I'm taken\nShe likes it better this way\nMy mind's yelling just run\nBut my body's wanted her to stay\n\n[Bridge: Timomatic]\nOh girl, I'm faded\nAnd I can't take it\nI wanna have ya in the worst way, baby\nWhat am I sayin', misbehavin'\nDefense is failin'\n\n[Hook: Timomatic]\nI'm falling for your love\nDelilah (2x)\nGirl, you're killing me\nDon't need it, or want it (3x)\nDon't need it\nI'm dying from your touch\nDelilah (2x)\nBut I don't wanna leave\nDon't need it, or want it (3x)\nDon't need it\nI'm falling for your love\n\n[Verse 2: Pusha T]\nI don't blame her\nI don't change her\nI just sit back and give her options\nShoe-shopping, bag-buying\nColorschemes will be the only problem (What color)\nShooting guard or a man on fire\nType a nigga with a moneybag\nAnd a little swag, if you plan on tryin'\nMan, keep it low, keep it quiet\nPhone ring and she on silent\nLove my girl, leave her more than asked\nShe's in my home at a decent hour\nAin't no fun if it ain't no balance\nAin't no chase if it ain't no challenge\nJuggle bone is like a circus act\nCalled ''dig candy'', cause she got talent\n\n[Hook]\n\n[Bridge]\n\n[Hook]\n\n\n\n\n  ", 
        "pro": {
            "features": [
                "Pusha T"
            ], 
            "blocks": {
                "verses": [
                    {
                        "header": "[Verse 1: Timomatic]", 
                        "text hash": "df835263b93e0ef7d04911715da68cdb", 
                        "artist": "Timomatic", 
                        "text": "She wants to make it in the city\nShe always coming to the show\nSoon as the lights go down\nShe waiting for me at the door\nShe doesn't care that I'm taken\nShe likes it better this way\nMy mind's yelling just run\nBut my body's wanted her to stay"
                    }, 
                    {
                        "header": "[Verse 2: Pusha T]", 
                        "text hash": "569ecc4b32821bf2ebad7c05d9948b7d", 
                        "artist": "Pusha T", 
                        "text": "I don't blame her\nI don't change her\nI just sit back and give her options\nShoe-shopping, bag-buying\nColorschemes will be the only problem (What color)\nShooting guard or a man on fire\nType a nigga with a moneybag\nAnd a little swag, if you plan on tryin'\nMan, keep it low, keep it quiet\nPhone ring and she on silent\nLove my girl, leave her more than asked\nShe's in my home at a decent hour\nAin't no fun if it ain't no balance\nAin't no chase if it ain't no challenge\nJuggle bone is like a circus act\nCalled ''dig candy'', cause she got talent"
                    }
                ], 
                "hooks": [
                    {
                        "header": "[Hook: Timomatic]", 
                        "text hash": "bce5b85eee3dc69d4633ed68db41a79d", 
                        "artist": "Timomatic", 
                        "text": "I'm falling for your love\nDelilah (2x)\nGirl, you're killing me\nDon't need it, or want it (3x)\nDon't need it\nI'm dying from your touch\nDelilah (2x)\nBut I don't wanna leave\nDon't need it, or want it (3x)\nDon't need it\nI'm falling for your love"
                    }
                ], 
                "bridge": [
                    {
                        "header": "[Bridge: Timomatic]", 
                        "text hash": "0a6ebe6556ca104fd26923247ec3d726", 
                        "artist": "Timomatic", 
                        "text": "Oh girl, I'm faded\nAnd I can't take it\nI wanna have ya in the worst way, baby\nWhat am I sayin', misbehavin'\nDefense is failin'"
                    }
                ]
            }, 
            "order": [
                "[Verse 1: Timomatic]", 
                "[Bridge: Timomatic]", 
                "[Hook: Timomatic]", 
                "[Verse 2: Pusha T]", 
                "[Hook]", 
                "[Bridge]", 
                "[Hook]"
            ], 
            "artist": "Timomatic"
        }
    }
}