{
    "'Till I'm Gone (Drumma Boy Remix)": {
        "raw": "\n    \n  [Hook: Wiz Khalifa]\nI grew tired of the same, then one night, packed my things\nTold the one I love I\u2019ll be back one day\nThrough the fight, through the pain, booked a flight, took a plane\nTold her not to cry, I\u2019ll be back one day\nBeen dreaming this since I was young\nSo baby girl I\u2019ll be going till I\u2019m gone (gone)\nTill I\u2019m gone (gone)\n\n[Verse 1: Tinie Tempah]\nCan\u2019t see me bitch, I\u2019m something you will never know\nI\u2019m a star, you need a motherfucking telescope\nDoing numbers, punching in the telephones\nI give em line after line like I\u2019m selling coke\nI\u2019m well connected like a nigga with a modem\nAnd these bitches know I ball that's why these bitches on my scrotum\nFlying right across the ocean bumping Frank and Billy Ocean\nOn a private jet they let a nigga smoke in, think I\u2019m joking?\nCome and play, pour out another bottle\nBring your girls round and let's turn my apartment to a brothel\nI do this shit for real, blowing up the clubs\nAnd when they see the bottles then them niggas know it\u2019s us, motherfucker\n\n[Hook]\n\n[Verse 2: Pusha T]\nYeah, you see I\u2019m back like I never left\nThem haters stay, see they never left\nI\u2019m selling dope over treble clefs\nWrist looking like a treasure chest\nHella pads and hella jets\nWe fly, back seats we drive\nHotel's attire, next stop Dubai\nTell em whores \u201cbye bye\u201d\nWe getting at this money at the moment\nThe drop SLS is just a bonus\nPush with Tinie Tempah, better watch ya temper\nThe holder of that gun got a heart like December\nSo roll with the winners or move out the way of the storm\nCause I\u2019m coming for all crowns till the day that I\u2019m gone\nNever gone\n\n[Hook]\n\n[Verse 3: Jim Jones]\nSpent summers, Harlem world, spent summers in Miami\nAtlanta stripper girls got my gun up in the Grammys\nAnd I be buying time, just like my Audemar\nYou catch us flying by inside them foreign cars\nMy sneakers from uptown, my diamonds from the district\nAnd when I be uptown, you know I got the biscuit\nSo crack another bottle, light another blunt\nMommy looking good, see that ass from the front\nShe going to the back, but that\u2019s not the trunk\nShe had some Louis luggage, put your bags up in the front\nYou catch us in the kitchen, and we be cooking powder\nThese niggas ain't fresher if you put \u2018em in the shower\n\n[Hook]\n\n\n\n\n  ", 
        "pro": {
            "features": [
                "Jim Jones", 
                "Pusha T", 
                "Wiz Khalifa"
            ], 
            "producers": [
                "Drumma Boy", 
                "StarGate"
            ], 
            "blocks": {
                "verses": [
                    {
                        "header": "[Verse 1: Tinie Tempah]", 
                        "text hash": "8037936d21695d889c67ad4b5200f7d0", 
                        "artist": "Tinie Tempah", 
                        "text": "Can\u2019t see me bitch, I\u2019m something you will never know\nI\u2019m a star, you need a motherfucking telescope\nDoing numbers, punching in the telephones\nI give em line after line like I\u2019m selling coke\nI\u2019m well connected like a nigga with a modem\nAnd these bitches know I ball that's why these bitches on my scrotum\nFlying right across the ocean bumping Frank and Billy Ocean\nOn a private jet they let a nigga smoke in, think I\u2019m joking?\nCome and play, pour out another bottle\nBring your girls round and let's turn my apartment to a brothel\nI do this shit for real, blowing up the clubs\nAnd when they see the bottles then them niggas know it\u2019s us, motherfucker"
                    }, 
                    {
                        "header": "[Verse 2: Pusha T]", 
                        "text hash": "848eaeb5fe96a212a47d1ee6e4f93090", 
                        "artist": "Pusha T", 
                        "text": "Yeah, you see I\u2019m back like I never left\nThem haters stay, see they never left\nI\u2019m selling dope over treble clefs\nWrist looking like a treasure chest\nHella pads and hella jets\nWe fly, back seats we drive\nHotel's attire, next stop Dubai\nTell em whores \u201cbye bye\u201d\nWe getting at this money at the moment\nThe drop SLS is just a bonus\nPush with Tinie Tempah, better watch ya temper\nThe holder of that gun got a heart like December\nSo roll with the winners or move out the way of the storm\nCause I\u2019m coming for all crowns till the day that I\u2019m gone\nNever gone"
                    }, 
                    {
                        "header": "[Verse 3: Jim Jones]", 
                        "text hash": "eb3708468de8b816d6f1cba0c16179db", 
                        "artist": "Jim Jones", 
                        "text": "Spent summers, Harlem world, spent summers in Miami\nAtlanta stripper girls got my gun up in the Grammys\nAnd I be buying time, just like my Audemar\nYou catch us flying by inside them foreign cars\nMy sneakers from uptown, my diamonds from the district\nAnd when I be uptown, you know I got the biscuit\nSo crack another bottle, light another blunt\nMommy looking good, see that ass from the front\nShe going to the back, but that\u2019s not the trunk\nShe had some Louis luggage, put your bags up in the front\nYou catch us in the kitchen, and we be cooking powder\nThese niggas ain't fresher if you put \u2018em in the shower"
                    }
                ], 
                "hooks": [
                    {
                        "header": "[Hook: Wiz Khalifa]", 
                        "text hash": "324c82538a7182d313a9c94169b380c1", 
                        "artist": "Wiz Khalifa", 
                        "text": "I grew tired of the same, then one night, packed my things\nTold the one I love I\u2019ll be back one day\nThrough the fight, through the pain, booked a flight, took a plane\nTold her not to cry, I\u2019ll be back one day\nBeen dreaming this since I was young\nSo baby girl I\u2019ll be going till I\u2019m gone (gone)\nTill I\u2019m gone (gone)"
                    }
                ]
            }, 
            "order": [
                "[Hook: Wiz Khalifa]", 
                "[Verse 1: Tinie Tempah]", 
                "[Hook]", 
                "[Verse 2: Pusha T]", 
                "[Hook]", 
                "[Verse 3: Jim Jones]", 
                "[Hook]"
            ], 
            "artist": "Tinie Tempah"
        }
    }
}