{
    "Quintana (Remix)": {
        "raw": "\n    \n  [Hook]\nStraight from Mexico, call her Quintana\nDamn she smoke my dope, swear to God we go Rambo\nIf you disrespect the dope, straight from Mexico call her Quintana\nDamn she smoke my dope, swear to God we go Rambo\nIf you disrespect the dope...\n\n[Verse 1: Quavo]\nMy bitch she bad, she foreign, she cookin', she trappin', Quintana\nBut if she smoke my dope, I'mma hang her on a rope\nShe naked she cooking the coke, put it on a boat\nThe gas is coming from mexico, Rambo\nCome with a plug with the pounds and bowl\nThese hoes cannot take my soul\nMy niggas be hitting them juugs and licks\nMy nigga be flippin' the bricks\nExcuse me I take a shit\nSkrrt, I juggled a chick\nI pull up in jags and rovers and benzes\nMy nigga we trappin', we rich\n\n[Hook]\n\n[Verse 2: Takeoff]\nCall it Quintana I got a bitch cooking Madonna she look like Rihanna\nGot flavors like I'm Willy Wonka, no Tarzan I trap in the jungle\nI'm whippin' and whippin' and flippin' and flippin'\nI'm in the kitchen cookin' infants\nThe twins I'm whippin, Mary and Ashely\nGot my jar smellin like chitlins\n\u201cMy niggas we vicious no Sid\nI\u2019m bustin' I\u2019m strapped and I\u2019m Billy the Kid.\u201d\nAnd I'm sippin' on lean, two cups no lid\nWhat you rap about I did\nForgive for sinning, I talk to the Lord I know what I did but I was a kid\nYoung Rich Nigga, I set the trend\nTalkin' bout Benjamins, then I want in\n\n[Bridge: A$AP Bari]\nLa Flame, don't play no games\nThese niggas is lames\nThis niggas ain't lords, we the new lords\n(Mercy me, oh, mercy me)\n(Mercy me, oh, mercy me)\n(Mercy me, oh, mercy me)\n\n[Hook]\n\n\n\n\n  ", 
        "pro": {
            "features": [
                "Migos"
            ], 
            "blocks": {
                "verses": [
                    {
                        "header": "[Verse 1: Quavo]", 
                        "text hash": "57365d9571dc3bb7f23561e4c26c7b80", 
                        "artist": "Quavo", 
                        "text": "My bitch she bad, she foreign, she cookin', she trappin', Quintana\nBut if she smoke my dope, I'mma hang her on a rope\nShe naked she cooking the coke, put it on a boat\nThe gas is coming from mexico, Rambo\nCome with a plug with the pounds and bowl\nThese hoes cannot take my soul\nMy niggas be hitting them juugs and licks\nMy nigga be flippin' the bricks\nExcuse me I take a shit\nSkrrt, I juggled a chick\nI pull up in jags and rovers and benzes\nMy nigga we trappin', we rich"
                    }, 
                    {
                        "header": "[Verse 2: Takeoff]", 
                        "text hash": "cd4924e66ee208ffd9de66e8d517f3a4", 
                        "artist": "Takeoff", 
                        "text": "Call it Quintana I got a bitch cooking Madonna she look like Rihanna\nGot flavors like I'm Willy Wonka, no Tarzan I trap in the jungle\nI'm whippin' and whippin' and flippin' and flippin'\nI'm in the kitchen cookin' infants\nThe twins I'm whippin, Mary and Ashely\nGot my jar smellin like chitlins\n\u201cMy niggas we vicious no Sid\nI\u2019m bustin' I\u2019m strapped and I\u2019m Billy the Kid.\u201d\nAnd I'm sippin' on lean, two cups no lid\nWhat you rap about I did\nForgive for sinning, I talk to the Lord I know what I did but I was a kid\nYoung Rich Nigga, I set the trend\nTalkin' bout Benjamins, then I want in"
                    }
                ], 
                "hooks": [
                    {
                        "header": "[Hook]", 
                        "text hash": "0ff18cde460177028890e4eecb7d88a6", 
                        "artist": "Travi$ Scott", 
                        "text": "Straight from Mexico, call her Quintana\nDamn she smoke my dope, swear to God we go Rambo\nIf you disrespect the dope, straight from Mexico call her Quintana\nDamn she smoke my dope, swear to God we go Rambo\nIf you disrespect the dope..."
                    }
                ], 
                "bridge": [
                    {
                        "header": "[Bridge: A$AP Bari]", 
                        "text hash": "eb28c360b384c94cb39d170b7de30ecc", 
                        "artist": "A$AP Bari", 
                        "text": "La Flame, don't play no games\nThese niggas is lames\nThis niggas ain't lords, we the new lords\n(Mercy me, oh, mercy me)\n(Mercy me, oh, mercy me)\n(Mercy me, oh, mercy me)"
                    }
                ]
            }, 
            "order": [
                "[Hook]", 
                "[Verse 1: Quavo]", 
                "[Hook]", 
                "[Verse 2: Takeoff]", 
                "[Bridge: A$AP Bari]", 
                "[Hook]"
            ], 
            "artist": "Travi$ Scott"
        }
    },
    "Sloppy Toppy": {
        "raw": "\n    \n  [Sample]\n\n[Verse 1: Quavo]\nShe see me pull up in that 'Rari\nI'm thinkin' 'bout choppin' the toppy\nGot bitches on bitches, they run 'round the lobby\nThey know that I got it\nI got too much money signs, sorry can't fit in my wallet\nSloppy toppy, you can't touch my wallet\nSloppy toppy know the bitches got it\nKnow that she got it\nKnow that she got it\nSloppy toppy, sloppy toppy, uh\nKnow that she got it\nKnow that she got it\nSloppy toppy, bet the bitch has got it\nSloppy toppy, bet that bitch has got it\n\n[Verse 2: Travis Scott]\nMigos they know that I got it\nKnow that my wristwatch is sloppy\nNow they want a double dutch in my pockets\nTell me one thing, is she 'bout it? Girl is you 'bout it?\nGotta know before we let you tip toe and run through the lobby (fuck is you sayin'?)\nBut the little bitty told me sloppy toppy was a hobby\nSo she got me sloppy toppy like the sloppy toppy Goddess\nOver the garden, over the garden, oh what a goddess\nOn my province, we don't do massages, just \"m\u00e9nages\"\nShe like to talk shit when we fuck, after she claims she forgot it\nShe don't tap out, no tap out, she rather just black out\nThen we take trips to her trap house\nWe been pullin' them stacks out\nCall over your friends, bend over, they poppin' for bands\nCan't stop if I can, no I do not do beer cans, fuck is this a frat house?\n\n[Bridge: Travis Scott & Quavo]\nI know that she got it, Quavo know that she got it\nI know that she got it, I know that she got it, I know that she got it\n\n[Verse 3: Quavo]\nI pull up and pick her up, get her bruh\nI know that she bad\nAnd I know that the head is so good when she got around\nI know that we call her the sloppy toppy\nMy pockets so sloppy\nI pull out the whopper, the chopper\nJust know that's who shot ya\nMe, pull up in that 'Rari I don't have a key\nShe hop in the whip, disappear like a genie\n\n[Verse 4: Takeoff]\nShe got the sloppy toppy, bitches want my broccoli\nShe after my money, Monopoly\nThem twitter bitches wanna follow me\nI make 'em swallow me then kick 'em off of my property\nPaparazzi keep on stalkin' me\nFeel like the Federali's keep on watchin' me\nWorth 100 mil, niggas can't talk to me\nGet sloppy toppy, but you givin' currency\nI make your bitch work for me, she at the Doubletree\nChopping strong, OG gas bags of that Hercules\nI'm whipping the top off the Audi, do surgery\nRed on the bottom, my shoes it's a murder scene\nI don't want your bitch she a natnat\nPull up in the Audi, it's a hatchback\nKickin', pimpin' and I'm luxury livin'\nMakin' it disappear, I'm a magician\n\n[Hook: Quavo]\nKnow that the bad bitch got it\nKnow that she got it, I know that she got it, I know that she got it\nKnow that the bad bitch got it\nKnow that she got it, I know that she got it, I know that she got it\n\n[Verse 5: PeeWee Longway]\nSloppy in the wrist and all my pockets\nCome here lil bitch, I want sloppy toppy\nButt naked, fuckin' in Balenciaga\nHer pussy wet, I call it Fiji water\nI know she got it, I'ma beat it for her\nThen I dismiss the bitch and ignore her\nThey know I got it, I'm at the top floor\nBlue Benjamins on me, no dubs\nDuffle bag filled up like I'm Money Mayweather\nBoogers in my Rollie, Pikachu yellow\nPick a shoe, Balenci, Maison Margiela\nPick a big bezel, which bezel is better?\nMy jeweler know I got big cheddar\nDouble Lambo, double parking wherever\nDouble R ghost jump out with an umbrella\nCome with me, we take off like space shuttles\nLongway, Longway\n\n[Hook]\n\n[Verse 6: Offset]\nSloppy toppy in the Maserati\nShe gone get on top me, ride me like a Harley\nI don't fuck with the molly, look at her body\nShe a hottie like a bag of Takis\nBeat the pussy like I'm Pacquiao\nSqueeze the nipples like you milk a cow\nPull up in the car that she can't pronounce\nDick in her mouth, you'd think she got a root canal\n30 thousand for her Birkin\nFat booty, shawty perfect\nShe gag on the dick and she burpin'\nShe swallow my kids like a slurpee\nGood brains, she nerdy\nI'm wonderin' what is her purpose\nWhen I get around her I get nervous\nLittle momma, she clean like detergent\n\n[Hook]\n\n\n\n\n  ", 
        "pro": {
            "features": [
                "Migos", 
                "PeeWee Longway"
            ], 
            "blocks": {
                "verses": [
                    {
                        "header": "[Verse 1: Quavo]", 
                        "text hash": "9874e7f0f537e7d0f1cdfc8e3a79c1f5", 
                        "artist": "Quavo", 
                        "text": "She see me pull up in that 'Rari\nI'm thinkin' 'bout choppin' the toppy\nGot bitches on bitches, they run 'round the lobby\nThey know that I got it\nI got too much money signs, sorry can't fit in my wallet\nSloppy toppy, you can't touch my wallet\nSloppy toppy know the bitches got it\nKnow that she got it\nKnow that she got it\nSloppy toppy, sloppy toppy, uh\nKnow that she got it\nKnow that she got it\nSloppy toppy, bet the bitch has got it\nSloppy toppy, bet that bitch has got it"
                    }, 
                    {
                        "header": "[Verse 2: Travis Scott]", 
                        "text hash": "70f480ed5ee13931a7f3ef12272334df", 
                        "artist": "Travis Scott", 
                        "text": "Migos they know that I got it\nKnow that my wristwatch is sloppy\nNow they want a double dutch in my pockets\nTell me one thing, is she 'bout it? Girl is you 'bout it?\nGotta know before we let you tip toe and run through the lobby (fuck is you sayin'?)\nBut the little bitty told me sloppy toppy was a hobby\nSo she got me sloppy toppy like the sloppy toppy Goddess\nOver the garden, over the garden, oh what a goddess\nOn my province, we don't do massages, just \"m\u00e9nages\"\nShe like to talk shit when we fuck, after she claims she forgot it\nShe don't tap out, no tap out, she rather just black out\nThen we take trips to her trap house\nWe been pullin' them stacks out\nCall over your friends, bend over, they poppin' for bands\nCan't stop if I can, no I do not do beer cans, fuck is this a frat house?"
                    }, 
                    {
                        "header": "[Verse 3: Quavo]", 
                        "text hash": "f65a08ea8cb8f3834e7da6ac844ae09a", 
                        "artist": "Quavo", 
                        "text": "I pull up and pick her up, get her bruh\nI know that she bad\nAnd I know that the head is so good when she got around\nI know that we call her the sloppy toppy\nMy pockets so sloppy\nI pull out the whopper, the chopper\nJust know that's who shot ya\nMe, pull up in that 'Rari I don't have a key\nShe hop in the whip, disappear like a genie"
                    }, 
                    {
                        "header": "[Verse 4: Takeoff]", 
                        "text hash": "7df9e217ebaa843023a5c079a4441aa2", 
                        "artist": "Takeoff", 
                        "text": "She got the sloppy toppy, bitches want my broccoli\nShe after my money, Monopoly\nThem twitter bitches wanna follow me\nI make 'em swallow me then kick 'em off of my property\nPaparazzi keep on stalkin' me\nFeel like the Federali's keep on watchin' me\nWorth 100 mil, niggas can't talk to me\nGet sloppy toppy, but you givin' currency\nI make your bitch work for me, she at the Doubletree\nChopping strong, OG gas bags of that Hercules\nI'm whipping the top off the Audi, do surgery\nRed on the bottom, my shoes it's a murder scene\nI don't want your bitch she a natnat\nPull up in the Audi, it's a hatchback\nKickin', pimpin' and I'm luxury livin'\nMakin' it disappear, I'm a magician"
                    }, 
                    {
                        "header": "[Verse 5: PeeWee Longway]", 
                        "text hash": "e97f0072af9ea3b42ddece5cfd452bd7", 
                        "artist": "PeeWee Longway", 
                        "text": "Sloppy in the wrist and all my pockets\nCome here lil bitch, I want sloppy toppy\nButt naked, fuckin' in Balenciaga\nHer pussy wet, I call it Fiji water\nI know she got it, I'ma beat it for her\nThen I dismiss the bitch and ignore her\nThey know I got it, I'm at the top floor\nBlue Benjamins on me, no dubs\nDuffle bag filled up like I'm Money Mayweather\nBoogers in my Rollie, Pikachu yellow\nPick a shoe, Balenci, Maison Margiela\nPick a big bezel, which bezel is better?\nMy jeweler know I got big cheddar\nDouble Lambo, double parking wherever\nDouble R ghost jump out with an umbrella\nCome with me, we take off like space shuttles\nLongway, Longway"
                    }, 
                    {
                        "header": "[Verse 6: Offset]", 
                        "text hash": "5c886efb2727043410bef10f4f1123d5", 
                        "artist": "Offset", 
                        "text": "Sloppy toppy in the Maserati\nShe gone get on top me, ride me like a Harley\nI don't fuck with the molly, look at her body\nShe a hottie like a bag of Takis\nBeat the pussy like I'm Pacquiao\nSqueeze the nipples like you milk a cow\nPull up in the car that she can't pronounce\nDick in her mouth, you'd think she got a root canal\n30 thousand for her Birkin\nFat booty, shawty perfect\nShe gag on the dick and she burpin'\nShe swallow my kids like a slurpee\nGood brains, she nerdy\nI'm wonderin' what is her purpose\nWhen I get around her I get nervous\nLittle momma, she clean like detergent"
                    }
                ], 
                "hooks": [
                    {
                        "header": "[Hook: Quavo]", 
                        "text hash": "80a910b5713850accf74f7cdcd774b37", 
                        "artist": "Quavo", 
                        "text": "Know that the bad bitch got it\nKnow that she got it, I know that she got it, I know that she got it\nKnow that the bad bitch got it\nKnow that she got it, I know that she got it, I know that she got it"
                    }
                ], 
                "bridge": [
                    {
                        "header": "[Bridge: Travis Scott & Quavo]", 
                        "text hash": "5b049a8ed565fd61769b203cd740a52e", 
                        "artist": "Travis Scott & Quavo", 
                        "text": "I know that she got it, Quavo know that she got it\nI know that she got it, I know that she got it, I know that she got it"
                    }
                ]
            }, 
            "order": [
                "[Sample]", 
                "[Verse 1: Quavo]", 
                "[Verse 2: Travis Scott]", 
                "[Bridge: Travis Scott & Quavo]", 
                "[Verse 3: Quavo]", 
                "[Verse 4: Takeoff]", 
                "[Hook: Quavo]", 
                "[Verse 5: PeeWee Longway]", 
                "[Hook]", 
                "[Verse 6: Offset]", 
                "[Hook]"
            ], 
            "artist": "Travi$ Scott"
        }
    }
}