{
    "Fight Night (Remix)": {
        "raw": "\n    \n  [Intro:]\nIf you know me know this ain't my feng shui\nCertified everywhere, ain't gotta print my resume\nTalking crazy, I pull up andele\nR.I.P to Nate Dogg, I had to regulate\n\nPublic Service Announcement\nWhere all my rich niggas at man?\nMIGO!\n\n[Hook: Takeoff]\nBroke niggas stand to the left\nMy rich niggas stand to the right\nLil' mamma, she keep looking at me (lil' mama!)\nIm'a knock the pussy out like fight night\nHit it with the left, hit with the right\nIm'a knock the pussy out like fight night\nBeat it with the left, beat it with the right\nIm'a knock the pussy out like fight night\n\n[Verse 1: Tyga]\nPack the pussy out, Pacquiao\nPut a pussy in his place, throw it like a paper route\nPussy on a stand, my bitch'll never testify\nWe ain't never vibe, like the mag it's all blurred lines\nWho the fuck wanted pussy? Punch you in your good eye\nGo the all time, role with me then it's genocide\nPoor bitches down to ride, big booty, tender lines\nAll whip, they never lies (?)\nI pastor, I'm the reverend now\nYoung Jones, Spike Lee with this king shit\nTap the face, Mike Tyson, real Tyga in the crib\nShit, sitting on sixes, I started this king shit\nThis the motherfuckin' thanks I get? Bitch\n\n[Hook:]\n\n[Bridge:]\nIf you know me know this ain't my feng shui\nCertified everywhere, ain't gotta print my resume\nTalking crazy, I pull up andele\nR.I.P to Nate Dogg, I had to regulate\n\n[Verse 2: Takeoff]\nIf you know me know this ain't my feng shui\nCertified everywhere, ain't gotta print my resume\nTalking crazy, I pull up andele\nR.I.P to Nate Dogg, I had to regulate\nPocket rocket fire, watch him disintegrate\nIt's a truckload coming on the interstate\nSirloin steak all on my dinner plate\nYour main bitch say she wanna make a sex tape\nRich nigga, I could never be a broke nigga (rich nigga)\nBroke niggas I can never get along with them!\nAlways been hated since a little nigga (always)\nIt's forever pussy nigga gotta deal with it (rich nigga!)\n\n[Hook:]\n\n[Verse 3: Quavo]\nFloat like a butterly, sting like a bee\nRumble young nigga rumble!\nLil' mamma want a nigga like me in the sheets\nIce cube knock it out like Deebo\nNow who's that talking that gangsta shit?\nSomebody gonna kick your ass\nWhen I walk up in the club I better make a thunderstorm\nLet them know that this a whole lot of cash\nRich niggas on the right all night (rich nigga)\nBroke niggas to the left by yourself (brokanese)\nNow who the hell just said that the roof on fire?\nCall 911 like Wyclef\n\n[Hook:]\n\n\n\n\n  ", 
        "pro": {
            "features": [
                "Migos"
            ], 
            "blocks": {
                "verses": [
                    {
                        "header": "[Verse 1: Tyga]", 
                        "text hash": "68bfaa17b06e01f3620c771361b41591", 
                        "artist": "Tyga", 
                        "text": "Pack the pussy out, Pacquiao\nPut a pussy in his place, throw it like a paper route\nPussy on a stand, my bitch'll never testify\nWe ain't never vibe, like the mag it's all blurred lines\nWho the fuck wanted pussy? Punch you in your good eye\nGo the all time, role with me then it's genocide\nPoor bitches down to ride, big booty, tender lines\nAll whip, they never lies (?)\nI pastor, I'm the reverend now\nYoung Jones, Spike Lee with this king shit\nTap the face, Mike Tyson, real Tyga in the crib\nShit, sitting on sixes, I started this king shit\nThis the motherfuckin' thanks I get? Bitch"
                    }, 
                    {
                        "header": "[Verse 2: Takeoff]", 
                        "text hash": "d5900ad71774208b66c2a75906fa1c0b", 
                        "artist": "Takeoff", 
                        "text": "If you know me know this ain't my feng shui\nCertified everywhere, ain't gotta print my resume\nTalking crazy, I pull up andele\nR.I.P to Nate Dogg, I had to regulate\nPocket rocket fire, watch him disintegrate\nIt's a truckload coming on the interstate\nSirloin steak all on my dinner plate\nYour main bitch say she wanna make a sex tape\nRich nigga, I could never be a broke nigga (rich nigga)\nBroke niggas I can never get along with them!\nAlways been hated since a little nigga (always)\nIt's forever pussy nigga gotta deal with it (rich nigga!)"
                    }, 
                    {
                        "header": "[Verse 3: Quavo]", 
                        "text hash": "cc424e8c930d3f4b9cce548bcb1248aa", 
                        "artist": "Quavo", 
                        "text": "Float like a butterly, sting like a bee\nRumble young nigga rumble!\nLil' mamma want a nigga like me in the sheets\nIce cube knock it out like Deebo\nNow who's that talking that gangsta shit?\nSomebody gonna kick your ass\nWhen I walk up in the club I better make a thunderstorm\nLet them know that this a whole lot of cash\nRich niggas on the right all night (rich nigga)\nBroke niggas to the left by yourself (brokanese)\nNow who the hell just said that the roof on fire?\nCall 911 like Wyclef"
                    }
                ], 
                "hooks": [
                    {
                        "header": "[Hook: Takeoff]", 
                        "text hash": "2bc6939627b193d46ce57fe03160f2db", 
                        "artist": "Takeoff", 
                        "text": "Broke niggas stand to the left\nMy rich niggas stand to the right\nLil' mamma, she keep looking at me (lil' mama!)\nIm'a knock the pussy out like fight night\nHit it with the left, hit with the right\nIm'a knock the pussy out like fight night\nBeat it with the left, beat it with the right\nIm'a knock the pussy out like fight night"
                    }
                ], 
                "intro": [
                    {
                        "header": "[Intro:]", 
                        "text hash": "2418f84f4421b76af5a4a039fbc68335", 
                        "artist": "Tyga", 
                        "text": "If you know me know this ain't my feng shui\nCertified everywhere, ain't gotta print my resume\nTalking crazy, I pull up andele\nR.I.P to Nate Dogg, I had to regulate\n\nPublic Service Announcement\nWhere all my rich niggas at man?\nMIGO!"
                    }
                ], 
                "bridge": [
                    {
                        "header": "[Bridge:]", 
                        "text hash": "03a0f670e98f2d838ca517b338a478b1", 
                        "artist": "Tyga", 
                        "text": "If you know me know this ain't my feng shui\nCertified everywhere, ain't gotta print my resume\nTalking crazy, I pull up andele\nR.I.P to Nate Dogg, I had to regulate"
                    }
                ]
            }, 
            "order": [
                "[Intro:]", 
                "[Hook: Takeoff]", 
                "[Verse 1: Tyga]", 
                "[Hook:]", 
                "[Bridge:]", 
                "[Verse 2: Takeoff]", 
                "[Hook:]", 
                "[Verse 3: Quavo]", 
                "[Hook:]"
            ], 
            "artist": "Tyga"
        }
    },
    "Wake Up In It": {
        "raw": "\n    \n  [Hook: Sean Kingston]\nSo what's it gonna be now?\nGirl I'm tryna wake up in it\nSo don't fall asleep now\nGirl I'm tryna wake up in it\nFall asleep, fall asleep now\nGirl I'm tryna wake up in it\nFall asleep, fall asleep now\nGirl I'm tryna wake up in it\n\n[Post Hook: French Montana]\nAll I do is get, get money\nAll I'm tryna do is get, get, get money\nTryna fall asleep, too much Henny and Patron\nBut can I hit it in the morning?\n\n[Verse 1: Tyga]\nI'm two Maybachs in it\nYou are looking at a meal ticket\nRaw in the kitchen, make T-Raw for a livin'\nShe said I'm too good? That's just how I'm livin'\nRich gang getter, flat rate, for a hook-up\nSame price as a hooker\nThis could leave her limp, nookie, rock and roll the pussy\nGeno Smith, I'm no rookie, don't push me\nPusha, Mally, French that's king shit\nRare that you see this, pyramids of Giza\nBlack Am Ex, no Visa, I rain on that bitch like sprinklers\nTop back, it's winner season\nD. Rose in the Rolls Royce\nI am these ho's number one choice\nI hit the club, bitches get moist\nYou hit the club: no noise\n\n[Hook + Post Hook]\n\n[Bridge: Sean Kingston]\nBet she want a dude like me\nAfter the club, but you can't go to sleep\nGirl, I can see it in your eyes, you never take a trip overseas\nI wanna wake up in it, baby let's go\nSo no time for sleeping, yeah you know\n\n[Verse 3: Mally Mall]\nI hit it like it's business\nYou can call your friend, be a witness\nMurder that, no feelin's\nI go to sleep, and wake up in it\nGet it if I want it\nRoll up in it, two M's on it\nPush up on it, I put Pusha on it\nGo to sleep in it, then I hit it in the morning\n\n[Hook + Post Hook]\n\n[Verse 4: Pusha T]\nCan I hit it in the morning?\nWith two in the bed like B.I.G. had a warnin'\nAfter the club, you know who she calling\nCause up in the club, you know he was balling\nYUUGH, King Push on his king pin\nKing stunna, Last Kings, king them\n(Crown), Rolex on every wrist\nCrew full of money, drop checks on every bitch\nYeah, I'm tryna wake up with it\nSoon as I roll over: wake up, hit it\nBacks to the corner as I rake up digits\nTime is money, you know you can't make up minutes\nSo what's it gonna be; I'm dropping or you dropping\nMy top or your top: two options\nDon't fall asleep\nAnd miss the benefits of shot caller\nKing Push\n\n[Hook]\n\n\n\n\n  ", 
        "pro": {
            "features": [
                "French Montana", 
                "Mally Mall", 
                "Pusha T", 
                "Sean Kingston"
            ], 
            "producers": [
                "Nic Nac"
            ], 
            "blocks": {
                "verses": [
                    {
                        "header": "[Verse 1: Tyga]", 
                        "text hash": "8b531926afd70448e037931668b5261f", 
                        "artist": "Tyga", 
                        "text": "I'm two Maybachs in it\nYou are looking at a meal ticket\nRaw in the kitchen, make T-Raw for a livin'\nShe said I'm too good? That's just how I'm livin'\nRich gang getter, flat rate, for a hook-up\nSame price as a hooker\nThis could leave her limp, nookie, rock and roll the pussy\nGeno Smith, I'm no rookie, don't push me\nPusha, Mally, French that's king shit\nRare that you see this, pyramids of Giza\nBlack Am Ex, no Visa, I rain on that bitch like sprinklers\nTop back, it's winner season\nD. Rose in the Rolls Royce\nI am these ho's number one choice\nI hit the club, bitches get moist\nYou hit the club: no noise"
                    }, 
                    {
                        "header": "[Verse 3: Mally Mall]", 
                        "text hash": "e57129dc5fe23eb1930ea3f587539dcf", 
                        "artist": "Mally Mall", 
                        "text": "I hit it like it's business\nYou can call your friend, be a witness\nMurder that, no feelin's\nI go to sleep, and wake up in it\nGet it if I want it\nRoll up in it, two M's on it\nPush up on it, I put Pusha on it\nGo to sleep in it, then I hit it in the morning"
                    }, 
                    {
                        "header": "[Verse 4: Pusha T]", 
                        "text hash": "a05c2c6dea985f4144cbaad23aa7a9ad", 
                        "artist": "Pusha T", 
                        "text": "Can I hit it in the morning?\nWith two in the bed like B.I.G. had a warnin'\nAfter the club, you know who she calling\nCause up in the club, you know he was balling\nYUUGH, King Push on his king pin\nKing stunna, Last Kings, king them\n(Crown), Rolex on every wrist\nCrew full of money, drop checks on every bitch\nYeah, I'm tryna wake up with it\nSoon as I roll over: wake up, hit it\nBacks to the corner as I rake up digits\nTime is money, you know you can't make up minutes\nSo what's it gonna be; I'm dropping or you dropping\nMy top or your top: two options\nDon't fall asleep\nAnd miss the benefits of shot caller\nKing Push"
                    }
                ], 
                "hooks": [
                    {
                        "header": "[Hook: Sean Kingston]", 
                        "text hash": "622379f57cce37a989b0a4f78cc6d466", 
                        "artist": "Sean Kingston", 
                        "text": "So what's it gonna be now?\nGirl I'm tryna wake up in it\nSo don't fall asleep now\nGirl I'm tryna wake up in it\nFall asleep, fall asleep now\nGirl I'm tryna wake up in it\nFall asleep, fall asleep now\nGirl I'm tryna wake up in it"
                    }, 
                    {
                        "header": "[Post Hook: French Montana]", 
                        "text hash": "507bdd96ee0a484a204ce203a2d35321", 
                        "artist": "French Montana", 
                        "text": "All I do is get, get money\nAll I'm tryna do is get, get, get money\nTryna fall asleep, too much Henny and Patron\nBut can I hit it in the morning?"
                    }
                ], 
                "bridge": [
                    {
                        "header": "[Bridge: Sean Kingston]", 
                        "text hash": "03370b30eebb44a3a1d2c42c7ba7c40b", 
                        "artist": "Sean Kingston", 
                        "text": "Bet she want a dude like me\nAfter the club, but you can't go to sleep\nGirl, I can see it in your eyes, you never take a trip overseas\nI wanna wake up in it, baby let's go\nSo no time for sleeping, yeah you know"
                    }
                ]
            }, 
            "order": [
                "[Hook: Sean Kingston]", 
                "[Post Hook: French Montana]", 
                "[Verse 1: Tyga]", 
                "[Hook + Post Hook]", 
                "[Bridge: Sean Kingston]", 
                "[Verse 3: Mally Mall]", 
                "[Hook + Post Hook]", 
                "[Verse 4: Pusha T]", 
                "[Hook]"
            ], 
            "artist": "Tyga"
        }
    }
}