{
    "Killa Beez": {
        "raw": "\n    \n  Mommy... Daddy...\nIt's the Killa Beez....\n\n[Hook: Suga Bang Bang]\nYou're no warrior, ya can't bang like us\nYou're no warrior, ya not so devious\n\n[U-God]\nYo yo\nI was born with this magnet, warned by the dragnet\nAbout my dirty habits, I got to have it, the super-glow\nDeuce Bigelow - Male Gigolo\nGold hands crush Coke cans and Michelobs\nStyle is Nino, black Benzito, Valentino\nNine needles - voice; evil steelo\nHit, like the bull, more pull than Magneto\nCrush kilos with my bare hand, reload the Eagle\nNine dirty strikes, leaped up off all you people\nBurn therapy, chemo, seap hoes\nSee you through the peephole - in the crime lab\nCountin Ginos, cut-tin dime slabs\nThen he bagged up Chino, rushed through the crowd with a hee-ho\nSlapshots, jackpots, and pe-nnals\nThrow graffiti on the wall, throwin up Reemo\nGambino three dice, headcrack Cee-Lo\nIn ya earhole, let the snare roll go low\nLower than low, lower than zero\nWho's your rhymin heroes? *heavy breathing*\n(\"Killa beeeeeeeeeeees?\")\n\n[Hook: Suga Bang Bang]\nYou're no warrior, ya can't bang like us\nYou're no warrior, ya not so devious\n\n[Bobby Digital]\nBzzzz.. you hear the hornet, you ducks don't want it\nI dogs blast turbo, supersonic\nHats off, welcome back, whipe the sweat off\nBobby Digital, half-man and half-cyborg\nNY City, home of the fly bitties\nWith high-heel shoes and tattoos on side titties\nShorties swallow up the apple cider\nRa' doin a buck forty in the yellow Spyder\nWith the black interior, my mack superior\nTo your theory of gats, up in the cafeteria\nI used to cut class and bang lunch tables\nWith four finger weaves and long chunky gold cables\nNow I'm known to smack drum machines, carry +Guillotines+\nWatch my bullets scream (\"Pheeewwwwww!\") and hit the target\nYou can't trace the path of air from which it started\n\n[Hook: Suga Bang Bang]\nYou're no warrior, ya can't bang like us\nYou're no warrior, ya not so devious\nYou're no warrior, ya can't bang like us\nYou're no warrior, ya not so devious\n\n[Inspectah Deck]\nIt's the return of the bad boy, the mic Sean Penn\nFloss gems across the globe with my nine Swordsmen\nAt a speed that excedes your convertible Benz\nFrom a distance you glimpse, supernocular lens\nStay hotter than a ex-con dodgin the pens\nKilla Squadron, known to start a popular trend\nAnd the emblem, symbolize the wisdom\nCertifies the platinum, magnifies the stardom\nShots bust at random, wake you out your boredom\nKings of our kingdom, reppin from our hoodlums\nGotta whip them problems, cuz yo we step on toes\nBangin heads knockin teeth loose, welcome to the pros\nFlash quiz, do that nigga handle his biz?\nI spin a song like Michael and Diana in the Wiz\nThe rough shit, I bust it for the republic\nGovernment, you ain't lovin it, whatchu fuckin wit?\nManifesto, light it like a techno club\nOutsiders don't expect no love\nMan this grip, make the fans flip, don't chance it\nCop the goods, while my hundred hoods run rampid\n\n[Hook: Suga Bang Bang]\nYou're no warrior, ya can't bang like us\nYou're no warrior, ya not so devious\nYou're no warrior, ya can't bang like us\nYou're no warrior, ya not so devious\n\n{*music fades out*}\n\n\n\n\n  ", 
        "pro": {
            "features": [
                "Inspectah Deck", 
                "RZA", 
                "Suga Bang Bang"
            ], 
            "blocks": {
                "verses": [
                    {
                        "header": "[U-God]", 
                        "text hash": "2975a8a385f9404633ed5447cd2489b6", 
                        "artist": "U-God", 
                        "text": "Yo yo\nI was born with this magnet, warned by the dragnet\nAbout my dirty habits, I got to have it, the super-glow\nDeuce Bigelow - Male Gigolo\nGold hands crush Coke cans and Michelobs\nStyle is Nino, black Benzito, Valentino\nNine needles - voice; evil steelo\nHit, like the bull, more pull than Magneto\nCrush kilos with my bare hand, reload the Eagle\nNine dirty strikes, leaped up off all you people\nBurn therapy, chemo, seap hoes\nSee you through the peephole - in the crime lab\nCountin Ginos, cut-tin dime slabs\nThen he bagged up Chino, rushed through the crowd with a hee-ho\nSlapshots, jackpots, and pe-nnals\nThrow graffiti on the wall, throwin up Reemo\nGambino three dice, headcrack Cee-Lo\nIn ya earhole, let the snare roll go low\nLower than low, lower than zero\nWho's your rhymin heroes? *heavy breathing*\n(\"Killa beeeeeeeeeeees?\")"
                    }, 
                    {
                        "header": "[Bobby Digital]", 
                        "text hash": "3d34e9b401b90f7ac96506e00ad121a6", 
                        "artist": "U-God", 
                        "text": "Bzzzz.. you hear the hornet, you ducks don't want it\nI dogs blast turbo, supersonic\nHats off, welcome back, whipe the sweat off\nBobby Digital, half-man and half-cyborg\nNY City, home of the fly bitties\nWith high-heel shoes and tattoos on side titties\nShorties swallow up the apple cider\nRa' doin a buck forty in the yellow Spyder\nWith the black interior, my mack superior\nTo your theory of gats, up in the cafeteria\nI used to cut class and bang lunch tables\nWith four finger weaves and long chunky gold cables\nNow I'm known to smack drum machines, carry +Guillotines+\nWatch my bullets scream (\"Pheeewwwwww!\") and hit the target\nYou can't trace the path of air from which it started"
                    }, 
                    {
                        "header": "[Inspectah Deck]", 
                        "text hash": "0418223e1e5036197cfabb71034150c6", 
                        "artist": "Inspectah Deck", 
                        "text": "It's the return of the bad boy, the mic Sean Penn\nFloss gems across the globe with my nine Swordsmen\nAt a speed that excedes your convertible Benz\nFrom a distance you glimpse, supernocular lens\nStay hotter than a ex-con dodgin the pens\nKilla Squadron, known to start a popular trend\nAnd the emblem, symbolize the wisdom\nCertifies the platinum, magnifies the stardom\nShots bust at random, wake you out your boredom\nKings of our kingdom, reppin from our hoodlums\nGotta whip them problems, cuz yo we step on toes\nBangin heads knockin teeth loose, welcome to the pros\nFlash quiz, do that nigga handle his biz?\nI spin a song like Michael and Diana in the Wiz\nThe rough shit, I bust it for the republic\nGovernment, you ain't lovin it, whatchu fuckin wit?\nManifesto, light it like a techno club\nOutsiders don't expect no love\nMan this grip, make the fans flip, don't chance it\nCop the goods, while my hundred hoods run rampid"
                    }
                ], 
                "hooks": [
                    {
                        "header": "[Hook: Suga Bang Bang]", 
                        "text hash": "18f34a9e200e70091ed0c54f9f789c19", 
                        "artist": "Suga Bang Bang", 
                        "text": "You're no warrior, ya can't bang like us\nYou're no warrior, ya not so devious"
                    }, 
                    {
                        "header": "[Hook: Suga Bang Bang]", 
                        "text hash": "c3a5195202c8807ee1f401735b4c3992", 
                        "artist": "Suga Bang Bang", 
                        "text": "You're no warrior, ya can't bang like us\nYou're no warrior, ya not so devious\nYou're no warrior, ya can't bang like us\nYou're no warrior, ya not so devious"
                    }, 
                    {
                        "header": "[Hook: Suga Bang Bang]", 
                        "text hash": "587e8338f08c6199231856af2ae9ec73", 
                        "artist": "Suga Bang Bang", 
                        "text": "You're no warrior, ya can't bang like us\nYou're no warrior, ya not so devious\nYou're no warrior, ya can't bang like us\nYou're no warrior, ya not so devious\n\n{*music fades out*}\n\n\n\n\n  "
                    }
                ]
            }, 
            "order": [
                "[Hook: Suga Bang Bang]", 
                "[U-God]", 
                "[Hook: Suga Bang Bang]", 
                "[Bobby Digital]", 
                "[Hook: Suga Bang Bang]", 
                "[Inspectah Deck]", 
                "[Hook: Suga Bang Bang]"
            ], 
            "artist": "U-God"
        }
    },
    "Mt. Everest": {
        "raw": "\n    \n  [Verse 1: Inspektah Deck]\nI make 'em nod like ketamine\nSee him live might dive off the mezzanine\nGround drama, sound harder than crowd bonkers\nI'm 'bout dollars, I touch down in your town, holla\nINS, gladiator, call him Hustle Crowe\nSon of pro, watch these lame niggas come and go\nBlessed with the poison pen\nMurder was the case so I guess it's them boys again\nThrough your duce high, salute I, be the general\nThe last one to run, I will take all ten of you\nI'm feeling myself BK whiling the belt\nRocking my shit, eyes on the real wealth\nMe and Goldie tell 'em it's easy money\nNow shorty wanna fuck, that's sleazy, honey\nFame call us, money, it change all us\nGet it how you live it or sing the same chorus\nThe game taught us, nothing in the bank for us\nW claim walrus, yeah, Wu-Tang for life\n\n[Verse 2: ElZhi]\nWas raised on the island of the misfits\nThe children of the corn snatch your green with the biscuits\nIt's what you might call food for thought\nAnd what's the killer season if you don't include the salt\nThis thought will start a feud and leave your whole mood distraught\nUsed to feel safe until they unscrewed your vault and\nTook your common sense out your memory bank\nThen dumped on you like missiles over enemy tanks\nSo homie, drive slow like you in front of five-O\nCause forks go in a road and your back is where the knives go\nWhile the addicts hiding silver spoons\nBeing cut so deep, it's hard to heal the wounds\nThose flashing don't blast, they still buffoons\nJust blowing out hot air, they should fill balloons\nYo, I like them shorties that'll kill for goons\nAnd start a hustle in an April to ccop wheels in June\n\n[Verse 3: U-God]\nI want leverage, ice cold beverage\nMoney I can't count, I blacked out standing on Mount Everest\nLife lessons, the cover of essence\nIt's pure excellence fighting, write down my measurements\nPolitic the deficit, fingerprints, no evidence\nCocaine, caviar, hitting on receptionists\nHang with the specialists, gold medalist\nPresidential cred, eating steaks that's tenderest\nGot my bread, catch me in Megan Fox' bed\nCash crop, Gucci IPad, bag\nTall black top Nikes, with fat laces\nRiches from rags, cashes and dime faces\nGot promoted up, friends up in high places\nNext move, my best move, chess move, the strategy\nCloset full of guns, son, nothing but gadgetry\nGet off that bullshit, that hip hop faggotry\nI'm highbred nigga words defy gravity\nClothes never raggedy, oil paintings of me displayed up in gallery\nCapture me, Wu Tang forever, immortality\nHigh salary, blessing from a mother named Valery\nAnd my two sons named after me\nRacks from stacks, swiftly I'm browsing\nFirst class ticket to the moon only cost fifty thousand\nNiggas be doubting, it's understood, I'm running with goons\nOne of a kind, imported goods, killer the hood\nConsume me, Lord, the last time I checked got 50 points on the board\nGood Lord\n\n\n\n\n  ", 
        "pro": {
            "features": [
                "Elzhi", 
                "Inspectah Deck"
            ], 
            "producers": [
                "Blastah Beatz"
            ], 
            "blocks": {
                "verses": [
                    {
                        "header": "[Verse 1: Inspektah Deck]", 
                        "text hash": "1eaa8e9f5dbb8b3834b0114d59d3447e", 
                        "artist": "Inspektah Deck", 
                        "text": "I make 'em nod like ketamine\nSee him live might dive off the mezzanine\nGround drama, sound harder than crowd bonkers\nI'm 'bout dollars, I touch down in your town, holla\nINS, gladiator, call him Hustle Crowe\nSon of pro, watch these lame niggas come and go\nBlessed with the poison pen\nMurder was the case so I guess it's them boys again\nThrough your duce high, salute I, be the general\nThe last one to run, I will take all ten of you\nI'm feeling myself BK whiling the belt\nRocking my shit, eyes on the real wealth\nMe and Goldie tell 'em it's easy money\nNow shorty wanna fuck, that's sleazy, honey\nFame call us, money, it change all us\nGet it how you live it or sing the same chorus\nThe game taught us, nothing in the bank for us\nW claim walrus, yeah, Wu-Tang for life"
                    }, 
                    {
                        "header": "[Verse 2: ElZhi]", 
                        "text hash": "7c09dafa0f60bd8959da703dacd3d068", 
                        "artist": "Elzhi", 
                        "text": "Was raised on the island of the misfits\nThe children of the corn snatch your green with the biscuits\nIt's what you might call food for thought\nAnd what's the killer season if you don't include the salt\nThis thought will start a feud and leave your whole mood distraught\nUsed to feel safe until they unscrewed your vault and\nTook your common sense out your memory bank\nThen dumped on you like missiles over enemy tanks\nSo homie, drive slow like you in front of five-O\nCause forks go in a road and your back is where the knives go\nWhile the addicts hiding silver spoons\nBeing cut so deep, it's hard to heal the wounds\nThose flashing don't blast, they still buffoons\nJust blowing out hot air, they should fill balloons\nYo, I like them shorties that'll kill for goons\nAnd start a hustle in an April to ccop wheels in June"
                    }, 
                    {
                        "header": "[Verse 3: U-God]", 
                        "text hash": "4a37368be4fb4491c90492b4f15e1960", 
                        "artist": "U-God", 
                        "text": "I want leverage, ice cold beverage\nMoney I can't count, I blacked out standing on Mount Everest\nLife lessons, the cover of essence\nIt's pure excellence fighting, write down my measurements\nPolitic the deficit, fingerprints, no evidence\nCocaine, caviar, hitting on receptionists\nHang with the specialists, gold medalist\nPresidential cred, eating steaks that's tenderest\nGot my bread, catch me in Megan Fox' bed\nCash crop, Gucci IPad, bag\nTall black top Nikes, with fat laces\nRiches from rags, cashes and dime faces\nGot promoted up, friends up in high places\nNext move, my best move, chess move, the strategy\nCloset full of guns, son, nothing but gadgetry\nGet off that bullshit, that hip hop faggotry\nI'm highbred nigga words defy gravity\nClothes never raggedy, oil paintings of me displayed up in gallery\nCapture me, Wu Tang forever, immortality\nHigh salary, blessing from a mother named Valery\nAnd my two sons named after me\nRacks from stacks, swiftly I'm browsing\nFirst class ticket to the moon only cost fifty thousand\nNiggas be doubting, it's understood, I'm running with goons\nOne of a kind, imported goods, killer the hood\nConsume me, Lord, the last time I checked got 50 points on the board\nGood Lord\n\n\n\n\n  "
                    }
                ], 
                "hooks": []
            }, 
            "order": [
                "[Verse 1: Inspektah Deck]", 
                "[Verse 2: ElZhi]", 
                "[Verse 3: U-God]"
            ], 
            "artist": "U-God"
        }
    },
    "Rumble": {
        "raw": "\n    \n  [U-God]\nCountdown...\nAre you ready? Are you mad inside?\nGot you strapped down to your seats\nOutta the doorway, bullets ripped, full clip\nGod speed, approach follow my lead\nFirewinds gust, empire crush\nFull thrust, fall in the hole, roll wit the rush\nUntouchable chunk of earwax and soul\nSoundwaves slay out the back, ?cave? smoke\nMy belly-full prance dance, avalanche quote\nDown slope, elegant as Fantasia\nKiller whale tale inhale, black male from Asia\nAll out the wood works, hood shirts and wizards\nNo match, unhatch, the rap is rigid\nIn the shaft, shotty cop, hip hop to the limit\nNightwatch, pad mark\nSparks spin a quake nuclear blast, heavy on the cash\nGimmie what it takes NOW!!\n\nChorus [U-God] 2x\nRAGE ROCK ROLL FIGHT\nBRAWL FALL RUMBLLLLLLEEE!!!\n\n[Letha Face]\nThe diabolic witty, dialect's darker than Gotham City\nWit the possibilty to stop your walkin ability\nGod forgive me, spark enemies wit pistol grips\nThe missle tip's impact hit you so hard, you shit through your dick\nOfficial scripts strikes when physical hits\nYou physical bitch, watch for the imperial blitz, serious shit\nSubmit, subject to the wreck wartone, and thought poems\nLiver than WWF Warzone\nWalk upon them Gotti tracks, bodies collapse\nRap for lottery stacks, shatter like when pottery cracks\nLogical facts from the terror dome\nSpill from the guts, trail to you ?puss? from where you bust\nIn God you now entrust\nDog you like hound and mutts, Pound Pups get sound struck\nClown what? You'll get drowned in the cut\nWhile crowd round up\n\nChorus 2x\n\n[Inspectah Deck]\nAiyyo yo\nI spit bars\nTravellin tremendous speed measurin far\nBeen bustin satellites circlin Mars\nVerbal onslaught, bring forth physical force\nOf a hundred wild niggas piled in a Trojan Horse\nThought method, set it on generic mic ethic\nProfessional neck shit, left foes beheaded\nThis music, is mind control like computer chips\nBeen doin this for numerous years, refuse to lose it\nWith turbo tactics, manuever like a trained soldier\nHall of Fame flame thrower, take game, it's game over\nAyatollah, high roller nine totter\nMind controller, 2009 time folder\nMy coalition, bring the demolition\nWu-blade decision, slate the competition, wit no intermission\nSpittin hazardous darts, up front like Rosa Parks\nMakin million men march\n\nChorus 2x\n\n[Method Man]\nYo, who got next? Meth got next\nI chin check, all these MC's line em up god, I go Jihad\nDeclare holy war, it be hard to dip and dodge\nPolice squads tryin to bogard, we rip and rob\nThe boulevard ain't safe for your kids, that's how it is\nIn the ghetto, we ain't scared to death, but scared to live\nSo Goldy, mosey to the spot, get that moldy\nRusty-ass .38 Special, niggas owe me\nSlowly I turn, face the one and only\nNaughty By Nature, I Do My Dirt All By My Lonely\nAsk Pretty Tony, when I got a bitch I keeps a bitch\n36 Chambers, Enter at your own risk\nTake that watch off and tuck your necklace\nCity never sleeps, streets is restless\nRap style'll slave you, when you least expect it\nPull the plug on your respirator, leave you breathless\nWu-Tang forever and a day, better warn your boys\nI deploy battleship rap, seek and destroy\n\nChorus 2x\n\n\n\n\n  ", 
        "pro": {
            "features": [
                "Inspectah Deck", 
                "Lethaface", 
                "Method Man"
            ], 
            "blocks": {
                "verses": [
                    {
                        "header": "[U-God]", 
                        "text hash": "85f2801d40df733e42852fc889ad3a15", 
                        "artist": "U-God", 
                        "text": "Countdown...\nAre you ready? Are you mad inside?\nGot you strapped down to your seats\nOutta the doorway, bullets ripped, full clip\nGod speed, approach follow my lead\nFirewinds gust, empire crush\nFull thrust, fall in the hole, roll wit the rush\nUntouchable chunk of earwax and soul\nSoundwaves slay out the back, ?cave? smoke\nMy belly-full prance dance, avalanche quote\nDown slope, elegant as Fantasia\nKiller whale tale inhale, black male from Asia\nAll out the wood works, hood shirts and wizards\nNo match, unhatch, the rap is rigid\nIn the shaft, shotty cop, hip hop to the limit\nNightwatch, pad mark\nSparks spin a quake nuclear blast, heavy on the cash\nGimmie what it takes NOW!!\n\nChorus [U-God] 2x\nRAGE ROCK ROLL FIGHT\nBRAWL FALL RUMBLLLLLLEEE!!!"
                    }, 
                    {
                        "header": "[Letha Face]", 
                        "text hash": "0c3b5c3ea28246093040084113bb5d40", 
                        "artist": "Lethaface", 
                        "text": "The diabolic witty, dialect's darker than Gotham City\nWit the possibilty to stop your walkin ability\nGod forgive me, spark enemies wit pistol grips\nThe missle tip's impact hit you so hard, you shit through your dick\nOfficial scripts strikes when physical hits\nYou physical bitch, watch for the imperial blitz, serious shit\nSubmit, subject to the wreck wartone, and thought poems\nLiver than WWF Warzone\nWalk upon them Gotti tracks, bodies collapse\nRap for lottery stacks, shatter like when pottery cracks\nLogical facts from the terror dome\nSpill from the guts, trail to you ?puss? from where you bust\nIn God you now entrust\nDog you like hound and mutts, Pound Pups get sound struck\nClown what? You'll get drowned in the cut\nWhile crowd round up\n\nChorus 2x"
                    }, 
                    {
                        "header": "[Inspectah Deck]", 
                        "text hash": "cb1f837246c8576cf912dfe2c6f8d9b4", 
                        "artist": "Inspectah Deck", 
                        "text": "Aiyyo yo\nI spit bars\nTravellin tremendous speed measurin far\nBeen bustin satellites circlin Mars\nVerbal onslaught, bring forth physical force\nOf a hundred wild niggas piled in a Trojan Horse\nThought method, set it on generic mic ethic\nProfessional neck shit, left foes beheaded\nThis music, is mind control like computer chips\nBeen doin this for numerous years, refuse to lose it\nWith turbo tactics, manuever like a trained soldier\nHall of Fame flame thrower, take game, it's game over\nAyatollah, high roller nine totter\nMind controller, 2009 time folder\nMy coalition, bring the demolition\nWu-blade decision, slate the competition, wit no intermission\nSpittin hazardous darts, up front like Rosa Parks\nMakin million men march\n\nChorus 2x"
                    }, 
                    {
                        "header": "[Method Man]", 
                        "text hash": "f3692982d148f5bb7264eea775a1d3c9", 
                        "artist": "Method Man", 
                        "text": "Yo, who got next? Meth got next\nI chin check, all these MC's line em up god, I go Jihad\nDeclare holy war, it be hard to dip and dodge\nPolice squads tryin to bogard, we rip and rob\nThe boulevard ain't safe for your kids, that's how it is\nIn the ghetto, we ain't scared to death, but scared to live\nSo Goldy, mosey to the spot, get that moldy\nRusty-ass .38 Special, niggas owe me\nSlowly I turn, face the one and only\nNaughty By Nature, I Do My Dirt All By My Lonely\nAsk Pretty Tony, when I got a bitch I keeps a bitch\n36 Chambers, Enter at your own risk\nTake that watch off and tuck your necklace\nCity never sleeps, streets is restless\nRap style'll slave you, when you least expect it\nPull the plug on your respirator, leave you breathless\nWu-Tang forever and a day, better warn your boys\nI deploy battleship rap, seek and destroy\n\nChorus 2x\n\n\n\n\n  "
                    }
                ], 
                "hooks": []
            }, 
            "order": [
                "[U-God]", 
                "[Letha Face]", 
                "[Inspectah Deck]", 
                "[Method Man]"
            ], 
            "artist": "U-God"
        }
    }
}