{
    "I Be On That (Remix)": {
        "raw": "\n    \n  [Intro: Meek Mill]\nAss so fat I need a lapdance\nSomebody tell the waitress bring some fuckin' racks in\nThe stripper run into the pole when we back in\nAll gold Trinidad James on my Aston\n\n[Hook x2: French Montana]\nIts me ho, its me ho\nWalk up in this bitch, I fuck shit up then I leave ho\nI be on that, I be on that\nI be on that, I be on that\n\n[Verse 1: Meek Mill]\nOkay, I walk up in this bitch\nI fuck shit up then I leave ho\nPay your car note or get some money for that weave ho\nForty-five hundred blow it there go double C's ho\nMichael throw birkin bag if you tell me please ho\nShe gon' make that ass clap\nPop that for a real nigga\nI'm gon' throw that cash back, drop that on them real bitches\nMurder on that pussy ho\nI can't lie I kill bitches\nYou gon' get like every back end\nAin't true if I deal with you\nYoung nigga ballin' like I fuckin hit the lottery\nYou just want the money shorty\nYou ain't gotta lie to me\nAll these nigga hatin' on me\nKnow they wanna body me\nCause every time you see Meek Milly, I look like a robbery\n\n[Hook]\n\n[Verse 2: UC Brigant\u00e9]\nHol' Up...I feel like I'm 2pac\nGriselda Blanco the beat, im talking two shots\nSomebody call the coroner now\nCause its about to go down\nWhen I kill the shit like this\nI know you know who I be\nMy tongue is an automatic I spit and im bustin clips\nThat's why she want me to put my name on it, name on it\nSpit some game and then I aimed on it, then camed on it\nI'm all about my mula\nAll you boys are putas\nAll my boys are shooters, that's just how we grew up\nThey say, you will not enter paradise\nUntil you love for your brother what you love for yourself\nThat's why im giving fatoush like all of my girls\nIf i take you out then i gotta take you down\nShe said take me somewhere nice, so i took that bitch to bankstown\n\n[Hook]\n\n[Verse 3: Fabolous]\nWalk up in this bitch, I fuck shit up then I leave ho\nBack on my old shit, tell them niggas breathe ho\nCuban on my collar thats a Rollie on my sleeve ho\nThey be swagger jackin taking styles niggas thieves ho\nI fuck then I heave ho\nKilled that shit now grieve ho\nAnd dont expect no gifts tomorrow, this ain't Christmas Eve ho\nI tell her like them pens we gon' get rich you just better believe ho\nI make them gator bags and minked coat pet peeve ho\nI guess thats just me ho\nAsian chick named me-ho\nDo her shit, do my bitch then you come do me ho\nI be on that, representin' where you be born at\nReal niggas can't beat em, gotta join that\nWhere my joint at?\n\n[Hook]\n\n\n\n\n  ", 
        "pro": {
            "features": [
                "Fabolous", 
                "French Montana", 
                "Meek Mill"
            ], 
            "blocks": {
                "verses": [
                    {
                        "header": "[Verse 1: Meek Mill]", 
                        "text hash": "4e02930a8ed858aad36d9c0a62cee4ee", 
                        "artist": "Meek Mill", 
                        "text": "Okay, I walk up in this bitch\nI fuck shit up then I leave ho\nPay your car note or get some money for that weave ho\nForty-five hundred blow it there go double C's ho\nMichael throw birkin bag if you tell me please ho\nShe gon' make that ass clap\nPop that for a real nigga\nI'm gon' throw that cash back, drop that on them real bitches\nMurder on that pussy ho\nI can't lie I kill bitches\nYou gon' get like every back end\nAin't true if I deal with you\nYoung nigga ballin' like I fuckin hit the lottery\nYou just want the money shorty\nYou ain't gotta lie to me\nAll these nigga hatin' on me\nKnow they wanna body me\nCause every time you see Meek Milly, I look like a robbery"
                    }, 
                    {
                        "header": "[Verse 2: UC Brigant\u00e9]", 
                        "text hash": "c0cd87cb7796f62a3ac52a8194e0ab5d", 
                        "artist": "UC Brigant\u00e9", 
                        "text": "Hol' Up...I feel like I'm 2pac\nGriselda Blanco the beat, im talking two shots\nSomebody call the coroner now\nCause its about to go down\nWhen I kill the shit like this\nI know you know who I be\nMy tongue is an automatic I spit and im bustin clips\nThat's why she want me to put my name on it, name on it\nSpit some game and then I aimed on it, then camed on it\nI'm all about my mula\nAll you boys are putas\nAll my boys are shooters, that's just how we grew up\nThey say, you will not enter paradise\nUntil you love for your brother what you love for yourself\nThat's why im giving fatoush like all of my girls\nIf i take you out then i gotta take you down\nShe said take me somewhere nice, so i took that bitch to bankstown"
                    }, 
                    {
                        "header": "[Verse 3: Fabolous]", 
                        "text hash": "9f4c00594dcf910907886c4c7299a369", 
                        "artist": "Fabolous", 
                        "text": "Walk up in this bitch, I fuck shit up then I leave ho\nBack on my old shit, tell them niggas breathe ho\nCuban on my collar thats a Rollie on my sleeve ho\nThey be swagger jackin taking styles niggas thieves ho\nI fuck then I heave ho\nKilled that shit now grieve ho\nAnd dont expect no gifts tomorrow, this ain't Christmas Eve ho\nI tell her like them pens we gon' get rich you just better believe ho\nI make them gator bags and minked coat pet peeve ho\nI guess thats just me ho\nAsian chick named me-ho\nDo her shit, do my bitch then you come do me ho\nI be on that, representin' where you be born at\nReal niggas can't beat em, gotta join that\nWhere my joint at?"
                    }
                ], 
                "hooks": [
                    {
                        "header": "[Hook x2: French Montana]", 
                        "text hash": "4d433c0c4022bfbd934bca0bf63c1aca", 
                        "artist": "French Montana", 
                        "text": "Its me ho, its me ho\nWalk up in this bitch, I fuck shit up then I leave ho\nI be on that, I be on that\nI be on that, I be on that"
                    }
                ], 
                "intro": [
                    {
                        "header": "[Intro: Meek Mill]", 
                        "text hash": "7c19a7ed78fcdd3ec534fdb788101e7c", 
                        "artist": "Meek Mill", 
                        "text": "Ass so fat I need a lapdance\nSomebody tell the waitress bring some fuckin' racks in\nThe stripper run into the pole when we back in\nAll gold Trinidad James on my Aston"
                    }
                ]
            }, 
            "order": [
                "[Intro: Meek Mill]", 
                "[Hook x2: French Montana]", 
                "[Verse 1: Meek Mill]", 
                "[Hook]", 
                "[Verse 2: UC Brigant\u00e9]", 
                "[Hook]", 
                "[Verse 3: Fabolous]", 
                "[Hook]"
            ], 
            "artist": "UC Brigant\u00e9"
        }
    }
}