{
    "By Any Means": {
        "raw": "\n    \n  (Hook)\nThey say the niggas tryna bury me\nI\u2019m just tryna get this cake\nWith the presidential face\nSo I don\u2019t let that shit faze me (I ain\u2019t worried)\nThese pussy niggas don\u2019t worry me\nThey ain\u2019t gettin\u2019 nothin\u2019 from me\nThey gon\u2019 have to bring their own\nI got all my weapons on me\nBy any means I\u2019m gon\u2019 get it\nNiggas shouldn\u2019t play with life cuz I end it\nNiggas tryna play with mine, they gettin\u2019 finished\nEither way, I\u2019m gon\u2019 get it\n\n(Verse 1: Uncle Murda)\nKids need new shoes, daddy gotta go and get it\nDaddy gotta go and risk his freedom just to go and get it\nDaddy just get caught, now the judge won\u2019t free me\nMoms can\u2019t raise em on her own, homie, my kids need me\nMess on, gloves on when I handle my business\nLandlord don\u2019t wanna hear that I\u2019m tryna get it\nThe gran do, it\u2019s pants damn back in yo shit\nLose the foof ova my head, I ain\u2019t havin\u2019 that shit\nFor my sons I aim and my daughter Aaliah\nIf a nigga don\u2019t respect her, jus I\u2019mma fire (bang)\nThen take em jewels off, he ain\u2019t gonna need that (gimme that)\nThe next time, I would drew it worse, ended up(?)\nThem bullets hurt, look at all that blood I made ya spit up\nYou chockin\u2019 tryna talk, sound like ya got the hiccups\nGot this by any means neccesary, even if that mean\nMakin\u2019 the mother watch her only son get buried\n\n(Hook)\n\n(Verse 2: Jadakiss)\nTimes was the hardest, the product was straight garbage\nWalked by niggas, be like I\u2019m glad that he ain\u2019t rob us\nWhen they really should just be glad they ain\u2019t targets\nCuz what I look like tellin\u2019 my kids daddy ain\u2019t got it\nC\u2019mon, let\u2019s go, keep rockin\u2019\nBill keep comin\u2019, retros keep droppin\u2019\nWhateva\u2019s gonna take, we be here to cop em\nCuz we livin\u2019 in a day and age when no is not an option\nWe can get it on, I luv the participation\nA funeral always shed light on the situation\nYup, heard they wanna bury me, tell em to get in line with the rest\nOf the fuck bois that already been tryin\u2019 (yeah)\nThink it happen cuz we don\u2019t witness the basket bury\nThat\u2019s why the otha half of these niggas be extra scary\nShots start poppin\u2019, they know that you\u2019ll catch a parry\nI live by the slogan any means necessary\n\n(Hook)\n\n\n\n\n  ", 
        "pro": {
            "features": [
                "Jadakiss"
            ], 
            "blocks": {
                "verses": [
                    {
                        "header": "(Verse 1: Uncle Murda)", 
                        "text hash": "c73f779bbd55cfddbb932ebfc3668674", 
                        "artist": "Uncle Murda)", 
                        "text": "Kids need new shoes, daddy gotta go and get it\nDaddy gotta go and risk his freedom just to go and get it\nDaddy just get caught, now the judge won\u2019t free me\nMoms can\u2019t raise em on her own, homie, my kids need me\nMess on, gloves on when I handle my business\nLandlord don\u2019t wanna hear that I\u2019m tryna get it\nThe gran do, it\u2019s pants damn back in yo shit\nLose the foof ova my head, I ain\u2019t havin\u2019 that shit\nFor my sons I aim and my daughter Aaliah\nIf a nigga don\u2019t respect her, jus I\u2019mma fire "
                    }, 
                    {
                        "header": "(Verse 2: Jadakiss)", 
                        "text hash": "26578718d05abc8c045e6c14bada58e9", 
                        "artist": "Jadakiss", 
                        "text": "Times was the hardest, the product was straight garbage\nWalked by niggas, be like I\u2019m glad that he ain\u2019t rob us\nWhen they really should just be glad they ain\u2019t targets\nCuz what I look like tellin\u2019 my kids daddy ain\u2019t got it\nC\u2019mon, let\u2019s go, keep rockin\u2019\nBill keep comin\u2019, retros keep droppin\u2019\nWhateva\u2019s gonna take, we be here to cop em\nCuz we livin\u2019 in a day and age when no is not an option\nWe can get it on, I luv the participation\nA funeral always shed light on the situation\nYup, heard they wanna bury me, tell em to get in line with the rest\nOf the fuck bois that already been tryin\u2019 "
                    }
                ], 
                "hooks": [
                    {
                        "header": "    \n  (Hook)", 
                        "text hash": "8333395842ad15e5f1d1f68dd5fc046b", 
                        "artist": "Uncle Murda", 
                        "text": "They say the niggas tryna bury me\nI\u2019m just tryna get this cake\nWith the presidential face\nSo I don\u2019t let that shit faze me "
                    }
                ], 
                "remainders": [
                    {
                        "header": "(I ain\u2019t worried)", 
                        "text hash": "ee18f0a044df5b31e7d35d72d62ba1f9", 
                        "artist": "Uncle Murda", 
                        "text": "These pussy niggas don\u2019t worry me\nThey ain\u2019t gettin\u2019 nothin\u2019 from me\nThey gon\u2019 have to bring their own\nI got all my weapons on me\nBy any means I\u2019m gon\u2019 get it\nNiggas shouldn\u2019t play with life cuz I end it\nNiggas tryna play with mine, they gettin\u2019 finished\nEither way, I\u2019m gon\u2019 get it"
                    }, 
                    {
                        "header": "(bang)", 
                        "text hash": "62aa992c12a60fea7cbb0826b6e7c3a4", 
                        "artist": "Uncle Murda", 
                        "text": "Then take em jewels off, he ain\u2019t gonna need that "
                    }, 
                    {
                        "header": "(gimme that)", 
                        "text hash": "260cb4353b3cdc085a578f8e36577ce6", 
                        "artist": "Uncle Murda", 
                        "text": "The next time, I would drew it worse, ended up"
                    }, 
                    {
                        "header": "(yeah)", 
                        "text hash": "b1c6164f13b0037389348db0e86e613e", 
                        "artist": "Uncle Murda", 
                        "text": "Think it happen cuz we don\u2019t witness the basket bury\nThat\u2019s why the otha half of these niggas be extra scary\nShots start poppin\u2019, they know that you\u2019ll catch a parry\nI live by the slogan any means necessary"
                    }
                ]
            }, 
            "order": [
                "(Hook)", 
                "(I ain\u2019t worried)", 
                "(Verse 1: Uncle Murda)", 
                "(bang)", 
                "(gimme that)", 
                "(Hook)", 
                "(Verse 2: Jadakiss)", 
                "(yeah)", 
                "(Hook)"
            ], 
            "artist": "Uncle Murda"
        }
    }
}