{
    "The Bottom Line": {
        "raw": "\n    \n  [Verse 1:Merkules]\nLet's be honest I'ma get right to the bottom line\nRaw design got 'em taking shots without the salt and lime\nOn my grind watch me taking pussy rappers of the shrine\nColumbine ya'll as my sons that's why I call 'em mine\nAll the time I'm Number One and ya'll still on the back burner\nCash earner counting on my bread I'm from the Fatburger\nIt's mass murder when I'm holding the pen\nLife's a bitch so I left her home alone in my bed\nI'm that hard hitter bar spitter you can let the dogs out\nYou must've took the wrong route\nYou're fucking with the 'Godz now\nStep off from the side of the ring\nYou know you're getting knocked out\nI Started from the bottom without Drake I ain't a cop out\nYou hear my name They mention He's on top\nWhile you sit in home waiting until Detox drops\nYou ain't on the same shit My clique be on, ock\nYou're a Macklemore fan wearing neon socks,pussy\n\n[Verse 2:Apathy]\nMe and you you fucking sucker we ain\u2019t the same\nYou got a problem with me faggot, I dare you to say my name\nLittle sad suburban whiteboy stories are all the same\nProbably O.D on pills and \u2018caine like Corey Haim\nI\u2019ll evict the blood from your veins, I\u2019m bashing your brains\nSlashing your twain, send your spirit through an astral plane\nAp\u2019s insane, fuck music sucker dared me to do it\nI\u2019ll slice a hole in your stomach and dive headfirst through it\nI\u2019m saying homie, I\u2019m Satan no counting the bones I\u2019m breaking\nAnd I love beefing more than Merkules loves bacon\nMore hooligans hold me down than Ghenghis Khan\nSo bring it on, this ain\u2019t rap it\u2019s a Satanic singalong\nThe theme music for Megatron, won\u2019t stop 'till your head is gone, And snatch your gold like a captured Leprechaun\nI say what I do and I do what I say\nRap 'till I was blue in the face and I blew 'em away\n\n[Verse 3:Celph Titled]\nI hold two guns across my chest to form an \"X\"\nCause that's the universal symbol for war and death\nI host a cannibal cookout with arms, legs and ribs\nSo bring Tupperware for leftovers for your moms and kids\nI\u2019ll cater your wedding with alligators and weapons\nBefore you take your vows (BLAO) My sniper blazing the reverend\nI'm ahead of every time zone so when\nYou thinking you had your rhyme sown\nMy shit came on and left your mind blown\nYeah, I pray to God, I\u2019m thankful for my bankroll\nWalk out the do' with everything I came for\nMove through the city with numerous goons\nThey much more focused now\nBut they the type to shoot up a school and leave numerous wounds Across your daughter\u2019s face if it\u2019s all the same\nI\u2019m the son of Satan dumping bodies in toxic waste\nMarine trained assassins, we\u2019ll hit and shoot you\nThrow you out the boat like a motherfucking fishing blooper\n\n\n\n\n  ", 
        "pro": {
            "features": [
                "Apathy", 
                "Celph Titled", 
                "Merkules"
            ], 
            "producers": [
                "Vanderslice"
            ], 
            "blocks": {
                "verses": [
                    {
                        "header": "[Verse 1:Merkules]", 
                        "text hash": "603bf933201ed3750fa6153531609cba", 
                        "artist": "Merkules", 
                        "text": "Let's be honest I'ma get right to the bottom line\nRaw design got 'em taking shots without the salt and lime\nOn my grind watch me taking pussy rappers of the shrine\nColumbine ya'll as my sons that's why I call 'em mine\nAll the time I'm Number One and ya'll still on the back burner\nCash earner counting on my bread I'm from the Fatburger\nIt's mass murder when I'm holding the pen\nLife's a bitch so I left her home alone in my bed\nI'm that hard hitter bar spitter you can let the dogs out\nYou must've took the wrong route\nYou're fucking with the 'Godz now\nStep off from the side of the ring\nYou know you're getting knocked out\nI Started from the bottom without Drake I ain't a cop out\nYou hear my name They mention He's on top\nWhile you sit in home waiting until Detox drops\nYou ain't on the same shit My clique be on, ock\nYou're a Macklemore fan wearing neon socks,pussy"
                    }, 
                    {
                        "header": "[Verse 2:Apathy]", 
                        "text hash": "ef228bb9c8fdb8388bd749750bf160c7", 
                        "artist": "Apathy", 
                        "text": "Me and you you fucking sucker we ain\u2019t the same\nYou got a problem with me faggot, I dare you to say my name\nLittle sad suburban whiteboy stories are all the same\nProbably O.D on pills and \u2018caine like Corey Haim\nI\u2019ll evict the blood from your veins, I\u2019m bashing your brains\nSlashing your twain, send your spirit through an astral plane\nAp\u2019s insane, fuck music sucker dared me to do it\nI\u2019ll slice a hole in your stomach and dive headfirst through it\nI\u2019m saying homie, I\u2019m Satan no counting the bones I\u2019m breaking\nAnd I love beefing more than Merkules loves bacon\nMore hooligans hold me down than Ghenghis Khan\nSo bring it on, this ain\u2019t rap it\u2019s a Satanic singalong\nThe theme music for Megatron, won\u2019t stop 'till your head is gone, And snatch your gold like a captured Leprechaun\nI say what I do and I do what I say\nRap 'till I was blue in the face and I blew 'em away"
                    }, 
                    {
                        "header": "[Verse 3:Celph Titled]", 
                        "text hash": "40d4e343e6e5927aeafd0ffac7f4d367", 
                        "artist": "Celph Titled", 
                        "text": "I hold two guns across my chest to form an \"X\"\nCause that's the universal symbol for war and death\nI host a cannibal cookout with arms, legs and ribs\nSo bring Tupperware for leftovers for your moms and kids\nI\u2019ll cater your wedding with alligators and weapons\nBefore you take your vows (BLAO) My sniper blazing the reverend\nI'm ahead of every time zone so when\nYou thinking you had your rhyme sown\nMy shit came on and left your mind blown\nYeah, I pray to God, I\u2019m thankful for my bankroll\nWalk out the do' with everything I came for\nMove through the city with numerous goons\nThey much more focused now\nBut they the type to shoot up a school and leave numerous wounds Across your daughter\u2019s face if it\u2019s all the same\nI\u2019m the son of Satan dumping bodies in toxic waste\nMarine trained assassins, we\u2019ll hit and shoot you\nThrow you out the boat like a motherfucking fishing blooper\n\n\n\n\n  "
                    }
                ], 
                "hooks": []
            }, 
            "order": [
                "[Verse 1:Merkules]", 
                "[Verse 2:Apathy]", 
                "[Verse 3:Celph Titled]"
            ], 
            "artist": "Vanderslice"
        }
    }
}