{
    "Staten Island Ferry": {
        "raw": "\n    \n  [Intro:Action Bronson/Wais P]\nWais man\nWhat up Act?\nYou brought those bitches by the other night\nI liked the white one with the tits\nThe blond one!\nI was peeping her, can I get that freebee?\nI got you. Shi!\nSon of at\n\n[Verse 1:Action Bronson]\nWe got the steel drum, jerk chicken, smoke singles, oil fingers\nWrapped around a Snapple blowing trees, lean on foreign cars\nArmy Shorts seven hookers stripping on the party bus\nGenerate that paper with the green ink\nIn God We Trust\nDraped in all kinds of animals from Africa\nStyle is always fresh, because I flip it like the a spatula\nWhisk the whip, Lay it flat just like a Persian rug\nAll up in the mountains getting blasted smoking herb and drugs\nBitch\nDon't leave that strip until my money's made\nUntil I'm driven by a driver in a honey Range\nMake sure it's accurate\nJust sell that pussy 'til that shit look like a catcher's mit!\nFly on behalf of it!\nSwing the cherry coupe, bitches blush like Betty Boop\nMake the pussy whistle, whistle, whistle like the kettle do\nDrinking Ketel One thirty olives on the rim\nSeen me on the coast, so much you think that I'm a Corsican\n\n[Bridge:Wais P]\nThat's an island in the Mediterranean\nYou gotta take the boat to the boat\nOnly boat you know about is the Staten Island Ferry!\n\n[Hook:Action Bronson/Wais P]\nJust raise your hands in the air if there's money in your pocket\nAnd different bitches faces on the neck inside the locket\nBracelet on the dash, light hit it, gleam glass\nOur drugs is in your system and you just wanna spazz\nJust raise your hands in the air, yeah!\nJust raise your hands in the air, come on!\n\n[Verse 2:Wais P]\nPimp cane,Bentley doing doughnuts, leaving oil stains\nLoyal dames treat me royal, got a nigga gripping drank\nDon't ask what's in my cup, motherfucker I'll be sipping pain!\nThey call me Wais P, but your girl call me a different name\nNot you, I see hate from a distance, I could spot you\nPut money on your head, you'll be hunted by blue and red\nCatch me by the poker table and I don't gamble\nI'm scheming on that blond bitch in the Louis sandals\nShe's scheming on the high roller so she could jam him\nThen bring the money back to me, that's how you're pimp and pander\nTake a gander at the modern day Marvin Gaye, Isaac Hayes\nWith Libarache diamonds and my shoes should be in the cage\nCoat should be on the leash, my flow is beyond your reach\nDie and resurrect myself, and then these cats will honor me\nBut honestly, I'm waiting for you squares to act ornery\nSo I could pull the semi out the tux like Sean Connery\n\n[Bridge:Action Bronson]\nYo, as soon as we get out of the fucking boat, man\nHave someone there ready to make the ceviche for my man!\n\n[Hook:Action Bronson/Wais P]\nJust raise your hands in the air if there's money in your pocket\nAnd different bitches faces on the neck inside the locket\nBracelet on the dash, light hit it, gleam glass\nOur drugs is in your system and you just wanna spazz\nJust raise your hands in the air, yeah!\nJust raise your hands in the air, come on!\n\n[Outro:Wais P]\nNiggas can't fuck with this! Wais P, AB ,Action Bronsolino\nCheffing up some incredible pimp shit\nIncredible rap shit, Fuck is wrong with yall niggas?\nI swear to God!!!\n\n\n\n\n  ", 
        "pro": {
            "features": [
                "Action Bronson"
            ], 
            "producers": [
                "Sebb"
            ], 
            "blocks": {
                "verses": [
                    {
                        "header": "[Verse 1:Action Bronson]", 
                        "text hash": "7b4571a0f75be88a3aa004d0d1de0de6", 
                        "artist": "Action Bronson", 
                        "text": "We got the steel drum, jerk chicken, smoke singles, oil fingers\nWrapped around a Snapple blowing trees, lean on foreign cars\nArmy Shorts seven hookers stripping on the party bus\nGenerate that paper with the green ink\nIn God We Trust\nDraped in all kinds of animals from Africa\nStyle is always fresh, because I flip it like the a spatula\nWhisk the whip, Lay it flat just like a Persian rug\nAll up in the mountains getting blasted smoking herb and drugs\nBitch\nDon't leave that strip until my money's made\nUntil I'm driven by a driver in a honey Range\nMake sure it's accurate\nJust sell that pussy 'til that shit look like a catcher's mit!\nFly on behalf of it!\nSwing the cherry coupe, bitches blush like Betty Boop\nMake the pussy whistle, whistle, whistle like the kettle do\nDrinking Ketel One thirty olives on the rim\nSeen me on the coast, so much you think that I'm a Corsican"
                    }, 
                    {
                        "header": "[Verse 2:Wais P]", 
                        "text hash": "0a2d47e6471ca8c038fbaac989c626ea", 
                        "artist": "Wais P", 
                        "text": "Pimp cane,Bentley doing doughnuts, leaving oil stains\nLoyal dames treat me royal, got a nigga gripping drank\nDon't ask what's in my cup, motherfucker I'll be sipping pain!\nThey call me Wais P, but your girl call me a different name\nNot you, I see hate from a distance, I could spot you\nPut money on your head, you'll be hunted by blue and red\nCatch me by the poker table and I don't gamble\nI'm scheming on that blond bitch in the Louis sandals\nShe's scheming on the high roller so she could jam him\nThen bring the money back to me, that's how you're pimp and pander\nTake a gander at the modern day Marvin Gaye, Isaac Hayes\nWith Libarache diamonds and my shoes should be in the cage\nCoat should be on the leash, my flow is beyond your reach\nDie and resurrect myself, and then these cats will honor me\nBut honestly, I'm waiting for you squares to act ornery\nSo I could pull the semi out the tux like Sean Connery"
                    }, 
                    {
                        "header": "[Outro:Wais P]", 
                        "text hash": "0c09c5703ac0a9b1ac81e0089e856054", 
                        "artist": "Wais P", 
                        "text": "Niggas can't fuck with this! Wais P, AB ,Action Bronsolino\nCheffing up some incredible pimp shit\nIncredible rap shit, Fuck is wrong with yall niggas?\nI swear to God!!!\n\n\n\n\n  "
                    }
                ], 
                "hooks": [
                    {
                        "header": "[Hook:Action Bronson/Wais P]", 
                        "text hash": "d90e242a54c77697697d9d00fa743796", 
                        "artist": "Action Bronson", 
                        "text": "Just raise your hands in the air if there's money in your pocket\nAnd different bitches faces on the neck inside the locket\nBracelet on the dash, light hit it, gleam glass\nOur drugs is in your system and you just wanna spazz\nJust raise your hands in the air, yeah!\nJust raise your hands in the air, come on!"
                    }
                ], 
                "intro": [
                    {
                        "header": "[Intro:Action Bronson/Wais P]", 
                        "text hash": "96f87d129dec41c059651a98604274bc", 
                        "artist": "Action Bronson", 
                        "text": "Wais man\nWhat up Act?\nYou brought those bitches by the other night\nI liked the white one with the tits\nThe blond one!\nI was peeping her, can I get that freebee?\nI got you. Shi!\nSon of at"
                    }
                ], 
                "bridge": [
                    {
                        "header": "[Bridge:Wais P]", 
                        "text hash": "557f2254206d011624798c2fb9504479", 
                        "artist": "Wais P", 
                        "text": "That's an island in the Mediterranean\nYou gotta take the boat to the boat\nOnly boat you know about is the Staten Island Ferry!"
                    }, 
                    {
                        "header": "[Bridge:Action Bronson]", 
                        "text hash": "06791794831cb5d4264cf58554a49217", 
                        "artist": "Action Bronson", 
                        "text": "Yo, as soon as we get out of the fucking boat, man\nHave someone there ready to make the ceviche for my man!"
                    }
                ]
            }, 
            "order": [
                "[Intro:Action Bronson/Wais P]", 
                "[Verse 1:Action Bronson]", 
                "[Bridge:Wais P]", 
                "[Hook:Action Bronson/Wais P]", 
                "[Verse 2:Wais P]", 
                "[Bridge:Action Bronson]", 
                "[Hook:Action Bronson/Wais P]", 
                "[Outro:Wais P]"
            ], 
            "artist": "Wais P"
        }
    }
}