{
    "Give 'Em Hell": {
        "raw": "\n    \n  [Verse 1 - Wink Loc]\nPistols and cocaine\nHubloted off that dope, mane\nPockets full of ghosts off that dope game\n?, dope chain, dope lane\nMade a half a mil off that green thing\nSticky icky, wrap 'em up and ship 'em out\n$2,000 sweatsuits when I'm steppin' out\nSay I'm talkin' money, but I'm livin' life\nLike it's my last breath every single night\nViolate the team, watch how niggas ride\n90 for the Rollie, what I care 'bout time\nPresidential faces, watch me stack 'em up\nPut 'em in rubber bands when we count 'em up\nMoney, money, money, that's all niggas know\nPosin' with your bitch, I do it all for show\nOne five told me chill, but I couldn't though\nBig bad Crip, I'm unstoppable\nWink lookin' king, push the best of both worlds\nGangbangin' dope boy, quick to fuck your girl\nPop a molly, pop a perc\nYeah, that's for the hipsters\nBlue steel on my waist, it'll have you twitchin'\n550 dreamin', panorama on the roof\nForeign coupe, foreign bitch, gettin' head like whoo\nYour big dreams, I'm just livin' it\nI'm front row, you just witnessin'\n\n[Hook - Ra Diggs]\nI'm loved by few, respected by all\nHated by many, but none stand tall\nYou better ride with me, homie\nA nigga ride thick\nI'm with the big homies of the Bloods and the Crips\nHeadshots, red dot, death to all my enemies\nDeath to everybody tryin' to stop me in the industry\nI got the hate that the jail cells make\nI'mma give these niggas hell, long as me and God straight\n\n[Verse 2 - Pusha T]\nKeep the hundreds, throw the fives in the fireplace\nThey say the skin on blowfish is an acquired taste\nI know it's raw when they pupils start to dilate\nFlake Griffin, LA clippin' as I dominate\nThe home is one point somethin' like it's diamond weight\nSee, I ain't have shit\nNow I overcompensate\nI don't talk name brands, I talk numbers\nHundred dollar tank tops all summer\nDune buggy S550s all summer\nDroppin' bitches off, screaming fuck your nigga\nBeach chair and boat shoes, I relax on 'em\nYou know I bes with you honey, like it's wax on 'em\nWe up in customs, all these racks on him\nInternational baller, ain't no tax on him\nYuugh, it's King Push here with Wink Loc\nThat means it's 1000 grams or it's gun smoke\n\n[Hook]\n\n\n\n\n  ", 
        "pro": {
            "features": [
                "Pusha T", 
                "Ra Diggs"
            ], 
            "blocks": {
                "verses": [
                    {
                        "header": "[Verse 1 - Wink Loc]", 
                        "text hash": "c2c5a3e82fb259c0aafb7782a618870c", 
                        "artist": "Wink Loc", 
                        "text": "Pistols and cocaine\nHubloted off that dope, mane\nPockets full of ghosts off that dope game\n?, dope chain, dope lane\nMade a half a mil off that green thing\nSticky icky, wrap 'em up and ship 'em out\n$2,000 sweatsuits when I'm steppin' out\nSay I'm talkin' money, but I'm livin' life\nLike it's my last breath every single night\nViolate the team, watch how niggas ride\n90 for the Rollie, what I care 'bout time\nPresidential faces, watch me stack 'em up\nPut 'em in rubber bands when we count 'em up\nMoney, money, money, that's all niggas know\nPosin' with your bitch, I do it all for show\nOne five told me chill, but I couldn't though\nBig bad Crip, I'm unstoppable\nWink lookin' king, push the best of both worlds\nGangbangin' dope boy, quick to fuck your girl\nPop a molly, pop a perc\nYeah, that's for the hipsters\nBlue steel on my waist, it'll have you twitchin'\n550 dreamin', panorama on the roof\nForeign coupe, foreign bitch, gettin' head like whoo\nYour big dreams, I'm just livin' it\nI'm front row, you just witnessin'"
                    }, 
                    {
                        "header": "[Verse 2 - Pusha T]", 
                        "text hash": "b12189065e4e286ca437219af737de8d", 
                        "artist": "Pusha T", 
                        "text": "Keep the hundreds, throw the fives in the fireplace\nThey say the skin on blowfish is an acquired taste\nI know it's raw when they pupils start to dilate\nFlake Griffin, LA clippin' as I dominate\nThe home is one point somethin' like it's diamond weight\nSee, I ain't have shit\nNow I overcompensate\nI don't talk name brands, I talk numbers\nHundred dollar tank tops all summer\nDune buggy S550s all summer\nDroppin' bitches off, screaming fuck your nigga\nBeach chair and boat shoes, I relax on 'em\nYou know I bes with you honey, like it's wax on 'em\nWe up in customs, all these racks on him\nInternational baller, ain't no tax on him\nYuugh, it's King Push here with Wink Loc\nThat means it's 1000 grams or it's gun smoke"
                    }
                ], 
                "hooks": [
                    {
                        "header": "[Hook - Ra Diggs]", 
                        "text hash": "b21943999c423e55dbb1cf8fb979f0dd", 
                        "artist": "Ra Diggs", 
                        "text": "I'm loved by few, respected by all\nHated by many, but none stand tall\nYou better ride with me, homie\nA nigga ride thick\nI'm with the big homies of the Bloods and the Crips\nHeadshots, red dot, death to all my enemies\nDeath to everybody tryin' to stop me in the industry\nI got the hate that the jail cells make\nI'mma give these niggas hell, long as me and God straight"
                    }
                ]
            }, 
            "order": [
                "[Verse 1 - Wink Loc]", 
                "[Hook - Ra Diggs]", 
                "[Verse 2 - Pusha T]", 
                "[Hook]"
            ], 
            "artist": "Wink Loc"
        }
    }
}