{
    "Rich Kids": {
        "raw": "\n    \n  O.N.I.F.C. drops August 28th\n\nO.N.I.F.C\nMake Me Remember You (feat. The Weeknd)\nMy Life\nSyppin' On The Curv (feat. Juicy J)\nWork Hard, Play Hard\nMean Girls\nSub Bass\nRoll One Up\nTaylor Planes (feat. Curren$y, Berner, Chevy Woods, & Smoke DZA)\nGet The Paper\nExtreme\nThe Future Is Ours (feat. Pharrell & 2 Chainz)\nThrough The Fall\nRich Kids (feat. 50 Cent, Cam'ron, & Prodigy)\nOne Night (feat. Lola Monroe)\nHangover\n\n\n\n\n  ", 
        "pro": {
            "features": [
                "50 Cent", 
                "Cam'ron", 
                "Prodigy"
            ], 
            "blocks": {
                "verses": [], 
                "hooks": [], 
                "remainders": [
                    {
                        "header": "    \n  O.N.I.F.C. drops August 28th\n\nO.N.I.F.C\nMake Me Remember You (feat. The Weeknd)", 
                        "text hash": "5d85197a03bb2ecb013645963ea8e3e4", 
                        "artist": "Wiz Khalifa", 
                        "text": "My Life\nSyppin' On The Curv "
                    }, 
                    {
                        "header": "(feat. Juicy J)", 
                        "text hash": "6dc0319b658c3d56a9a40e1159b2f2f2", 
                        "artist": "Wiz Khalifa", 
                        "text": "Work Hard, Play Hard\nMean Girls\nSub Bass\nRoll One Up\nTaylor Planes "
                    }, 
                    {
                        "header": "(feat. Curren$y, Berner, Chevy Woods, & Smoke DZA)", 
                        "text hash": "6dbf8d00c5c81a66d1432a2cde9ad9eb", 
                        "artist": "Wiz Khalifa", 
                        "text": "Get The Paper\nExtreme\nThe Future Is Ours "
                    }, 
                    {
                        "header": "(feat. Pharrell & 2 Chainz)", 
                        "text hash": "e5a499692946036ab3caf3182faa84d0", 
                        "artist": "Wiz Khalifa", 
                        "text": "Through The Fall\nRich Kids "
                    }, 
                    {
                        "header": "(feat. 50 Cent, Cam'ron, & Prodigy)", 
                        "text hash": "5efe26d8105b3d2de1f2397c68bab676", 
                        "artist": "Prodigy", 
                        "text": "One Night "
                    }
                ]
            }, 
            "order": [
                "(feat. The Weeknd)", 
                "(feat. Juicy J)", 
                "(feat. Curren$y, Berner, Chevy Woods, & Smoke DZA)", 
                "(feat. Pharrell & 2 Chainz)", 
                "(feat. 50 Cent, Cam'ron, & Prodigy)", 
                "(feat. Lola Monroe)"
            ], 
            "artist": "Wiz Khalifa"
        }
    },
    "Rich Kids": {
        "raw": "\n    \n  O.N.I.F.C. drops August 28th\n\nO.N.I.F.C\nMake Me Remember You (feat. The Weeknd)\nMy Life\nSyppin' On The Curv (feat. Juicy J)\nWork Hard, Play Hard\nMean Girls\nSub Bass\nRoll One Up\nTaylor Planes (feat. Curren$y, Berner, Chevy Woods, & Smoke DZA)\nGet The Paper\nExtreme\nThe Future Is Ours (feat. Pharrell & 2 Chainz)\nThrough The Fall\nRich Kids (feat. 50 Cent, Cam'ron, & Prodigy)\nOne Night (feat. Lola Monroe)\nHangover\n\n\n\n\n  ", 
        "pro": {
            "features": [
                "50 Cent", 
                "Cam'ron", 
                "Prodigy"
            ], 
            "blocks": {
                "verses": [], 
                "hooks": [], 
                "remainders": [
                    {
                        "header": "    \n  O.N.I.F.C. drops August 28th\n\nO.N.I.F.C\nMake Me Remember You (feat. The Weeknd)", 
                        "text hash": "5d85197a03bb2ecb013645963ea8e3e4", 
                        "artist": "Wiz Khalifa", 
                        "text": "My Life\nSyppin' On The Curv "
                    }, 
                    {
                        "header": "(feat. Juicy J)", 
                        "text hash": "6dc0319b658c3d56a9a40e1159b2f2f2", 
                        "artist": "Wiz Khalifa", 
                        "text": "Work Hard, Play Hard\nMean Girls\nSub Bass\nRoll One Up\nTaylor Planes "
                    }, 
                    {
                        "header": "(feat. Curren$y, Berner, Chevy Woods, & Smoke DZA)", 
                        "text hash": "6dbf8d00c5c81a66d1432a2cde9ad9eb", 
                        "artist": "Wiz Khalifa", 
                        "text": "Get The Paper\nExtreme\nThe Future Is Ours "
                    }, 
                    {
                        "header": "(feat. Pharrell & 2 Chainz)", 
                        "text hash": "e5a499692946036ab3caf3182faa84d0", 
                        "artist": "Wiz Khalifa", 
                        "text": "Through The Fall\nRich Kids "
                    }, 
                    {
                        "header": "(feat. 50 Cent, Cam'ron, & Prodigy)", 
                        "text hash": "5efe26d8105b3d2de1f2397c68bab676", 
                        "artist": "Prodigy", 
                        "text": "One Night "
                    }
                ]
            }, 
            "order": [
                "(feat. The Weeknd)", 
                "(feat. Juicy J)", 
                "(feat. Curren$y, Berner, Chevy Woods, & Smoke DZA)", 
                "(feat. Pharrell & 2 Chainz)", 
                "(feat. 50 Cent, Cam'ron, & Prodigy)", 
                "(feat. Lola Monroe)"
            ], 
            "artist": "Wiz Khalifa"
        }
    },
    "Nothin Like the Rest": {
        "raw": "\n    \n  [Hook: French Montana (Wiz Khalifa)] x2\nI pull up with your bitch in the Rolls\nDon't even get it twisted cause it's already rolled\n(Ain't nothin' like the rest of em, rollin' with the best of em\nRollin' up the best smoke, rollin' up the best smoke)\n\n[Verse 1: Wiz Khalifa]\nDoin' a hundred through the desert\nYeah my car come from the past, you could call it a time machine\nCause it's right here in the present\nIn the game and I got leverage\nAin't the same as none of you niggas\nIf I was close to you I would be ashamed of you\nGet a hundred mill's what I came to do\nI guess all this money look lame to you\nSo I spend it on shoppin', all of this shit that I'm coppin'\nDon't even go to the store, my outfit it ain't even droppin'\nPedal to the floor, smokin' in my new SS\nSeen a lot of bumps on the road to success\nBut that ain't stop a nigga from cruisin' up\nPullin' weed out the ashtray, cuttin' the music up\nSmokin', chillin'\nUsed to be underground but now we on top of the building\n\n[Hook] x2\n\n[Verse 2: French Montana]\nNever had a limit, small face spender\nEverything was cashed out, I ain't ever rented\nRound bag sinner, shawty love a winner\nBeat that pussy up, now that pussy ?\nPull up in the dealer lookin' like a dealer\nYellow nigga, high as shit, five hundred milla\n? then you gotta step the bill up\nWinter time, hoodie on, drop chinchilla\nLookin' like a killer\nUsed to hit the block, fiends lookin' like thriller\nShooter like Miller, na I mean ?\nPull up in the Porsche, bad bitch talkin' 'bout 500 horses\nStarted from the bottom, nigga was a filler\nNow you need my name so your show could fill up\nKeep my cup fill up, black car the ?\nNigga small-talkin', tell 'em put a mill up\n\n[Hook] x2\n\n\n\n\n  ", 
        "pro": {
            "features": [
                "French Montana"
            ], 
            "producers": [
                "ID Labs"
            ], 
            "blocks": {
                "verses": [
                    {
                        "header": "[Verse 1: Wiz Khalifa]", 
                        "text hash": "06e2432f985aae80526df0095b683e84", 
                        "artist": "Wiz Khalifa", 
                        "text": "Doin' a hundred through the desert\nYeah my car come from the past, you could call it a time machine\nCause it's right here in the present\nIn the game and I got leverage\nAin't the same as none of you niggas\nIf I was close to you I would be ashamed of you\nGet a hundred mill's what I came to do\nI guess all this money look lame to you\nSo I spend it on shoppin', all of this shit that I'm coppin'\nDon't even go to the store, my outfit it ain't even droppin'\nPedal to the floor, smokin' in my new SS\nSeen a lot of bumps on the road to success\nBut that ain't stop a nigga from cruisin' up\nPullin' weed out the ashtray, cuttin' the music up\nSmokin', chillin'\nUsed to be underground but now we on top of the building"
                    }, 
                    {
                        "header": "[Verse 2: French Montana]", 
                        "text hash": "420143efed1d2ed9c0192d3189cd3562", 
                        "artist": "French Montana", 
                        "text": "Never had a limit, small face spender\nEverything was cashed out, I ain't ever rented\nRound bag sinner, shawty love a winner\nBeat that pussy up, now that pussy ?\nPull up in the dealer lookin' like a dealer\nYellow nigga, high as shit, five hundred milla\n? then you gotta step the bill up\nWinter time, hoodie on, drop chinchilla\nLookin' like a killer\nUsed to hit the block, fiends lookin' like thriller\nShooter like Miller, na I mean ?\nPull up in the Porsche, bad bitch talkin' 'bout 500 horses\nStarted from the bottom, nigga was a filler\nNow you need my name so your show could fill up\nKeep my cup fill up, black car the ?\nNigga small-talkin', tell 'em put a mill up"
                    }
                ], 
                "hooks": [
                    {
                        "header": "[Hook: French Montana (Wiz Khalifa)]", 
                        "text hash": "6c0d607f7b8d12ddc300a45f059c460e", 
                        "artist": "French Montana", 
                        "text": " x2\nI pull up with your bitch in the Rolls\nDon't even get it twisted cause it's already rolled\n(Ain't nothin' like the rest of em, rollin' with the best of em\nRollin' up the best smoke, rollin' up the best smoke)"
                    }, 
                    {
                        "header": "[Hook]", 
                        "text hash": "501d62ec37b9a6974b6df8438dcdcac2", 
                        "artist": "Wiz Khalifa", 
                        "text": " x2\n\n\n\n\n  "
                    }
                ]
            }, 
            "order": [
                "[Verse 1: Wiz Khalifa]", 
                "[Verse 2: French Montana]"
            ], 
            "artist": "Wiz Khalifa"
        }
    }
}