{
    "Kenny Rogers - Pharoahe Monch Dub Plate": {
        "raw": "\n    \n  [Wyclef Jean]\nYo I'm happy to be in the South\nTo set off my tour in the countryside\nBut who better to set it off for me than this man right here\n\n[Kenny Rogers]\nYo this Kenny Rogers chillin on the country side\nWith men like Wyclef (uh-huh) Jerry Wonder (uh-huh)\nBig Jack (mm-hmm) Big Beast (mm-hmm)\nAnd we gon' do something like this for you\n\nYou got to know when to hold 'em (YEAH, YEAH!)\nKnow when to fold 'em (DJ's, DJ's!)\nKnow when to walk away (HIP-HOP, HIP-HOP!)\nKnow when to run.. (YEAH, YEAH!)\nYou got to count your dubplates (GHETTO, GHETTO, GHETTO)\nBefore you touch the turntables (ALL HOODS!)\nCause if you run out of big tunes\nThat means your sound is done (Y'ALL READY?)\n\nChorus: Kenny Rogers\n\nYou got to know when to hold 'em\nKnow when to fold 'em (soundbwoys)\nKnow when to walk away\nKnow when to run.. (hey, hey, hey, hey..)\nYou got to count your dub-plates\nBefore you touch the turntables (DJ's)\nCause if you run out of big tunes\nThat means your sound is done\n\n[Pharoahe Monch]\nGet the hell up!\n'Clef said, get the hell up!\nNow throw your hands in the sky (BO! BO! BO! BO!)\nBrooklyn in the back shootin craps y'all whassup?\nLadies; lookin hot and pretty\nDoin your thing in the club high saditty\nWORLDWIDE - the gritty committee pity the fool that\nAct {shitty} in the midst of the calm, the witty\n(You got to know when to hold 'em..)\nY'all know the name!\nSame assassin from before, but the beat just changed a little\nRiddle me this though who flip flows\nThat got women in they thongs gettin on but not Sisqo\nSelect your squad team and your itch\nBey know my flow muy caliente, fuego\nNo disrespect to soundbwoy, but you better step away from me\nEasily defeat measley MC's and tease you\nEase back squeeze two in your wig and breeze through\n\nChorus\n\n[Wyclef Jean]\nC'mon, c'mon\n(Get the hell up!)\nSoundbwoys ('Clef said, get the hell up!)\n(Now throw your hands in the sky) Yo\nThis combination gon' bust from Brooklyn to Shanghai\nFeel the boogie boogie Henny got me tipsy tipsy\nKenny Rogers and Pharoahe Monch? No way, this can't be\n48 tracks, country meets rap\nPut this on full blast, I'm about to break all formats\nMy destiny is to lead while y'all follow\nThis is Showtime and I'm Live at the Apollo\n\nChorus Two: Kenny Rogers + Wyclef\n\nYou got to know when to hold 'em (soundbwoys)\nKnow when to fold 'em (emcees)\nKnow when to walk away (yeah, yeah, yeah..)\nKnow when to run\nYou got to count your dub-plates\nBefore you touch the turntables (DJ's)\nCause if you run out of big tunes\nThat means your sound is done\n\nChorus\n\n\n\n\n  ", 
        "pro": {
            "features": [
                "Kenny Rogers", 
                "Pharoahe Monch"
            ], 
            "blocks": {
                "verses": [
                    {
                        "header": "[Wyclef Jean]", 
                        "text hash": "f2e43815b1bd67a2da1c6915a759d5c7", 
                        "artist": "Wyclef Jean", 
                        "text": "Yo I'm happy to be in the South\nTo set off my tour in the countryside\nBut who better to set it off for me than this man right here"
                    }, 
                    {
                        "header": "[Wyclef Jean]", 
                        "text hash": "c1149029555362c7926771aebfaa2b33", 
                        "artist": "Wyclef Jean", 
                        "text": "C'mon, c'mon\n(Get the hell up!)\nSoundbwoys ('Clef said, get the hell up!)\n(Now throw your hands in the sky) Yo\nThis combination gon' bust from Brooklyn to Shanghai\nFeel the boogie boogie Henny got me tipsy tipsy\nKenny Rogers and Pharoahe Monch? No way, this can't be\n48 tracks, country meets rap\nPut this on full blast, I'm about to break all formats\nMy destiny is to lead while y'all follow\nThis is Showtime and I'm Live at the Apollo\n\nChorus Two: Kenny Rogers + Wyclef\n\nYou got to know when to hold 'em (soundbwoys)\nKnow when to fold 'em (emcees)\nKnow when to walk away (yeah, yeah, yeah..)\nKnow when to run\nYou got to count your dub-plates\nBefore you touch the turntables (DJ's)\nCause if you run out of big tunes\nThat means your sound is done\n\nChorus\n\n\n\n\n  "
                    }
                ], 
                "hooks": [], 
                "remainders": [
                    {
                        "header": "[Kenny Rogers]", 
                        "text hash": "f30eedd9a2f5c2d91016632f68da465c", 
                        "artist": "Kenny Rogers", 
                        "text": "Yo this Kenny Rogers chillin on the country side\nWith men like Wyclef (uh-huh) Jerry Wonder (uh-huh)\nBig Jack (mm-hmm) Big Beast (mm-hmm)\nAnd we gon' do something like this for you\n\nYou got to know when to hold 'em (YEAH, YEAH!)\nKnow when to fold 'em (DJ's, DJ's!)\nKnow when to walk away (HIP-HOP, HIP-HOP!)\nKnow when to run.. (YEAH, YEAH!)\nYou got to count your dubplates (GHETTO, GHETTO, GHETTO)\nBefore you touch the turntables (ALL HOODS!)\nCause if you run out of big tunes\nThat means your sound is done (Y'ALL READY?)\n\nChorus: Kenny Rogers\n\nYou got to know when to hold 'em\nKnow when to fold 'em (soundbwoys)\nKnow when to walk away\nKnow when to run.. (hey, hey, hey, hey..)\nYou got to count your dub-plates\nBefore you touch the turntables (DJ's)\nCause if you run out of big tunes\nThat means your sound is done"
                    }, 
                    {
                        "header": "[Pharoahe Monch]", 
                        "text hash": "7df47e07c62c011ea2d04bd27b5cbe0d", 
                        "artist": "Pharoahe Monch", 
                        "text": "Get the hell up!\n'Clef said, get the hell up!\nNow throw your hands in the sky (BO! BO! BO! BO!)\nBrooklyn in the back shootin craps y'all whassup?\nLadies; lookin hot and pretty\nDoin your thing in the club high saditty\nWORLDWIDE - the gritty committee pity the fool that\nAct {shitty} in the midst of the calm, the witty\n(You got to know when to hold 'em..)\nY'all know the name!\nSame assassin from before, but the beat just changed a little\nRiddle me this though who flip flows\nThat got women in they thongs gettin on but not Sisqo\nSelect your squad team and your itch\nBey know my flow muy caliente, fuego\nNo disrespect to soundbwoy, but you better step away from me\nEasily defeat measley MC's and tease you\nEase back squeeze two in your wig and breeze through\n\nChorus"
                    }
                ]
            }, 
            "order": [
                "[Wyclef Jean]", 
                "[Kenny Rogers]", 
                "[Pharoahe Monch]", 
                "[Wyclef Jean]"
            ], 
            "artist": "Wyclef Jean"
        }
    },
    "Rebel Music": {
        "raw": "\n    \n  [Wyclef]\nThe preacher's son with the rebel music\nRebel music, put the peace sign up now\nRebel music, all my gangs put the peace sign up now\nRebel music, everywhere put the peace sign up now\nRebel music, hold on, listen\n\n[Wyclef]\nTell the DJ turn the music up\nGangsters in the club, everybody thugs\nMe I play the walk, sipping on the Guiness\nCause in reality we are the same and it's\nJust society they wanna see me\nFlesh on the concrete, sold a perfect story\nThe mystery is waking up in misery\nThe music industry brainwash celebrities\nGirls sleep sexy, they wake up with the monster\nHad no idea that the fish was a piranha\nWord from the wise I can see through the fog\nReason why they rob cause they got no job\n\n[Wyclef]\nBut I woke up in the morning, sexy, yawning\nFeel like it's gonna be a good day\nNo war on the street, no way, today\nEverybody kick back like a holiday, aight\nYou shine, I shine and\nThe whole world looking like a gold mine\nYou get yours and I'll get mine\nAnd we'll help each other make it through the bad times\n\n[Wyclef]\nWhen they see me they ask me\nWill there ever be another Fugees\nI say I don't know but hope the trio\nDon't do like ? ? then ? on Sadaam though\nBut on CNN they saw the same\nLittle kids getting shot at close range\nTo Babylon, we don't want no war\nI'm a send a message in a bottle to the White house door\nThese are the words from the master\nSo don't you wait till the day after\nUntil then you can catch me in the sixes\nJust pumping Bob Marley rebel music now\n\n[Wyclef]\nBut I woke up in the morning, sexy, yawning\nFeel like it's gonna be a good day\nNo war on the street, no way, today\nEverybody kick back like a holiday, aight\nYou shine, I shine and\nThe whole world looking like a gold mine\nYou get yours and I'll get mine\nAnd we'll help each other make it through the bad times\n\n[Wyclef]\nChildren, imagine a world with no racism\nNo, no homeless in Grand Central Station\nBoys and girls going to schools with no tools\nLife is so beautiful but until then it will be\nRebel music, rebel music\nRebel music, put the peace sign up now\nRebel music, all my gangs put the peace sign up now\n\n[Prodigy]\nUh, can these devils fool us son, not nowadays dun\nWe're a generation of thugs, you can't play with us\nWe've been lied to, enslaved and beaten up\nWe're immune to what you call pain, it's nothing\nWe're not scared of dying or afraid of guns\nBorn in the USA, nah, can't blame us\nOur DNA's foreign to them\nWe kings of the planet Earth, Gods if you will\nYo, pass me my rod, it's about to get stupid\nThese niggas trying to stop our plans, peace to it\nI never meant to cause him pain and he knew it\nBut he was trying to kill me and he blew it\n\n[Wyclef]\nBut I woke up in the morning, sexy, yawning\nFeel like it's gonna be a good day\nNo war on the street, no way, today\nEverybody kick back like a holiday, aight\nYou shine, I shine and\nThe whole world looking like a gold mine\nYou get yours and I'll get mine\nAnd we'll help each other make it through the bad times\n\n\n\n\n  ", 
        "pro": {
            "features": [
                "Prodigy"
            ], 
            "producers": [
                "Jerry \"Wonda\" Duplessis", 
                "Wyclef Jean"
            ], 
            "blocks": {
                "verses": [
                    {
                        "header": "[Wyclef]", 
                        "text hash": "a55f02456a2d68c42ea5d2f823da0a2e", 
                        "artist": "Wyclef Jean", 
                        "text": "The preacher's son with the rebel music\nRebel music, put the peace sign up now\nRebel music, all my gangs put the peace sign up now\nRebel music, everywhere put the peace sign up now\nRebel music, hold on, listen"
                    }, 
                    {
                        "header": "[Wyclef]", 
                        "text hash": "0e2547be3e020c2a2bee8ccf5d5903d1", 
                        "artist": "Wyclef Jean", 
                        "text": "Tell the DJ turn the music up\nGangsters in the club, everybody thugs\nMe I play the walk, sipping on the Guiness\nCause in reality we are the same and it's\nJust society they wanna see me\nFlesh on the concrete, sold a perfect story\nThe mystery is waking up in misery\nThe music industry brainwash celebrities\nGirls sleep sexy, they wake up with the monster\nHad no idea that the fish was a piranha\nWord from the wise I can see through the fog\nReason why they rob cause they got no job"
                    }, 
                    {
                        "header": "[Wyclef]", 
                        "text hash": "87a98a7c86c3c7a669e6a516ce9a6901", 
                        "artist": "Wyclef Jean", 
                        "text": "But I woke up in the morning, sexy, yawning\nFeel like it's gonna be a good day\nNo war on the street, no way, today\nEverybody kick back like a holiday, aight\nYou shine, I shine and\nThe whole world looking like a gold mine\nYou get yours and I'll get mine\nAnd we'll help each other make it through the bad times"
                    }, 
                    {
                        "header": "[Wyclef]", 
                        "text hash": "477b10b607ac8650c363d349da894908", 
                        "artist": "Wyclef Jean", 
                        "text": "When they see me they ask me\nWill there ever be another Fugees\nI say I don't know but hope the trio\nDon't do like ? ? then ? on Sadaam though\nBut on CNN they saw the same\nLittle kids getting shot at close range\nTo Babylon, we don't want no war\nI'm a send a message in a bottle to the White house door\nThese are the words from the master\nSo don't you wait till the day after\nUntil then you can catch me in the sixes\nJust pumping Bob Marley rebel music now"
                    }, 
                    {
                        "header": "[Wyclef]", 
                        "text hash": "df9d4656b97e62b66884d87c2a758b63", 
                        "artist": "Wyclef Jean", 
                        "text": "Children, imagine a world with no racism\nNo, no homeless in Grand Central Station\nBoys and girls going to schools with no tools\nLife is so beautiful but until then it will be\nRebel music, rebel music\nRebel music, put the peace sign up now\nRebel music, all my gangs put the peace sign up now"
                    }, 
                    {
                        "header": "[Wyclef]", 
                        "text hash": "30fef9b4edd0b433f7408d415cc4e977", 
                        "artist": "Wyclef Jean", 
                        "text": "But I woke up in the morning, sexy, yawning\nFeel like it's gonna be a good day\nNo war on the street, no way, today\nEverybody kick back like a holiday, aight\nYou shine, I shine and\nThe whole world looking like a gold mine\nYou get yours and I'll get mine\nAnd we'll help each other make it through the bad times\n\n\n\n\n  "
                    }
                ], 
                "hooks": [], 
                "remainders": [
                    {
                        "header": "[Prodigy]", 
                        "text hash": "cd2f8d479d030a414146c67e279dc532", 
                        "artist": "Prodigy", 
                        "text": "Uh, can these devils fool us son, not nowadays dun\nWe're a generation of thugs, you can't play with us\nWe've been lied to, enslaved and beaten up\nWe're immune to what you call pain, it's nothing\nWe're not scared of dying or afraid of guns\nBorn in the USA, nah, can't blame us\nOur DNA's foreign to them\nWe kings of the planet Earth, Gods if you will\nYo, pass me my rod, it's about to get stupid\nThese niggas trying to stop our plans, peace to it\nI never meant to cause him pain and he knew it\nBut he was trying to kill me and he blew it"
                    }
                ]
            }, 
            "order": [
                "[Wyclef]", 
                "[Wyclef]", 
                "[Wyclef]", 
                "[Wyclef]", 
                "[Wyclef]", 
                "[Wyclef]", 
                "[Prodigy]", 
                "[Wyclef]"
            ], 
            "artist": "Wyclef Jean"
        }
    }
}