{
    "Hello 3 remix": {
        "raw": "\n    \n  Hello, Hello, Hello\nWhen I first saw ya, all I could\nSay\nOMG, how do I make her my\nBaby?\nPlenty girls want me but you\nAin't the same\nRun it back, handle that, bring\nMy A-game\nEverybody knows the way to a\nGirls heart is what you say\nSo what you say about you\nTalking on another level?\nIf you like what you hear then\nYou can holla back (yeah)\nYou got me saying, hello, hello\nHello, hello\nLemme get that info show you\nWhat I mean\nI could make it worth your time\n(time)\nIf I could get you on the line\n(line)\nYou got me saying hello, hello\nHello, hello\nLemme get that info show you\nWhat I mean\nI would never waste your time\n(time)\nIf I could get you on the line\n(you be mine)\nPretty girl princess no you don't\nKnow me\nI'm tryna change that baby\nWhy don't we get up this\nWeekend, see us a movie\nI know you got options, but baby\nI'm the real thing\nEverybody knows the way to a\nGirls heart is what you say\nSo what you say about you\nTalking on another level?\nIf you like what you hear then\nYou can holla back (yeah)\nYou got me saying, hello, hello\nHello, hello\nLemme get that info show you\nWhat I mean\nI could make it worth your time\n(time)\nIf I could get you on the line\n(line)\nYou got me saying hello, hello\nHello, hello\nLemme get that info show you\nWhat I mean\nI would never waste your time\n(time)\nIf I could get you on the line\n(you be mine)\nAnd when I hit you baby\nI promise you gon always get the\nReal me\nNo more, no less, just say you'll\nNever disconnect\nCuz I won't have it, I'm not having\nThat\nWhat you need is right here at\nYour fingertips girl\nJust dial 323-786-9201, reach out\nAnd touch me\nAll the girls in the world who's\nGoing through it with me\nSay yeah,yeah\nAll the fellas in the world who's\nGoing through it with me\nSay yeah, yeah\nYou got me saying, hello, hello\nHello, hello\nLemme get that info show you\nWhat I mean\nI could make it worth your time\n(time)\nIf I could get you on the line\n(line)\nYou got me saying hello, hello\nHello, hello\nLemme get that info show you\nWhat I mean\nI would never waste your time\n(time)\nIf I could get you on the line\n(you be mine)\nI just wanna get with ya girl, if I\nCould get you on the line\nYou be mine, (mine)\nHello, hello, hello\nYou be mine, (mine)\nHello, hello, hello\nYou be mine, (mine)\nHello, hello, hello\n\n\n\n\n  ", 
        "pro": {
            "features": [
                "Prodigy", 
                "Young angelo A.S feat. Princeton e Ray Ray feat. Roc Royar"
            ], 
            "producers": [
                "Mindless Behavior"
            ], 
            "blocks": {
                "verses": [], 
                "hooks": [], 
                "remainders": [
                    {
                        "header": "    \n  Hello, Hello, Hello\nWhen I first saw ya, all I could\nSay\nOMG, how do I make her my\nBaby?\nPlenty girls want me but you\nAin't the same\nRun it back, handle that, bring\nMy A-game\nEverybody knows the way to a\nGirls heart is what you say\nSo what you say about you\nTalking on another level?\nIf you like what you hear then\nYou can holla back (yeah)", 
                        "text hash": "eb96eee989da5306ee7317c9b0a83b46", 
                        "artist": "Young angelo A.S", 
                        "text": "You got me saying, hello, hello\nHello, hello\nLemme get that info show you\nWhat I mean\nI could make it worth your time\n"
                    }, 
                    {
                        "header": "(time)", 
                        "text hash": "0792a53bb55808b2c4741e8a860241fc", 
                        "artist": "Young angelo A.S", 
                        "text": "If I could get you on the line\n"
                    }, 
                    {
                        "header": "(line)", 
                        "text hash": "d47791448bb77c31852954b52765a9cf", 
                        "artist": "Young angelo A.S", 
                        "text": "You got me saying hello, hello\nHello, hello\nLemme get that info show you\nWhat I mean\nI would never waste your time\n"
                    }, 
                    {
                        "header": "(you be mine)", 
                        "text hash": "f8ad0a8dc76b9477f955b0b2446e33f8", 
                        "artist": "Young angelo A.S", 
                        "text": "Pretty girl princess no you don't\nKnow me\nI'm tryna change that baby\nWhy don't we get up this\nWeekend, see us a movie\nI know you got options, but baby\nI'm the real thing\nEverybody knows the way to a\nGirls heart is what you say\nSo what you say about you\nTalking on another level?\nIf you like what you hear then\nYou can holla back "
                    }, 
                    {
                        "header": "(you be mine)", 
                        "text hash": "ad208c18a270340cef4dbb05de34c3e8", 
                        "artist": "Young angelo A.S", 
                        "text": "And when I hit you baby\nI promise you gon always get the\nReal me\nNo more, no less, just say you'll\nNever disconnect\nCuz I won't have it, I'm not having\nThat\nWhat you need is right here at\nYour fingertips girl\nJust dial 323-786-9201, reach out\nAnd touch me\nAll the girls in the world who's\nGoing through it with me\nSay yeah,yeah\nAll the fellas in the world who's\nGoing through it with me\nSay yeah, yeah\nYou got me saying, hello, hello\nHello, hello\nLemme get that info show you\nWhat I mean\nI could make it worth your time\n"
                    }, 
                    {
                        "header": "(you be mine)", 
                        "text hash": "1f56e7e397492f1ebd3f892b06bcc3eb", 
                        "artist": "Young angelo A.S", 
                        "text": "I just wanna get with ya girl, if I\nCould get you on the line\nYou be mine, "
                    }, 
                    {
                        "header": "(mine)", 
                        "text hash": "d48e5fa1158d35689dbd6bb481807cdc", 
                        "artist": "Young angelo A.S", 
                        "text": "Hello, hello, hello\nYou be mine, "
                    }, 
                    {
                        "header": "(mine)", 
                        "text hash": "98be60ff3f8448359b083aa70fce9c6d", 
                        "artist": "Young angelo A.S", 
                        "text": "Hello, hello, hello"
                    }
                ]
            }, 
            "order": [
                "(yeah)", 
                "(time)", 
                "(line)", 
                "(time)", 
                "(you be mine)", 
                "(yeah)", 
                "(time)", 
                "(line)", 
                "(time)", 
                "(you be mine)", 
                "(time)", 
                "(line)", 
                "(time)", 
                "(you be mine)", 
                "(mine)", 
                "(mine)", 
                "(mine)"
            ], 
            "artist": "Young angelo A.S"
        }
    }
}